stem,trial,ref_stem,reason
asvspoof_0000,impostor_1,fakeavceleb_00600_African_men_id01036,CUDA out of memory. Tried to allocate 76.00 MiB. GPU 0 has a total capacity of 11.81 GiB of which 183.06 MiB is free. Process 2307806 has 5.33 GiB memory in use. Process 2307838 has 1.73 GiB memory in
asvspoof_0000,impostor_3,librispeech_0266,CUDA out of memory. Tried to allocate 80.00 MiB. GPU 0 has a total capacity of 11.81 GiB of which 179.06 MiB is free. Process 2307806 has 5.33 GiB memory in use. Process 2307838 has 1.73 GiB memory in
asvspoof_0000,impostor_4,fakeavceleb_01703_Asian(East)_women_id06060,CUDA out of memory. Tried to allocate 2.00 MiB. GPU 0 has a total capacity of 11.81 GiB of which 155.06 MiB is free. Process 2307806 has 5.33 GiB memory in use. Process 2307838 has 1.73 GiB memory in 
asvspoof_0000,impostor_5,librispeech_0240,CUDA out of memory. Tried to allocate 96.00 MiB. GPU 0 has a total capacity of 11.81 GiB of which 239.06 MiB is free. Process 2307806 has 5.33 GiB memory in use. Process 2307838 has 1.73 GiB memory in
asvspoof_0000,impostor_8,librispeech_0078,CUDA out of memory. Tried to allocate 90.00 MiB. GPU 0 has a total capacity of 11.81 GiB of which 219.06 MiB is free. Process 2307806 has 5.33 GiB memory in use. Process 2307838 has 1.73 GiB memory in
asvspoof_0000,impostor_10,fakeavceleb_03096_Caucasian(American)_women_id01075,CUDA out of memory. Tried to allocate 74.00 MiB. GPU 0 has a total capacity of 11.81 GiB of which 219.06 MiB is free. Process 2307806 has 5.33 GiB memory in use. Process 2307838 has 1.73 GiB memory in
asvspoof_0001,impostor_1,fakeavceleb_00195_Asian(East)_women_id09125,CUDA out of memory. Tried to allocate 44.00 MiB. GPU 0 has a total capacity of 11.81 GiB of which 175.06 MiB is free. Process 2307806 has 5.33 GiB memory in use. Process 2307838 has 1.73 GiB memory in
asvspoof_0001,impostor_2,fakeavceleb_01340_Asian(East)_men_id03965,CUDA out of memory. Tried to allocate 36.00 MiB. GPU 0 has a total capacity of 11.81 GiB of which 175.06 MiB is free. Process 2307806 has 5.33 GiB memory in use. Process 2307838 has 1.73 GiB memory in
asvspoof_0001,impostor_3,fakeavceleb_01919_Asian(South)_men_id00459,CUDA out of memory. Tried to allocate 30.00 MiB. GPU 0 has a total capacity of 11.81 GiB of which 175.06 MiB is free. Process 2307806 has 5.33 GiB memory in use. Process 2307838 has 1.73 GiB memory in
asvspoof_0001,impostor_4,fakeavceleb_00345_Caucasian(American)_men_id04034,CUDA out of memory. Tried to allocate 78.00 MiB. GPU 0 has a total capacity of 11.81 GiB of which 219.06 MiB is free. Process 2307806 has 5.33 GiB memory in use. Process 2307838 has 1.73 GiB memory in
asvspoof_0001,impostor_5,fakeavceleb_02009_Asian(South)_men_id04537,CUDA out of memory. Tried to allocate 34.00 MiB. GPU 0 has a total capacity of 11.81 GiB of which 185.06 MiB is free. Process 2307806 has 5.33 GiB memory in use. Process 2307838 has 1.73 GiB memory in
asvspoof_0001,impostor_6,fakeavceleb_03363_Caucasian(European)_men_id00520,CUDA out of memory. Tried to allocate 48.00 MiB. GPU 0 has a total capacity of 11.81 GiB of which 171.06 MiB is free. Process 2307806 has 5.33 GiB memory in use. Process 2307838 has 1.73 GiB memory in
asvspoof_0001,impostor_7,fakeavceleb_01891_Asian(South)_men_id00103,CUDA out of memory. Tried to allocate 26.00 MiB. GPU 0 has a total capacity of 11.81 GiB of which 171.06 MiB is free. Process 2307806 has 5.33 GiB memory in use. Process 2307838 has 1.73 GiB memory in
asvspoof_0001,impostor_8,librispeech_0044,CUDA out of memory. Tried to allocate 88.00 MiB. GPU 0 has a total capacity of 11.81 GiB of which 219.06 MiB is free. Process 2307806 has 5.33 GiB memory in use. Process 2307838 has 1.73 GiB memory in
asvspoof_0001,impostor_9,librispeech_0454,CUDA out of memory. Tried to allocate 94.00 MiB. GPU 0 has a total capacity of 11.81 GiB of which 219.06 MiB is free. Process 2307806 has 5.33 GiB memory in use. Process 2307838 has 1.73 GiB memory in
asvspoof_0001,impostor_10,librispeech_0014,CUDA out of memory. Tried to allocate 92.00 MiB. GPU 0 has a total capacity of 11.81 GiB of which 219.06 MiB is free. Process 2307806 has 5.33 GiB memory in use. Process 2307838 has 1.73 GiB memory in
asvspoof_0002,impostor_2,librispeech_0365,CUDA out of memory. Tried to allocate 96.00 MiB. GPU 0 has a total capacity of 11.81 GiB of which 219.06 MiB is free. Process 2307806 has 5.33 GiB memory in use. Process 2307838 has 1.73 GiB memory in
asvspoof_0002,impostor_3,fakeavceleb_01680_Asian(East)_women_id05620,CUDA out of memory. Tried to allocate 36.00 MiB. GPU 0 has a total capacity of 11.81 GiB of which 183.06 MiB is free. Process 2307806 has 5.33 GiB memory in use. Process 2307838 has 1.73 GiB memory in
asvspoof_0002,impostor_4,fakeavceleb_01762_Asian(East)_women_id06462,CUDA out of memory. Tried to allocate 30.00 MiB. GPU 0 has a total capacity of 11.81 GiB of which 183.06 MiB is free. Process 2307806 has 5.33 GiB memory in use. Process 2307838 has 1.73 GiB memory in
asvspoof_0002,impostor_5,librispeech_0361,CUDA out of memory. Tried to allocate 78.00 MiB. GPU 0 has a total capacity of 11.81 GiB of which 219.06 MiB is free. Process 2307806 has 5.33 GiB memory in use. Process 2307838 has 1.73 GiB memory in
asvspoof_0002,impostor_7,fakeavceleb_01261_Asian(East)_men_id01204,CUDA out of memory. Tried to allocate 34.00 MiB. GPU 0 has a total capacity of 11.81 GiB of which 165.06 MiB is free. Process 2307806 has 5.33 GiB memory in use. Process 2307838 has 1.73 GiB memory in
asvspoof_0002,impostor_8,librispeech_0208,CUDA out of memory. Tried to allocate 86.00 MiB. GPU 0 has a total capacity of 11.81 GiB of which 199.06 MiB is free. Process 2307806 has 5.33 GiB memory in use. Process 2307838 has 1.73 GiB memory in
asvspoof_0002,impostor_10,fakeavceleb_02904_Caucasian(American)_women_id00145,CUDA out of memory. Tried to allocate 40.00 MiB. GPU 0 has a total capacity of 11.81 GiB of which 159.06 MiB is free. Process 2307806 has 5.33 GiB memory in use. Process 2307838 has 1.73 GiB memory in
asvspoof_0003,impostor_1,fakeavceleb_00330_Caucasian(American)_men_id01124,CUDA out of memory. Tried to allocate 82.00 MiB. GPU 0 has a total capacity of 11.81 GiB of which 199.06 MiB is free. Process 2307806 has 5.33 GiB memory in use. Process 2307838 has 1.73 GiB memory in
asvspoof_0003,impostor_2,fakeavceleb_00169_Asian(East)_women_id04701,CUDA out of memory. Tried to allocate 36.00 MiB. GPU 0 has a total capacity of 11.81 GiB of which 163.06 MiB is free. Process 2307806 has 5.33 GiB memory in use. Process 2307838 has 1.73 GiB memory in
asvspoof_0003,impostor_3,asvspoof_0157,CUDA out of memory. Tried to allocate 30.00 MiB. GPU 0 has a total capacity of 11.81 GiB of which 163.06 MiB is free. Process 2307806 has 5.33 GiB memory in use. Process 2307838 has 1.73 GiB memory in
asvspoof_0003,impostor_4,fakeavceleb_01183_African_women_id05251,CUDA out of memory. Tried to allocate 26.00 MiB. GPU 0 has a total capacity of 11.81 GiB of which 163.06 MiB is free. Process 2307806 has 5.33 GiB memory in use. Process 2307838 has 1.73 GiB memory in
asvspoof_0003,impostor_5,fakeavceleb_03272_Caucasian(European)_men_id00225,CUDA out of memory. Tried to allocate 40.00 MiB. GPU 0 has a total capacity of 11.81 GiB of which 159.06 MiB is free. Process 2307806 has 5.33 GiB memory in use. Process 2307838 has 1.73 GiB memory in
asvspoof_0003,impostor_6,librispeech_0411,CUDA out of memory. Tried to allocate 100.00 MiB. GPU 0 has a total capacity of 11.81 GiB of which 199.06 MiB is free. Process 2307806 has 5.33 GiB memory in use. Process 2307838 has 1.73 GiB memory i
asvspoof_0003,impostor_7,asvspoof_0277,CUDA out of memory. Tried to allocate 26.00 MiB. GPU 0 has a total capacity of 11.81 GiB of which 173.06 MiB is free. Process 2307806 has 5.33 GiB memory in use. Process 2307838 has 1.73 GiB memory in
asvspoof_0003,impostor_8,librispeech_0054,CUDA out of memory. Tried to allocate 98.00 MiB. GPU 0 has a total capacity of 11.81 GiB of which 199.06 MiB is free. Process 2307806 has 5.33 GiB memory in use. Process 2307838 has 1.73 GiB memory in
asvspoof_0003,impostor_9,fakeavceleb_01012_African_women_id02301,CUDA out of memory. Tried to allocate 26.00 MiB. GPU 0 has a total capacity of 11.81 GiB of which 173.06 MiB is free. Process 2307806 has 5.33 GiB memory in use. Process 2307838 has 1.73 GiB memory in
asvspoof_0003,impostor_10,fakeavceleb_03773_Caucasian(European)_women_id00823,CUDA out of memory. Tried to allocate 30.00 MiB. GPU 0 has a total capacity of 11.81 GiB of which 169.06 MiB is free. Process 2307806 has 5.33 GiB memory in use. Process 2307838 has 1.73 GiB memory in
asvspoof_0004,genuine,asvspoof_0001,CUDA out of memory. Tried to allocate 18.00 MiB. GPU 0 has a total capacity of 11.81 GiB of which 169.06 MiB is free. Process 2307806 has 5.33 GiB memory in use. Process 2307838 has 1.73 GiB memory in
asvspoof_0004,impostor_1,fakeavceleb_00672_African_men_id01528,CUDA out of memory. Tried to allocate 42.00 MiB. GPU 0 has a total capacity of 11.81 GiB of which 157.06 MiB is free. Process 2307806 has 5.33 GiB memory in use. Process 2307838 has 1.73 GiB memory in
asvspoof_0004,impostor_2,librispeech_0031,CUDA out of memory. Tried to allocate 72.00 MiB. GPU 0 has a total capacity of 11.81 GiB of which 199.06 MiB is free. Process 2307806 has 5.33 GiB memory in use. Process 2307838 has 1.73 GiB memory in
asvspoof_0004,impostor_3,librispeech_0272,CUDA out of memory. Tried to allocate 92.00 MiB. GPU 0 has a total capacity of 11.81 GiB of which 199.06 MiB is free. Process 2307806 has 5.33 GiB memory in use. Process 2307838 has 1.73 GiB memory in
asvspoof_0004,impostor_4,fakeavceleb_00299_Asian(South)_women_id07689,CUDA out of memory. Tried to allocate 40.00 MiB. GPU 0 has a total capacity of 11.81 GiB of which 159.06 MiB is free. Process 2307806 has 5.33 GiB memory in use. Process 2307838 has 1.73 GiB memory in
asvspoof_0004,impostor_5,fakeavceleb_03408_Caucasian(European)_men_id00909,CUDA out of memory. Tried to allocate 34.00 MiB. GPU 0 has a total capacity of 11.81 GiB of which 159.06 MiB is free. Process 2307806 has 5.33 GiB memory in use. Process 2307838 has 1.73 GiB memory in
asvspoof_0004,impostor_6,asvspoof_0266,CUDA out of memory. Tried to allocate 22.00 MiB. GPU 0 has a total capacity of 11.81 GiB of which 159.06 MiB is free. Process 2307806 has 5.33 GiB memory in use. Process 2307838 has 1.73 GiB memory in
asvspoof_0004,impostor_7,fakeavceleb_02697_Caucasian(American)_men_id01035,CUDA out of memory. Tried to allocate 34.00 MiB. GPU 0 has a total capacity of 11.81 GiB of which 159.06 MiB is free. Process 2307806 has 5.33 GiB memory in use. Process 2307838 has 1.73 GiB memory in
asvspoof_0004,impostor_8,librispeech_0312,CUDA out of memory. Tried to allocate 80.00 MiB. GPU 0 has a total capacity of 11.81 GiB of which 199.19 MiB is free. Process 2307806 has 5.33 GiB memory in use. Process 2307838 has 1.73 GiB memory in
asvspoof_0004,impostor_10,librispeech_0217,CUDA out of memory. Tried to allocate 86.00 MiB. GPU 0 has a total capacity of 11.81 GiB of which 199.19 MiB is free. Process 2307806 has 5.33 GiB memory in use. Process 2307838 has 1.73 GiB memory in
asvspoof_0005,impostor_1,librispeech_0028,CUDA out of memory. Tried to allocate 78.00 MiB. GPU 0 has a total capacity of 11.81 GiB of which 199.19 MiB is free. Process 2307806 has 5.33 GiB memory in use. Process 2307838 has 1.73 GiB memory in
asvspoof_0005,impostor_2,fakeavceleb_02253_Asian(South)_women_id01026,CUDA out of memory. Tried to allocate 30.00 MiB. GPU 0 has a total capacity of 11.81 GiB of which 169.12 MiB is free. Process 2307806 has 5.33 GiB memory in use. Process 2307838 has 1.73 GiB memory in
asvspoof_0005,impostor_3,fakeavceleb_02107_Asian(South)_men_id07165,CUDA out of memory. Tried to allocate 50.00 MiB. GPU 0 has a total capacity of 11.81 GiB of which 199.12 MiB is free. Process 2307806 has 5.33 GiB memory in use. Process 2307838 has 1.73 GiB memory in
asvspoof_0005,impostor_4,librispeech_0211,CUDA out of memory. Tried to allocate 96.00 MiB. GPU 0 has a total capacity of 11.81 GiB of which 199.12 MiB is free. Process 2307806 has 5.33 GiB memory in use. Process 2307838 has 1.73 GiB memory in
asvspoof_0005,impostor_5,fakeavceleb_01261_Asian(East)_men_id01204,CUDA out of memory. Tried to allocate 34.00 MiB. GPU 0 has a total capacity of 11.81 GiB of which 165.12 MiB is free. Process 2307806 has 5.33 GiB memory in use. Process 2307838 has 1.73 GiB memory in
asvspoof_0005,impostor_6,librispeech_0461,CUDA out of memory. Tried to allocate 98.00 MiB. GPU 0 has a total capacity of 11.81 GiB of which 199.12 MiB is free. Process 2307806 has 5.33 GiB memory in use. Process 2307838 has 1.73 GiB memory in
asvspoof_0005,impostor_7,fakeavceleb_00360_Caucasian(American)_women_id00291,CUDA out of memory. Tried to allocate 30.00 MiB. GPU 0 has a total capacity of 11.81 GiB of which 169.12 MiB is free. Process 2307806 has 5.33 GiB memory in use. Process 2307838 has 1.73 GiB memory in
asvspoof_0005,impostor_8,librispeech_0329,CUDA out of memory. Tried to allocate 96.00 MiB. GPU 0 has a total capacity of 11.81 GiB of which 199.12 MiB is free. Process 2307806 has 5.33 GiB memory in use. Process 2307838 has 1.73 GiB memory in
asvspoof_0005,impostor_9,fakeavceleb_01769_Asian(East)_women_id07039,CUDA out of memory. Tried to allocate 40.00 MiB. GPU 0 has a total capacity of 11.81 GiB of which 159.12 MiB is free. Process 2307806 has 5.33 GiB memory in use. Process 2307838 has 1.73 GiB memory in
asvspoof_0005,impostor_10,fakeavceleb_01824_Asian(East)_women_id09125,CUDA out of memory. Tried to allocate 44.00 MiB. GPU 0 has a total capacity of 11.81 GiB of which 155.12 MiB is free. Process 2307806 has 5.33 GiB memory in use. Process 2307838 has 1.73 GiB memory in
asvspoof_0006,impostor_1,fakeavceleb_00217_Asian(South)_men_id03344,CUDA out of memory. Tried to allocate 36.00 MiB. GPU 0 has a total capacity of 11.81 GiB of which 163.12 MiB is free. Process 2307806 has 5.33 GiB memory in use. Process 2307838 has 1.73 GiB memory in
asvspoof_0006,impostor_2,fakeavceleb_01871_Asian(South)_men_id00078,CUDA out of memory. Tried to allocate 34.00 MiB. GPU 0 has a total capacity of 11.81 GiB of which 163.12 MiB is free. Process 2307806 has 5.33 GiB memory in use. Process 2307838 has 1.73 GiB memory in
asvspoof_0006,impostor_3,fakeavceleb_03796_Caucasian(European)_women_id01001,CUDA out of memory. Tried to allocate 34.00 MiB. GPU 0 has a total capacity of 11.81 GiB of which 163.12 MiB is free. Process 2307806 has 5.33 GiB memory in use. Process 2307838 has 1.73 GiB memory in
asvspoof_0006,impostor_4,fakeavceleb_01472_Asian(East)_men_id08613,CUDA out of memory. Tried to allocate 32.00 MiB. GPU 0 has a total capacity of 11.81 GiB of which 163.12 MiB is free. Process 2307806 has 5.33 GiB memory in use. Process 2307838 has 1.73 GiB memory in
asvspoof_0006,impostor_5,fakeavceleb_01726_Asian(East)_women_id06066,CUDA out of memory. Tried to allocate 40.00 MiB. GPU 0 has a total capacity of 11.81 GiB of which 159.12 MiB is free. Process 2307806 has 5.33 GiB memory in use. Process 2307838 has 1.73 GiB memory in
asvspoof_0006,impostor_6,fakeavceleb_01191_African_women_id05252,CUDA out of memory. Tried to allocate 36.00 MiB. GPU 0 has a total capacity of 11.81 GiB of which 159.12 MiB is free. Process 2307806 has 5.33 GiB memory in use. Process 2307838 has 1.73 GiB memory in
asvspoof_0006,impostor_7,fakeavceleb_03090_Caucasian(American)_women_id01005,CUDA out of memory. Tried to allocate 46.00 MiB. GPU 0 has a total capacity of 11.81 GiB of which 199.12 MiB is free. Process 2307806 has 5.33 GiB memory in use. Process 2307838 has 1.73 GiB memory in
asvspoof_0006,impostor_8,fakeavceleb_01464_Asian(East)_men_id08299,CUDA out of memory. Tried to allocate 28.00 MiB. GPU 0 has a total capacity of 11.81 GiB of which 171.12 MiB is free. Process 2307806 has 5.33 GiB memory in use. Process 2307838 has 1.73 GiB memory in
asvspoof_0006,impostor_9,librispeech_0156,CUDA out of memory. Tried to allocate 98.00 MiB. GPU 0 has a total capacity of 11.81 GiB of which 199.12 MiB is free. Process 2307806 has 5.33 GiB memory in use. Process 2307838 has 1.73 GiB memory in
asvspoof_0006,impostor_10,fakeavceleb_01455_Asian(East)_men_id07338,CUDA out of memory. Tried to allocate 26.00 MiB. GPU 0 has a total capacity of 11.81 GiB of which 173.12 MiB is free. Process 2307806 has 5.33 GiB memory in use. Process 2307838 has 1.73 GiB memory in
asvspoof_0007,genuine,asvspoof_0002,CUDA out of memory. Tried to allocate 20.00 MiB. GPU 0 has a total capacity of 11.81 GiB of which 173.12 MiB is free. Process 2307806 has 5.33 GiB memory in use. Process 2307838 has 1.73 GiB memory in
asvspoof_0007,impostor_1,librispeech_0044,CUDA out of memory. Tried to allocate 88.00 MiB. GPU 0 has a total capacity of 11.81 GiB of which 199.12 MiB is free. Process 2307806 has 5.33 GiB memory in use. Process 2307838 has 1.73 GiB memory in
asvspoof_0007,impostor_2,fakeavceleb_02845_Caucasian(American)_men_id04219,CUDA out of memory. Tried to allocate 28.00 MiB. GPU 0 has a total capacity of 11.81 GiB of which 171.12 MiB is free. Process 2307806 has 5.33 GiB memory in use. Process 2307838 has 1.73 GiB memory in
asvspoof_0007,impostor_3,fakeavceleb_02800_Caucasian(American)_men_id01211,CUDA out of memory. Tried to allocate 36.00 MiB. GPU 0 has a total capacity of 11.81 GiB of which 163.12 MiB is free. Process 2307806 has 5.33 GiB memory in use. Process 2307838 has 1.73 GiB memory in
asvspoof_0007,impostor_4,fakeavceleb_01114_African_women_id04374,CUDA out of memory. Tried to allocate 42.00 MiB. GPU 0 has a total capacity of 11.81 GiB of which 157.12 MiB is free. Process 2307806 has 5.33 GiB memory in use. Process 2307838 has 1.73 GiB memory in
asvspoof_0007,impostor_5,fakeavceleb_00595_African_men_id00944,CUDA out of memory. Tried to allocate 38.00 MiB. GPU 0 has a total capacity of 11.81 GiB of which 157.12 MiB is free. Process 2307806 has 5.33 GiB memory in use. Process 2307838 has 1.73 GiB memory in
asvspoof_0007,impostor_6,fakeavceleb_03131_Caucasian(American)_women_id01231,CUDA out of memory. Tried to allocate 54.00 MiB. GPU 0 has a total capacity of 11.81 GiB of which 199.12 MiB is free. Process 2307806 has 5.33 GiB memory in use. Process 2307838 has 1.73 GiB memory in
asvspoof_0007,impostor_7,librispeech_0266,CUDA out of memory. Tried to allocate 80.00 MiB. GPU 0 has a total capacity of 11.81 GiB of which 199.12 MiB is free. Process 2307806 has 5.33 GiB memory in use. Process 2307838 has 1.73 GiB memory in
asvspoof_0007,impostor_8,fakeavceleb_00208_Asian(South)_men_id00685,CUDA out of memory. Tried to allocate 48.00 MiB. GPU 0 has a total capacity of 11.81 GiB of which 199.12 MiB is free. Process 2307806 has 5.33 GiB memory in use. Process 2307838 has 1.73 GiB memory in
asvspoof_0007,impostor_9,fakeavceleb_00161_Asian(East)_women_id02807,CUDA out of memory. Tried to allocate 38.00 MiB. GPU 0 has a total capacity of 11.81 GiB of which 161.12 MiB is free. Process 2307806 has 5.33 GiB memory in use. Process 2307838 has 1.73 GiB memory in
asvspoof_0007,impostor_10,librispeech_0268,CUDA out of memory. Tried to allocate 100.00 MiB. GPU 0 has a total capacity of 11.81 GiB of which 199.19 MiB is free. Process 2307806 has 5.33 GiB memory in use. Process 2307838 has 1.73 GiB memory i
asvspoof_0008,impostor_1,fakeavceleb_02820_Caucasian(American)_men_id03678,CUDA out of memory. Tried to allocate 32.00 MiB. GPU 0 has a total capacity of 11.81 GiB of which 167.12 MiB is free. Process 2307806 has 5.33 GiB memory in use. Process 2307838 has 1.73 GiB memory in
asvspoof_0008,impostor_3,fakeavceleb_01183_African_women_id05251,CUDA out of memory. Tried to allocate 26.00 MiB. GPU 0 has a total capacity of 11.81 GiB of which 167.12 MiB is free. Process 2307806 has 5.33 GiB memory in use. Process 2307838 has 1.73 GiB memory in
asvspoof_0008,impostor_4,fakeavceleb_03047_Caucasian(American)_women_id00680,CUDA out of memory. Tried to allocate 32.00 MiB. GPU 0 has a total capacity of 11.81 GiB of which 167.12 MiB is free. Process 2307806 has 5.33 GiB memory in use. Process 2307838 has 1.73 GiB memory in
asvspoof_0008,impostor_5,librispeech_0147,CUDA out of memory. Tried to allocate 44.00 MiB. GPU 0 has a total capacity of 11.81 GiB of which 155.12 MiB is free. Process 2307806 has 5.33 GiB memory in use. Process 2307838 has 1.73 GiB memory in
asvspoof_0008,impostor_6,asvspoof_0495,CUDA out of memory. Tried to allocate 24.00 MiB. GPU 0 has a total capacity of 11.81 GiB of which 155.12 MiB is free. Process 2307806 has 5.33 GiB memory in use. Process 2307838 has 1.73 GiB memory in
asvspoof_0008,impostor_7,fakeavceleb_01788_Asian(East)_women_id07901,CUDA out of memory. Tried to allocate 26.00 MiB. GPU 0 has a total capacity of 11.81 GiB of which 155.12 MiB is free. Process 2307806 has 5.33 GiB memory in use. Process 2307838 has 1.73 GiB memory in
asvspoof_0008,impostor_8,librispeech_0320,CUDA out of memory. Tried to allocate 92.00 MiB. GPU 0 has a total capacity of 11.81 GiB of which 199.12 MiB is free. Process 2307806 has 5.33 GiB memory in use. Process 2307838 has 1.73 GiB memory in
asvspoof_0008,impostor_9,fakeavceleb_03370_Caucasian(European)_men_id00535,CUDA out of memory. Tried to allocate 26.00 MiB. GPU 0 has a total capacity of 11.81 GiB of which 173.12 MiB is free. Process 2307806 has 5.33 GiB memory in use. Process 2307838 has 1.73 GiB memory in
asvspoof_0008,impostor_10,librispeech_0345,CUDA out of memory. Tried to allocate 84.00 MiB. GPU 0 has a total capacity of 11.81 GiB of which 199.12 MiB is free. Process 2307806 has 5.33 GiB memory in use. Process 2307838 has 1.73 GiB memory in
asvspoof_0009,genuine,asvspoof_0110,CUDA out of memory. Tried to allocate 24.00 MiB. GPU 0 has a total capacity of 11.81 GiB of which 175.12 MiB is free. Process 2307806 has 5.33 GiB memory in use. Process 2307838 has 1.73 GiB memory in
asvspoof_0009,impostor_1,fakeavceleb_01356_Asian(East)_men_id04691,CUDA out of memory. Tried to allocate 24.00 MiB. GPU 0 has a total capacity of 11.81 GiB of which 175.12 MiB is free. Process 2307806 has 5.33 GiB memory in use. Process 2307838 has 1.73 GiB memory in
asvspoof_0009,impostor_2,librispeech_0110,CUDA out of memory. Tried to allocate 24.00 MiB. GPU 0 has a total capacity of 11.81 GiB of which 175.12 MiB is free. Process 2307806 has 5.33 GiB memory in use. Process 2307838 has 1.73 GiB memory in
asvspoof_0009,impostor_3,librispeech_0365,CUDA out of memory. Tried to allocate 24.00 MiB. GPU 0 has a total capacity of 11.81 GiB of which 175.12 MiB is free. Process 2307806 has 5.33 GiB memory in use. Process 2307838 has 1.73 GiB memory in
asvspoof_0009,impostor_4,librispeech_0210,CUDA out of memory. Tried to allocate 24.00 MiB. GPU 0 has a total capacity of 11.81 GiB of which 175.12 MiB is free. Process 2307806 has 5.33 GiB memory in use. Process 2307838 has 1.73 GiB memory in
asvspoof_0009,impostor_5,asvspoof_0389,CUDA out of memory. Tried to allocate 24.00 MiB. GPU 0 has a total capacity of 11.81 GiB of which 175.12 MiB is free. Process 2307806 has 5.33 GiB memory in use. Process 2307838 has 1.73 GiB memory in
asvspoof_0009,impostor_6,librispeech_0398,CUDA out of memory. Tried to allocate 24.00 MiB. GPU 0 has a total capacity of 11.81 GiB of which 175.12 MiB is free. Process 2307806 has 5.33 GiB memory in use. Process 2307838 has 1.73 GiB memory in
asvspoof_0009,impostor_7,librispeech_0382,CUDA out of memory. Tried to allocate 24.00 MiB. GPU 0 has a total capacity of 11.81 GiB of which 175.12 MiB is free. Process 2307806 has 5.33 GiB memory in use. Process 2307838 has 1.73 GiB memory in
asvspoof_0009,impostor_8,librispeech_0077,CUDA out of memory. Tried to allocate 24.00 MiB. GPU 0 has a total capacity of 11.81 GiB of which 175.12 MiB is free. Process 2307806 has 5.33 GiB memory in use. Process 2307838 has 1.73 GiB memory in
asvspoof_0009,impostor_9,fakeavceleb_03445_Caucasian(European)_men_id00990,CUDA out of memory. Tried to allocate 24.00 MiB. GPU 0 has a total capacity of 11.81 GiB of which 175.12 MiB is free. Process 2307806 has 5.33 GiB memory in use. Process 2307838 has 1.73 GiB memory in
asvspoof_0009,impostor_10,fakeavceleb_02350_Asian(South)_women_id04583,CUDA out of memory. Tried to allocate 24.00 MiB. GPU 0 has a total capacity of 11.81 GiB of which 175.12 MiB is free. Process 2307806 has 5.33 GiB memory in use. Process 2307838 has 1.73 GiB memory in
asvspoof_0010,impostor_1,fakeavceleb_00247_Asian(South)_men_id08313,CUDA out of memory. Tried to allocate 92.00 MiB. GPU 0 has a total capacity of 11.81 GiB of which 199.12 MiB is free. Process 2307806 has 5.33 GiB memory in use. Process 2307838 has 1.73 GiB memory in
asvspoof_0010,impostor_2,fakeavceleb_00205_Asian(South)_men_id00350,CUDA out of memory. Tried to allocate 26.00 MiB. GPU 0 has a total capacity of 11.81 GiB of which 173.12 MiB is free. Process 2307806 has 5.33 GiB memory in use. Process 2307838 has 1.73 GiB memory in
asvspoof_0010,impostor_3,fakeavceleb_03477_Caucasian(European)_men_id01099,CUDA out of memory. Tried to allocate 40.00 MiB. GPU 0 has a total capacity of 11.81 GiB of which 159.12 MiB is free. Process 2307806 has 5.33 GiB memory in use. Process 2307838 has 1.73 GiB memory in
asvspoof_0010,impostor_4,fakeavceleb_00425_Caucasian(European)_men_id00554,CUDA out of memory. Tried to allocate 26.00 MiB. GPU 0 has a total capacity of 11.81 GiB of which 159.12 MiB is free. Process 2307806 has 5.33 GiB memory in use. Process 2307838 has 1.73 GiB memory in
asvspoof_0010,impostor_5,fakeavceleb_02154_Asian(South)_men_id07463,CUDA out of memory. Tried to allocate 40.00 MiB. GPU 0 has a total capacity of 11.81 GiB of which 159.12 MiB is free. Process 2307806 has 5.33 GiB memory in use. Process 2307838 has 1.73 GiB memory in
asvspoof_0010,impostor_6,fakeavceleb_00609_African_men_id01076,CUDA out of memory. Tried to allocate 30.00 MiB. GPU 0 has a total capacity of 11.81 GiB of which 159.12 MiB is free. Process 2307806 has 5.33 GiB memory in use. Process 2307838 has 1.73 GiB memory in
asvspoof_0010,impostor_7,fakeavceleb_02056_Asian(South)_men_id06354,CUDA out of memory. Tried to allocate 26.00 MiB. GPU 0 has a total capacity of 11.81 GiB of which 159.12 MiB is free. Process 2307806 has 5.33 GiB memory in use. Process 2307838 has 1.73 GiB memory in
asvspoof_0010,impostor_8,fakeavceleb_02999_Caucasian(American)_women_id00428,CUDA out of memory. Tried to allocate 34.00 MiB. GPU 0 has a total capacity of 11.81 GiB of which 159.12 MiB is free. Process 2307806 has 5.33 GiB memory in use. Process 2307838 has 1.73 GiB memory in
asvspoof_0010,impostor_9,fakeavceleb_02259_Asian(South)_women_id02089,CUDA out of memory. Tried to allocate 42.00 MiB. GPU 0 has a total capacity of 11.81 GiB of which 157.12 MiB is free. Process 2307806 has 5.33 GiB memory in use. Process 2307838 has 1.73 GiB memory in
asvspoof_0010,impostor_10,fakeavceleb_01687_Asian(East)_women_id05844,CUDA out of memory. Tried to allocate 34.00 MiB. GPU 0 has a total capacity of 11.81 GiB of which 157.12 MiB is free. Process 2307806 has 5.33 GiB memory in use. Process 2307838 has 1.73 GiB memory in
asvspoof_0011,genuine,asvspoof_0182,CUDA out of memory. Tried to allocate 26.00 MiB. GPU 0 has a total capacity of 11.81 GiB of which 157.12 MiB is free. Process 2307806 has 5.33 GiB memory in use. Process 2307838 has 1.73 GiB memory in
asvspoof_0011,impostor_1,fakeavceleb_00928_African_women_id00707,CUDA out of memory. Tried to allocate 28.00 MiB. GPU 0 has a total capacity of 11.81 GiB of which 157.12 MiB is free. Process 2307806 has 5.33 GiB memory in use. Process 2307838 has 1.73 GiB memory in
asvspoof_0011,impostor_2,fakeavceleb_01130_African_women_id04540,CUDA out of memory. Tried to allocate 34.00 MiB. GPU 0 has a total capacity of 11.81 GiB of which 157.12 MiB is free. Process 2307806 has 5.33 GiB memory in use. Process 2307838 has 1.73 GiB memory in
asvspoof_0011,impostor_3,asvspoof_0297,CUDA out of memory. Tried to allocate 28.00 MiB. GPU 0 has a total capacity of 11.81 GiB of which 159.12 MiB is free. Process 2307806 has 5.33 GiB memory in use. Process 2307838 has 1.73 GiB memory in
asvspoof_0011,impostor_5,fakeavceleb_01837_Asian(East)_women_id09174,CUDA out of memory. Tried to allocate 26.00 MiB. GPU 0 has a total capacity of 11.81 GiB of which 175.12 MiB is free. Process 2307806 has 5.33 GiB memory in use. Process 2307838 has 1.73 GiB memory in
asvspoof_0011,impostor_6,librispeech_0475,CUDA out of memory. Tried to allocate 96.00 MiB. GPU 0 has a total capacity of 11.81 GiB of which 201.12 MiB is free. Process 2307806 has 5.33 GiB memory in use. Process 2307838 has 1.73 GiB memory in
asvspoof_0011,impostor_7,fakeavceleb_03262_Caucasian(European)_men_id00187,CUDA out of memory. Tried to allocate 56.00 MiB. GPU 0 has a total capacity of 11.81 GiB of which 201.12 MiB is free. Process 2307806 has 5.33 GiB memory in use. Process 2307838 has 1.73 GiB memory in
asvspoof_0011,impostor_8,fakeavceleb_01612_Asian(East)_women_id02807,CUDA out of memory. Tried to allocate 38.00 MiB. GPU 0 has a total capacity of 11.81 GiB of which 163.12 MiB is free. Process 2307806 has 5.33 GiB memory in use. Process 2307838 has 1.73 GiB memory in
asvspoof_0011,impostor_9,fakeavceleb_01997_Asian(South)_men_id03945,CUDA out of memory. Tried to allocate 44.00 MiB. GPU 0 has a total capacity of 11.81 GiB of which 157.12 MiB is free. Process 2307806 has 5.33 GiB memory in use. Process 2307838 has 1.73 GiB memory in
asvspoof_0011,impostor_10,fakeavceleb_02442_Asian(South)_women_id06428,CUDA out of memory. Tried to allocate 36.00 MiB. GPU 0 has a total capacity of 11.81 GiB of which 157.12 MiB is free. Process 2307806 has 5.33 GiB memory in use. Process 2307838 has 1.73 GiB memory in
asvspoof_0012,genuine,asvspoof_0431,CUDA out of memory. Tried to allocate 34.00 MiB. GPU 0 has a total capacity of 11.81 GiB of which 167.12 MiB is free. Process 2307806 has 5.33 GiB memory in use. Process 2307838 has 1.73 GiB memory in
asvspoof_0012,impostor_1,fakeavceleb_00925_African_women_id00707,CUDA out of memory. Tried to allocate 28.00 MiB. GPU 0 has a total capacity of 11.81 GiB of which 167.12 MiB is free. Process 2307806 has 5.33 GiB memory in use. Process 2307838 has 1.73 GiB memory in
asvspoof_0012,impostor_2,fakeavceleb_02485_Asian(South)_women_id07078,CUDA out of memory. Tried to allocate 28.00 MiB. GPU 0 has a total capacity of 11.81 GiB of which 167.12 MiB is free. Process 2307806 has 5.33 GiB memory in use. Process 2307838 has 1.73 GiB memory in
asvspoof_0012,impostor_3,fakeavceleb_00984_African_women_id01838,CUDA out of memory. Tried to allocate 54.00 MiB. GPU 0 has a total capacity of 11.81 GiB of which 201.12 MiB is free. Process 2307806 has 5.33 GiB memory in use. Process 2307838 has 1.73 GiB memory in
asvspoof_0012,impostor_4,librispeech_0423,CUDA out of memory. Tried to allocate 92.00 MiB. GPU 0 has a total capacity of 11.81 GiB of which 201.12 MiB is free. Process 2307806 has 5.33 GiB memory in use. Process 2307838 has 1.73 GiB memory in
asvspoof_0012,impostor_5,fakeavceleb_03383_Caucasian(European)_men_id00554,CUDA out of memory. Tried to allocate 26.00 MiB. GPU 0 has a total capacity of 11.81 GiB of which 175.12 MiB is free. Process 2307806 has 5.33 GiB memory in use. Process 2307838 has 1.73 GiB memory in
asvspoof_0012,impostor_6,librispeech_0296,CUDA out of memory. Tried to allocate 72.00 MiB. GPU 0 has a total capacity of 11.81 GiB of which 201.12 MiB is free. Process 2307806 has 5.33 GiB memory in use. Process 2307838 has 1.73 GiB memory in
asvspoof_0012,impostor_7,librispeech_0037,CUDA out of memory. Tried to allocate 76.00 MiB. GPU 0 has a total capacity of 11.81 GiB of which 201.12 MiB is free. Process 2307806 has 5.33 GiB memory in use. Process 2307838 has 1.73 GiB memory in
asvspoof_0012,impostor_8,librispeech_0341,CUDA out of memory. Tried to allocate 90.00 MiB. GPU 0 has a total capacity of 11.81 GiB of which 201.12 MiB is free. Process 2307806 has 5.33 GiB memory in use. Process 2307838 has 1.73 GiB memory in
asvspoof_0012,impostor_9,fakeavceleb_00165_Asian(East)_women_id04057,CUDA out of memory. Tried to allocate 42.00 MiB. GPU 0 has a total capacity of 11.81 GiB of which 159.12 MiB is free. Process 2307806 has 5.33 GiB memory in use. Process 2307838 has 1.73 GiB memory in
asvspoof_0013,impostor_1,fakeavceleb_02416_Asian(South)_women_id06254,CUDA out of memory. Tried to allocate 34.00 MiB. GPU 0 has a total capacity of 11.81 GiB of which 167.12 MiB is free. Process 2307806 has 5.33 GiB memory in use. Process 2307838 has 1.73 GiB memory in
asvspoof_0013,impostor_2,librispeech_0191,CUDA out of memory. Tried to allocate 92.00 MiB. GPU 0 has a total capacity of 11.81 GiB of which 201.12 MiB is free. Process 2307806 has 5.33 GiB memory in use. Process 2307838 has 1.73 GiB memory in
asvspoof_0013,impostor_3,fakeavceleb_03430_Caucasian(European)_men_id00946,CUDA out of memory. Tried to allocate 28.00 MiB. GPU 0 has a total capacity of 11.81 GiB of which 173.12 MiB is free. Process 2307806 has 5.33 GiB memory in use. Process 2307838 has 1.73 GiB memory in
asvspoof_0013,impostor_4,librispeech_0445,CUDA out of memory. Tried to allocate 94.00 MiB. GPU 0 has a total capacity of 11.81 GiB of which 201.12 MiB is free. Process 2307806 has 5.33 GiB memory in use. Process 2307838 has 1.73 GiB memory in
asvspoof_0013,impostor_6,librispeech_0192,CUDA out of memory. Tried to allocate 96.00 MiB. GPU 0 has a total capacity of 11.81 GiB of which 201.12 MiB is free. Process 2307806 has 5.33 GiB memory in use. Process 2307838 has 1.73 GiB memory in
asvspoof_0013,impostor_7,librispeech_0235,CUDA out of memory. Tried to allocate 92.00 MiB. GPU 0 has a total capacity of 11.81 GiB of which 201.12 MiB is free. Process 2307806 has 5.33 GiB memory in use. Process 2307838 has 1.73 GiB memory in
asvspoof_0013,impostor_8,librispeech_0285,CUDA out of memory. Tried to allocate 58.00 MiB. GPU 0 has a total capacity of 11.81 GiB of which 201.12 MiB is free. Process 2307806 has 5.33 GiB memory in use. Process 2307838 has 1.73 GiB memory in
asvspoof_0013,impostor_9,fakeavceleb_02899_Caucasian(American)_women_id00100,CUDA out of memory. Tried to allocate 56.00 MiB. GPU 0 has a total capacity of 11.81 GiB of which 201.12 MiB is free. Process 2307806 has 5.33 GiB memory in use. Process 2307838 has 1.73 GiB memory in
asvspoof_0013,impostor_10,fakeavceleb_00496_Caucasian(European)_women_id03816,CUDA out of memory. Tried to allocate 32.00 MiB. GPU 0 has a total capacity of 11.81 GiB of which 169.12 MiB is free. Process 2307806 has 5.33 GiB memory in use. Process 2307838 has 1.73 GiB memory in
asvspoof_0014,impostor_1,fakeavceleb_02831_Caucasian(American)_men_id03757,CUDA out of memory. Tried to allocate 28.00 MiB. GPU 0 has a total capacity of 11.81 GiB of which 169.12 MiB is free. Process 2307806 has 5.33 GiB memory in use. Process 2307838 has 1.73 GiB memory in
asvspoof_0014,impostor_2,fakeavceleb_02976_Caucasian(American)_women_id00383,CUDA out of memory. Tried to allocate 42.00 MiB. GPU 0 has a total capacity of 11.81 GiB of which 159.12 MiB is free. Process 2307806 has 5.33 GiB memory in use. Process 2307838 has 1.73 GiB memory in
asvspoof_0014,impostor_3,fakeavceleb_01252_Asian(East)_men_id00863,CUDA out of memory. Tried to allocate 28.00 MiB. GPU 0 has a total capacity of 11.81 GiB of which 159.12 MiB is free. Process 2307806 has 5.33 GiB memory in use. Process 2307838 has 1.73 GiB memory in
asvspoof_0014,impostor_4,fakeavceleb_02202_Asian(South)_women_id00235,CUDA out of memory. Tried to allocate 36.00 MiB. GPU 0 has a total capacity of 11.81 GiB of which 159.12 MiB is free. Process 2307806 has 5.33 GiB memory in use. Process 2307838 has 1.73 GiB memory in
asvspoof_0014,impostor_5,fakeavceleb_02146_Asian(South)_men_id07210,CUDA out of memory. Tried to allocate 36.00 MiB. GPU 0 has a total capacity of 11.81 GiB of which 159.12 MiB is free. Process 2307806 has 5.33 GiB memory in use. Process 2307838 has 1.73 GiB memory in
asvspoof_0014,impostor_6,fakeavceleb_01884_Asian(South)_men_id00082,CUDA out of memory. Tried to allocate 44.00 MiB. GPU 0 has a total capacity of 11.81 GiB of which 157.12 MiB is free. Process 2307806 has 5.33 GiB memory in use. Process 2307838 has 1.73 GiB memory in
asvspoof_0014,impostor_7,fakeavceleb_01320_Asian(East)_men_id02561,CUDA out of memory. Tried to allocate 48.00 MiB. GPU 0 has a total capacity of 11.81 GiB of which 201.12 MiB is free. Process 2307806 has 5.33 GiB memory in use. Process 2307838 has 1.73 GiB memory in
asvspoof_0014,impostor_8,fakeavceleb_00365_Caucasian(American)_women_id00418,CUDA out of memory. Tried to allocate 32.00 MiB. GPU 0 has a total capacity of 11.81 GiB of which 169.12 MiB is free. Process 2307806 has 5.33 GiB memory in use. Process 2307838 has 1.73 GiB memory in
asvspoof_0014,impostor_9,fakeavceleb_03036_Caucasian(American)_women_id00616,CUDA out of memory. Tried to allocate 54.00 MiB. GPU 0 has a total capacity of 11.81 GiB of which 201.12 MiB is free. Process 2307806 has 5.33 GiB memory in use. Process 2307838 has 1.73 GiB memory in
asvspoof_0014,impostor_10,librispeech_0171,CUDA out of memory. Tried to allocate 64.00 MiB. GPU 0 has a total capacity of 11.81 GiB of which 201.12 MiB is free. Process 2307806 has 5.33 GiB memory in use. Process 2307838 has 1.73 GiB memory in
asvspoof_0015,impostor_1,fakeavceleb_01135_African_women_id04689,CUDA out of memory. Tried to allocate 48.00 MiB. GPU 0 has a total capacity of 11.81 GiB of which 201.12 MiB is free. Process 2307806 has 5.33 GiB memory in use. Process 2307838 has 1.73 GiB memory in
asvspoof_0015,impostor_2,librispeech_0448,CUDA out of memory. Tried to allocate 90.00 MiB. GPU 0 has a total capacity of 11.81 GiB of which 201.12 MiB is free. Process 2307806 has 5.33 GiB memory in use. Process 2307838 has 1.73 GiB memory in
asvspoof_0015,impostor_3,fakeavceleb_01111_African_women_id04374,CUDA out of memory. Tried to allocate 42.00 MiB. GPU 0 has a total capacity of 11.81 GiB of which 159.12 MiB is free. Process 2307806 has 5.33 GiB memory in use. Process 2307838 has 1.73 GiB memory in
asvspoof_0015,impostor_4,librispeech_0139,CUDA out of memory. Tried to allocate 86.00 MiB. GPU 0 has a total capacity of 11.81 GiB of which 201.12 MiB is free. Process 2307806 has 5.33 GiB memory in use. Process 2307838 has 1.73 GiB memory in
asvspoof_0015,impostor_5,librispeech_0169,CUDA out of memory. Tried to allocate 44.00 MiB. GPU 0 has a total capacity of 11.81 GiB of which 157.12 MiB is free. Process 2307806 has 5.33 GiB memory in use. Process 2307838 has 1.73 GiB memory in
asvspoof_0015,impostor_6,fakeavceleb_00347_Caucasian(American)_men_id04216,CUDA out of memory. Tried to allocate 34.00 MiB. GPU 0 has a total capacity of 11.81 GiB of which 157.12 MiB is free. Process 2307806 has 5.33 GiB memory in use. Process 2307838 has 1.73 GiB memory in
asvspoof_0015,impostor_7,asvspoof_0029,CUDA out of memory. Tried to allocate 24.00 MiB. GPU 0 has a total capacity of 11.81 GiB of which 157.12 MiB is free. Process 2307806 has 5.33 GiB memory in use. Process 2307838 has 1.73 GiB memory in
asvspoof_0015,impostor_8,fakeavceleb_03634_Caucasian(European)_women_id00328,CUDA out of memory. Tried to allocate 34.00 MiB. GPU 0 has a total capacity of 11.81 GiB of which 157.12 MiB is free. Process 2307806 has 5.33 GiB memory in use. Process 2307838 has 1.73 GiB memory in
asvspoof_0015,impostor_9,fakeavceleb_00827_African_men_id02316,CUDA out of memory. Tried to allocate 34.00 MiB. GPU 0 has a total capacity of 11.81 GiB of which 157.12 MiB is free. Process 2307806 has 5.33 GiB memory in use. Process 2307838 has 1.73 GiB memory in
asvspoof_0015,impostor_10,fakeavceleb_01097_African_women_id04055,CUDA out of memory. Tried to allocate 28.00 MiB. GPU 0 has a total capacity of 11.81 GiB of which 157.12 MiB is free. Process 2307806 has 5.33 GiB memory in use. Process 2307838 has 1.73 GiB memory in
asvspoof_0016,genuine,asvspoof_0079,CUDA out of memory. Tried to allocate 30.00 MiB. GPU 0 has a total capacity of 11.81 GiB of which 181.12 MiB is free. Process 2307806 has 5.33 GiB memory in use. Process 2307838 has 1.73 GiB memory in
asvspoof_0016,impostor_1,asvspoof_0172,CUDA out of memory. Tried to allocate 16.00 MiB. GPU 0 has a total capacity of 11.81 GiB of which 165.12 MiB is free. Process 2307806 has 5.33 GiB memory in use. Process 2307838 has 1.73 GiB memory in
asvspoof_0016,impostor_2,librispeech_0225,CUDA out of memory. Tried to allocate 82.00 MiB. GPU 0 has a total capacity of 11.81 GiB of which 181.12 MiB is free. Process 2307806 has 5.33 GiB memory in use. Process 2307838 has 1.73 GiB memory in
asvspoof_0016,impostor_3,fakeavceleb_00858_African_women_id00220,CUDA out of memory. Tried to allocate 28.00 MiB. GPU 0 has a total capacity of 11.81 GiB of which 181.12 MiB is free. Process 2307806 has 5.33 GiB memory in use. Process 2307838 has 1.73 GiB memory in
asvspoof_0016,impostor_4,librispeech_0486,CUDA out of memory. Tried to allocate 88.00 MiB. GPU 0 has a total capacity of 11.81 GiB of which 181.12 MiB is free. Process 2307806 has 5.33 GiB memory in use. Process 2307838 has 1.73 GiB memory in
asvspoof_0016,impostor_5,fakeavceleb_02575_Caucasian(American)_men_id00060,CUDA out of memory. Tried to allocate 34.00 MiB. GPU 0 has a total capacity of 11.81 GiB of which 181.12 MiB is free. Process 2307806 has 5.33 GiB memory in use. Process 2307838 has 1.73 GiB memory in
asvspoof_0016,impostor_6,librispeech_0250,CUDA out of memory. Tried to allocate 92.00 MiB. GPU 0 has a total capacity of 11.81 GiB of which 181.12 MiB is free. Process 2307806 has 5.33 GiB memory in use. Process 2307838 has 1.73 GiB memory in
asvspoof_0016,impostor_7,fakeavceleb_03329_Caucasian(European)_men_id00306,CUDA out of memory. Tried to allocate 54.00 MiB. GPU 0 has a total capacity of 11.81 GiB of which 181.12 MiB is free. Process 2307806 has 5.33 GiB memory in use. Process 2307838 has 1.73 GiB memory in
asvspoof_0016,impostor_8,librispeech_0209,CUDA out of memory. Tried to allocate 84.00 MiB. GPU 0 has a total capacity of 11.81 GiB of which 181.12 MiB is free. Process 2307806 has 5.33 GiB memory in use. Process 2307838 has 1.73 GiB memory in
asvspoof_0016,impostor_9,fakeavceleb_03820_Caucasian(European)_women_id03649,CUDA out of memory. Tried to allocate 32.00 MiB. GPU 0 has a total capacity of 11.81 GiB of which 181.12 MiB is free. Process 2307806 has 5.33 GiB memory in use. Process 2307838 has 1.73 GiB memory in
asvspoof_0016,impostor_10,librispeech_0334,CUDA out of memory. Tried to allocate 54.00 MiB. GPU 0 has a total capacity of 11.81 GiB of which 181.12 MiB is free. Process 2307806 has 5.33 GiB memory in use. Process 2307838 has 1.73 GiB memory in
asvspoof_0017,genuine,asvspoof_0030,CUDA out of memory. Tried to allocate 34.00 MiB. GPU 0 has a total capacity of 11.81 GiB of which 181.12 MiB is free. Process 2307806 has 5.33 GiB memory in use. Process 2307838 has 1.73 GiB memory in
asvspoof_0017,impostor_1,fakeavceleb_03130_Caucasian(American)_women_id01231,CUDA out of memory. Tried to allocate 54.00 MiB. GPU 0 has a total capacity of 11.81 GiB of which 181.12 MiB is free. Process 2307806 has 5.33 GiB memory in use. Process 2307838 has 1.73 GiB memory in
asvspoof_0017,impostor_2,fakeavceleb_00734_African_men_id01717,CUDA out of memory. Tried to allocate 30.00 MiB. GPU 0 has a total capacity of 11.81 GiB of which 181.12 MiB is free. Process 2307806 has 5.33 GiB memory in use. Process 2307838 has 1.73 GiB memory in
asvspoof_0017,impostor_3,fakeavceleb_00123_Asian(East)_men_id04691,CUDA out of memory. Tried to allocate 52.00 MiB. GPU 0 has a total capacity of 11.81 GiB of which 181.12 MiB is free. Process 2307806 has 5.33 GiB memory in use. Process 2307838 has 1.73 GiB memory in
asvspoof_0017,impostor_4,fakeavceleb_02730_Caucasian(American)_men_id01105,CUDA out of memory. Tried to allocate 46.00 MiB. GPU 0 has a total capacity of 11.81 GiB of which 181.12 MiB is free. Process 2307806 has 5.33 GiB memory in use. Process 2307838 has 1.73 GiB memory in
asvspoof_0017,impostor_5,fakeavceleb_01844_Asian(East)_women_id09175,CUDA out of memory. Tried to allocate 36.00 MiB. GPU 0 has a total capacity of 11.81 GiB of which 181.12 MiB is free. Process 2307806 has 5.33 GiB memory in use. Process 2307838 has 1.73 GiB memory in
asvspoof_0017,impostor_6,librispeech_0265,CUDA out of memory. Tried to allocate 26.00 MiB. GPU 0 has a total capacity of 11.81 GiB of which 155.12 MiB is free. Process 2307806 has 5.33 GiB memory in use. Process 2307838 has 1.73 GiB memory in
asvspoof_0017,impostor_7,fakeavceleb_03834_Caucasian(European)_women_id03651,CUDA out of memory. Tried to allocate 28.00 MiB. GPU 0 has a total capacity of 11.81 GiB of which 181.12 MiB is free. Process 2307806 has 5.33 GiB memory in use. Process 2307838 has 1.73 GiB memory in
asvspoof_0017,impostor_8,fakeavceleb_00743_African_men_id01779,CUDA out of memory. Tried to allocate 38.00 MiB. GPU 0 has a total capacity of 11.81 GiB of which 181.12 MiB is free. Process 2307806 has 5.33 GiB memory in use. Process 2307838 has 1.73 GiB memory in
asvspoof_0017,impostor_9,librispeech_0235,CUDA out of memory. Tried to allocate 92.00 MiB. GPU 0 has a total capacity of 11.81 GiB of which 181.12 MiB is free. Process 2307806 has 5.33 GiB memory in use. Process 2307838 has 1.73 GiB memory in
asvspoof_0017,impostor_10,fakeavceleb_02480_Asian(South)_women_id07051,CUDA out of memory. Tried to allocate 52.00 MiB. GPU 0 has a total capacity of 11.81 GiB of which 181.12 MiB is free. Process 2307806 has 5.33 GiB memory in use. Process 2307838 has 1.73 GiB memory in
asvspoof_0018,genuine,asvspoof_0327,CUDA out of memory. Tried to allocate 22.00 MiB. GPU 0 has a total capacity of 11.81 GiB of which 159.12 MiB is free. Process 2307806 has 5.33 GiB memory in use. Process 2307838 has 1.73 GiB memory in
asvspoof_0018,impostor_1,librispeech_0260,CUDA out of memory. Tried to allocate 96.00 MiB. GPU 0 has a total capacity of 11.81 GiB of which 181.12 MiB is free. Process 2307806 has 5.33 GiB memory in use. Process 2307838 has 1.73 GiB memory in
asvspoof_0018,impostor_2,fakeavceleb_02030_Asian(South)_men_id04562,CUDA out of memory. Tried to allocate 66.00 MiB. GPU 0 has a total capacity of 11.81 GiB of which 181.12 MiB is free. Process 2307806 has 5.33 GiB memory in use. Process 2307838 has 1.73 GiB memory in
asvspoof_0018,impostor_3,fakeavceleb_01039_African_women_id02808,CUDA out of memory. Tried to allocate 34.00 MiB. GPU 0 has a total capacity of 11.81 GiB of which 181.12 MiB is free. Process 2307806 has 5.33 GiB memory in use. Process 2307838 has 1.73 GiB memory in
asvspoof_0018,impostor_4,librispeech_0050,CUDA out of memory. Tried to allocate 84.00 MiB. GPU 0 has a total capacity of 11.81 GiB of which 181.12 MiB is free. Process 2307806 has 5.33 GiB memory in use. Process 2307838 has 1.73 GiB memory in
asvspoof_0018,impostor_5,librispeech_0374,CUDA out of memory. Tried to allocate 74.00 MiB. GPU 0 has a total capacity of 11.81 GiB of which 181.12 MiB is free. Process 2307806 has 5.33 GiB memory in use. Process 2307838 has 1.73 GiB memory in
asvspoof_0018,impostor_6,librispeech_0400,CUDA out of memory. Tried to allocate 24.00 MiB. GPU 0 has a total capacity of 11.81 GiB of which 157.12 MiB is free. Process 2307806 has 5.33 GiB memory in use. Process 2307838 has 1.73 GiB memory in
asvspoof_0018,impostor_7,librispeech_0332,CUDA out of memory. Tried to allocate 88.00 MiB. GPU 0 has a total capacity of 11.81 GiB of which 181.12 MiB is free. Process 2307806 has 5.33 GiB memory in use. Process 2307838 has 1.73 GiB memory in
asvspoof_0018,impostor_8,fakeavceleb_03419_Caucasian(European)_men_id00919,CUDA out of memory. Tried to allocate 26.00 MiB. GPU 0 has a total capacity of 11.81 GiB of which 155.12 MiB is free. Process 2307806 has 5.33 GiB memory in use. Process 2307838 has 1.73 GiB memory in
asvspoof_0018,impostor_9,fakeavceleb_03190_Caucasian(American)_women_id03707,CUDA out of memory. Tried to allocate 40.00 MiB. GPU 0 has a total capacity of 11.81 GiB of which 181.12 MiB is free. Process 2307806 has 5.33 GiB memory in use. Process 2307838 has 1.73 GiB memory in
asvspoof_0018,impostor_10,asvspoof_0038,CUDA out of memory. Tried to allocate 20.00 MiB. GPU 0 has a total capacity of 11.81 GiB of which 161.12 MiB is free. Process 2307806 has 5.33 GiB memory in use. Process 2307838 has 1.73 GiB memory in
asvspoof_0019,genuine,asvspoof_0185,CUDA out of memory. Tried to allocate 18.00 MiB. GPU 0 has a total capacity of 11.81 GiB of which 161.12 MiB is free. Process 2307806 has 5.33 GiB memory in use. Process 2307838 has 1.73 GiB memory in
asvspoof_0019,impostor_1,fakeavceleb_01177_African_women_id05235,CUDA out of memory. Tried to allocate 36.00 MiB. GPU 0 has a total capacity of 11.81 GiB of which 181.12 MiB is free. Process 2307806 has 5.33 GiB memory in use. Process 2307838 has 1.73 GiB memory in
asvspoof_0019,impostor_2,fakeavceleb_00791_African_men_id02040,CUDA out of memory. Tried to allocate 28.00 MiB. GPU 0 has a total capacity of 11.81 GiB of which 181.12 MiB is free. Process 2307806 has 5.33 GiB memory in use. Process 2307838 has 1.73 GiB memory in
asvspoof_0019,impostor_3,librispeech_0146,CUDA out of memory. Tried to allocate 98.00 MiB. GPU 0 has a total capacity of 11.81 GiB of which 181.12 MiB is free. Process 2307806 has 5.33 GiB memory in use. Process 2307838 has 1.73 GiB memory in
asvspoof_0019,impostor_4,fakeavceleb_03494_Caucasian(European)_men_id01154,CUDA out of memory. Tried to allocate 30.00 MiB. GPU 0 has a total capacity of 11.81 GiB of which 181.12 MiB is free. Process 2307806 has 5.33 GiB memory in use. Process 2307838 has 1.73 GiB memory in
asvspoof_0019,impostor_5,fakeavceleb_03338_Caucasian(European)_men_id00415,CUDA out of memory. Tried to allocate 42.00 MiB. GPU 0 has a total capacity of 11.81 GiB of which 181.12 MiB is free. Process 2307806 has 5.33 GiB memory in use. Process 2307838 has 1.73 GiB memory in
asvspoof_0019,impostor_6,fakeavceleb_02442_Asian(South)_women_id06428,CUDA out of memory. Tried to allocate 36.00 MiB. GPU 0 has a total capacity of 11.81 GiB of which 181.12 MiB is free. Process 2307806 has 5.33 GiB memory in use. Process 2307838 has 1.73 GiB memory in
asvspoof_0019,impostor_7,librispeech_0463,CUDA out of memory. Tried to allocate 40.00 MiB. GPU 0 has a total capacity of 11.81 GiB of which 181.12 MiB is free. Process 2307806 has 5.33 GiB memory in use. Process 2307838 has 1.73 GiB memory in
asvspoof_0019,impostor_8,fakeavceleb_02850_Caucasian(American)_men_id04219,CUDA out of memory. Tried to allocate 28.00 MiB. GPU 0 has a total capacity of 11.81 GiB of which 181.12 MiB is free. Process 2307806 has 5.33 GiB memory in use. Process 2307838 has 1.73 GiB memory in
asvspoof_0019,impostor_9,librispeech_0475,CUDA out of memory. Tried to allocate 96.00 MiB. GPU 0 has a total capacity of 11.81 GiB of which 181.12 MiB is free. Process 2307806 has 5.33 GiB memory in use. Process 2307838 has 1.73 GiB memory in
asvspoof_0019,impostor_10,fakeavceleb_00758_African_men_id01920,CUDA out of memory. Tried to allocate 42.00 MiB. GPU 0 has a total capacity of 11.81 GiB of which 181.12 MiB is free. Process 2307806 has 5.33 GiB memory in use. Process 2307838 has 1.73 GiB memory in
asvspoof_0020,genuine,asvspoof_0171,CUDA out of memory. Tried to allocate 18.00 MiB. GPU 0 has a total capacity of 11.81 GiB of which 163.12 MiB is free. Process 2307806 has 5.33 GiB memory in use. Process 2307838 has 1.73 GiB memory in
asvspoof_0020,impostor_1,librispeech_0448,CUDA out of memory. Tried to allocate 18.00 MiB. GPU 0 has a total capacity of 11.81 GiB of which 163.12 MiB is free. Process 2307806 has 5.33 GiB memory in use. Process 2307838 has 1.73 GiB memory in
asvspoof_0020,impostor_2,fakeavceleb_02627_Caucasian(American)_men_id00264,CUDA out of memory. Tried to allocate 18.00 MiB. GPU 0 has a total capacity of 11.81 GiB of which 163.12 MiB is free. Process 2307806 has 5.33 GiB memory in use. Process 2307838 has 1.73 GiB memory in
asvspoof_0020,impostor_3,fakeavceleb_03644_Caucasian(European)_women_id00332,CUDA out of memory. Tried to allocate 18.00 MiB. GPU 0 has a total capacity of 11.81 GiB of which 163.12 MiB is free. Process 2307806 has 5.33 GiB memory in use. Process 2307838 has 1.73 GiB memory in
asvspoof_0020,impostor_4,asvspoof_0155,CUDA out of memory. Tried to allocate 18.00 MiB. GPU 0 has a total capacity of 11.81 GiB of which 163.12 MiB is free. Process 2307806 has 5.33 GiB memory in use. Process 2307838 has 1.73 GiB memory in
asvspoof_0020,impostor_5,fakeavceleb_01320_Asian(East)_men_id02561,CUDA out of memory. Tried to allocate 18.00 MiB. GPU 0 has a total capacity of 11.81 GiB of which 163.12 MiB is free. Process 2307806 has 5.33 GiB memory in use. Process 2307838 has 1.73 GiB memory in
asvspoof_0020,impostor_6,fakeavceleb_00110_Asian(East)_men_id01683,CUDA out of memory. Tried to allocate 18.00 MiB. GPU 0 has a total capacity of 11.81 GiB of which 163.12 MiB is free. Process 2307806 has 5.33 GiB memory in use. Process 2307838 has 1.73 GiB memory in
asvspoof_0020,impostor_7,fakeavceleb_01159_African_women_id05106,CUDA out of memory. Tried to allocate 18.00 MiB. GPU 0 has a total capacity of 11.81 GiB of which 163.12 MiB is free. Process 2307806 has 5.33 GiB memory in use. Process 2307838 has 1.73 GiB memory in
asvspoof_0020,impostor_8,fakeavceleb_00776_African_men_id01972,CUDA out of memory. Tried to allocate 18.00 MiB. GPU 0 has a total capacity of 11.81 GiB of which 163.12 MiB is free. Process 2307806 has 5.33 GiB memory in use. Process 2307838 has 1.73 GiB memory in
asvspoof_0020,impostor_9,fakeavceleb_02291_Asian(South)_women_id03815,CUDA out of memory. Tried to allocate 18.00 MiB. GPU 0 has a total capacity of 11.81 GiB of which 163.12 MiB is free. Process 2307806 has 5.33 GiB memory in use. Process 2307838 has 1.73 GiB memory in
asvspoof_0020,impostor_10,fakeavceleb_02868_Caucasian(American)_women_id00025,CUDA out of memory. Tried to allocate 18.00 MiB. GPU 0 has a total capacity of 11.81 GiB of which 163.12 MiB is free. Process 2307806 has 5.33 GiB memory in use. Process 2307838 has 1.73 GiB memory in
asvspoof_0021,genuine,asvspoof_0247,CUDA out of memory. Tried to allocate 26.00 MiB. GPU 0 has a total capacity of 11.81 GiB of which 155.12 MiB is free. Process 2307806 has 5.33 GiB memory in use. Process 2307838 has 1.73 GiB memory in
asvspoof_0021,impostor_1,fakeavceleb_00667_African_men_id01521,CUDA out of memory. Tried to allocate 28.00 MiB. GPU 0 has a total capacity of 11.81 GiB of which 181.12 MiB is free. Process 2307806 has 5.33 GiB memory in use. Process 2307838 has 1.73 GiB memory in
asvspoof_0021,impostor_2,fakeavceleb_02969_Caucasian(American)_women_id00381,CUDA out of memory. Tried to allocate 38.00 MiB. GPU 0 has a total capacity of 11.81 GiB of which 181.12 MiB is free. Process 2307806 has 5.33 GiB memory in use. Process 2307838 has 1.73 GiB memory in
asvspoof_0021,impostor_3,librispeech_0246,CUDA out of memory. Tried to allocate 72.00 MiB. GPU 0 has a total capacity of 11.81 GiB of which 181.12 MiB is free. Process 2307806 has 5.33 GiB memory in use. Process 2307838 has 1.73 GiB memory in
asvspoof_0021,impostor_4,fakeavceleb_01683_Asian(East)_women_id05631,CUDA out of memory. Tried to allocate 40.00 MiB. GPU 0 has a total capacity of 11.81 GiB of which 181.12 MiB is free. Process 2307806 has 5.33 GiB memory in use. Process 2307838 has 1.73 GiB memory in
asvspoof_0021,impostor_5,fakeavceleb_01494_Asian(East)_men_id09143,CUDA out of memory. Tried to allocate 26.00 MiB. GPU 0 has a total capacity of 11.81 GiB of which 155.12 MiB is free. Process 2307806 has 5.33 GiB memory in use. Process 2307838 has 1.73 GiB memory in
asvspoof_0021,impostor_6,fakeavceleb_01542_Asian(East)_women_id00566,CUDA out of memory. Tried to allocate 28.00 MiB. GPU 0 has a total capacity of 11.81 GiB of which 181.12 MiB is free. Process 2307806 has 5.33 GiB memory in use. Process 2307838 has 1.73 GiB memory in
asvspoof_0021,impostor_7,librispeech_0486,CUDA out of memory. Tried to allocate 88.00 MiB. GPU 0 has a total capacity of 11.81 GiB of which 181.12 MiB is free. Process 2307806 has 5.33 GiB memory in use. Process 2307838 has 1.73 GiB memory in
asvspoof_0021,impostor_8,librispeech_0187,CUDA out of memory. Tried to allocate 96.00 MiB. GPU 0 has a total capacity of 11.81 GiB of which 181.12 MiB is free. Process 2307806 has 5.33 GiB memory in use. Process 2307838 has 1.73 GiB memory in
asvspoof_0021,impostor_9,fakeavceleb_02227_Asian(South)_women_id00461,CUDA out of memory. Tried to allocate 40.00 MiB. GPU 0 has a total capacity of 11.81 GiB of which 181.12 MiB is free. Process 2307806 has 5.33 GiB memory in use. Process 2307838 has 1.73 GiB memory in
asvspoof_0021,impostor_10,fakeavceleb_01347_Asian(East)_men_id04222,CUDA out of memory. Tried to allocate 50.00 MiB. GPU 0 has a total capacity of 11.81 GiB of which 181.12 MiB is free. Process 2307806 has 5.33 GiB memory in use. Process 2307838 has 1.73 GiB memory in
asvspoof_0022,genuine,asvspoof_0080,CUDA out of memory. Tried to allocate 26.00 MiB. GPU 0 has a total capacity of 11.81 GiB of which 155.12 MiB is free. Process 2307806 has 5.33 GiB memory in use. Process 2307838 has 1.73 GiB memory in
asvspoof_0022,impostor_1,fakeavceleb_02248_Asian(South)_women_id01026,CUDA out of memory. Tried to allocate 30.00 MiB. GPU 0 has a total capacity of 11.81 GiB of which 181.12 MiB is free. Process 2307806 has 5.33 GiB memory in use. Process 2307838 has 1.73 GiB memory in
asvspoof_0022,impostor_2,fakeavceleb_01698_Asian(East)_women_id06054,CUDA out of memory. Tried to allocate 34.00 MiB. GPU 0 has a total capacity of 11.81 GiB of which 181.12 MiB is free. Process 2307806 has 5.33 GiB memory in use. Process 2307838 has 1.73 GiB memory in
asvspoof_0022,impostor_3,fakeavceleb_01141_African_women_id04736,CUDA out of memory. Tried to allocate 44.00 MiB. GPU 0 has a total capacity of 11.81 GiB of which 181.12 MiB is free. Process 2307806 has 5.33 GiB memory in use. Process 2307838 has 1.73 GiB memory in
asvspoof_0022,impostor_4,librispeech_0183,CUDA out of memory. Tried to allocate 74.00 MiB. GPU 0 has a total capacity of 11.81 GiB of which 181.12 MiB is free. Process 2307806 has 5.33 GiB memory in use. Process 2307838 has 1.73 GiB memory in
asvspoof_0022,impostor_5,fakeavceleb_03796_Caucasian(European)_women_id01001,CUDA out of memory. Tried to allocate 34.00 MiB. GPU 0 has a total capacity of 11.81 GiB of which 181.12 MiB is free. Process 2307806 has 5.33 GiB memory in use. Process 2307838 has 1.73 GiB memory in
asvspoof_0022,impostor_6,fakeavceleb_00958_African_women_id01532,CUDA out of memory. Tried to allocate 32.00 MiB. GPU 0 has a total capacity of 11.81 GiB of which 181.12 MiB is free. Process 2307806 has 5.33 GiB memory in use. Process 2307838 has 1.73 GiB memory in
asvspoof_0022,impostor_7,fakeavceleb_03433_Caucasian(European)_men_id00963,CUDA out of memory. Tried to allocate 74.00 MiB. GPU 0 has a total capacity of 11.81 GiB of which 181.12 MiB is free. Process 2307806 has 5.33 GiB memory in use. Process 2307838 has 1.73 GiB memory in
asvspoof_0022,impostor_8,librispeech_0040,CUDA out of memory. Tried to allocate 92.00 MiB. GPU 0 has a total capacity of 11.81 GiB of which 181.12 MiB is free. Process 2307806 has 5.33 GiB memory in use. Process 2307838 has 1.73 GiB memory in
asvspoof_0022,impostor_9,fakeavceleb_01922_Asian(South)_men_id00685,CUDA out of memory. Tried to allocate 26.00 MiB. GPU 0 has a total capacity of 11.81 GiB of which 155.12 MiB is free. Process 2307806 has 5.33 GiB memory in use. Process 2307838 has 1.73 GiB memory in
asvspoof_0022,impostor_10,librispeech_0122,CUDA out of memory. Tried to allocate 98.00 MiB. GPU 0 has a total capacity of 11.81 GiB of which 181.12 MiB is free. Process 2307806 has 5.33 GiB memory in use. Process 2307838 has 1.73 GiB memory in
asvspoof_0023,genuine,asvspoof_0329,CUDA out of memory. Tried to allocate 18.00 MiB. GPU 0 has a total capacity of 11.81 GiB of which 163.12 MiB is free. Process 2307806 has 5.33 GiB memory in use. Process 2307838 has 1.73 GiB memory in
asvspoof_0023,impostor_1,fakeavceleb_01944_Asian(South)_men_id00769,CUDA out of memory. Tried to allocate 18.00 MiB. GPU 0 has a total capacity of 11.81 GiB of which 163.12 MiB is free. Process 2307806 has 5.33 GiB memory in use. Process 2307838 has 1.73 GiB memory in
asvspoof_0023,impostor_2,fakeavceleb_00655_African_men_id01452,CUDA out of memory. Tried to allocate 18.00 MiB. GPU 0 has a total capacity of 11.81 GiB of which 163.12 MiB is free. Process 2307806 has 5.33 GiB memory in use. Process 2307838 has 1.73 GiB memory in
asvspoof_0023,impostor_3,fakeavceleb_02054_Asian(South)_men_id06354,CUDA out of memory. Tried to allocate 18.00 MiB. GPU 0 has a total capacity of 11.81 GiB of which 163.12 MiB is free. Process 2307806 has 5.33 GiB memory in use. Process 2307838 has 1.73 GiB memory in
asvspoof_0023,impostor_4,fakeavceleb_03043_Caucasian(American)_women_id00680,CUDA out of memory. Tried to allocate 18.00 MiB. GPU 0 has a total capacity of 11.81 GiB of which 163.12 MiB is free. Process 2307806 has 5.33 GiB memory in use. Process 2307838 has 1.73 GiB memory in
asvspoof_0023,impostor_5,fakeavceleb_02031_Asian(South)_men_id04562,CUDA out of memory. Tried to allocate 18.00 MiB. GPU 0 has a total capacity of 11.81 GiB of which 163.12 MiB is free. Process 2307806 has 5.33 GiB memory in use. Process 2307838 has 1.73 GiB memory in
asvspoof_0023,impostor_6,fakeavceleb_01781_Asian(East)_women_id07901,CUDA out of memory. Tried to allocate 18.00 MiB. GPU 0 has a total capacity of 11.81 GiB of which 163.12 MiB is free. Process 2307806 has 5.33 GiB memory in use. Process 2307838 has 1.73 GiB memory in
asvspoof_0023,impostor_7,fakeavceleb_03668_Caucasian(European)_women_id00379,CUDA out of memory. Tried to allocate 18.00 MiB. GPU 0 has a total capacity of 11.81 GiB of which 163.12 MiB is free. Process 2307806 has 5.33 GiB memory in use. Process 2307838 has 1.73 GiB memory in
asvspoof_0023,impostor_8,librispeech_0235,CUDA out of memory. Tried to allocate 18.00 MiB. GPU 0 has a total capacity of 11.81 GiB of which 163.12 MiB is free. Process 2307806 has 5.33 GiB memory in use. Process 2307838 has 1.73 GiB memory in
asvspoof_0023,impostor_9,fakeavceleb_00417_Caucasian(European)_men_id00358,CUDA out of memory. Tried to allocate 18.00 MiB. GPU 0 has a total capacity of 11.81 GiB of which 163.12 MiB is free. Process 2307806 has 5.33 GiB memory in use. Process 2307838 has 1.73 GiB memory in
asvspoof_0023,impostor_10,fakeavceleb_00123_Asian(East)_men_id04691,CUDA out of memory. Tried to allocate 18.00 MiB. GPU 0 has a total capacity of 11.81 GiB of which 163.12 MiB is free. Process 2307806 has 5.33 GiB memory in use. Process 2307838 has 1.73 GiB memory in
asvspoof_0025,genuine,asvspoof_0195,CUDA out of memory. Tried to allocate 16.00 MiB. GPU 0 has a total capacity of 11.81 GiB of which 163.12 MiB is free. Process 2307806 has 5.33 GiB memory in use. Process 2307838 has 1.73 GiB memory in
asvspoof_0025,impostor_1,fakeavceleb_01303_Asian(East)_men_id02365,CUDA out of memory. Tried to allocate 16.00 MiB. GPU 0 has a total capacity of 11.81 GiB of which 163.12 MiB is free. Process 2307806 has 5.33 GiB memory in use. Process 2307838 has 1.73 GiB memory in
asvspoof_0025,impostor_2,librispeech_0260,CUDA out of memory. Tried to allocate 16.00 MiB. GPU 0 has a total capacity of 11.81 GiB of which 163.12 MiB is free. Process 2307806 has 5.33 GiB memory in use. Process 2307838 has 1.73 GiB memory in
asvspoof_0025,impostor_3,fakeavceleb_02158_Asian(South)_men_id07768,CUDA out of memory. Tried to allocate 16.00 MiB. GPU 0 has a total capacity of 11.81 GiB of which 163.12 MiB is free. Process 2307806 has 5.33 GiB memory in use. Process 2307838 has 1.73 GiB memory in
asvspoof_0025,impostor_4,fakeavceleb_00435_Caucasian(European)_men_id00990,CUDA out of memory. Tried to allocate 16.00 MiB. GPU 0 has a total capacity of 11.81 GiB of which 163.12 MiB is free. Process 2307806 has 5.33 GiB memory in use. Process 2307838 has 1.73 GiB memory in
asvspoof_0025,impostor_5,asvspoof_0196,CUDA out of memory. Tried to allocate 16.00 MiB. GPU 0 has a total capacity of 11.81 GiB of which 163.12 MiB is free. Process 2307806 has 5.33 GiB memory in use. Process 2307838 has 1.73 GiB memory in
asvspoof_0025,impostor_6,asvspoof_0294,CUDA out of memory. Tried to allocate 16.00 MiB. GPU 0 has a total capacity of 11.81 GiB of which 163.12 MiB is free. Process 2307806 has 5.33 GiB memory in use. Process 2307838 has 1.73 GiB memory in
asvspoof_0025,impostor_7,fakeavceleb_02240_Asian(South)_women_id00747,CUDA out of memory. Tried to allocate 16.00 MiB. GPU 0 has a total capacity of 11.81 GiB of which 163.12 MiB is free. Process 2307806 has 5.33 GiB memory in use. Process 2307838 has 1.73 GiB memory in
asvspoof_0025,impostor_8,fakeavceleb_00626_African_men_id01179,CUDA out of memory. Tried to allocate 16.00 MiB. GPU 0 has a total capacity of 11.81 GiB of which 163.12 MiB is free. Process 2307806 has 5.33 GiB memory in use. Process 2307838 has 1.73 GiB memory in
asvspoof_0025,impostor_9,fakeavceleb_01992_Asian(South)_men_id03599,CUDA out of memory. Tried to allocate 16.00 MiB. GPU 0 has a total capacity of 11.81 GiB of which 163.12 MiB is free. Process 2307806 has 5.33 GiB memory in use. Process 2307838 has 1.73 GiB memory in
asvspoof_0025,impostor_10,fakeavceleb_00137_Asian(East)_men_id06535,CUDA out of memory. Tried to allocate 16.00 MiB. GPU 0 has a total capacity of 11.81 GiB of which 163.12 MiB is free. Process 2307806 has 5.33 GiB memory in use. Process 2307838 has 1.73 GiB memory in
asvspoof_0026,genuine,asvspoof_0356,CUDA out of memory. Tried to allocate 26.00 MiB. GPU 0 has a total capacity of 11.81 GiB of which 155.12 MiB is free. Process 2307806 has 5.33 GiB memory in use. Process 2307838 has 1.73 GiB memory in
asvspoof_0026,impostor_1,asvspoof_0413,CUDA out of memory. Tried to allocate 26.00 MiB. GPU 0 has a total capacity of 11.81 GiB of which 155.12 MiB is free. Process 2307806 has 5.33 GiB memory in use. Process 2307838 has 1.73 GiB memory in
asvspoof_0026,impostor_2,librispeech_0251,CUDA out of memory. Tried to allocate 96.00 MiB. GPU 0 has a total capacity of 11.81 GiB of which 181.12 MiB is free. Process 2307806 has 5.33 GiB memory in use. Process 2307838 has 1.73 GiB memory in
asvspoof_0026,impostor_3,librispeech_0393,CUDA out of memory. Tried to allocate 102.00 MiB. GPU 0 has a total capacity of 11.81 GiB of which 181.12 MiB is free. Process 2307806 has 5.33 GiB memory in use. Process 2307838 has 1.73 GiB memory i
asvspoof_0026,impostor_4,fakeavceleb_03025_Caucasian(American)_women_id00462,CUDA out of memory. Tried to allocate 30.00 MiB. GPU 0 has a total capacity of 11.81 GiB of which 181.12 MiB is free. Process 2307806 has 5.33 GiB memory in use. Process 2307838 has 1.73 GiB memory in
asvspoof_0026,impostor_5,librispeech_0302,CUDA out of memory. Tried to allocate 98.00 MiB. GPU 0 has a total capacity of 11.81 GiB of which 181.12 MiB is free. Process 2307806 has 5.33 GiB memory in use. Process 2307838 has 1.73 GiB memory in
asvspoof_0026,impostor_6,librispeech_0456,CUDA out of memory. Tried to allocate 100.00 MiB. GPU 0 has a total capacity of 11.81 GiB of which 181.12 MiB is free. Process 2307806 has 5.33 GiB memory in use. Process 2307838 has 1.73 GiB memory i
asvspoof_0026,impostor_7,fakeavceleb_02469_Asian(South)_women_id06752,CUDA out of memory. Tried to allocate 82.00 MiB. GPU 0 has a total capacity of 11.81 GiB of which 181.12 MiB is free. Process 2307806 has 5.33 GiB memory in use. Process 2307838 has 1.73 GiB memory in
asvspoof_0026,impostor_8,librispeech_0118,CUDA out of memory. Tried to allocate 98.00 MiB. GPU 0 has a total capacity of 11.81 GiB of which 181.12 MiB is free. Process 2307806 has 5.33 GiB memory in use. Process 2307838 has 1.73 GiB memory in
asvspoof_0026,impostor_9,fakeavceleb_02048_Asian(South)_men_id04928,CUDA out of memory. Tried to allocate 40.00 MiB. GPU 0 has a total capacity of 11.81 GiB of which 181.12 MiB is free. Process 2307806 has 5.33 GiB memory in use. Process 2307838 has 1.73 GiB memory in
asvspoof_0026,impostor_10,fakeavceleb_00599_African_men_id00987,CUDA out of memory. Tried to allocate 32.00 MiB. GPU 0 has a total capacity of 11.81 GiB of which 181.12 MiB is free. Process 2307806 has 5.33 GiB memory in use. Process 2307838 has 1.73 GiB memory in
asvspoof_0027,genuine,asvspoof_0460,CUDA out of memory. Tried to allocate 16.00 MiB. GPU 0 has a total capacity of 11.81 GiB of which 163.12 MiB is free. Process 2307806 has 5.33 GiB memory in use. Process 2307838 has 1.73 GiB memory in
asvspoof_0027,impostor_1,fakeavceleb_02316_Asian(South)_women_id04490,CUDA out of memory. Tried to allocate 26.00 MiB. GPU 0 has a total capacity of 11.81 GiB of which 155.12 MiB is free. Process 2307806 has 5.33 GiB memory in use. Process 2307838 has 1.73 GiB memory in
asvspoof_0027,impostor_2,fakeavceleb_00806_African_men_id02051,CUDA out of memory. Tried to allocate 28.00 MiB. GPU 0 has a total capacity of 11.81 GiB of which 181.12 MiB is free. Process 2307806 has 5.33 GiB memory in use. Process 2307838 has 1.73 GiB memory in
asvspoof_0027,impostor_3,fakeavceleb_01223_Asian(East)_men_id00560,CUDA out of memory. Tried to allocate 26.00 MiB. GPU 0 has a total capacity of 11.81 GiB of which 155.12 MiB is free. Process 2307806 has 5.33 GiB memory in use. Process 2307838 has 1.73 GiB memory in
asvspoof_0027,impostor_4,fakeavceleb_00203_Asian(South)_men_id00082,CUDA out of memory. Tried to allocate 58.00 MiB. GPU 0 has a total capacity of 11.81 GiB of which 181.12 MiB is free. Process 2307806 has 5.33 GiB memory in use. Process 2307838 has 1.73 GiB memory in
asvspoof_0027,impostor_5,librispeech_0228,CUDA out of memory. Tried to allocate 88.00 MiB. GPU 0 has a total capacity of 11.81 GiB of which 181.12 MiB is free. Process 2307806 has 5.33 GiB memory in use. Process 2307838 has 1.73 GiB memory in
asvspoof_0027,impostor_6,librispeech_0301,CUDA out of memory. Tried to allocate 16.00 MiB. GPU 0 has a total capacity of 11.81 GiB of which 165.12 MiB is free. Process 2307806 has 5.33 GiB memory in use. Process 2307838 has 1.73 GiB memory in
asvspoof_0027,impostor_7,asvspoof_0128,CUDA out of memory. Tried to allocate 26.00 MiB. GPU 0 has a total capacity of 11.81 GiB of which 155.12 MiB is free. Process 2307806 has 5.33 GiB memory in use. Process 2307838 has 1.73 GiB memory in
asvspoof_0027,impostor_8,fakeavceleb_01619_Asian(East)_women_id03211,CUDA out of memory. Tried to allocate 42.00 MiB. GPU 0 has a total capacity of 11.81 GiB of which 181.12 MiB is free. Process 2307806 has 5.33 GiB memory in use. Process 2307838 has 1.73 GiB memory in
asvspoof_0027,impostor_9,fakeavceleb_03560_Caucasian(European)_women_id00188,CUDA out of memory. Tried to allocate 32.00 MiB. GPU 0 has a total capacity of 11.81 GiB of which 181.12 MiB is free. Process 2307806 has 5.33 GiB memory in use. Process 2307838 has 1.73 GiB memory in
asvspoof_0027,impostor_10,fakeavceleb_00468_Caucasian(European)_women_id00395,CUDA out of memory. Tried to allocate 30.00 MiB. GPU 0 has a total capacity of 11.81 GiB of which 181.12 MiB is free. Process 2307806 has 5.33 GiB memory in use. Process 2307838 has 1.73 GiB memory in
asvspoof_0028,genuine,asvspoof_0496,CUDA out of memory. Tried to allocate 22.00 MiB. GPU 0 has a total capacity of 11.81 GiB of which 159.12 MiB is free. Process 2307806 has 5.33 GiB memory in use. Process 2307838 has 1.73 GiB memory in
asvspoof_0028,impostor_1,fakeavceleb_01351_Asian(East)_men_id04687,CUDA out of memory. Tried to allocate 34.00 MiB. GPU 0 has a total capacity of 11.81 GiB of which 181.12 MiB is free. Process 2307806 has 5.33 GiB memory in use. Process 2307838 has 1.73 GiB memory in
asvspoof_0028,impostor_2,fakeavceleb_00320_Caucasian(American)_men_id00777,CUDA out of memory. Tried to allocate 68.00 MiB. GPU 0 has a total capacity of 11.81 GiB of which 181.12 MiB is free. Process 2307806 has 5.33 GiB memory in use. Process 2307838 has 1.73 GiB memory in
asvspoof_0028,impostor_3,asvspoof_0131,CUDA out of memory. Tried to allocate 22.00 MiB. GPU 0 has a total capacity of 11.81 GiB of which 159.12 MiB is free. Process 2307806 has 5.33 GiB memory in use. Process 2307838 has 1.73 GiB memory in
asvspoof_0028,impostor_4,librispeech_0098,CUDA out of memory. Tried to allocate 96.00 MiB. GPU 0 has a total capacity of 11.81 GiB of which 181.12 MiB is free. Process 2307806 has 5.33 GiB memory in use. Process 2307838 has 1.73 GiB memory in
asvspoof_0028,impostor_5,fakeavceleb_01713_Asian(East)_women_id06061,CUDA out of memory. Tried to allocate 44.00 MiB. GPU 0 has a total capacity of 11.81 GiB of which 181.12 MiB is free. Process 2307806 has 5.33 GiB memory in use. Process 2307838 has 1.73 GiB memory in
asvspoof_0028,impostor_6,librispeech_0329,CUDA out of memory. Tried to allocate 96.00 MiB. GPU 0 has a total capacity of 11.81 GiB of which 181.12 MiB is free. Process 2307806 has 5.33 GiB memory in use. Process 2307838 has 1.73 GiB memory in
asvspoof_0028,impostor_7,fakeavceleb_02746_Caucasian(American)_men_id01168,CUDA out of memory. Tried to allocate 34.00 MiB. GPU 0 has a total capacity of 11.81 GiB of which 181.12 MiB is free. Process 2307806 has 5.33 GiB memory in use. Process 2307838 has 1.73 GiB memory in
asvspoof_0028,impostor_8,librispeech_0285,CUDA out of memory. Tried to allocate 58.00 MiB. GPU 0 has a total capacity of 11.81 GiB of which 181.12 MiB is free. Process 2307806 has 5.33 GiB memory in use. Process 2307838 has 1.73 GiB memory in
asvspoof_0028,impostor_9,fakeavceleb_01359_Asian(East)_men_id04726,CUDA out of memory. Tried to allocate 50.00 MiB. GPU 0 has a total capacity of 11.81 GiB of which 181.12 MiB is free. Process 2307806 has 5.33 GiB memory in use. Process 2307838 has 1.73 GiB memory in
asvspoof_0028,impostor_10,librispeech_0424,CUDA out of memory. Tried to allocate 104.00 MiB. GPU 0 has a total capacity of 11.81 GiB of which 181.12 MiB is free. Process 2307806 has 5.33 GiB memory in use. Process 2307838 has 1.73 GiB memory i
asvspoof_0029,genuine,asvspoof_0452,CUDA out of memory. Tried to allocate 18.00 MiB. GPU 0 has a total capacity of 11.81 GiB of which 163.12 MiB is free. Process 2307806 has 5.33 GiB memory in use. Process 2307838 has 1.73 GiB memory in
asvspoof_0029,impostor_1,fakeavceleb_02307_Asian(South)_women_id04070,CUDA out of memory. Tried to allocate 18.00 MiB. GPU 0 has a total capacity of 11.81 GiB of which 163.12 MiB is free. Process 2307806 has 5.33 GiB memory in use. Process 2307838 has 1.73 GiB memory in
asvspoof_0029,impostor_2,fakeavceleb_01051_African_women_id02838,CUDA out of memory. Tried to allocate 18.00 MiB. GPU 0 has a total capacity of 11.81 GiB of which 163.12 MiB is free. Process 2307806 has 5.33 GiB memory in use. Process 2307838 has 1.73 GiB memory in
asvspoof_0029,impostor_3,fakeavceleb_03127_Caucasian(American)_women_id01227,CUDA out of memory. Tried to allocate 18.00 MiB. GPU 0 has a total capacity of 11.81 GiB of which 163.12 MiB is free. Process 2307806 has 5.33 GiB memory in use. Process 2307838 has 1.73 GiB memory in
asvspoof_0029,impostor_4,fakeavceleb_00384_Caucasian(American)_women_id01216,CUDA out of memory. Tried to allocate 18.00 MiB. GPU 0 has a total capacity of 11.81 GiB of which 163.12 MiB is free. Process 2307806 has 5.33 GiB memory in use. Process 2307838 has 1.73 GiB memory in
asvspoof_0029,impostor_5,fakeavceleb_03611_Caucasian(European)_women_id00287,CUDA out of memory. Tried to allocate 18.00 MiB. GPU 0 has a total capacity of 11.81 GiB of which 163.12 MiB is free. Process 2307806 has 5.33 GiB memory in use. Process 2307838 has 1.73 GiB memory in
asvspoof_0029,impostor_6,fakeavceleb_02995_Caucasian(American)_women_id00418,CUDA out of memory. Tried to allocate 18.00 MiB. GPU 0 has a total capacity of 11.81 GiB of which 163.12 MiB is free. Process 2307806 has 5.33 GiB memory in use. Process 2307838 has 1.73 GiB memory in
asvspoof_0029,impostor_7,fakeavceleb_02068_Asian(South)_men_id06355,CUDA out of memory. Tried to allocate 18.00 MiB. GPU 0 has a total capacity of 11.81 GiB of which 163.12 MiB is free. Process 2307806 has 5.33 GiB memory in use. Process 2307838 has 1.73 GiB memory in
asvspoof_0029,impostor_8,librispeech_0292,CUDA out of memory. Tried to allocate 18.00 MiB. GPU 0 has a total capacity of 11.81 GiB of which 163.12 MiB is free. Process 2307806 has 5.33 GiB memory in use. Process 2307838 has 1.73 GiB memory in
asvspoof_0029,impostor_9,fakeavceleb_00417_Caucasian(European)_men_id00358,CUDA out of memory. Tried to allocate 18.00 MiB. GPU 0 has a total capacity of 11.81 GiB of which 163.12 MiB is free. Process 2307806 has 5.33 GiB memory in use. Process 2307838 has 1.73 GiB memory in
asvspoof_0029,impostor_10,fakeavceleb_03096_Caucasian(American)_women_id01075,CUDA out of memory. Tried to allocate 18.00 MiB. GPU 0 has a total capacity of 11.81 GiB of which 163.12 MiB is free. Process 2307806 has 5.33 GiB memory in use. Process 2307838 has 1.73 GiB memory in
asvspoof_0030,genuine,asvspoof_0248,CUDA out of memory. Tried to allocate 26.00 MiB. GPU 0 has a total capacity of 11.81 GiB of which 155.12 MiB is free. Process 2307806 has 5.33 GiB memory in use. Process 2307838 has 1.73 GiB memory in
asvspoof_0030,impostor_1,asvspoof_0343,CUDA out of memory. Tried to allocate 16.00 MiB. GPU 0 has a total capacity of 11.81 GiB of which 155.12 MiB is free. Process 2307806 has 5.33 GiB memory in use. Process 2307838 has 1.73 GiB memory in
asvspoof_0030,impostor_2,fakeavceleb_02129_Asian(South)_men_id07195,CUDA out of memory. Tried to allocate 30.00 MiB. GPU 0 has a total capacity of 11.81 GiB of which 181.12 MiB is free. Process 2307806 has 5.33 GiB memory in use. Process 2307838 has 1.73 GiB memory in
asvspoof_0030,impostor_3,fakeavceleb_00757_African_men_id01856,CUDA out of memory. Tried to allocate 26.00 MiB. GPU 0 has a total capacity of 11.81 GiB of which 155.12 MiB is free. Process 2307806 has 5.33 GiB memory in use. Process 2307838 has 1.73 GiB memory in
asvspoof_0031,impostor_1,librispeech_0208,CUDA out of memory. Tried to allocate 86.00 MiB. GPU 0 has a total capacity of 11.81 GiB of which 165.06 MiB is free. Process 2307806 has 5.33 GiB memory in use. Process 2307838 has 1.73 GiB memory in
asvspoof_0031,impostor_5,librispeech_0118,CUDA out of memory. Tried to allocate 98.00 MiB. GPU 0 has a total capacity of 11.81 GiB of which 251.06 MiB is free. Process 2307806 has 5.33 GiB memory in use. Process 2307838 has 1.73 GiB memory in
asvspoof_0031,impostor_8,fakeavceleb_02695_Caucasian(American)_men_id00971,CUDA out of memory. Tried to allocate 58.00 MiB. GPU 0 has a total capacity of 11.81 GiB of which 193.06 MiB is free. Process 2307806 has 5.33 GiB memory in use. Process 2307838 has 1.73 GiB memory in
asvspoof_0031,impostor_9,librispeech_0431,CUDA out of memory. Tried to allocate 86.00 MiB. GPU 0 has a total capacity of 11.81 GiB of which 165.06 MiB is free. Process 2307806 has 5.33 GiB memory in use. Process 2307838 has 1.73 GiB memory in
asvspoof_0031,impostor_10,fakeavceleb_03156_Caucasian(American)_women_id01248,CUDA out of memory. Tried to allocate 2.00 MiB. GPU 0 has a total capacity of 11.81 GiB of which 155.06 MiB is free. Process 2307806 has 5.33 GiB memory in use. Process 2307838 has 1.73 GiB memory in 
asvspoof_0032,impostor_2,librispeech_0263,CUDA out of memory. Tried to allocate 70.00 MiB. GPU 0 has a total capacity of 11.81 GiB of which 181.06 MiB is free. Process 2307806 has 5.33 GiB memory in use. Process 2307838 has 1.73 GiB memory in
asvspoof_0032,impostor_3,fakeavceleb_02963_Caucasian(American)_women_id00291,CUDA out of memory. Tried to allocate 2.00 MiB. GPU 0 has a total capacity of 11.81 GiB of which 155.06 MiB is free. Process 2307806 has 5.33 GiB memory in use. Process 2307838 has 1.73 GiB memory in 
asvspoof_0032,impostor_4,fakeavceleb_01846_Asian(East)_women_id09175,CUDA out of memory. Tried to allocate 36.00 MiB. GPU 0 has a total capacity of 11.81 GiB of which 161.06 MiB is free. Process 2307806 has 5.33 GiB memory in use. Process 2307838 has 1.73 GiB memory in
asvspoof_0032,impostor_5,fakeavceleb_02458_Asian(South)_women_id06438,CUDA out of memory. Tried to allocate 2.00 MiB. GPU 0 has a total capacity of 11.81 GiB of which 155.06 MiB is free. Process 2307806 has 5.33 GiB memory in use. Process 2307838 has 1.73 GiB memory in 
asvspoof_0032,impostor_6,fakeavceleb_02359_Asian(South)_women_id04927,CUDA out of memory. Tried to allocate 2.00 MiB. GPU 0 has a total capacity of 11.81 GiB of which 155.06 MiB is free. Process 2307806 has 5.33 GiB memory in use. Process 2307838 has 1.73 GiB memory in 
asvspoof_0032,impostor_7,fakeavceleb_03114_Caucasian(American)_women_id01225,CUDA out of memory. Tried to allocate 38.00 MiB. GPU 0 has a total capacity of 11.81 GiB of which 161.06 MiB is free. Process 2307806 has 5.33 GiB memory in use. Process 2307838 has 1.73 GiB memory in
asvspoof_0032,impostor_9,fakeavceleb_02934_Caucasian(American)_women_id00231,CUDA out of memory. Tried to allocate 46.00 MiB. GPU 0 has a total capacity of 11.81 GiB of which 185.06 MiB is free. Process 2307806 has 5.33 GiB memory in use. Process 2307838 has 1.73 GiB memory in
asvspoof_0033,impostor_1,fakeavceleb_00707_African_men_id01598,CUDA out of memory. Tried to allocate 32.00 MiB. GPU 0 has a total capacity of 11.81 GiB of which 179.06 MiB is free. Process 2307806 has 5.33 GiB memory in use. Process 2307838 has 1.73 GiB memory in
asvspoof_0033,impostor_2,librispeech_0216,CUDA out of memory. Tried to allocate 90.00 MiB. GPU 0 has a total capacity of 11.81 GiB of which 211.06 MiB is free. Process 2307806 has 5.33 GiB memory in use. Process 2307838 has 1.73 GiB memory in
asvspoof_0033,impostor_3,fakeavceleb_01909_Asian(South)_men_id00414,CUDA out of memory. Tried to allocate 40.00 MiB. GPU 0 has a total capacity of 11.81 GiB of which 171.06 MiB is free. Process 2307806 has 5.33 GiB memory in use. Process 2307838 has 1.73 GiB memory in
asvspoof_0033,impostor_4,fakeavceleb_02494_Asian(South)_women_id07136,CUDA out of memory. Tried to allocate 72.00 MiB. GPU 0 has a total capacity of 11.81 GiB of which 211.06 MiB is free. Process 2307806 has 5.33 GiB memory in use. Process 2307838 has 1.73 GiB memory in
asvspoof_0033,impostor_5,fakeavceleb_01152_African_women_id04939,CUDA out of memory. Tried to allocate 34.00 MiB. GPU 0 has a total capacity of 11.81 GiB of which 177.06 MiB is free. Process 2307806 has 5.33 GiB memory in use. Process 2307838 has 1.73 GiB memory in
asvspoof_0033,impostor_6,fakeavceleb_01905_Asian(South)_men_id00350,CUDA out of memory. Tried to allocate 26.00 MiB. GPU 0 has a total capacity of 11.81 GiB of which 177.06 MiB is free. Process 2307806 has 5.33 GiB memory in use. Process 2307838 has 1.73 GiB memory in
asvspoof_0033,impostor_7,fakeavceleb_00993_African_women_id01907,CUDA out of memory. Tried to allocate 32.00 MiB. GPU 0 has a total capacity of 11.81 GiB of which 177.06 MiB is free. Process 2307806 has 5.33 GiB memory in use. Process 2307838 has 1.73 GiB memory in
asvspoof_0033,impostor_8,fakeavceleb_03042_Caucasian(American)_women_id00618,CUDA out of memory. Tried to allocate 36.00 MiB. GPU 0 has a total capacity of 11.81 GiB of which 175.06 MiB is free. Process 2307806 has 5.33 GiB memory in use. Process 2307838 has 1.73 GiB memory in
asvspoof_0033,impostor_9,fakeavceleb_02256_Asian(South)_women_id02089,CUDA out of memory. Tried to allocate 60.00 MiB. GPU 0 has a total capacity of 11.81 GiB of which 211.06 MiB is free. Process 2307806 has 5.33 GiB memory in use. Process 2307838 has 1.73 GiB memory in
asvspoof_0033,impostor_10,fakeavceleb_03035_Caucasian(American)_women_id00575,CUDA out of memory. Tried to allocate 36.00 MiB. GPU 0 has a total capacity of 11.81 GiB of which 175.06 MiB is free. Process 2307806 has 5.33 GiB memory in use. Process 2307838 has 1.73 GiB memory in
asvspoof_0034,impostor_1,fakeavceleb_02998_Caucasian(American)_women_id00428,CUDA out of memory. Tried to allocate 48.00 MiB. GPU 0 has a total capacity of 11.81 GiB of which 163.06 MiB is free. Process 2307806 has 5.33 GiB memory in use. Process 2307838 has 1.73 GiB memory in
asvspoof_0034,impostor_2,fakeavceleb_02545_Caucasian(American)_men_id00021,CUDA out of memory. Tried to allocate 30.00 MiB. GPU 0 has a total capacity of 11.81 GiB of which 163.06 MiB is free. Process 2307806 has 5.33 GiB memory in use. Process 2307838 has 1.73 GiB memory in
asvspoof_0034,impostor_3,fakeavceleb_02915_Caucasian(American)_women_id00180,CUDA out of memory. Tried to allocate 32.00 MiB. GPU 0 has a total capacity of 11.81 GiB of which 163.06 MiB is free. Process 2307806 has 5.33 GiB memory in use. Process 2307838 has 1.73 GiB memory in
asvspoof_0034,impostor_4,librispeech_0119,CUDA out of memory. Tried to allocate 84.00 MiB. GPU 0 has a total capacity of 11.81 GiB of which 211.06 MiB is free. Process 2307806 has 5.33 GiB memory in use. Process 2307838 has 1.73 GiB memory in
asvspoof_0034,impostor_5,librispeech_0255,CUDA out of memory. Tried to allocate 98.00 MiB. GPU 0 has a total capacity of 11.81 GiB of which 211.06 MiB is free. Process 2307806 has 5.33 GiB memory in use. Process 2307838 has 1.73 GiB memory in
asvspoof_0034,impostor_6,fakeavceleb_02013_Asian(South)_men_id04560,CUDA out of memory. Tried to allocate 32.00 MiB. GPU 0 has a total capacity of 11.81 GiB of which 179.06 MiB is free. Process 2307806 has 5.33 GiB memory in use. Process 2307838 has 1.73 GiB memory in
asvspoof_0034,impostor_7,fakeavceleb_03531_Caucasian(European)_women_id00042,CUDA out of memory. Tried to allocate 34.00 MiB. GPU 0 has a total capacity of 11.81 GiB of which 177.06 MiB is free. Process 2307806 has 5.33 GiB memory in use. Process 2307838 has 1.73 GiB memory in
asvspoof_0034,impostor_9,fakeavceleb_01888_Asian(South)_men_id00082,CUDA out of memory. Tried to allocate 28.00 MiB. GPU 0 has a total capacity of 11.81 GiB of which 177.06 MiB is free. Process 2307806 has 5.33 GiB memory in use. Process 2307838 has 1.73 GiB memory in
asvspoof_0035,impostor_1,fakeavceleb_03793_Caucasian(European)_women_id01001,CUDA out of memory. Tried to allocate 34.00 MiB. GPU 0 has a total capacity of 11.81 GiB of which 177.06 MiB is free. Process 2307806 has 5.33 GiB memory in use. Process 2307838 has 1.73 GiB memory in
asvspoof_0035,impostor_2,fakeavceleb_00436_Caucasian(European)_men_id00999,CUDA out of memory. Tried to allocate 48.00 MiB. GPU 0 has a total capacity of 11.81 GiB of which 163.06 MiB is free. Process 2307806 has 5.33 GiB memory in use. Process 2307838 has 1.73 GiB memory in
asvspoof_0035,impostor_3,fakeavceleb_02614_Caucasian(American)_men_id00184,CUDA out of memory. Tried to allocate 36.00 MiB. GPU 0 has a total capacity of 11.81 GiB of which 163.06 MiB is free. Process 2307806 has 5.33 GiB memory in use. Process 2307838 has 1.73 GiB memory in
asvspoof_0035,impostor_4,fakeavceleb_00205_Asian(South)_men_id00350,CUDA out of memory. Tried to allocate 26.00 MiB. GPU 0 has a total capacity of 11.81 GiB of which 163.06 MiB is free. Process 2307806 has 5.33 GiB memory in use. Process 2307838 has 1.73 GiB memory in
asvspoof_0035,impostor_5,librispeech_0053,CUDA out of memory. Tried to allocate 96.00 MiB. GPU 0 has a total capacity of 11.81 GiB of which 211.06 MiB is free. Process 2307806 has 5.33 GiB memory in use. Process 2307838 has 1.73 GiB memory in
asvspoof_0035,impostor_6,fakeavceleb_02603_Caucasian(American)_men_id00169,CUDA out of memory. Tried to allocate 32.00 MiB. GPU 0 has a total capacity of 11.81 GiB of which 179.06 MiB is free. Process 2307806 has 5.33 GiB memory in use. Process 2307838 has 1.73 GiB memory in
asvspoof_0035,impostor_7,librispeech_0352,CUDA out of memory. Tried to allocate 38.00 MiB. GPU 0 has a total capacity of 11.81 GiB of which 173.06 MiB is free. Process 2307806 has 5.33 GiB memory in use. Process 2307838 has 1.73 GiB memory in
asvspoof_0035,impostor_8,asvspoof_0328,CUDA out of memory. Tried to allocate 36.00 MiB. GPU 0 has a total capacity of 11.81 GiB of which 173.06 MiB is free. Process 2307806 has 5.33 GiB memory in use. Process 2307838 has 1.73 GiB memory in
asvspoof_0035,impostor_9,librispeech_0470,CUDA out of memory. Tried to allocate 102.00 MiB. GPU 0 has a total capacity of 11.81 GiB of which 211.06 MiB is free. Process 2307806 has 5.33 GiB memory in use. Process 2307838 has 1.73 GiB memory i
asvspoof_0035,impostor_10,fakeavceleb_01051_African_women_id02838,CUDA out of memory. Tried to allocate 60.00 MiB. GPU 0 has a total capacity of 11.81 GiB of which 211.06 MiB is free. Process 2307806 has 5.33 GiB memory in use. Process 2307838 has 1.73 GiB memory in
asvspoof_0036,impostor_1,fakeavceleb_01141_African_women_id04736,CUDA out of memory. Tried to allocate 44.00 MiB. GPU 0 has a total capacity of 11.81 GiB of which 167.06 MiB is free. Process 2307806 has 5.33 GiB memory in use. Process 2307838 has 1.73 GiB memory in
asvspoof_0036,impostor_2,fakeavceleb_01646_Asian(East)_women_id04144,CUDA out of memory. Tried to allocate 40.00 MiB. GPU 0 has a total capacity of 11.81 GiB of which 167.06 MiB is free. Process 2307806 has 5.33 GiB memory in use. Process 2307838 has 1.73 GiB memory in
asvspoof_0036,impostor_3,asvspoof_0210,CUDA out of memory. Tried to allocate 24.00 MiB. GPU 0 has a total capacity of 11.81 GiB of which 167.06 MiB is free. Process 2307806 has 5.33 GiB memory in use. Process 2307838 has 1.73 GiB memory in
asvspoof_0036,impostor_4,fakeavceleb_01756_Asian(East)_women_id06443,CUDA out of memory. Tried to allocate 46.00 MiB. GPU 0 has a total capacity of 11.81 GiB of which 165.06 MiB is free. Process 2307806 has 5.33 GiB memory in use. Process 2307838 has 1.73 GiB memory in
asvspoof_0036,impostor_5,fakeavceleb_01792_Asian(East)_women_id08139,CUDA out of memory. Tried to allocate 38.00 MiB. GPU 0 has a total capacity of 11.81 GiB of which 165.06 MiB is free. Process 2307806 has 5.33 GiB memory in use. Process 2307838 has 1.73 GiB memory in
asvspoof_0036,impostor_6,fakeavceleb_02534_Caucasian(American)_men_id00020,CUDA out of memory. Tried to allocate 36.00 MiB. GPU 0 has a total capacity of 11.81 GiB of which 165.06 MiB is free. Process 2307806 has 5.33 GiB memory in use. Process 2307838 has 1.73 GiB memory in
asvspoof_0036,impostor_7,librispeech_0169,CUDA out of memory. Tried to allocate 44.00 MiB. GPU 0 has a total capacity of 11.81 GiB of which 165.06 MiB is free. Process 2307806 has 5.33 GiB memory in use. Process 2307838 has 1.73 GiB memory in
asvspoof_0036,impostor_8,fakeavceleb_00657_African_men_id01452,CUDA out of memory. Tried to allocate 34.00 MiB. GPU 0 has a total capacity of 11.81 GiB of which 165.06 MiB is free. Process 2307806 has 5.33 GiB memory in use. Process 2307838 has 1.73 GiB memory in
asvspoof_0036,impostor_9,fakeavceleb_00514_African_men_id00166,CUDA out of memory. Tried to allocate 30.00 MiB. GPU 0 has a total capacity of 11.81 GiB of which 165.06 MiB is free. Process 2307806 has 5.33 GiB memory in use. Process 2307838 has 1.73 GiB memory in
asvspoof_0036,impostor_10,fakeavceleb_02684_Caucasian(American)_men_id00777,CUDA out of memory. Tried to allocate 58.00 MiB. GPU 0 has a total capacity of 11.81 GiB of which 211.06 MiB is free. Process 2307806 has 5.33 GiB memory in use. Process 2307838 has 1.73 GiB memory in
asvspoof_0037,impostor_1,librispeech_0057,CUDA out of memory. Tried to allocate 92.00 MiB. GPU 0 has a total capacity of 11.81 GiB of which 211.06 MiB is free. Process 2307806 has 5.33 GiB memory in use. Process 2307838 has 1.73 GiB memory in
asvspoof_0037,impostor_2,fakeavceleb_00271_Asian(South)_women_id04564,CUDA out of memory. Tried to allocate 44.00 MiB. GPU 0 has a total capacity of 11.81 GiB of which 167.06 MiB is free. Process 2307806 has 5.33 GiB memory in use. Process 2307838 has 1.73 GiB memory in
asvspoof_0037,impostor_3,librispeech_0000,CUDA out of memory. Tried to allocate 80.00 MiB. GPU 0 has a total capacity of 11.81 GiB of which 211.06 MiB is free. Process 2307806 has 5.33 GiB memory in use. Process 2307838 has 1.73 GiB memory in
asvspoof_0037,impostor_4,fakeavceleb_02119_Asian(South)_men_id07182,CUDA out of memory. Tried to allocate 32.00 MiB. GPU 0 has a total capacity of 11.81 GiB of which 179.06 MiB is free. Process 2307806 has 5.33 GiB memory in use. Process 2307838 has 1.73 GiB memory in
asvspoof_0037,impostor_5,librispeech_0370,CUDA out of memory. Tried to allocate 104.00 MiB. GPU 0 has a total capacity of 11.81 GiB of which 211.06 MiB is free. Process 2307806 has 5.33 GiB memory in use. Process 2307838 has 1.73 GiB memory i
asvspoof_0037,impostor_6,fakeavceleb_01722_Asian(East)_women_id06066,CUDA out of memory. Tried to allocate 38.00 MiB. GPU 0 has a total capacity of 11.81 GiB of which 173.06 MiB is free. Process 2307806 has 5.33 GiB memory in use. Process 2307838 has 1.73 GiB memory in
asvspoof_0037,impostor_7,librispeech_0065,CUDA out of memory. Tried to allocate 88.00 MiB. GPU 0 has a total capacity of 11.81 GiB of which 211.06 MiB is free. Process 2307806 has 5.33 GiB memory in use. Process 2307838 has 1.73 GiB memory in
asvspoof_0037,impostor_9,librispeech_0421,CUDA out of memory. Tried to allocate 58.00 MiB. GPU 0 has a total capacity of 11.81 GiB of which 191.06 MiB is free. Process 2307806 has 5.33 GiB memory in use. Process 2307838 has 1.73 GiB memory in
asvspoof_0037,impostor_10,fakeavceleb_00778_African_men_id01995,CUDA out of memory. Tried to allocate 38.00 MiB. GPU 0 has a total capacity of 11.81 GiB of which 191.06 MiB is free. Process 2307806 has 5.33 GiB memory in use. Process 2307838 has 1.73 GiB memory in
asvspoof_0038,genuine,asvspoof_0183,CUDA out of memory. Tried to allocate 20.00 MiB. GPU 0 has a total capacity of 11.81 GiB of which 171.06 MiB is free. Process 2307806 has 5.33 GiB memory in use. Process 2307838 has 1.73 GiB memory in
asvspoof_0038,impostor_1,fakeavceleb_00346_Caucasian(American)_men_id04073,CUDA out of memory. Tried to allocate 20.00 MiB. GPU 0 has a total capacity of 11.81 GiB of which 171.06 MiB is free. Process 2307806 has 5.33 GiB memory in use. Process 2307838 has 1.73 GiB memory in
asvspoof_0038,impostor_2,librispeech_0225,CUDA out of memory. Tried to allocate 20.00 MiB. GPU 0 has a total capacity of 11.81 GiB of which 171.06 MiB is free. Process 2307806 has 5.33 GiB memory in use. Process 2307838 has 1.73 GiB memory in
asvspoof_0038,impostor_3,fakeavceleb_02696_Caucasian(American)_men_id00971,CUDA out of memory. Tried to allocate 20.00 MiB. GPU 0 has a total capacity of 11.81 GiB of which 171.06 MiB is free. Process 2307806 has 5.33 GiB memory in use. Process 2307838 has 1.73 GiB memory in
asvspoof_0038,impostor_4,fakeavceleb_00261_Asian(South)_women_id02310,CUDA out of memory. Tried to allocate 20.00 MiB. GPU 0 has a total capacity of 11.81 GiB of which 171.06 MiB is free. Process 2307806 has 5.33 GiB memory in use. Process 2307838 has 1.73 GiB memory in
asvspoof_0038,impostor_5,fakeavceleb_02726_Caucasian(American)_men_id01096,CUDA out of memory. Tried to allocate 20.00 MiB. GPU 0 has a total capacity of 11.81 GiB of which 171.06 MiB is free. Process 2307806 has 5.33 GiB memory in use. Process 2307838 has 1.73 GiB memory in
asvspoof_0038,impostor_6,librispeech_0436,CUDA out of memory. Tried to allocate 20.00 MiB. GPU 0 has a total capacity of 11.81 GiB of which 171.06 MiB is free. Process 2307806 has 5.33 GiB memory in use. Process 2307838 has 1.73 GiB memory in
asvspoof_0038,impostor_7,fakeavceleb_01204_Asian(East)_men_id00056,CUDA out of memory. Tried to allocate 20.00 MiB. GPU 0 has a total capacity of 11.81 GiB of which 171.06 MiB is free. Process 2307806 has 5.33 GiB memory in use. Process 2307838 has 1.73 GiB memory in
asvspoof_0038,impostor_8,fakeavceleb_01544_Asian(East)_women_id00566,CUDA out of memory. Tried to allocate 20.00 MiB. GPU 0 has a total capacity of 11.81 GiB of which 171.06 MiB is free. Process 2307806 has 5.33 GiB memory in use. Process 2307838 has 1.73 GiB memory in
asvspoof_0038,impostor_9,fakeavceleb_01285_Asian(East)_men_id01589,CUDA out of memory. Tried to allocate 20.00 MiB. GPU 0 has a total capacity of 11.81 GiB of which 171.06 MiB is free. Process 2307806 has 5.33 GiB memory in use. Process 2307838 has 1.73 GiB memory in
asvspoof_0038,impostor_10,fakeavceleb_01155_African_women_id04939,CUDA out of memory. Tried to allocate 20.00 MiB. GPU 0 has a total capacity of 11.81 GiB of which 171.06 MiB is free. Process 2307806 has 5.33 GiB memory in use. Process 2307838 has 1.73 GiB memory in
asvspoof_0039,genuine,asvspoof_0447,CUDA out of memory. Tried to allocate 20.00 MiB. GPU 0 has a total capacity of 11.81 GiB of which 171.06 MiB is free. Process 2307806 has 5.33 GiB memory in use. Process 2307838 has 1.73 GiB memory in
asvspoof_0039,impostor_1,fakeavceleb_00243_Asian(South)_men_id07210,CUDA out of memory. Tried to allocate 20.00 MiB. GPU 0 has a total capacity of 11.81 GiB of which 171.06 MiB is free. Process 2307806 has 5.33 GiB memory in use. Process 2307838 has 1.73 GiB memory in
asvspoof_0039,impostor_2,fakeavceleb_02366_Asian(South)_women_id05434,CUDA out of memory. Tried to allocate 20.00 MiB. GPU 0 has a total capacity of 11.81 GiB of which 171.06 MiB is free. Process 2307806 has 5.33 GiB memory in use. Process 2307838 has 1.73 GiB memory in
asvspoof_0039,impostor_3,fakeavceleb_01206_Asian(East)_men_id00056,CUDA out of memory. Tried to allocate 20.00 MiB. GPU 0 has a total capacity of 11.81 GiB of which 171.06 MiB is free. Process 2307806 has 5.33 GiB memory in use. Process 2307838 has 1.73 GiB memory in
asvspoof_0039,impostor_4,fakeavceleb_00952_African_women_id01178,CUDA out of memory. Tried to allocate 20.00 MiB. GPU 0 has a total capacity of 11.81 GiB of which 171.06 MiB is free. Process 2307806 has 5.33 GiB memory in use. Process 2307838 has 1.73 GiB memory in
asvspoof_0039,impostor_5,librispeech_0109,CUDA out of memory. Tried to allocate 20.00 MiB. GPU 0 has a total capacity of 11.81 GiB of which 171.06 MiB is free. Process 2307806 has 5.33 GiB memory in use. Process 2307838 has 1.73 GiB memory in
asvspoof_0039,impostor_6,fakeavceleb_00850_African_men_id04727,CUDA out of memory. Tried to allocate 20.00 MiB. GPU 0 has a total capacity of 11.81 GiB of which 171.06 MiB is free. Process 2307806 has 5.33 GiB memory in use. Process 2307838 has 1.73 GiB memory in
asvspoof_0039,impostor_7,librispeech_0064,CUDA out of memory. Tried to allocate 20.00 MiB. GPU 0 has a total capacity of 11.81 GiB of which 171.06 MiB is free. Process 2307806 has 5.33 GiB memory in use. Process 2307838 has 1.73 GiB memory in
asvspoof_0039,impostor_8,librispeech_0126,CUDA out of memory. Tried to allocate 20.00 MiB. GPU 0 has a total capacity of 11.81 GiB of which 171.06 MiB is free. Process 2307806 has 5.33 GiB memory in use. Process 2307838 has 1.73 GiB memory in
asvspoof_0039,impostor_9,fakeavceleb_00673_African_men_id01528,CUDA out of memory. Tried to allocate 20.00 MiB. GPU 0 has a total capacity of 11.81 GiB of which 171.06 MiB is free. Process 2307806 has 5.33 GiB memory in use. Process 2307838 has 1.73 GiB memory in
asvspoof_0039,impostor_10,librispeech_0218,CUDA out of memory. Tried to allocate 20.00 MiB. GPU 0 has a total capacity of 11.81 GiB of which 171.06 MiB is free. Process 2307806 has 5.33 GiB memory in use. Process 2307838 has 1.73 GiB memory in
asvspoof_0040,genuine,asvspoof_0111,CUDA out of memory. Tried to allocate 20.00 MiB. GPU 0 has a total capacity of 11.81 GiB of which 171.06 MiB is free. Process 2307806 has 5.33 GiB memory in use. Process 2307838 has 1.73 GiB memory in
asvspoof_0040,impostor_1,librispeech_0017,CUDA out of memory. Tried to allocate 20.00 MiB. GPU 0 has a total capacity of 11.81 GiB of which 171.06 MiB is free. Process 2307806 has 5.33 GiB memory in use. Process 2307838 has 1.73 GiB memory in
asvspoof_0040,impostor_2,fakeavceleb_03470_Caucasian(European)_men_id01098,CUDA out of memory. Tried to allocate 20.00 MiB. GPU 0 has a total capacity of 11.81 GiB of which 171.06 MiB is free. Process 2307806 has 5.33 GiB memory in use. Process 2307838 has 1.73 GiB memory in
asvspoof_0040,impostor_3,fakeavceleb_00117_Asian(East)_men_id03168,CUDA out of memory. Tried to allocate 20.00 MiB. GPU 0 has a total capacity of 11.81 GiB of which 171.06 MiB is free. Process 2307806 has 5.33 GiB memory in use. Process 2307838 has 1.73 GiB memory in
asvspoof_0040,impostor_4,fakeavceleb_03053_Caucasian(American)_women_id00752,CUDA out of memory. Tried to allocate 20.00 MiB. GPU 0 has a total capacity of 11.81 GiB of which 171.06 MiB is free. Process 2307806 has 5.33 GiB memory in use. Process 2307838 has 1.73 GiB memory in
asvspoof_0040,impostor_5,fakeavceleb_03595_Caucasian(European)_women_id00270,CUDA out of memory. Tried to allocate 20.00 MiB. GPU 0 has a total capacity of 11.81 GiB of which 171.06 MiB is free. Process 2307806 has 5.33 GiB memory in use. Process 2307838 has 1.73 GiB memory in
asvspoof_0040,impostor_6,librispeech_0191,CUDA out of memory. Tried to allocate 20.00 MiB. GPU 0 has a total capacity of 11.81 GiB of which 171.06 MiB is free. Process 2307806 has 5.33 GiB memory in use. Process 2307838 has 1.73 GiB memory in
asvspoof_0040,impostor_7,fakeavceleb_02395_Asian(South)_women_id05920,CUDA out of memory. Tried to allocate 20.00 MiB. GPU 0 has a total capacity of 11.81 GiB of which 171.06 MiB is free. Process 2307806 has 5.33 GiB memory in use. Process 2307838 has 1.73 GiB memory in
asvspoof_0040,impostor_8,fakeavceleb_02303_Asian(South)_women_id03985,CUDA out of memory. Tried to allocate 20.00 MiB. GPU 0 has a total capacity of 11.81 GiB of which 171.06 MiB is free. Process 2307806 has 5.33 GiB memory in use. Process 2307838 has 1.73 GiB memory in
asvspoof_0040,impostor_9,asvspoof_0113,CUDA out of memory. Tried to allocate 20.00 MiB. GPU 0 has a total capacity of 11.81 GiB of which 171.06 MiB is free. Process 2307806 has 5.33 GiB memory in use. Process 2307838 has 1.73 GiB memory in
asvspoof_0040,impostor_10,fakeavceleb_00544_African_men_id00366,CUDA out of memory. Tried to allocate 20.00 MiB. GPU 0 has a total capacity of 11.81 GiB of which 171.06 MiB is free. Process 2307806 has 5.33 GiB memory in use. Process 2307838 has 1.73 GiB memory in
asvspoof_0041,genuine,asvspoof_0355,CUDA out of memory. Tried to allocate 20.00 MiB. GPU 0 has a total capacity of 11.81 GiB of which 171.06 MiB is free. Process 2307806 has 5.33 GiB memory in use. Process 2307838 has 1.73 GiB memory in
asvspoof_0041,impostor_1,fakeavceleb_00014_African_men_id00987,CUDA out of memory. Tried to allocate 20.00 MiB. GPU 0 has a total capacity of 11.81 GiB of which 171.06 MiB is free. Process 2307806 has 5.33 GiB memory in use. Process 2307838 has 1.73 GiB memory in
asvspoof_0041,impostor_2,fakeavceleb_01401_Asian(East)_men_id06152,CUDA out of memory. Tried to allocate 20.00 MiB. GPU 0 has a total capacity of 11.81 GiB of which 171.06 MiB is free. Process 2307806 has 5.33 GiB memory in use. Process 2307838 has 1.73 GiB memory in
asvspoof_0041,impostor_3,librispeech_0374,CUDA out of memory. Tried to allocate 20.00 MiB. GPU 0 has a total capacity of 11.81 GiB of which 171.06 MiB is free. Process 2307806 has 5.33 GiB memory in use. Process 2307838 has 1.73 GiB memory in
asvspoof_0041,impostor_4,fakeavceleb_02977_Caucasian(American)_women_id00385,CUDA out of memory. Tried to allocate 20.00 MiB. GPU 0 has a total capacity of 11.81 GiB of which 171.06 MiB is free. Process 2307806 has 5.33 GiB memory in use. Process 2307838 has 1.73 GiB memory in
asvspoof_0041,impostor_5,fakeavceleb_01329_Asian(East)_men_id03168,CUDA out of memory. Tried to allocate 20.00 MiB. GPU 0 has a total capacity of 11.81 GiB of which 171.06 MiB is free. Process 2307806 has 5.33 GiB memory in use. Process 2307838 has 1.73 GiB memory in
asvspoof_0041,impostor_6,librispeech_0399,CUDA out of memory. Tried to allocate 20.00 MiB. GPU 0 has a total capacity of 11.81 GiB of which 171.06 MiB is free. Process 2307806 has 5.33 GiB memory in use. Process 2307838 has 1.73 GiB memory in
asvspoof_0041,impostor_7,librispeech_0321,CUDA out of memory. Tried to allocate 20.00 MiB. GPU 0 has a total capacity of 11.81 GiB of which 171.06 MiB is free. Process 2307806 has 5.33 GiB memory in use. Process 2307838 has 1.73 GiB memory in
asvspoof_0041,impostor_8,fakeavceleb_01277_Asian(East)_men_id01215,CUDA out of memory. Tried to allocate 20.00 MiB. GPU 0 has a total capacity of 11.81 GiB of which 171.06 MiB is free. Process 2307806 has 5.33 GiB memory in use. Process 2307838 has 1.73 GiB memory in
asvspoof_0041,impostor_9,fakeavceleb_00572_African_men_id00701,CUDA out of memory. Tried to allocate 20.00 MiB. GPU 0 has a total capacity of 11.81 GiB of which 171.06 MiB is free. Process 2307806 has 5.33 GiB memory in use. Process 2307838 has 1.73 GiB memory in
asvspoof_0041,impostor_10,fakeavceleb_01918_Asian(South)_men_id00459,CUDA out of memory. Tried to allocate 20.00 MiB. GPU 0 has a total capacity of 11.81 GiB of which 171.06 MiB is free. Process 2307806 has 5.33 GiB memory in use. Process 2307838 has 1.73 GiB memory in
asvspoof_0042,genuine,asvspoof_0096,CUDA out of memory. Tried to allocate 20.00 MiB. GPU 0 has a total capacity of 11.81 GiB of which 171.06 MiB is free. Process 2307806 has 5.33 GiB memory in use. Process 2307838 has 1.73 GiB memory in
asvspoof_0042,impostor_1,fakeavceleb_03813_Caucasian(European)_women_id03371,CUDA out of memory. Tried to allocate 20.00 MiB. GPU 0 has a total capacity of 11.81 GiB of which 171.06 MiB is free. Process 2307806 has 5.33 GiB memory in use. Process 2307838 has 1.73 GiB memory in
asvspoof_0042,impostor_2,fakeavceleb_01030_African_women_id02617,CUDA out of memory. Tried to allocate 20.00 MiB. GPU 0 has a total capacity of 11.81 GiB of which 171.06 MiB is free. Process 2307806 has 5.33 GiB memory in use. Process 2307838 has 1.73 GiB memory in
asvspoof_0042,impostor_3,librispeech_0263,CUDA out of memory. Tried to allocate 20.00 MiB. GPU 0 has a total capacity of 11.81 GiB of which 171.06 MiB is free. Process 2307806 has 5.33 GiB memory in use. Process 2307838 has 1.73 GiB memory in
asvspoof_0042,impostor_4,fakeavceleb_03434_Caucasian(European)_men_id00981,CUDA out of memory. Tried to allocate 20.00 MiB. GPU 0 has a total capacity of 11.81 GiB of which 171.06 MiB is free. Process 2307806 has 5.33 GiB memory in use. Process 2307838 has 1.73 GiB memory in
asvspoof_0042,impostor_5,fakeavceleb_00979_African_women_id01783,CUDA out of memory. Tried to allocate 20.00 MiB. GPU 0 has a total capacity of 11.81 GiB of which 171.06 MiB is free. Process 2307806 has 5.33 GiB memory in use. Process 2307838 has 1.73 GiB memory in
asvspoof_0042,impostor_6,fakeavceleb_02336_Asian(South)_women_id04564,CUDA out of memory. Tried to allocate 20.00 MiB. GPU 0 has a total capacity of 11.81 GiB of which 171.06 MiB is free. Process 2307806 has 5.33 GiB memory in use. Process 2307838 has 1.73 GiB memory in
asvspoof_0042,impostor_7,fakeavceleb_02012_Asian(South)_men_id04554,CUDA out of memory. Tried to allocate 20.00 MiB. GPU 0 has a total capacity of 11.81 GiB of which 171.06 MiB is free. Process 2307806 has 5.33 GiB memory in use. Process 2307838 has 1.73 GiB memory in
asvspoof_0042,impostor_8,librispeech_0052,CUDA out of memory. Tried to allocate 20.00 MiB. GPU 0 has a total capacity of 11.81 GiB of which 171.06 MiB is free. Process 2307806 has 5.33 GiB memory in use. Process 2307838 has 1.73 GiB memory in
asvspoof_0042,impostor_9,asvspoof_0155,CUDA out of memory. Tried to allocate 20.00 MiB. GPU 0 has a total capacity of 11.81 GiB of which 171.06 MiB is free. Process 2307806 has 5.33 GiB memory in use. Process 2307838 has 1.73 GiB memory in
asvspoof_0042,impostor_10,fakeavceleb_02351_Asian(South)_women_id04583,CUDA out of memory. Tried to allocate 20.00 MiB. GPU 0 has a total capacity of 11.81 GiB of which 171.06 MiB is free. Process 2307806 has 5.33 GiB memory in use. Process 2307838 has 1.73 GiB memory in
asvspoof_0043,genuine,asvspoof_0356,CUDA out of memory. Tried to allocate 20.00 MiB. GPU 0 has a total capacity of 11.81 GiB of which 171.06 MiB is free. Process 2307806 has 5.33 GiB memory in use. Process 2307838 has 1.73 GiB memory in
asvspoof_0043,impostor_1,fakeavceleb_00126_Asian(East)_men_id04789,CUDA out of memory. Tried to allocate 20.00 MiB. GPU 0 has a total capacity of 11.81 GiB of which 171.06 MiB is free. Process 2307806 has 5.33 GiB memory in use. Process 2307838 has 1.73 GiB memory in
asvspoof_0043,impostor_2,fakeavceleb_02950_Caucasian(American)_women_id00272,CUDA out of memory. Tried to allocate 20.00 MiB. GPU 0 has a total capacity of 11.81 GiB of which 171.06 MiB is free. Process 2307806 has 5.33 GiB memory in use. Process 2307838 has 1.73 GiB memory in
asvspoof_0043,impostor_3,fakeavceleb_03094_Caucasian(American)_women_id01005,CUDA out of memory. Tried to allocate 20.00 MiB. GPU 0 has a total capacity of 11.81 GiB of which 171.19 MiB is free. Process 2307806 has 5.33 GiB memory in use. Process 2307838 has 1.73 GiB memory in
asvspoof_0043,impostor_4,fakeavceleb_03295_Caucasian(European)_men_id00265,CUDA out of memory. Tried to allocate 20.00 MiB. GPU 0 has a total capacity of 11.81 GiB of which 171.19 MiB is free. Process 2307806 has 5.33 GiB memory in use. Process 2307838 has 1.73 GiB memory in
asvspoof_0043,impostor_5,librispeech_0473,CUDA out of memory. Tried to allocate 20.00 MiB. GPU 0 has a total capacity of 11.81 GiB of which 171.19 MiB is free. Process 2307806 has 5.33 GiB memory in use. Process 2307838 has 1.73 GiB memory in
asvspoof_0043,impostor_6,fakeavceleb_00405_Caucasian(European)_men_id00186,CUDA out of memory. Tried to allocate 20.00 MiB. GPU 0 has a total capacity of 11.81 GiB of which 161.19 MiB is free. Process 2307806 has 5.33 GiB memory in use. Process 2307838 has 1.73 GiB memory in
asvspoof_0043,impostor_7,fakeavceleb_02835_Caucasian(American)_men_id04073,CUDA out of memory. Tried to allocate 20.00 MiB. GPU 0 has a total capacity of 11.81 GiB of which 161.19 MiB is free. Process 2307806 has 5.33 GiB memory in use. Process 2307838 has 1.73 GiB memory in
asvspoof_0043,impostor_8,fakeavceleb_00613_African_men_id01170,CUDA out of memory. Tried to allocate 20.00 MiB. GPU 0 has a total capacity of 11.81 GiB of which 161.19 MiB is free. Process 2307806 has 5.33 GiB memory in use. Process 2307838 has 1.73 GiB memory in
asvspoof_0043,impostor_9,fakeavceleb_00586_African_men_id00830,CUDA out of memory. Tried to allocate 20.00 MiB. GPU 0 has a total capacity of 11.81 GiB of which 161.19 MiB is free. Process 2307806 has 5.33 GiB memory in use. Process 2307838 has 1.73 GiB memory in
asvspoof_0043,impostor_10,fakeavceleb_00360_Caucasian(American)_women_id00291,CUDA out of memory. Tried to allocate 20.00 MiB. GPU 0 has a total capacity of 11.81 GiB of which 161.19 MiB is free. Process 2307806 has 5.33 GiB memory in use. Process 2307838 has 1.73 GiB memory in
asvspoof_0044,genuine,asvspoof_0466,CUDA out of memory. Tried to allocate 20.00 MiB. GPU 0 has a total capacity of 11.81 GiB of which 161.19 MiB is free. Process 2307806 has 5.33 GiB memory in use. Process 2307838 has 1.73 GiB memory in
asvspoof_0044,impostor_1,fakeavceleb_02048_Asian(South)_men_id04928,CUDA out of memory. Tried to allocate 20.00 MiB. GPU 0 has a total capacity of 11.81 GiB of which 161.19 MiB is free. Process 2307806 has 5.33 GiB memory in use. Process 2307838 has 1.73 GiB memory in
asvspoof_0044,impostor_2,librispeech_0437,CUDA out of memory. Tried to allocate 20.00 MiB. GPU 0 has a total capacity of 11.81 GiB of which 161.19 MiB is free. Process 2307806 has 5.33 GiB memory in use. Process 2307838 has 1.73 GiB memory in
asvspoof_0044,impostor_3,librispeech_0320,CUDA out of memory. Tried to allocate 20.00 MiB. GPU 0 has a total capacity of 11.81 GiB of which 161.19 MiB is free. Process 2307806 has 5.33 GiB memory in use. Process 2307838 has 1.73 GiB memory in
asvspoof_0044,impostor_4,fakeavceleb_00170_Asian(East)_women_id05576,CUDA out of memory. Tried to allocate 20.00 MiB. GPU 0 has a total capacity of 11.81 GiB of which 161.19 MiB is free. Process 2307806 has 5.33 GiB memory in use. Process 2307838 has 1.73 GiB memory in
asvspoof_0044,impostor_5,fakeavceleb_02416_Asian(South)_women_id06254,CUDA out of memory. Tried to allocate 20.00 MiB. GPU 0 has a total capacity of 11.81 GiB of which 161.19 MiB is free. Process 2307806 has 5.33 GiB memory in use. Process 2307838 has 1.73 GiB memory in
asvspoof_0044,impostor_6,fakeavceleb_00115_Asian(East)_men_id02561,CUDA out of memory. Tried to allocate 20.00 MiB. GPU 0 has a total capacity of 11.81 GiB of which 161.19 MiB is free. Process 2307806 has 5.33 GiB memory in use. Process 2307838 has 1.73 GiB memory in
asvspoof_0044,impostor_7,fakeavceleb_00395_Caucasian(American)_women_id03556,CUDA out of memory. Tried to allocate 20.00 MiB. GPU 0 has a total capacity of 11.81 GiB of which 161.19 MiB is free. Process 2307806 has 5.33 GiB memory in use. Process 2307838 has 1.73 GiB memory in
asvspoof_0044,impostor_8,fakeavceleb_01392_Asian(East)_men_id05383,CUDA out of memory. Tried to allocate 20.00 MiB. GPU 0 has a total capacity of 11.81 GiB of which 161.19 MiB is free. Process 2307806 has 5.33 GiB memory in use. Process 2307838 has 1.73 GiB memory in
asvspoof_0044,impostor_9,librispeech_0218,CUDA out of memory. Tried to allocate 20.00 MiB. GPU 0 has a total capacity of 11.81 GiB of which 161.06 MiB is free. Process 2307806 has 5.33 GiB memory in use. Process 2307838 has 1.73 GiB memory in
asvspoof_0044,impostor_10,fakeavceleb_02926_Caucasian(American)_women_id00190,CUDA out of memory. Tried to allocate 20.00 MiB. GPU 0 has a total capacity of 11.81 GiB of which 161.06 MiB is free. Process 2307806 has 5.33 GiB memory in use. Process 2307838 has 1.73 GiB memory in
asvspoof_0045,genuine,asvspoof_0362,CUDA out of memory. Tried to allocate 20.00 MiB. GPU 0 has a total capacity of 11.81 GiB of which 161.06 MiB is free. Process 2307806 has 5.33 GiB memory in use. Process 2307838 has 1.73 GiB memory in
asvspoof_0045,impostor_1,fakeavceleb_00723_African_men_id01637,CUDA out of memory. Tried to allocate 20.00 MiB. GPU 0 has a total capacity of 11.81 GiB of which 161.19 MiB is free. Process 2307806 has 5.33 GiB memory in use. Process 2307838 has 1.73 GiB memory in
asvspoof_0045,impostor_2,fakeavceleb_00418_Caucasian(European)_men_id00368,CUDA out of memory. Tried to allocate 20.00 MiB. GPU 0 has a total capacity of 11.81 GiB of which 161.19 MiB is free. Process 2307806 has 5.33 GiB memory in use. Process 2307838 has 1.73 GiB memory in
asvspoof_0045,impostor_3,librispeech_0323,CUDA out of memory. Tried to allocate 20.00 MiB. GPU 0 has a total capacity of 11.81 GiB of which 161.19 MiB is free. Process 2307806 has 5.33 GiB memory in use. Process 2307838 has 1.73 GiB memory in
asvspoof_0045,impostor_4,fakeavceleb_00608_African_men_id01076,CUDA out of memory. Tried to allocate 20.00 MiB. GPU 0 has a total capacity of 11.81 GiB of which 161.19 MiB is free. Process 2307806 has 5.33 GiB memory in use. Process 2307838 has 1.73 GiB memory in
asvspoof_0045,impostor_5,fakeavceleb_02859_Caucasian(American)_women_id00025,CUDA out of memory. Tried to allocate 20.00 MiB. GPU 0 has a total capacity of 11.81 GiB of which 161.19 MiB is free. Process 2307806 has 5.33 GiB memory in use. Process 2307838 has 1.73 GiB memory in
asvspoof_0045,impostor_6,fakeavceleb_00957_African_women_id01532,CUDA out of memory. Tried to allocate 20.00 MiB. GPU 0 has a total capacity of 11.81 GiB of which 171.19 MiB is free. Process 2307806 has 5.33 GiB memory in use. Process 2307838 has 1.73 GiB memory in
asvspoof_0045,impostor_7,fakeavceleb_01112_African_women_id04374,CUDA out of memory. Tried to allocate 20.00 MiB. GPU 0 has a total capacity of 11.81 GiB of which 171.19 MiB is free. Process 2307806 has 5.33 GiB memory in use. Process 2307838 has 1.73 GiB memory in
asvspoof_0045,impostor_8,librispeech_0029,CUDA out of memory. Tried to allocate 20.00 MiB. GPU 0 has a total capacity of 11.81 GiB of which 171.19 MiB is free. Process 2307806 has 5.33 GiB memory in use. Process 2307838 has 1.73 GiB memory in
asvspoof_0045,impostor_9,fakeavceleb_00950_African_women_id01178,CUDA out of memory. Tried to allocate 20.00 MiB. GPU 0 has a total capacity of 11.81 GiB of which 171.19 MiB is free. Process 2307806 has 5.33 GiB memory in use. Process 2307838 has 1.73 GiB memory in
asvspoof_0045,impostor_10,fakeavceleb_01179_African_women_id05235,CUDA out of memory. Tried to allocate 20.00 MiB. GPU 0 has a total capacity of 11.81 GiB of which 171.19 MiB is free. Process 2307806 has 5.33 GiB memory in use. Process 2307838 has 1.73 GiB memory in
asvspoof_0046,genuine,asvspoof_0180,CUDA out of memory. Tried to allocate 20.00 MiB. GPU 0 has a total capacity of 11.81 GiB of which 171.19 MiB is free. Process 2307806 has 5.33 GiB memory in use. Process 2307838 has 1.73 GiB memory in
asvspoof_0046,impostor_1,fakeavceleb_00044_African_men_id02268,CUDA out of memory. Tried to allocate 20.00 MiB. GPU 0 has a total capacity of 11.81 GiB of which 171.19 MiB is free. Process 2307806 has 5.33 GiB memory in use. Process 2307838 has 1.73 GiB memory in
asvspoof_0046,impostor_2,fakeavceleb_01396_Asian(East)_men_id05479,CUDA out of memory. Tried to allocate 20.00 MiB. GPU 0 has a total capacity of 11.81 GiB of which 171.19 MiB is free. Process 2307806 has 5.33 GiB memory in use. Process 2307838 has 1.73 GiB memory in
asvspoof_0046,impostor_3,fakeavceleb_01429_Asian(East)_men_id06591,CUDA out of memory. Tried to allocate 20.00 MiB. GPU 0 has a total capacity of 11.81 GiB of which 171.19 MiB is free. Process 2307806 has 5.33 GiB memory in use. Process 2307838 has 1.73 GiB memory in
asvspoof_0046,impostor_4,asvspoof_0195,CUDA out of memory. Tried to allocate 20.00 MiB. GPU 0 has a total capacity of 11.81 GiB of which 171.19 MiB is free. Process 2307806 has 5.33 GiB memory in use. Process 2307838 has 1.73 GiB memory in
asvspoof_0046,impostor_5,fakeavceleb_00273_Asian(South)_women_id04583,CUDA out of memory. Tried to allocate 20.00 MiB. GPU 0 has a total capacity of 11.81 GiB of which 171.19 MiB is free. Process 2307806 has 5.33 GiB memory in use. Process 2307838 has 1.73 GiB memory in
asvspoof_0046,impostor_6,fakeavceleb_00117_Asian(East)_men_id03168,CUDA out of memory. Tried to allocate 20.00 MiB. GPU 0 has a total capacity of 11.81 GiB of which 171.19 MiB is free. Process 2307806 has 5.33 GiB memory in use. Process 2307838 has 1.73 GiB memory in
asvspoof_0046,impostor_7,fakeavceleb_03278_Caucasian(European)_men_id00241,CUDA out of memory. Tried to allocate 20.00 MiB. GPU 0 has a total capacity of 11.81 GiB of which 171.19 MiB is free. Process 2307806 has 5.33 GiB memory in use. Process 2307838 has 1.73 GiB memory in
asvspoof_0046,impostor_8,fakeavceleb_00553_African_men_id00475,CUDA out of memory. Tried to allocate 20.00 MiB. GPU 0 has a total capacity of 11.81 GiB of which 171.19 MiB is free. Process 2307806 has 5.33 GiB memory in use. Process 2307838 has 1.73 GiB memory in
asvspoof_0046,impostor_9,librispeech_0297,CUDA out of memory. Tried to allocate 20.00 MiB. GPU 0 has a total capacity of 11.81 GiB of which 171.19 MiB is free. Process 2307806 has 5.33 GiB memory in use. Process 2307838 has 1.73 GiB memory in
asvspoof_0046,impostor_10,fakeavceleb_03042_Caucasian(American)_women_id00618,CUDA out of memory. Tried to allocate 20.00 MiB. GPU 0 has a total capacity of 11.81 GiB of which 171.19 MiB is free. Process 2307806 has 5.33 GiB memory in use. Process 2307838 has 1.73 GiB memory in
asvspoof_0047,genuine,asvspoof_0415,CUDA out of memory. Tried to allocate 20.00 MiB. GPU 0 has a total capacity of 11.81 GiB of which 171.19 MiB is free. Process 2307806 has 5.33 GiB memory in use. Process 2307838 has 1.73 GiB memory in
asvspoof_0047,impostor_1,fakeavceleb_02494_Asian(South)_women_id07136,CUDA out of memory. Tried to allocate 20.00 MiB. GPU 0 has a total capacity of 11.81 GiB of which 171.19 MiB is free. Process 2307806 has 5.33 GiB memory in use. Process 2307838 has 1.73 GiB memory in
asvspoof_0047,impostor_2,fakeavceleb_02384_Asian(South)_women_id05478,CUDA out of memory. Tried to allocate 20.00 MiB. GPU 0 has a total capacity of 11.81 GiB of which 171.19 MiB is free. Process 2307806 has 5.33 GiB memory in use. Process 2307838 has 1.73 GiB memory in
asvspoof_0047,impostor_3,fakeavceleb_00659_African_men_id01452,CUDA out of memory. Tried to allocate 20.00 MiB. GPU 0 has a total capacity of 11.81 GiB of which 171.19 MiB is free. Process 2307806 has 5.33 GiB memory in use. Process 2307838 has 1.73 GiB memory in
asvspoof_0047,impostor_4,librispeech_0261,CUDA out of memory. Tried to allocate 20.00 MiB. GPU 0 has a total capacity of 11.81 GiB of which 171.19 MiB is free. Process 2307806 has 5.33 GiB memory in use. Process 2307838 has 1.73 GiB memory in
asvspoof_0047,impostor_5,asvspoof_0136,CUDA out of memory. Tried to allocate 20.00 MiB. GPU 0 has a total capacity of 11.81 GiB of which 171.19 MiB is free. Process 2307806 has 5.33 GiB memory in use. Process 2307838 has 1.73 GiB memory in
asvspoof_0047,impostor_6,fakeavceleb_03496_Caucasian(European)_men_id01154,CUDA out of memory. Tried to allocate 20.00 MiB. GPU 0 has a total capacity of 11.81 GiB of which 171.19 MiB is free. Process 2307806 has 5.33 GiB memory in use. Process 2307838 has 1.73 GiB memory in
asvspoof_0047,impostor_7,fakeavceleb_00746_African_men_id01835,CUDA out of memory. Tried to allocate 20.00 MiB. GPU 0 has a total capacity of 11.81 GiB of which 171.19 MiB is free. Process 2307806 has 5.33 GiB memory in use. Process 2307838 has 1.73 GiB memory in
asvspoof_0047,impostor_8,fakeavceleb_02110_Asian(South)_men_id07179,CUDA out of memory. Tried to allocate 20.00 MiB. GPU 0 has a total capacity of 11.81 GiB of which 171.19 MiB is free. Process 2307806 has 5.33 GiB memory in use. Process 2307838 has 1.73 GiB memory in
asvspoof_0047,impostor_9,asvspoof_0322,CUDA out of memory. Tried to allocate 20.00 MiB. GPU 0 has a total capacity of 11.81 GiB of which 171.19 MiB is free. Process 2307806 has 5.33 GiB memory in use. Process 2307838 has 1.73 GiB memory in
asvspoof_0047,impostor_10,fakeavceleb_00504_African_men_id00076,CUDA out of memory. Tried to allocate 20.00 MiB. GPU 0 has a total capacity of 11.81 GiB of which 171.19 MiB is free. Process 2307806 has 5.33 GiB memory in use. Process 2307838 has 1.73 GiB memory in
asvspoof_0048,genuine,asvspoof_0379,CUDA out of memory. Tried to allocate 20.00 MiB. GPU 0 has a total capacity of 11.81 GiB of which 171.19 MiB is free. Process 2307806 has 5.33 GiB memory in use. Process 2307838 has 1.73 GiB memory in
asvspoof_0048,impostor_1,fakeavceleb_01658_Asian(East)_women_id04414,CUDA out of memory. Tried to allocate 20.00 MiB. GPU 0 has a total capacity of 11.81 GiB of which 171.19 MiB is free. Process 2307806 has 5.33 GiB memory in use. Process 2307838 has 1.73 GiB memory in
asvspoof_0048,impostor_2,fakeavceleb_00992_African_women_id01907,CUDA out of memory. Tried to allocate 20.00 MiB. GPU 0 has a total capacity of 11.81 GiB of which 171.19 MiB is free. Process 2307806 has 5.33 GiB memory in use. Process 2307838 has 1.73 GiB memory in
asvspoof_0048,impostor_3,librispeech_0263,CUDA out of memory. Tried to allocate 20.00 MiB. GPU 0 has a total capacity of 11.81 GiB of which 171.19 MiB is free. Process 2307806 has 5.33 GiB memory in use. Process 2307838 has 1.73 GiB memory in
asvspoof_0048,impostor_4,fakeavceleb_01303_Asian(East)_men_id02365,CUDA out of memory. Tried to allocate 20.00 MiB. GPU 0 has a total capacity of 11.81 GiB of which 171.19 MiB is free. Process 2307806 has 5.33 GiB memory in use. Process 2307838 has 1.73 GiB memory in
asvspoof_0048,impostor_5,librispeech_0200,CUDA out of memory. Tried to allocate 20.00 MiB. GPU 0 has a total capacity of 11.81 GiB of which 171.19 MiB is free. Process 2307806 has 5.33 GiB memory in use. Process 2307838 has 1.73 GiB memory in
asvspoof_0048,impostor_6,fakeavceleb_02844_Caucasian(American)_men_id04219,CUDA out of memory. Tried to allocate 20.00 MiB. GPU 0 has a total capacity of 11.81 GiB of which 171.19 MiB is free. Process 2307806 has 5.33 GiB memory in use. Process 2307838 has 1.73 GiB memory in
asvspoof_0048,impostor_7,fakeavceleb_02736_Caucasian(American)_men_id01124,CUDA out of memory. Tried to allocate 20.00 MiB. GPU 0 has a total capacity of 11.81 GiB of which 171.19 MiB is free. Process 2307806 has 5.33 GiB memory in use. Process 2307838 has 1.73 GiB memory in
asvspoof_0048,impostor_8,librispeech_0377,CUDA out of memory. Tried to allocate 20.00 MiB. GPU 0 has a total capacity of 11.81 GiB of which 171.19 MiB is free. Process 2307806 has 5.33 GiB memory in use. Process 2307838 has 1.73 GiB memory in
asvspoof_0048,impostor_9,fakeavceleb_01643_Asian(East)_women_id04066,CUDA out of memory. Tried to allocate 20.00 MiB. GPU 0 has a total capacity of 11.81 GiB of which 171.19 MiB is free. Process 2307806 has 5.33 GiB memory in use. Process 2307838 has 1.73 GiB memory in
asvspoof_0048,impostor_10,librispeech_0486,CUDA out of memory. Tried to allocate 20.00 MiB. GPU 0 has a total capacity of 11.81 GiB of which 171.19 MiB is free. Process 2307806 has 5.33 GiB memory in use. Process 2307838 has 1.73 GiB memory in
asvspoof_0049,genuine,asvspoof_0162,CUDA out of memory. Tried to allocate 20.00 MiB. GPU 0 has a total capacity of 11.81 GiB of which 171.19 MiB is free. Process 2307806 has 5.33 GiB memory in use. Process 2307838 has 1.73 GiB memory in
asvspoof_0049,impostor_1,fakeavceleb_00164_Asian(East)_women_id03940,CUDA out of memory. Tried to allocate 20.00 MiB. GPU 0 has a total capacity of 11.81 GiB of which 171.19 MiB is free. Process 2307806 has 5.33 GiB memory in use. Process 2307838 has 1.73 GiB memory in
asvspoof_0049,impostor_2,librispeech_0330,CUDA out of memory. Tried to allocate 20.00 MiB. GPU 0 has a total capacity of 11.81 GiB of which 171.19 MiB is free. Process 2307806 has 5.33 GiB memory in use. Process 2307838 has 1.73 GiB memory in
asvspoof_0049,impostor_3,fakeavceleb_03158_Caucasian(American)_women_id02464,CUDA out of memory. Tried to allocate 20.00 MiB. GPU 0 has a total capacity of 11.81 GiB of which 171.19 MiB is free. Process 2307806 has 5.33 GiB memory in use. Process 2307838 has 1.73 GiB memory in
asvspoof_0049,impostor_4,fakeavceleb_01481_Asian(East)_men_id09053,CUDA out of memory. Tried to allocate 20.00 MiB. GPU 0 has a total capacity of 11.81 GiB of which 171.19 MiB is free. Process 2307806 has 5.33 GiB memory in use. Process 2307838 has 1.73 GiB memory in
asvspoof_0049,impostor_5,fakeavceleb_00165_Asian(East)_women_id04057,CUDA out of memory. Tried to allocate 20.00 MiB. GPU 0 has a total capacity of 11.81 GiB of which 171.19 MiB is free. Process 2307806 has 5.33 GiB memory in use. Process 2307838 has 1.73 GiB memory in
asvspoof_0049,impostor_6,librispeech_0092,CUDA out of memory. Tried to allocate 20.00 MiB. GPU 0 has a total capacity of 11.81 GiB of which 171.19 MiB is free. Process 2307806 has 5.33 GiB memory in use. Process 2307838 has 1.73 GiB memory in
asvspoof_0049,impostor_7,asvspoof_0335,CUDA out of memory. Tried to allocate 20.00 MiB. GPU 0 has a total capacity of 11.81 GiB of which 171.19 MiB is free. Process 2307806 has 5.33 GiB memory in use. Process 2307838 has 1.73 GiB memory in
asvspoof_0049,impostor_8,fakeavceleb_01667_Asian(East)_women_id04701,CUDA out of memory. Tried to allocate 20.00 MiB. GPU 0 has a total capacity of 11.81 GiB of which 171.19 MiB is free. Process 2307806 has 5.33 GiB memory in use. Process 2307838 has 1.73 GiB memory in
asvspoof_0049,impostor_9,fakeavceleb_01006_African_women_id02301,CUDA out of memory. Tried to allocate 20.00 MiB. GPU 0 has a total capacity of 11.81 GiB of which 171.19 MiB is free. Process 2307806 has 5.33 GiB memory in use. Process 2307838 has 1.73 GiB memory in
asvspoof_0049,impostor_10,fakeavceleb_02993_Caucasian(American)_women_id00418,CUDA out of memory. Tried to allocate 20.00 MiB. GPU 0 has a total capacity of 11.81 GiB of which 171.19 MiB is free. Process 2307806 has 5.33 GiB memory in use. Process 2307838 has 1.73 GiB memory in
asvspoof_0050,genuine,asvspoof_0092,CUDA out of memory. Tried to allocate 14.00 MiB. GPU 0 has a total capacity of 11.81 GiB of which 157.19 MiB is free. Process 2307806 has 5.33 GiB memory in use. Process 2307838 has 1.73 GiB memory in
asvspoof_0050,impostor_1,fakeavceleb_03584_Caucasian(European)_women_id00234,CUDA out of memory. Tried to allocate 14.00 MiB. GPU 0 has a total capacity of 11.81 GiB of which 157.19 MiB is free. Process 2307806 has 5.33 GiB memory in use. Process 2307838 has 1.73 GiB memory in
asvspoof_0050,impostor_2,librispeech_0403,CUDA out of memory. Tried to allocate 14.00 MiB. GPU 0 has a total capacity of 11.81 GiB of which 157.19 MiB is free. Process 2307806 has 5.33 GiB memory in use. Process 2307838 has 1.73 GiB memory in
asvspoof_0050,impostor_3,fakeavceleb_03366_Caucasian(European)_men_id00535,CUDA out of memory. Tried to allocate 14.00 MiB. GPU 0 has a total capacity of 11.81 GiB of which 157.19 MiB is free. Process 2307806 has 5.33 GiB memory in use. Process 2307838 has 1.73 GiB memory in
asvspoof_0050,impostor_4,asvspoof_0127,CUDA out of memory. Tried to allocate 14.00 MiB. GPU 0 has a total capacity of 11.81 GiB of which 157.19 MiB is free. Process 2307806 has 5.33 GiB memory in use. Process 2307838 has 1.73 GiB memory in
asvspoof_0050,impostor_5,librispeech_0326,CUDA out of memory. Tried to allocate 14.00 MiB. GPU 0 has a total capacity of 11.81 GiB of which 157.19 MiB is free. Process 2307806 has 5.33 GiB memory in use. Process 2307838 has 1.73 GiB memory in
asvspoof_0050,impostor_6,fakeavceleb_00142_Asian(East)_men_id06878,CUDA out of memory. Tried to allocate 14.00 MiB. GPU 0 has a total capacity of 11.81 GiB of which 157.19 MiB is free. Process 2307806 has 5.33 GiB memory in use. Process 2307838 has 1.73 GiB memory in
asvspoof_0050,impostor_7,librispeech_0207,CUDA out of memory. Tried to allocate 14.00 MiB. GPU 0 has a total capacity of 11.81 GiB of which 157.19 MiB is free. Process 2307806 has 5.33 GiB memory in use. Process 2307838 has 1.73 GiB memory in
asvspoof_0050,impostor_8,fakeavceleb_03178_Caucasian(American)_women_id03605,CUDA out of memory. Tried to allocate 14.00 MiB. GPU 0 has a total capacity of 11.81 GiB of which 157.19 MiB is free. Process 2307806 has 5.33 GiB memory in use. Process 2307838 has 1.73 GiB memory in
asvspoof_0050,impostor_9,asvspoof_0435,CUDA out of memory. Tried to allocate 14.00 MiB. GPU 0 has a total capacity of 11.81 GiB of which 157.19 MiB is free. Process 2307806 has 5.33 GiB memory in use. Process 2307838 has 1.73 GiB memory in
asvspoof_0050,impostor_10,librispeech_0456,CUDA out of memory. Tried to allocate 14.00 MiB. GPU 0 has a total capacity of 11.81 GiB of which 157.19 MiB is free. Process 2307806 has 5.33 GiB memory in use. Process 2307838 has 1.73 GiB memory in
asvspoof_0051,genuine,asvspoof_0023,CUDA out of memory. Tried to allocate 18.00 MiB. GPU 0 has a total capacity of 11.81 GiB of which 171.19 MiB is free. Process 2307806 has 5.33 GiB memory in use. Process 2307838 has 1.73 GiB memory in
asvspoof_0051,impostor_1,fakeavceleb_00998_African_women_id02071,CUDA out of memory. Tried to allocate 20.00 MiB. GPU 0 has a total capacity of 11.81 GiB of which 171.19 MiB is free. Process 2307806 has 5.33 GiB memory in use. Process 2307838 has 1.73 GiB memory in
asvspoof_0051,impostor_2,asvspoof_0331,CUDA out of memory. Tried to allocate 20.00 MiB. GPU 0 has a total capacity of 11.81 GiB of which 171.19 MiB is free. Process 2307806 has 5.33 GiB memory in use. Process 2307838 has 1.73 GiB memory in
asvspoof_0051,impostor_3,fakeavceleb_02696_Caucasian(American)_men_id00971,CUDA out of memory. Tried to allocate 20.00 MiB. GPU 0 has a total capacity of 11.81 GiB of which 171.19 MiB is free. Process 2307806 has 5.33 GiB memory in use. Process 2307838 has 1.73 GiB memory in
asvspoof_0051,impostor_4,fakeavceleb_00308_Caucasian(American)_men_id00087,CUDA out of memory. Tried to allocate 20.00 MiB. GPU 0 has a total capacity of 11.81 GiB of which 171.19 MiB is free. Process 2307806 has 5.33 GiB memory in use. Process 2307838 has 1.73 GiB memory in
asvspoof_0051,impostor_5,fakeavceleb_03151_Caucasian(American)_women_id01248,CUDA out of memory. Tried to allocate 20.00 MiB. GPU 0 has a total capacity of 11.81 GiB of which 171.19 MiB is free. Process 2307806 has 5.33 GiB memory in use. Process 2307838 has 1.73 GiB memory in
asvspoof_0051,impostor_6,fakeavceleb_01137_African_women_id04689,CUDA out of memory. Tried to allocate 20.00 MiB. GPU 0 has a total capacity of 11.81 GiB of which 171.19 MiB is free. Process 2307806 has 5.33 GiB memory in use. Process 2307838 has 1.73 GiB memory in
asvspoof_0051,impostor_7,fakeavceleb_02513_Asian(South)_women_id07689,CUDA out of memory. Tried to allocate 20.00 MiB. GPU 0 has a total capacity of 11.81 GiB of which 171.19 MiB is free. Process 2307806 has 5.33 GiB memory in use. Process 2307838 has 1.73 GiB memory in
asvspoof_0051,impostor_8,librispeech_0469,CUDA out of memory. Tried to allocate 20.00 MiB. GPU 0 has a total capacity of 11.81 GiB of which 171.19 MiB is free. Process 2307806 has 5.33 GiB memory in use. Process 2307838 has 1.73 GiB memory in
asvspoof_0051,impostor_9,fakeavceleb_03720_Caucasian(European)_women_id00496,CUDA out of memory. Tried to allocate 20.00 MiB. GPU 0 has a total capacity of 11.81 GiB of which 171.19 MiB is free. Process 2307806 has 5.33 GiB memory in use. Process 2307838 has 1.73 GiB memory in
asvspoof_0051,impostor_10,fakeavceleb_01279_Asian(East)_men_id01215,CUDA out of memory. Tried to allocate 20.00 MiB. GPU 0 has a total capacity of 11.81 GiB of which 171.19 MiB is free. Process 2307806 has 5.33 GiB memory in use. Process 2307838 has 1.73 GiB memory in
asvspoof_0052,genuine,asvspoof_0433,CUDA out of memory. Tried to allocate 20.00 MiB. GPU 0 has a total capacity of 11.81 GiB of which 171.19 MiB is free. Process 2307806 has 5.33 GiB memory in use. Process 2307838 has 1.73 GiB memory in
asvspoof_0052,impostor_1,fakeavceleb_02016_Asian(South)_men_id04560,CUDA out of memory. Tried to allocate 20.00 MiB. GPU 0 has a total capacity of 11.81 GiB of which 171.19 MiB is free. Process 2307806 has 5.33 GiB memory in use. Process 2307838 has 1.73 GiB memory in
asvspoof_0052,impostor_2,fakeavceleb_01075_African_women_id03569,CUDA out of memory. Tried to allocate 20.00 MiB. GPU 0 has a total capacity of 11.81 GiB of which 171.19 MiB is free. Process 2307806 has 5.33 GiB memory in use. Process 2307838 has 1.73 GiB memory in
asvspoof_0052,impostor_3,fakeavceleb_02347_Asian(South)_women_id04583,CUDA out of memory. Tried to allocate 20.00 MiB. GPU 0 has a total capacity of 11.81 GiB of which 171.19 MiB is free. Process 2307806 has 5.33 GiB memory in use. Process 2307838 has 1.73 GiB memory in
asvspoof_0052,impostor_4,librispeech_0087,CUDA out of memory. Tried to allocate 20.00 MiB. GPU 0 has a total capacity of 11.81 GiB of which 171.19 MiB is free. Process 2307806 has 5.33 GiB memory in use. Process 2307838 has 1.73 GiB memory in
asvspoof_0052,impostor_5,fakeavceleb_01808_Asian(East)_women_id08402,CUDA out of memory. Tried to allocate 20.00 MiB. GPU 0 has a total capacity of 11.81 GiB of which 171.19 MiB is free. Process 2307806 has 5.33 GiB memory in use. Process 2307838 has 1.73 GiB memory in
asvspoof_0052,impostor_6,fakeavceleb_00035_African_men_id01835,CUDA out of memory. Tried to allocate 20.00 MiB. GPU 0 has a total capacity of 11.81 GiB of which 171.19 MiB is free. Process 2307806 has 5.33 GiB memory in use. Process 2307838 has 1.73 GiB memory in
asvspoof_0052,impostor_7,fakeavceleb_00306_Caucasian(American)_men_id00060,CUDA out of memory. Tried to allocate 20.00 MiB. GPU 0 has a total capacity of 11.81 GiB of which 171.19 MiB is free. Process 2307806 has 5.33 GiB memory in use. Process 2307838 has 1.73 GiB memory in
asvspoof_0052,impostor_8,fakeavceleb_00310_Caucasian(American)_men_id00169,CUDA out of memory. Tried to allocate 20.00 MiB. GPU 0 has a total capacity of 11.81 GiB of which 171.19 MiB is free. Process 2307806 has 5.33 GiB memory in use. Process 2307838 has 1.73 GiB memory in
asvspoof_0052,impostor_9,fakeavceleb_01784_Asian(East)_women_id07901,CUDA out of memory. Tried to allocate 20.00 MiB. GPU 0 has a total capacity of 11.81 GiB of which 171.19 MiB is free. Process 2307806 has 5.33 GiB memory in use. Process 2307838 has 1.73 GiB memory in
asvspoof_0052,impostor_10,librispeech_0442,CUDA out of memory. Tried to allocate 20.00 MiB. GPU 0 has a total capacity of 11.81 GiB of which 171.19 MiB is free. Process 2307806 has 5.33 GiB memory in use. Process 2307838 has 1.73 GiB memory in
asvspoof_0053,genuine,asvspoof_0064,CUDA out of memory. Tried to allocate 20.00 MiB. GPU 0 has a total capacity of 11.81 GiB of which 171.19 MiB is free. Process 2307806 has 5.33 GiB memory in use. Process 2307838 has 1.73 GiB memory in
asvspoof_0053,impostor_1,fakeavceleb_01915_Asian(South)_men_id00414,CUDA out of memory. Tried to allocate 20.00 MiB. GPU 0 has a total capacity of 11.81 GiB of which 171.19 MiB is free. Process 2307806 has 5.33 GiB memory in use. Process 2307838 has 1.73 GiB memory in
asvspoof_0053,impostor_2,fakeavceleb_03359_Caucasian(European)_men_id00519,CUDA out of memory. Tried to allocate 20.00 MiB. GPU 0 has a total capacity of 11.81 GiB of which 171.19 MiB is free. Process 2307806 has 5.33 GiB memory in use. Process 2307838 has 1.73 GiB memory in
asvspoof_0053,impostor_3,fakeavceleb_03403_Caucasian(European)_men_id00709,CUDA out of memory. Tried to allocate 20.00 MiB. GPU 0 has a total capacity of 11.81 GiB of which 171.19 MiB is free. Process 2307806 has 5.33 GiB memory in use. Process 2307838 has 1.73 GiB memory in
asvspoof_0053,impostor_4,fakeavceleb_00098_African_women_id05252,CUDA out of memory. Tried to allocate 20.00 MiB. GPU 0 has a total capacity of 11.81 GiB of which 171.19 MiB is free. Process 2307806 has 5.33 GiB memory in use. Process 2307838 has 1.73 GiB memory in
asvspoof_0053,impostor_5,librispeech_0436,CUDA out of memory. Tried to allocate 20.00 MiB. GPU 0 has a total capacity of 11.81 GiB of which 171.19 MiB is free. Process 2307806 has 5.33 GiB memory in use. Process 2307838 has 1.73 GiB memory in
asvspoof_0053,impostor_6,asvspoof_0063,CUDA out of memory. Tried to allocate 20.00 MiB. GPU 0 has a total capacity of 11.81 GiB of which 171.19 MiB is free. Process 2307806 has 5.33 GiB memory in use. Process 2307838 has 1.73 GiB memory in
asvspoof_0053,impostor_7,librispeech_0077,CUDA out of memory. Tried to allocate 20.00 MiB. GPU 0 has a total capacity of 11.81 GiB of which 171.19 MiB is free. Process 2307806 has 5.33 GiB memory in use. Process 2307838 has 1.73 GiB memory in
asvspoof_0053,impostor_8,fakeavceleb_02801_Caucasian(American)_men_id01211,CUDA out of memory. Tried to allocate 20.00 MiB. GPU 0 has a total capacity of 11.81 GiB of which 171.19 MiB is free. Process 2307806 has 5.33 GiB memory in use. Process 2307838 has 1.73 GiB memory in
asvspoof_0053,impostor_9,librispeech_0070,CUDA out of memory. Tried to allocate 20.00 MiB. GPU 0 has a total capacity of 11.81 GiB of which 171.19 MiB is free. Process 2307806 has 5.33 GiB memory in use. Process 2307838 has 1.73 GiB memory in
asvspoof_0053,impostor_10,fakeavceleb_00131_Asian(East)_men_id05479,CUDA out of memory. Tried to allocate 20.00 MiB. GPU 0 has a total capacity of 11.81 GiB of which 171.19 MiB is free. Process 2307806 has 5.33 GiB memory in use. Process 2307838 has 1.73 GiB memory in
asvspoof_0054,genuine,asvspoof_0254,CUDA out of memory. Tried to allocate 12.00 MiB. GPU 0 has a total capacity of 11.81 GiB of which 159.19 MiB is free. Process 2307806 has 5.33 GiB memory in use. Process 2307838 has 1.73 GiB memory in
asvspoof_0054,impostor_1,fakeavceleb_02162_Asian(South)_men_id08313,CUDA out of memory. Tried to allocate 12.00 MiB. GPU 0 has a total capacity of 11.81 GiB of which 159.19 MiB is free. Process 2307806 has 5.33 GiB memory in use. Process 2307838 has 1.73 GiB memory in
asvspoof_0054,impostor_2,fakeavceleb_01591_Asian(East)_women_id01281,CUDA out of memory. Tried to allocate 12.00 MiB. GPU 0 has a total capacity of 11.81 GiB of which 159.19 MiB is free. Process 2307806 has 5.33 GiB memory in use. Process 2307838 has 1.73 GiB memory in
asvspoof_0054,impostor_3,fakeavceleb_01518_Asian(East)_women_id00363,CUDA out of memory. Tried to allocate 12.00 MiB. GPU 0 has a total capacity of 11.81 GiB of which 159.19 MiB is free. Process 2307806 has 5.33 GiB memory in use. Process 2307838 has 1.73 GiB memory in
asvspoof_0054,impostor_4,fakeavceleb_03358_Caucasian(European)_men_id00519,CUDA out of memory. Tried to allocate 12.00 MiB. GPU 0 has a total capacity of 11.81 GiB of which 159.19 MiB is free. Process 2307806 has 5.33 GiB memory in use. Process 2307838 has 1.73 GiB memory in
asvspoof_0054,impostor_5,fakeavceleb_03762_Caucasian(European)_women_id00735,CUDA out of memory. Tried to allocate 12.00 MiB. GPU 0 has a total capacity of 11.81 GiB of which 159.19 MiB is free. Process 2307806 has 5.33 GiB memory in use. Process 2307838 has 1.73 GiB memory in
asvspoof_0054,impostor_6,fakeavceleb_02415_Asian(South)_women_id06254,CUDA out of memory. Tried to allocate 12.00 MiB. GPU 0 has a total capacity of 11.81 GiB of which 159.19 MiB is free. Process 2307806 has 5.33 GiB memory in use. Process 2307838 has 1.73 GiB memory in
asvspoof_0054,impostor_7,fakeavceleb_02562_Caucasian(American)_men_id00052,CUDA out of memory. Tried to allocate 12.00 MiB. GPU 0 has a total capacity of 11.81 GiB of which 159.19 MiB is free. Process 2307806 has 5.33 GiB memory in use. Process 2307838 has 1.73 GiB memory in
asvspoof_0054,impostor_8,fakeavceleb_01189_African_women_id05252,CUDA out of memory. Tried to allocate 12.00 MiB. GPU 0 has a total capacity of 11.81 GiB of which 159.19 MiB is free. Process 2307806 has 5.33 GiB memory in use. Process 2307838 has 1.73 GiB memory in
asvspoof_0054,impostor_9,asvspoof_0412,CUDA out of memory. Tried to allocate 12.00 MiB. GPU 0 has a total capacity of 11.81 GiB of which 159.19 MiB is free. Process 2307806 has 5.33 GiB memory in use. Process 2307838 has 1.73 GiB memory in
asvspoof_0054,impostor_10,fakeavceleb_03819_Caucasian(European)_women_id03620,CUDA out of memory. Tried to allocate 12.00 MiB. GPU 0 has a total capacity of 11.81 GiB of which 159.19 MiB is free. Process 2307806 has 5.33 GiB memory in use. Process 2307838 has 1.73 GiB memory in
asvspoof_0055,genuine,asvspoof_0183,CUDA out of memory. Tried to allocate 20.00 MiB. GPU 0 has a total capacity of 11.81 GiB of which 159.19 MiB is free. Process 2307806 has 5.33 GiB memory in use. Process 2307838 has 1.73 GiB memory in
asvspoof_0055,impostor_1,fakeavceleb_02837_Caucasian(American)_men_id04216,CUDA out of memory. Tried to allocate 20.00 MiB. GPU 0 has a total capacity of 11.81 GiB of which 159.19 MiB is free. Process 2307806 has 5.33 GiB memory in use. Process 2307838 has 1.73 GiB memory in
asvspoof_0055,impostor_2,librispeech_0317,CUDA out of memory. Tried to allocate 20.00 MiB. GPU 0 has a total capacity of 11.81 GiB of which 159.19 MiB is free. Process 2307806 has 5.33 GiB memory in use. Process 2307838 has 1.73 GiB memory in
asvspoof_0055,impostor_3,librispeech_0071,CUDA out of memory. Tried to allocate 20.00 MiB. GPU 0 has a total capacity of 11.81 GiB of which 159.19 MiB is free. Process 2307806 has 5.33 GiB memory in use. Process 2307838 has 1.73 GiB memory in
asvspoof_0055,impostor_4,fakeavceleb_00186_Asian(East)_women_id07383,CUDA out of memory. Tried to allocate 20.00 MiB. GPU 0 has a total capacity of 11.81 GiB of which 159.19 MiB is free. Process 2307806 has 5.33 GiB memory in use. Process 2307838 has 1.73 GiB memory in
asvspoof_0055,impostor_5,librispeech_0305,CUDA out of memory. Tried to allocate 20.00 MiB. GPU 0 has a total capacity of 11.81 GiB of which 159.19 MiB is free. Process 2307806 has 5.33 GiB memory in use. Process 2307838 has 1.73 GiB memory in
asvspoof_0055,impostor_6,fakeavceleb_03751_Caucasian(European)_women_id00633,CUDA out of memory. Tried to allocate 20.00 MiB. GPU 0 has a total capacity of 11.81 GiB of which 159.19 MiB is free. Process 2307806 has 5.33 GiB memory in use. Process 2307838 has 1.73 GiB memory in
asvspoof_0055,impostor_7,librispeech_0389,CUDA out of memory. Tried to allocate 20.00 MiB. GPU 0 has a total capacity of 11.81 GiB of which 159.19 MiB is free. Process 2307806 has 5.33 GiB memory in use. Process 2307838 has 1.73 GiB memory in
asvspoof_0055,impostor_8,fakeavceleb_02324_Asian(South)_women_id04529,CUDA out of memory. Tried to allocate 20.00 MiB. GPU 0 has a total capacity of 11.81 GiB of which 159.19 MiB is free. Process 2307806 has 5.33 GiB memory in use. Process 2307838 has 1.73 GiB memory in
asvspoof_0055,impostor_9,fakeavceleb_01842_Asian(East)_women_id09174,CUDA out of memory. Tried to allocate 20.00 MiB. GPU 0 has a total capacity of 11.81 GiB of which 159.19 MiB is free. Process 2307806 has 5.33 GiB memory in use. Process 2307838 has 1.73 GiB memory in
asvspoof_0055,impostor_10,librispeech_0004,CUDA out of memory. Tried to allocate 20.00 MiB. GPU 0 has a total capacity of 11.81 GiB of which 159.19 MiB is free. Process 2307806 has 5.33 GiB memory in use. Process 2307838 has 1.73 GiB memory in
asvspoof_0056,genuine,asvspoof_0265,CUDA out of memory. Tried to allocate 18.00 MiB. GPU 0 has a total capacity of 11.81 GiB of which 171.19 MiB is free. Process 2307806 has 5.33 GiB memory in use. Process 2307838 has 1.73 GiB memory in
asvspoof_0056,impostor_1,librispeech_0230,CUDA out of memory. Tried to allocate 18.00 MiB. GPU 0 has a total capacity of 11.81 GiB of which 171.19 MiB is free. Process 2307806 has 5.33 GiB memory in use. Process 2307838 has 1.73 GiB memory in
asvspoof_0056,impostor_2,librispeech_0236,CUDA out of memory. Tried to allocate 18.00 MiB. GPU 0 has a total capacity of 11.81 GiB of which 171.19 MiB is free. Process 2307806 has 5.33 GiB memory in use. Process 2307838 has 1.73 GiB memory in
asvspoof_0056,impostor_3,librispeech_0235,CUDA out of memory. Tried to allocate 18.00 MiB. GPU 0 has a total capacity of 11.81 GiB of which 171.19 MiB is free. Process 2307806 has 5.33 GiB memory in use. Process 2307838 has 1.73 GiB memory in
asvspoof_0056,impostor_4,asvspoof_0261,CUDA out of memory. Tried to allocate 18.00 MiB. GPU 0 has a total capacity of 11.81 GiB of which 171.19 MiB is free. Process 2307806 has 5.33 GiB memory in use. Process 2307838 has 1.73 GiB memory in
asvspoof_0056,impostor_5,fakeavceleb_03389_Caucasian(European)_men_id00559,CUDA out of memory. Tried to allocate 18.00 MiB. GPU 0 has a total capacity of 11.81 GiB of which 171.19 MiB is free. Process 2307806 has 5.33 GiB memory in use. Process 2307838 has 1.73 GiB memory in
asvspoof_0056,impostor_6,librispeech_0303,CUDA out of memory. Tried to allocate 18.00 MiB. GPU 0 has a total capacity of 11.81 GiB of which 171.19 MiB is free. Process 2307806 has 5.33 GiB memory in use. Process 2307838 has 1.73 GiB memory in
asvspoof_0056,impostor_7,fakeavceleb_01397_Asian(East)_men_id05479,CUDA out of memory. Tried to allocate 18.00 MiB. GPU 0 has a total capacity of 11.81 GiB of which 171.19 MiB is free. Process 2307806 has 5.33 GiB memory in use. Process 2307838 has 1.73 GiB memory in
asvspoof_0056,impostor_8,librispeech_0007,CUDA out of memory. Tried to allocate 18.00 MiB. GPU 0 has a total capacity of 11.81 GiB of which 171.19 MiB is free. Process 2307806 has 5.33 GiB memory in use. Process 2307838 has 1.73 GiB memory in
asvspoof_0056,impostor_9,fakeavceleb_01311_Asian(East)_men_id02493,CUDA out of memory. Tried to allocate 18.00 MiB. GPU 0 has a total capacity of 11.81 GiB of which 171.19 MiB is free. Process 2307806 has 5.33 GiB memory in use. Process 2307838 has 1.73 GiB memory in
asvspoof_0056,impostor_10,fakeavceleb_01003_African_women_id02071,CUDA out of memory. Tried to allocate 18.00 MiB. GPU 0 has a total capacity of 11.81 GiB of which 171.19 MiB is free. Process 2307806 has 5.33 GiB memory in use. Process 2307838 has 1.73 GiB memory in
asvspoof_0057,genuine,asvspoof_0116,CUDA out of memory. Tried to allocate 20.00 MiB. GPU 0 has a total capacity of 11.81 GiB of which 171.19 MiB is free. Process 2307806 has 5.33 GiB memory in use. Process 2307838 has 1.73 GiB memory in
asvspoof_0057,impostor_1,fakeavceleb_01921_Asian(South)_men_id00685,CUDA out of memory. Tried to allocate 20.00 MiB. GPU 0 has a total capacity of 11.81 GiB of which 171.19 MiB is free. Process 2307806 has 5.33 GiB memory in use. Process 2307838 has 1.73 GiB memory in
asvspoof_0057,impostor_2,librispeech_0168,CUDA out of memory. Tried to allocate 20.00 MiB. GPU 0 has a total capacity of 11.81 GiB of which 171.19 MiB is free. Process 2307806 has 5.33 GiB memory in use. Process 2307838 has 1.73 GiB memory in
asvspoof_0057,impostor_3,librispeech_0348,CUDA out of memory. Tried to allocate 20.00 MiB. GPU 0 has a total capacity of 11.81 GiB of which 171.19 MiB is free. Process 2307806 has 5.33 GiB memory in use. Process 2307838 has 1.73 GiB memory in
asvspoof_0057,impostor_4,librispeech_0468,CUDA out of memory. Tried to allocate 20.00 MiB. GPU 0 has a total capacity of 11.81 GiB of which 171.19 MiB is free. Process 2307806 has 5.33 GiB memory in use. Process 2307838 has 1.73 GiB memory in
asvspoof_0057,impostor_5,fakeavceleb_03487_Caucasian(European)_men_id01123,CUDA out of memory. Tried to allocate 20.00 MiB. GPU 0 has a total capacity of 11.81 GiB of which 171.19 MiB is free. Process 2307806 has 5.33 GiB memory in use. Process 2307838 has 1.73 GiB memory in
asvspoof_0057,impostor_6,fakeavceleb_00479_Caucasian(European)_women_id00633,CUDA out of memory. Tried to allocate 20.00 MiB. GPU 0 has a total capacity of 11.81 GiB of which 171.19 MiB is free. Process 2307806 has 5.33 GiB memory in use. Process 2307838 has 1.73 GiB memory in
asvspoof_0057,impostor_7,fakeavceleb_03642_Caucasian(European)_women_id00332,CUDA out of memory. Tried to allocate 20.00 MiB. GPU 0 has a total capacity of 11.81 GiB of which 171.19 MiB is free. Process 2307806 has 5.33 GiB memory in use. Process 2307838 has 1.73 GiB memory in
asvspoof_0057,impostor_8,asvspoof_0012,CUDA out of memory. Tried to allocate 20.00 MiB. GPU 0 has a total capacity of 11.81 GiB of which 171.19 MiB is free. Process 2307806 has 5.33 GiB memory in use. Process 2307838 has 1.73 GiB memory in
asvspoof_0057,impostor_9,librispeech_0109,CUDA out of memory. Tried to allocate 20.00 MiB. GPU 0 has a total capacity of 11.81 GiB of which 171.19 MiB is free. Process 2307806 has 5.33 GiB memory in use. Process 2307838 has 1.73 GiB memory in
asvspoof_0057,impostor_10,librispeech_0123,CUDA out of memory. Tried to allocate 20.00 MiB. GPU 0 has a total capacity of 11.81 GiB of which 171.19 MiB is free. Process 2307806 has 5.33 GiB memory in use. Process 2307838 has 1.73 GiB memory in
asvspoof_0058,genuine,asvspoof_0099,CUDA out of memory. Tried to allocate 20.00 MiB. GPU 0 has a total capacity of 11.81 GiB of which 171.19 MiB is free. Process 2307806 has 5.33 GiB memory in use. Process 2307838 has 1.73 GiB memory in
asvspoof_0058,impostor_1,librispeech_0029,CUDA out of memory. Tried to allocate 20.00 MiB. GPU 0 has a total capacity of 11.81 GiB of which 171.19 MiB is free. Process 2307806 has 5.33 GiB memory in use. Process 2307838 has 1.73 GiB memory in
asvspoof_0058,impostor_2,librispeech_0300,CUDA out of memory. Tried to allocate 20.00 MiB. GPU 0 has a total capacity of 11.81 GiB of which 171.19 MiB is free. Process 2307806 has 5.33 GiB memory in use. Process 2307838 has 1.73 GiB memory in
asvspoof_0058,impostor_3,librispeech_0412,CUDA out of memory. Tried to allocate 20.00 MiB. GPU 0 has a total capacity of 11.81 GiB of which 171.19 MiB is free. Process 2307806 has 5.33 GiB memory in use. Process 2307838 has 1.73 GiB memory in
asvspoof_0058,impostor_4,fakeavceleb_00559_African_men_id00478,CUDA out of memory. Tried to allocate 20.00 MiB. GPU 0 has a total capacity of 11.81 GiB of which 171.19 MiB is free. Process 2307806 has 5.33 GiB memory in use. Process 2307838 has 1.73 GiB memory in
asvspoof_0058,impostor_5,fakeavceleb_01848_Asian(East)_women_id09181,CUDA out of memory. Tried to allocate 20.00 MiB. GPU 0 has a total capacity of 11.81 GiB of which 171.19 MiB is free. Process 2307806 has 5.33 GiB memory in use. Process 2307838 has 1.73 GiB memory in
asvspoof_0058,impostor_6,fakeavceleb_00271_Asian(South)_women_id04564,CUDA out of memory. Tried to allocate 20.00 MiB. GPU 0 has a total capacity of 11.81 GiB of which 171.19 MiB is free. Process 2307806 has 5.33 GiB memory in use. Process 2307838 has 1.73 GiB memory in
asvspoof_0058,impostor_7,librispeech_0354,CUDA out of memory. Tried to allocate 20.00 MiB. GPU 0 has a total capacity of 11.81 GiB of which 171.19 MiB is free. Process 2307806 has 5.33 GiB memory in use. Process 2307838 has 1.73 GiB memory in
asvspoof_0058,impostor_8,fakeavceleb_01078_African_women_id03656,CUDA out of memory. Tried to allocate 20.00 MiB. GPU 0 has a total capacity of 11.81 GiB of which 171.19 MiB is free. Process 2307806 has 5.33 GiB memory in use. Process 2307838 has 1.73 GiB memory in
asvspoof_0058,impostor_9,fakeavceleb_01358_Asian(East)_men_id04726,CUDA out of memory. Tried to allocate 20.00 MiB. GPU 0 has a total capacity of 11.81 GiB of which 171.19 MiB is free. Process 2307806 has 5.33 GiB memory in use. Process 2307838 has 1.73 GiB memory in
asvspoof_0058,impostor_10,librispeech_0387,CUDA out of memory. Tried to allocate 20.00 MiB. GPU 0 has a total capacity of 11.81 GiB of which 171.19 MiB is free. Process 2307806 has 5.33 GiB memory in use. Process 2307838 has 1.73 GiB memory in
asvspoof_0059,genuine,asvspoof_0434,CUDA out of memory. Tried to allocate 18.00 MiB. GPU 0 has a total capacity of 11.81 GiB of which 171.19 MiB is free. Process 2307806 has 5.33 GiB memory in use. Process 2307838 has 1.73 GiB memory in
asvspoof_0059,impostor_1,fakeavceleb_03528_Caucasian(European)_women_id00042,CUDA out of memory. Tried to allocate 18.00 MiB. GPU 0 has a total capacity of 11.81 GiB of which 171.19 MiB is free. Process 2307806 has 5.33 GiB memory in use. Process 2307838 has 1.73 GiB memory in
asvspoof_0059,impostor_2,librispeech_0494,CUDA out of memory. Tried to allocate 18.00 MiB. GPU 0 has a total capacity of 11.81 GiB of which 171.19 MiB is free. Process 2307806 has 5.33 GiB memory in use. Process 2307838 has 1.73 GiB memory in
asvspoof_0059,impostor_3,fakeavceleb_01021_African_women_id02586,CUDA out of memory. Tried to allocate 18.00 MiB. GPU 0 has a total capacity of 11.81 GiB of which 171.19 MiB is free. Process 2307806 has 5.33 GiB memory in use. Process 2307838 has 1.73 GiB memory in
asvspoof_0059,impostor_4,fakeavceleb_00443_Caucasian(European)_men_id01123,CUDA out of memory. Tried to allocate 18.00 MiB. GPU 0 has a total capacity of 11.81 GiB of which 171.19 MiB is free. Process 2307806 has 5.33 GiB memory in use. Process 2307838 has 1.73 GiB memory in
asvspoof_0059,impostor_5,fakeavceleb_02320_Asian(South)_women_id04490,CUDA out of memory. Tried to allocate 18.00 MiB. GPU 0 has a total capacity of 11.81 GiB of which 171.19 MiB is free. Process 2307806 has 5.33 GiB memory in use. Process 2307838 has 1.73 GiB memory in
asvspoof_0059,impostor_6,librispeech_0199,CUDA out of memory. Tried to allocate 18.00 MiB. GPU 0 has a total capacity of 11.81 GiB of which 171.19 MiB is free. Process 2307806 has 5.33 GiB memory in use. Process 2307838 has 1.73 GiB memory in
asvspoof_0059,impostor_7,fakeavceleb_03122_Caucasian(American)_women_id01227,CUDA out of memory. Tried to allocate 18.00 MiB. GPU 0 has a total capacity of 11.81 GiB of which 171.19 MiB is free. Process 2307806 has 5.33 GiB memory in use. Process 2307838 has 1.73 GiB memory in
asvspoof_0059,impostor_8,fakeavceleb_00676_African_men_id01528,CUDA out of memory. Tried to allocate 18.00 MiB. GPU 0 has a total capacity of 11.81 GiB of which 171.19 MiB is free. Process 2307806 has 5.33 GiB memory in use. Process 2307838 has 1.73 GiB memory in
asvspoof_0059,impostor_9,fakeavceleb_03789_Caucasian(European)_women_id00897,CUDA out of memory. Tried to allocate 18.00 MiB. GPU 0 has a total capacity of 11.81 GiB of which 171.19 MiB is free. Process 2307806 has 5.33 GiB memory in use. Process 2307838 has 1.73 GiB memory in
asvspoof_0059,impostor_10,fakeavceleb_01898_Asian(South)_men_id00103,CUDA out of memory. Tried to allocate 18.00 MiB. GPU 0 has a total capacity of 11.81 GiB of which 171.19 MiB is free. Process 2307806 has 5.33 GiB memory in use. Process 2307838 has 1.73 GiB memory in
asvspoof_0060,genuine,asvspoof_0159,CUDA out of memory. Tried to allocate 20.00 MiB. GPU 0 has a total capacity of 11.81 GiB of which 171.19 MiB is free. Process 2307806 has 5.33 GiB memory in use. Process 2307838 has 1.73 GiB memory in
asvspoof_0060,impostor_1,librispeech_0252,CUDA out of memory. Tried to allocate 20.00 MiB. GPU 0 has a total capacity of 11.81 GiB of which 171.19 MiB is free. Process 2307806 has 5.33 GiB memory in use. Process 2307838 has 1.73 GiB memory in
asvspoof_0060,impostor_2,fakeavceleb_01119_African_women_id04376,CUDA out of memory. Tried to allocate 20.00 MiB. GPU 0 has a total capacity of 11.81 GiB of which 171.19 MiB is free. Process 2307806 has 5.33 GiB memory in use. Process 2307838 has 1.73 GiB memory in
asvspoof_0060,impostor_3,librispeech_0459,CUDA out of memory. Tried to allocate 20.00 MiB. GPU 0 has a total capacity of 11.81 GiB of which 171.19 MiB is free. Process 2307806 has 5.33 GiB memory in use. Process 2307838 has 1.73 GiB memory in
asvspoof_0060,impostor_4,librispeech_0442,CUDA out of memory. Tried to allocate 20.00 MiB. GPU 0 has a total capacity of 11.81 GiB of which 171.19 MiB is free. Process 2307806 has 5.33 GiB memory in use. Process 2307838 has 1.73 GiB memory in
asvspoof_0060,impostor_5,fakeavceleb_02137_Asian(South)_men_id07200,CUDA out of memory. Tried to allocate 20.00 MiB. GPU 0 has a total capacity of 11.81 GiB of which 171.19 MiB is free. Process 2307806 has 5.33 GiB memory in use. Process 2307838 has 1.73 GiB memory in
asvspoof_0060,impostor_6,fakeavceleb_00951_African_women_id01178,CUDA out of memory. Tried to allocate 20.00 MiB. GPU 0 has a total capacity of 11.81 GiB of which 171.19 MiB is free. Process 2307806 has 5.33 GiB memory in use. Process 2307838 has 1.73 GiB memory in
asvspoof_0060,impostor_7,fakeavceleb_00457_Caucasian(European)_women_id00270,CUDA out of memory. Tried to allocate 20.00 MiB. GPU 0 has a total capacity of 11.81 GiB of which 171.19 MiB is free. Process 2307806 has 5.33 GiB memory in use. Process 2307838 has 1.73 GiB memory in
asvspoof_0060,impostor_8,fakeavceleb_02588_Caucasian(American)_men_id00087,CUDA out of memory. Tried to allocate 20.00 MiB. GPU 0 has a total capacity of 11.81 GiB of which 171.19 MiB is free. Process 2307806 has 5.33 GiB memory in use. Process 2307838 has 1.73 GiB memory in
asvspoof_0060,impostor_9,librispeech_0037,CUDA out of memory. Tried to allocate 20.00 MiB. GPU 0 has a total capacity of 11.81 GiB of which 171.19 MiB is free. Process 2307806 has 5.33 GiB memory in use. Process 2307838 has 1.73 GiB memory in
asvspoof_0060,impostor_10,fakeavceleb_02860_Caucasian(American)_women_id00025,CUDA out of memory. Tried to allocate 20.00 MiB. GPU 0 has a total capacity of 11.81 GiB of which 171.19 MiB is free. Process 2307806 has 5.33 GiB memory in use. Process 2307838 has 1.73 GiB memory in
asvspoof_0061,genuine,asvspoof_0182,CUDA out of memory. Tried to allocate 16.00 MiB. GPU 0 has a total capacity of 11.81 GiB of which 155.19 MiB is free. Process 2307806 has 5.33 GiB memory in use. Process 2307838 has 1.73 GiB memory in
asvspoof_0061,impostor_1,librispeech_0433,CUDA out of memory. Tried to allocate 16.00 MiB. GPU 0 has a total capacity of 11.81 GiB of which 155.19 MiB is free. Process 2307806 has 5.33 GiB memory in use. Process 2307838 has 1.73 GiB memory in
asvspoof_0061,impostor_2,fakeavceleb_00391_Caucasian(American)_women_id01245,CUDA out of memory. Tried to allocate 16.00 MiB. GPU 0 has a total capacity of 11.81 GiB of which 155.19 MiB is free. Process 2307806 has 5.33 GiB memory in use. Process 2307838 has 1.73 GiB memory in
asvspoof_0061,impostor_3,librispeech_0129,CUDA out of memory. Tried to allocate 16.00 MiB. GPU 0 has a total capacity of 11.81 GiB of which 155.19 MiB is free. Process 2307806 has 5.33 GiB memory in use. Process 2307838 has 1.73 GiB memory in
asvspoof_0061,impostor_4,fakeavceleb_00445_Caucasian(European)_men_id01154,CUDA out of memory. Tried to allocate 16.00 MiB. GPU 0 has a total capacity of 11.81 GiB of which 155.19 MiB is free. Process 2307806 has 5.33 GiB memory in use. Process 2307838 has 1.73 GiB memory in
asvspoof_0061,impostor_5,asvspoof_0089,CUDA out of memory. Tried to allocate 16.00 MiB. GPU 0 has a total capacity of 11.81 GiB of which 155.19 MiB is free. Process 2307806 has 5.33 GiB memory in use. Process 2307838 has 1.73 GiB memory in
asvspoof_0061,impostor_6,fakeavceleb_01824_Asian(East)_women_id09125,CUDA out of memory. Tried to allocate 16.00 MiB. GPU 0 has a total capacity of 11.81 GiB of which 155.19 MiB is free. Process 2307806 has 5.33 GiB memory in use. Process 2307838 has 1.73 GiB memory in
asvspoof_0061,impostor_7,librispeech_0191,CUDA out of memory. Tried to allocate 16.00 MiB. GPU 0 has a total capacity of 11.81 GiB of which 155.19 MiB is free. Process 2307806 has 5.33 GiB memory in use. Process 2307838 has 1.73 GiB memory in
asvspoof_0061,impostor_8,fakeavceleb_03635_Caucasian(European)_women_id00330,CUDA out of memory. Tried to allocate 16.00 MiB. GPU 0 has a total capacity of 11.81 GiB of which 155.19 MiB is free. Process 2307806 has 5.33 GiB memory in use. Process 2307838 has 1.73 GiB memory in
asvspoof_0061,impostor_9,librispeech_0320,CUDA out of memory. Tried to allocate 16.00 MiB. GPU 0 has a total capacity of 11.81 GiB of which 155.19 MiB is free. Process 2307806 has 5.33 GiB memory in use. Process 2307838 has 1.73 GiB memory in
asvspoof_0061,impostor_10,fakeavceleb_00461_Caucasian(European)_women_id00328,CUDA out of memory. Tried to allocate 16.00 MiB. GPU 0 has a total capacity of 11.81 GiB of which 155.19 MiB is free. Process 2307806 has 5.33 GiB memory in use. Process 2307838 has 1.73 GiB memory in
asvspoof_0062,genuine,asvspoof_0066,CUDA out of memory. Tried to allocate 18.00 MiB. GPU 0 has a total capacity of 11.81 GiB of which 171.19 MiB is free. Process 2307806 has 5.33 GiB memory in use. Process 2307838 has 1.73 GiB memory in
asvspoof_0062,impostor_1,fakeavceleb_02245_Asian(South)_women_id00747,CUDA out of memory. Tried to allocate 20.00 MiB. GPU 0 has a total capacity of 11.81 GiB of which 171.19 MiB is free. Process 2307806 has 5.33 GiB memory in use. Process 2307838 has 1.73 GiB memory in
asvspoof_0062,impostor_2,librispeech_0373,CUDA out of memory. Tried to allocate 20.00 MiB. GPU 0 has a total capacity of 11.81 GiB of which 171.19 MiB is free. Process 2307806 has 5.33 GiB memory in use. Process 2307838 has 1.73 GiB memory in
asvspoof_0062,impostor_3,fakeavceleb_00109_Asian(East)_men_id01589,CUDA out of memory. Tried to allocate 20.00 MiB. GPU 0 has a total capacity of 11.81 GiB of which 171.19 MiB is free. Process 2307806 has 5.33 GiB memory in use. Process 2307838 has 1.73 GiB memory in
asvspoof_0062,impostor_4,fakeavceleb_02143_Asian(South)_men_id07210,CUDA out of memory. Tried to allocate 20.00 MiB. GPU 0 has a total capacity of 11.81 GiB of which 171.19 MiB is free. Process 2307806 has 5.33 GiB memory in use. Process 2307838 has 1.73 GiB memory in
asvspoof_0062,impostor_5,librispeech_0490,CUDA out of memory. Tried to allocate 20.00 MiB. GPU 0 has a total capacity of 11.81 GiB of which 171.19 MiB is free. Process 2307806 has 5.33 GiB memory in use. Process 2307838 has 1.73 GiB memory in
asvspoof_0062,impostor_6,librispeech_0469,CUDA out of memory. Tried to allocate 20.00 MiB. GPU 0 has a total capacity of 11.81 GiB of which 171.19 MiB is free. Process 2307806 has 5.33 GiB memory in use. Process 2307838 has 1.73 GiB memory in
asvspoof_0062,impostor_7,fakeavceleb_02436_Asian(South)_women_id06343,CUDA out of memory. Tried to allocate 20.00 MiB. GPU 0 has a total capacity of 11.81 GiB of which 171.19 MiB is free. Process 2307806 has 5.33 GiB memory in use. Process 2307838 has 1.73 GiB memory in
asvspoof_0062,impostor_8,fakeavceleb_03820_Caucasian(European)_women_id03649,CUDA out of memory. Tried to allocate 20.00 MiB. GPU 0 has a total capacity of 11.81 GiB of which 171.19 MiB is free. Process 2307806 has 5.33 GiB memory in use. Process 2307838 has 1.73 GiB memory in
asvspoof_0062,impostor_9,fakeavceleb_01507_Asian(East)_women_id00137,CUDA out of memory. Tried to allocate 20.00 MiB. GPU 0 has a total capacity of 11.81 GiB of which 171.19 MiB is free. Process 2307806 has 5.33 GiB memory in use. Process 2307838 has 1.73 GiB memory in
asvspoof_0062,impostor_10,fakeavceleb_02478_Asian(South)_women_id07051,CUDA out of memory. Tried to allocate 20.00 MiB. GPU 0 has a total capacity of 11.81 GiB of which 171.19 MiB is free. Process 2307806 has 5.33 GiB memory in use. Process 2307838 has 1.73 GiB memory in
asvspoof_0063,genuine,asvspoof_0442,CUDA out of memory. Tried to allocate 16.00 MiB. GPU 0 has a total capacity of 11.81 GiB of which 155.19 MiB is free. Process 2307806 has 5.33 GiB memory in use. Process 2307838 has 1.73 GiB memory in
asvspoof_0063,impostor_1,asvspoof_0350,CUDA out of memory. Tried to allocate 16.00 MiB. GPU 0 has a total capacity of 11.81 GiB of which 155.19 MiB is free. Process 2307806 has 5.33 GiB memory in use. Process 2307838 has 1.73 GiB memory in
asvspoof_0063,impostor_2,fakeavceleb_03318_Caucasian(European)_men_id00292,CUDA out of memory. Tried to allocate 16.00 MiB. GPU 0 has a total capacity of 11.81 GiB of which 155.19 MiB is free. Process 2307806 has 5.33 GiB memory in use. Process 2307838 has 1.73 GiB memory in
asvspoof_0063,impostor_3,fakeavceleb_02748_Caucasian(American)_men_id01168,CUDA out of memory. Tried to allocate 16.00 MiB. GPU 0 has a total capacity of 11.81 GiB of which 155.19 MiB is free. Process 2307806 has 5.33 GiB memory in use. Process 2307838 has 1.73 GiB memory in
asvspoof_0063,impostor_4,librispeech_0087,CUDA out of memory. Tried to allocate 16.00 MiB. GPU 0 has a total capacity of 11.81 GiB of which 155.19 MiB is free. Process 2307806 has 5.33 GiB memory in use. Process 2307838 has 1.73 GiB memory in
asvspoof_0063,impostor_5,asvspoof_0029,CUDA out of memory. Tried to allocate 16.00 MiB. GPU 0 has a total capacity of 11.81 GiB of which 155.19 MiB is free. Process 2307806 has 5.33 GiB memory in use. Process 2307838 has 1.73 GiB memory in
asvspoof_0063,impostor_6,fakeavceleb_01574_Asian(East)_women_id00935,CUDA out of memory. Tried to allocate 16.00 MiB. GPU 0 has a total capacity of 11.81 GiB of which 155.19 MiB is free. Process 2307806 has 5.33 GiB memory in use. Process 2307838 has 1.73 GiB memory in
asvspoof_0063,impostor_7,fakeavceleb_01359_Asian(East)_men_id04726,CUDA out of memory. Tried to allocate 16.00 MiB. GPU 0 has a total capacity of 11.81 GiB of which 155.19 MiB is free. Process 2307806 has 5.33 GiB memory in use. Process 2307838 has 1.73 GiB memory in
asvspoof_0063,impostor_8,fakeavceleb_03763_Caucasian(European)_women_id00735,CUDA out of memory. Tried to allocate 16.00 MiB. GPU 0 has a total capacity of 11.81 GiB of which 155.19 MiB is free. Process 2307806 has 5.33 GiB memory in use. Process 2307838 has 1.73 GiB memory in
asvspoof_0063,impostor_9,librispeech_0411,CUDA out of memory. Tried to allocate 16.00 MiB. GPU 0 has a total capacity of 11.81 GiB of which 155.19 MiB is free. Process 2307806 has 5.33 GiB memory in use. Process 2307838 has 1.73 GiB memory in
asvspoof_0063,impostor_10,fakeavceleb_01025_African_women_id02586,CUDA out of memory. Tried to allocate 16.00 MiB. GPU 0 has a total capacity of 11.81 GiB of which 155.19 MiB is free. Process 2307806 has 5.33 GiB memory in use. Process 2307838 has 1.73 GiB memory in
asvspoof_0064,genuine,asvspoof_0057,CUDA out of memory. Tried to allocate 18.00 MiB. GPU 0 has a total capacity of 11.81 GiB of which 171.19 MiB is free. Process 2307806 has 5.33 GiB memory in use. Process 2307838 has 1.73 GiB memory in
asvspoof_0064,impostor_1,fakeavceleb_02718_Caucasian(American)_men_id01048,CUDA out of memory. Tried to allocate 20.00 MiB. GPU 0 has a total capacity of 11.81 GiB of which 171.19 MiB is free. Process 2307806 has 5.33 GiB memory in use. Process 2307838 has 1.73 GiB memory in
asvspoof_0064,impostor_2,fakeavceleb_00280_Asian(South)_women_id05931,CUDA out of memory. Tried to allocate 20.00 MiB. GPU 0 has a total capacity of 11.81 GiB of which 171.19 MiB is free. Process 2307806 has 5.33 GiB memory in use. Process 2307838 has 1.73 GiB memory in
asvspoof_0064,impostor_3,librispeech_0482,CUDA out of memory. Tried to allocate 20.00 MiB. GPU 0 has a total capacity of 11.81 GiB of which 171.19 MiB is free. Process 2307806 has 5.33 GiB memory in use. Process 2307838 has 1.73 GiB memory in
asvspoof_0064,impostor_4,librispeech_0443,CUDA out of memory. Tried to allocate 20.00 MiB. GPU 0 has a total capacity of 11.81 GiB of which 171.19 MiB is free. Process 2307806 has 5.33 GiB memory in use. Process 2307838 has 1.73 GiB memory in
asvspoof_0064,impostor_5,fakeavceleb_03814_Caucasian(European)_women_id03371,CUDA out of memory. Tried to allocate 20.00 MiB. GPU 0 has a total capacity of 11.81 GiB of which 171.19 MiB is free. Process 2307806 has 5.33 GiB memory in use. Process 2307838 has 1.73 GiB memory in
asvspoof_0064,impostor_6,fakeavceleb_01518_Asian(East)_women_id00363,CUDA out of memory. Tried to allocate 20.00 MiB. GPU 0 has a total capacity of 11.81 GiB of which 171.19 MiB is free. Process 2307806 has 5.33 GiB memory in use. Process 2307838 has 1.73 GiB memory in
asvspoof_0064,impostor_7,fakeavceleb_00401_Caucasian(European)_men_id00063,CUDA out of memory. Tried to allocate 20.00 MiB. GPU 0 has a total capacity of 11.81 GiB of which 171.19 MiB is free. Process 2307806 has 5.33 GiB memory in use. Process 2307838 has 1.73 GiB memory in
asvspoof_0064,impostor_8,librispeech_0307,CUDA out of memory. Tried to allocate 20.00 MiB. GPU 0 has a total capacity of 11.81 GiB of which 171.19 MiB is free. Process 2307806 has 5.33 GiB memory in use. Process 2307838 has 1.73 GiB memory in
asvspoof_0064,impostor_9,fakeavceleb_02163_Asian(South)_men_id08314,CUDA out of memory. Tried to allocate 20.00 MiB. GPU 0 has a total capacity of 11.81 GiB of which 171.19 MiB is free. Process 2307806 has 5.33 GiB memory in use. Process 2307838 has 1.73 GiB memory in
asvspoof_0064,impostor_10,fakeavceleb_00667_African_men_id01521,CUDA out of memory. Tried to allocate 20.00 MiB. GPU 0 has a total capacity of 11.81 GiB of which 171.19 MiB is free. Process 2307806 has 5.33 GiB memory in use. Process 2307838 has 1.73 GiB memory in
asvspoof_0065,genuine,asvspoof_0108,CUDA out of memory. Tried to allocate 16.00 MiB. GPU 0 has a total capacity of 11.81 GiB of which 155.19 MiB is free. Process 2307806 has 5.33 GiB memory in use. Process 2307838 has 1.73 GiB memory in
asvspoof_0065,impostor_1,fakeavceleb_03708_Caucasian(European)_women_id00491,CUDA out of memory. Tried to allocate 16.00 MiB. GPU 0 has a total capacity of 11.81 GiB of which 155.19 MiB is free. Process 2307806 has 5.33 GiB memory in use. Process 2307838 has 1.73 GiB memory in
asvspoof_0065,impostor_2,fakeavceleb_02373_Asian(South)_women_id05435,CUDA out of memory. Tried to allocate 16.00 MiB. GPU 0 has a total capacity of 11.81 GiB of which 155.19 MiB is free. Process 2307806 has 5.33 GiB memory in use. Process 2307838 has 1.73 GiB memory in
asvspoof_0065,impostor_3,librispeech_0341,CUDA out of memory. Tried to allocate 16.00 MiB. GPU 0 has a total capacity of 11.81 GiB of which 155.19 MiB is free. Process 2307806 has 5.33 GiB memory in use. Process 2307838 has 1.73 GiB memory in
asvspoof_0065,impostor_4,fakeavceleb_01489_Asian(East)_men_id09053,CUDA out of memory. Tried to allocate 16.00 MiB. GPU 0 has a total capacity of 11.81 GiB of which 155.19 MiB is free. Process 2307806 has 5.33 GiB memory in use. Process 2307838 has 1.73 GiB memory in
asvspoof_0065,impostor_5,fakeavceleb_03751_Caucasian(European)_women_id00633,CUDA out of memory. Tried to allocate 16.00 MiB. GPU 0 has a total capacity of 11.81 GiB of which 155.19 MiB is free. Process 2307806 has 5.33 GiB memory in use. Process 2307838 has 1.73 GiB memory in
asvspoof_0065,impostor_6,fakeavceleb_00094_African_women_id05106,CUDA out of memory. Tried to allocate 16.00 MiB. GPU 0 has a total capacity of 11.81 GiB of which 155.19 MiB is free. Process 2307806 has 5.33 GiB memory in use. Process 2307838 has 1.73 GiB memory in
asvspoof_0065,impostor_7,fakeavceleb_00706_African_men_id01598,CUDA out of memory. Tried to allocate 16.00 MiB. GPU 0 has a total capacity of 11.81 GiB of which 155.19 MiB is free. Process 2307806 has 5.33 GiB memory in use. Process 2307838 has 1.73 GiB memory in
asvspoof_0065,impostor_8,fakeavceleb_00435_Caucasian(European)_men_id00990,CUDA out of memory. Tried to allocate 16.00 MiB. GPU 0 has a total capacity of 11.81 GiB of which 155.19 MiB is free. Process 2307806 has 5.33 GiB memory in use. Process 2307838 has 1.73 GiB memory in
asvspoof_0065,impostor_9,fakeavceleb_03402_Caucasian(European)_men_id00709,CUDA out of memory. Tried to allocate 16.00 MiB. GPU 0 has a total capacity of 11.81 GiB of which 155.19 MiB is free. Process 2307806 has 5.33 GiB memory in use. Process 2307838 has 1.73 GiB memory in
asvspoof_0065,impostor_10,asvspoof_0075,CUDA out of memory. Tried to allocate 16.00 MiB. GPU 0 has a total capacity of 11.81 GiB of which 155.19 MiB is free. Process 2307806 has 5.33 GiB memory in use. Process 2307838 has 1.73 GiB memory in
asvspoof_0066,genuine,asvspoof_0378,CUDA out of memory. Tried to allocate 18.00 MiB. GPU 0 has a total capacity of 11.81 GiB of which 171.19 MiB is free. Process 2307806 has 5.33 GiB memory in use. Process 2307838 has 1.73 GiB memory in
asvspoof_0066,impostor_1,fakeavceleb_00409_Caucasian(European)_men_id00241,CUDA out of memory. Tried to allocate 18.00 MiB. GPU 0 has a total capacity of 11.81 GiB of which 171.19 MiB is free. Process 2307806 has 5.33 GiB memory in use. Process 2307838 has 1.73 GiB memory in
asvspoof_0066,impostor_2,fakeavceleb_01846_Asian(East)_women_id09175,CUDA out of memory. Tried to allocate 18.00 MiB. GPU 0 has a total capacity of 11.81 GiB of which 171.19 MiB is free. Process 2307806 has 5.33 GiB memory in use. Process 2307838 has 1.73 GiB memory in
asvspoof_0066,impostor_3,fakeavceleb_01454_Asian(East)_men_id07338,CUDA out of memory. Tried to allocate 18.00 MiB. GPU 0 has a total capacity of 11.81 GiB of which 171.19 MiB is free. Process 2307806 has 5.33 GiB memory in use. Process 2307838 has 1.73 GiB memory in
asvspoof_0066,impostor_4,fakeavceleb_03454_Caucasian(European)_men_id01051,CUDA out of memory. Tried to allocate 18.00 MiB. GPU 0 has a total capacity of 11.81 GiB of which 171.19 MiB is free. Process 2307806 has 5.33 GiB memory in use. Process 2307838 has 1.73 GiB memory in
asvspoof_0066,impostor_5,librispeech_0212,CUDA out of memory. Tried to allocate 18.00 MiB. GPU 0 has a total capacity of 11.81 GiB of which 171.19 MiB is free. Process 2307806 has 5.33 GiB memory in use. Process 2307838 has 1.73 GiB memory in
asvspoof_0066,impostor_6,fakeavceleb_02048_Asian(South)_men_id04928,CUDA out of memory. Tried to allocate 18.00 MiB. GPU 0 has a total capacity of 11.81 GiB of which 171.19 MiB is free. Process 2307806 has 5.33 GiB memory in use. Process 2307838 has 1.73 GiB memory in
asvspoof_0066,impostor_7,librispeech_0292,CUDA out of memory. Tried to allocate 18.00 MiB. GPU 0 has a total capacity of 11.81 GiB of which 171.19 MiB is free. Process 2307806 has 5.33 GiB memory in use. Process 2307838 has 1.73 GiB memory in
asvspoof_0066,impostor_8,fakeavceleb_00592_African_men_id00944,CUDA out of memory. Tried to allocate 18.00 MiB. GPU 0 has a total capacity of 11.81 GiB of which 171.19 MiB is free. Process 2307806 has 5.33 GiB memory in use. Process 2307838 has 1.73 GiB memory in
asvspoof_0066,impostor_9,fakeavceleb_00308_Caucasian(American)_men_id00087,CUDA out of memory. Tried to allocate 18.00 MiB. GPU 0 has a total capacity of 11.81 GiB of which 171.19 MiB is free. Process 2307806 has 5.33 GiB memory in use. Process 2307838 has 1.73 GiB memory in
asvspoof_0066,impostor_10,fakeavceleb_03854_Caucasian(European)_women_id03858,CUDA out of memory. Tried to allocate 18.00 MiB. GPU 0 has a total capacity of 11.81 GiB of which 171.19 MiB is free. Process 2307806 has 5.33 GiB memory in use. Process 2307838 has 1.73 GiB memory in
asvspoof_0067,genuine,asvspoof_0499,CUDA out of memory. Tried to allocate 20.00 MiB. GPU 0 has a total capacity of 11.81 GiB of which 171.19 MiB is free. Process 2307806 has 5.33 GiB memory in use. Process 2307838 has 1.73 GiB memory in
asvspoof_0067,impostor_1,librispeech_0274,CUDA out of memory. Tried to allocate 20.00 MiB. GPU 0 has a total capacity of 11.81 GiB of which 171.19 MiB is free. Process 2307806 has 5.33 GiB memory in use. Process 2307838 has 1.73 GiB memory in
asvspoof_0067,impostor_2,fakeavceleb_00889_African_women_id00460,CUDA out of memory. Tried to allocate 20.00 MiB. GPU 0 has a total capacity of 11.81 GiB of which 171.19 MiB is free. Process 2307806 has 5.33 GiB memory in use. Process 2307838 has 1.73 GiB memory in
asvspoof_0067,impostor_3,fakeavceleb_01051_African_women_id02838,CUDA out of memory. Tried to allocate 20.00 MiB. GPU 0 has a total capacity of 11.81 GiB of which 171.19 MiB is free. Process 2307806 has 5.33 GiB memory in use. Process 2307838 has 1.73 GiB memory in
asvspoof_0067,impostor_4,fakeavceleb_01979_Asian(South)_men_id00860,CUDA out of memory. Tried to allocate 20.00 MiB. GPU 0 has a total capacity of 11.81 GiB of which 171.19 MiB is free. Process 2307806 has 5.33 GiB memory in use. Process 2307838 has 1.73 GiB memory in
asvspoof_0067,impostor_5,librispeech_0079,CUDA out of memory. Tried to allocate 20.00 MiB. GPU 0 has a total capacity of 11.81 GiB of which 171.19 MiB is free. Process 2307806 has 5.33 GiB memory in use. Process 2307838 has 1.73 GiB memory in
asvspoof_0067,impostor_6,asvspoof_0069,CUDA out of memory. Tried to allocate 20.00 MiB. GPU 0 has a total capacity of 11.81 GiB of which 171.19 MiB is free. Process 2307806 has 5.33 GiB memory in use. Process 2307838 has 1.73 GiB memory in
asvspoof_0067,impostor_7,fakeavceleb_01059_African_women_id02948,CUDA out of memory. Tried to allocate 20.00 MiB. GPU 0 has a total capacity of 11.81 GiB of which 171.19 MiB is free. Process 2307806 has 5.33 GiB memory in use. Process 2307838 has 1.73 GiB memory in
asvspoof_0067,impostor_8,librispeech_0124,CUDA out of memory. Tried to allocate 20.00 MiB. GPU 0 has a total capacity of 11.81 GiB of which 171.19 MiB is free. Process 2307806 has 5.33 GiB memory in use. Process 2307838 has 1.73 GiB memory in
asvspoof_0067,impostor_9,fakeavceleb_01652_Asian(East)_women_id04414,CUDA out of memory. Tried to allocate 20.00 MiB. GPU 0 has a total capacity of 11.81 GiB of which 171.19 MiB is free. Process 2307806 has 5.33 GiB memory in use. Process 2307838 has 1.73 GiB memory in
asvspoof_0067,impostor_10,fakeavceleb_01687_Asian(East)_women_id05844,CUDA out of memory. Tried to allocate 20.00 MiB. GPU 0 has a total capacity of 11.81 GiB of which 171.19 MiB is free. Process 2307806 has 5.33 GiB memory in use. Process 2307838 has 1.73 GiB memory in
asvspoof_0068,genuine,asvspoof_0215,CUDA out of memory. Tried to allocate 20.00 MiB. GPU 0 has a total capacity of 11.81 GiB of which 171.19 MiB is free. Process 2307806 has 5.33 GiB memory in use. Process 2307838 has 1.73 GiB memory in
asvspoof_0068,impostor_1,fakeavceleb_01904_Asian(South)_men_id00350,CUDA out of memory. Tried to allocate 20.00 MiB. GPU 0 has a total capacity of 11.81 GiB of which 171.19 MiB is free. Process 2307806 has 5.33 GiB memory in use. Process 2307838 has 1.73 GiB memory in
asvspoof_0068,impostor_2,fakeavceleb_01392_Asian(East)_men_id05383,CUDA out of memory. Tried to allocate 20.00 MiB. GPU 0 has a total capacity of 11.81 GiB of which 171.19 MiB is free. Process 2307806 has 5.33 GiB memory in use. Process 2307838 has 1.73 GiB memory in
asvspoof_0068,impostor_3,librispeech_0092,CUDA out of memory. Tried to allocate 20.00 MiB. GPU 0 has a total capacity of 11.81 GiB of which 171.19 MiB is free. Process 2307806 has 5.33 GiB memory in use. Process 2307838 has 1.73 GiB memory in
asvspoof_0068,impostor_4,fakeavceleb_02383_Asian(South)_women_id05478,CUDA out of memory. Tried to allocate 20.00 MiB. GPU 0 has a total capacity of 11.81 GiB of which 173.19 MiB is free. Process 2307806 has 5.33 GiB memory in use. Process 2307838 has 1.73 GiB memory in
asvspoof_0068,impostor_5,fakeavceleb_03536_Caucasian(European)_women_id00042,CUDA out of memory. Tried to allocate 20.00 MiB. GPU 0 has a total capacity of 11.81 GiB of which 173.19 MiB is free. Process 2307806 has 5.33 GiB memory in use. Process 2307838 has 1.73 GiB memory in
asvspoof_0068,impostor_6,fakeavceleb_03588_Caucasian(European)_women_id00262,CUDA out of memory. Tried to allocate 20.00 MiB. GPU 0 has a total capacity of 11.81 GiB of which 173.19 MiB is free. Process 2307806 has 5.33 GiB memory in use. Process 2307838 has 1.73 GiB memory in
asvspoof_0068,impostor_7,fakeavceleb_03335_Caucasian(European)_men_id00368,CUDA out of memory. Tried to allocate 20.00 MiB. GPU 0 has a total capacity of 11.81 GiB of which 173.19 MiB is free. Process 2307806 has 5.33 GiB memory in use. Process 2307838 has 1.73 GiB memory in
asvspoof_0068,impostor_8,fakeavceleb_03495_Caucasian(European)_men_id01154,CUDA out of memory. Tried to allocate 20.00 MiB. GPU 0 has a total capacity of 11.81 GiB of which 173.19 MiB is free. Process 2307806 has 5.33 GiB memory in use. Process 2307838 has 1.73 GiB memory in
asvspoof_0068,impostor_9,asvspoof_0057,CUDA out of memory. Tried to allocate 20.00 MiB. GPU 0 has a total capacity of 11.81 GiB of which 173.19 MiB is free. Process 2307806 has 5.33 GiB memory in use. Process 2307838 has 1.73 GiB memory in
asvspoof_0068,impostor_10,fakeavceleb_01687_Asian(East)_women_id05844,CUDA out of memory. Tried to allocate 20.00 MiB. GPU 0 has a total capacity of 11.81 GiB of which 173.19 MiB is free. Process 2307806 has 5.33 GiB memory in use. Process 2307838 has 1.73 GiB memory in
asvspoof_0069,genuine,asvspoof_0130,CUDA out of memory. Tried to allocate 20.00 MiB. GPU 0 has a total capacity of 11.81 GiB of which 173.19 MiB is free. Process 2307806 has 5.33 GiB memory in use. Process 2307838 has 1.73 GiB memory in
asvspoof_0069,impostor_1,librispeech_0140,CUDA out of memory. Tried to allocate 20.00 MiB. GPU 0 has a total capacity of 11.81 GiB of which 173.19 MiB is free. Process 2307806 has 5.33 GiB memory in use. Process 2307838 has 1.73 GiB memory in
asvspoof_0069,impostor_2,fakeavceleb_00061_African_women_id01532,CUDA out of memory. Tried to allocate 20.00 MiB. GPU 0 has a total capacity of 11.81 GiB of which 173.19 MiB is free. Process 2307806 has 5.33 GiB memory in use. Process 2307838 has 1.73 GiB memory in
asvspoof_0069,impostor_3,fakeavceleb_02010_Asian(South)_men_id04554,CUDA out of memory. Tried to allocate 20.00 MiB. GPU 0 has a total capacity of 11.81 GiB of which 173.19 MiB is free. Process 2307806 has 5.33 GiB memory in use. Process 2307838 has 1.73 GiB memory in
asvspoof_0069,impostor_4,asvspoof_0439,CUDA out of memory. Tried to allocate 20.00 MiB. GPU 0 has a total capacity of 11.81 GiB of which 173.19 MiB is free. Process 2307806 has 5.33 GiB memory in use. Process 2307838 has 1.73 GiB memory in
asvspoof_0069,impostor_5,fakeavceleb_00345_Caucasian(American)_men_id04034,CUDA out of memory. Tried to allocate 20.00 MiB. GPU 0 has a total capacity of 11.81 GiB of which 173.19 MiB is free. Process 2307806 has 5.33 GiB memory in use. Process 2307838 has 1.73 GiB memory in
asvspoof_0069,impostor_6,fakeavceleb_02156_Asian(South)_men_id07768,CUDA out of memory. Tried to allocate 20.00 MiB. GPU 0 has a total capacity of 11.81 GiB of which 173.19 MiB is free. Process 2307806 has 5.33 GiB memory in use. Process 2307838 has 1.73 GiB memory in
asvspoof_0069,impostor_7,fakeavceleb_01310_Asian(East)_men_id02493,CUDA out of memory. Tried to allocate 20.00 MiB. GPU 0 has a total capacity of 11.81 GiB of which 173.19 MiB is free. Process 2307806 has 5.33 GiB memory in use. Process 2307838 has 1.73 GiB memory in
asvspoof_0069,impostor_8,fakeavceleb_03485_Caucasian(European)_men_id01102,CUDA out of memory. Tried to allocate 20.00 MiB. GPU 0 has a total capacity of 11.81 GiB of which 173.19 MiB is free. Process 2307806 has 5.33 GiB memory in use. Process 2307838 has 1.73 GiB memory in
asvspoof_0069,impostor_9,librispeech_0249,CUDA out of memory. Tried to allocate 20.00 MiB. GPU 0 has a total capacity of 11.81 GiB of which 173.19 MiB is free. Process 2307806 has 5.33 GiB memory in use. Process 2307838 has 1.73 GiB memory in
asvspoof_0069,impostor_10,fakeavceleb_02881_Caucasian(American)_women_id00098,CUDA out of memory. Tried to allocate 20.00 MiB. GPU 0 has a total capacity of 11.81 GiB of which 173.19 MiB is free. Process 2307806 has 5.33 GiB memory in use. Process 2307838 has 1.73 GiB memory in
asvspoof_0070,genuine,asvspoof_0337,CUDA out of memory. Tried to allocate 20.00 MiB. GPU 0 has a total capacity of 11.81 GiB of which 173.19 MiB is free. Process 2307806 has 5.33 GiB memory in use. Process 2307838 has 1.73 GiB memory in
asvspoof_0070,impostor_1,librispeech_0449,CUDA out of memory. Tried to allocate 20.00 MiB. GPU 0 has a total capacity of 11.81 GiB of which 173.19 MiB is free. Process 2307806 has 5.33 GiB memory in use. Process 2307838 has 1.73 GiB memory in
asvspoof_0070,impostor_2,fakeavceleb_00462_Caucasian(European)_women_id00330,CUDA out of memory. Tried to allocate 20.00 MiB. GPU 0 has a total capacity of 11.81 GiB of which 173.19 MiB is free. Process 2307806 has 5.33 GiB memory in use. Process 2307838 has 1.73 GiB memory in
asvspoof_0070,impostor_3,fakeavceleb_03137_Caucasian(American)_women_id01238,CUDA out of memory. Tried to allocate 20.00 MiB. GPU 0 has a total capacity of 11.81 GiB of which 173.19 MiB is free. Process 2307806 has 5.33 GiB memory in use. Process 2307838 has 1.73 GiB memory in
asvspoof_0070,impostor_4,librispeech_0341,CUDA out of memory. Tried to allocate 20.00 MiB. GPU 0 has a total capacity of 11.81 GiB of which 173.19 MiB is free. Process 2307806 has 5.33 GiB memory in use. Process 2307838 has 1.73 GiB memory in
asvspoof_0070,impostor_5,fakeavceleb_00972_African_women_id01661,CUDA out of memory. Tried to allocate 20.00 MiB. GPU 0 has a total capacity of 11.81 GiB of which 173.19 MiB is free. Process 2307806 has 5.33 GiB memory in use. Process 2307838 has 1.73 GiB memory in
asvspoof_0070,impostor_6,fakeavceleb_00355_Caucasian(American)_women_id00180,CUDA out of memory. Tried to allocate 20.00 MiB. GPU 0 has a total capacity of 11.81 GiB of which 173.19 MiB is free. Process 2307806 has 5.33 GiB memory in use. Process 2307838 has 1.73 GiB memory in
asvspoof_0070,impostor_7,fakeavceleb_00554_African_men_id00475,CUDA out of memory. Tried to allocate 20.00 MiB. GPU 0 has a total capacity of 11.81 GiB of which 173.19 MiB is free. Process 2307806 has 5.33 GiB memory in use. Process 2307838 has 1.73 GiB memory in
asvspoof_0070,impostor_8,fakeavceleb_00783_African_men_id02005,CUDA out of memory. Tried to allocate 20.00 MiB. GPU 0 has a total capacity of 11.81 GiB of which 173.19 MiB is free. Process 2307806 has 5.33 GiB memory in use. Process 2307838 has 1.73 GiB memory in
asvspoof_0070,impostor_9,librispeech_0411,CUDA out of memory. Tried to allocate 20.00 MiB. GPU 0 has a total capacity of 11.81 GiB of which 173.19 MiB is free. Process 2307806 has 5.33 GiB memory in use. Process 2307838 has 1.73 GiB memory in
asvspoof_0070,impostor_10,fakeavceleb_00572_African_men_id00701,CUDA out of memory. Tried to allocate 20.00 MiB. GPU 0 has a total capacity of 11.81 GiB of which 173.19 MiB is free. Process 2307806 has 5.33 GiB memory in use. Process 2307838 has 1.73 GiB memory in
asvspoof_0071,genuine,asvspoof_0044,CUDA out of memory. Tried to allocate 20.00 MiB. GPU 0 has a total capacity of 11.81 GiB of which 173.19 MiB is free. Process 2307806 has 5.33 GiB memory in use. Process 2307838 has 1.73 GiB memory in
asvspoof_0071,impostor_1,fakeavceleb_01356_Asian(East)_men_id04691,CUDA out of memory. Tried to allocate 20.00 MiB. GPU 0 has a total capacity of 11.81 GiB of which 173.19 MiB is free. Process 2307806 has 5.33 GiB memory in use. Process 2307838 has 1.73 GiB memory in
asvspoof_0071,impostor_2,fakeavceleb_03277_Caucasian(European)_men_id00241,CUDA out of memory. Tried to allocate 20.00 MiB. GPU 0 has a total capacity of 11.81 GiB of which 173.19 MiB is free. Process 2307806 has 5.33 GiB memory in use. Process 2307838 has 1.73 GiB memory in
asvspoof_0071,impostor_3,asvspoof_0317,CUDA out of memory. Tried to allocate 20.00 MiB. GPU 0 has a total capacity of 11.81 GiB of which 173.19 MiB is free. Process 2307806 has 5.33 GiB memory in use. Process 2307838 has 1.73 GiB memory in
asvspoof_0071,impostor_4,fakeavceleb_02260_Asian(South)_women_id02089,CUDA out of memory. Tried to allocate 20.00 MiB. GPU 0 has a total capacity of 11.81 GiB of which 173.19 MiB is free. Process 2307806 has 5.33 GiB memory in use. Process 2307838 has 1.73 GiB memory in
asvspoof_0071,impostor_5,fakeavceleb_00130_Asian(East)_men_id05383,CUDA out of memory. Tried to allocate 20.00 MiB. GPU 0 has a total capacity of 11.81 GiB of which 173.19 MiB is free. Process 2307806 has 5.33 GiB memory in use. Process 2307838 has 1.73 GiB memory in
asvspoof_0071,impostor_6,fakeavceleb_01399_Asian(East)_men_id05743,CUDA out of memory. Tried to allocate 20.00 MiB. GPU 0 has a total capacity of 11.81 GiB of which 173.19 MiB is free. Process 2307806 has 5.33 GiB memory in use. Process 2307838 has 1.73 GiB memory in
asvspoof_0071,impostor_7,fakeavceleb_00293_Asian(South)_women_id07051,CUDA out of memory. Tried to allocate 20.00 MiB. GPU 0 has a total capacity of 11.81 GiB of which 173.19 MiB is free. Process 2307806 has 5.33 GiB memory in use. Process 2307838 has 1.73 GiB memory in
asvspoof_0071,impostor_8,fakeavceleb_00585_African_men_id00781,CUDA out of memory. Tried to allocate 20.00 MiB. GPU 0 has a total capacity of 11.81 GiB of which 173.19 MiB is free. Process 2307806 has 5.33 GiB memory in use. Process 2307838 has 1.73 GiB memory in
asvspoof_0071,impostor_9,librispeech_0395,CUDA out of memory. Tried to allocate 20.00 MiB. GPU 0 has a total capacity of 11.81 GiB of which 173.19 MiB is free. Process 2307806 has 5.33 GiB memory in use. Process 2307838 has 1.73 GiB memory in
asvspoof_0071,impostor_10,fakeavceleb_00018_African_men_id01171,CUDA out of memory. Tried to allocate 20.00 MiB. GPU 0 has a total capacity of 11.81 GiB of which 173.19 MiB is free. Process 2307806 has 5.33 GiB memory in use. Process 2307838 has 1.73 GiB memory in
asvspoof_0072,genuine,asvspoof_0435,CUDA out of memory. Tried to allocate 16.00 MiB. GPU 0 has a total capacity of 11.81 GiB of which 157.19 MiB is free. Process 2307806 has 5.33 GiB memory in use. Process 2307838 has 1.73 GiB memory in
asvspoof_0072,impostor_1,asvspoof_0135,CUDA out of memory. Tried to allocate 16.00 MiB. GPU 0 has a total capacity of 11.81 GiB of which 157.19 MiB is free. Process 2307806 has 5.33 GiB memory in use. Process 2307838 has 1.73 GiB memory in
asvspoof_0072,impostor_2,fakeavceleb_03604_Caucasian(European)_women_id00271,CUDA out of memory. Tried to allocate 16.00 MiB. GPU 0 has a total capacity of 11.81 GiB of which 157.19 MiB is free. Process 2307806 has 5.33 GiB memory in use. Process 2307838 has 1.73 GiB memory in
asvspoof_0072,impostor_3,fakeavceleb_00177_Asian(East)_women_id06065,CUDA out of memory. Tried to allocate 16.00 MiB. GPU 0 has a total capacity of 11.81 GiB of which 157.19 MiB is free. Process 2307806 has 5.33 GiB memory in use. Process 2307838 has 1.73 GiB memory in
asvspoof_0072,impostor_4,fakeavceleb_01698_Asian(East)_women_id06054,CUDA out of memory. Tried to allocate 16.00 MiB. GPU 0 has a total capacity of 11.81 GiB of which 157.19 MiB is free. Process 2307806 has 5.33 GiB memory in use. Process 2307838 has 1.73 GiB memory in
asvspoof_0072,impostor_5,fakeavceleb_01135_African_women_id04689,CUDA out of memory. Tried to allocate 16.00 MiB. GPU 0 has a total capacity of 11.81 GiB of which 157.19 MiB is free. Process 2307806 has 5.33 GiB memory in use. Process 2307838 has 1.73 GiB memory in
asvspoof_0072,impostor_6,fakeavceleb_02503_Asian(South)_women_id07377,CUDA out of memory. Tried to allocate 16.00 MiB. GPU 0 has a total capacity of 11.81 GiB of which 157.19 MiB is free. Process 2307806 has 5.33 GiB memory in use. Process 2307838 has 1.73 GiB memory in
asvspoof_0072,impostor_7,librispeech_0375,CUDA out of memory. Tried to allocate 16.00 MiB. GPU 0 has a total capacity of 11.81 GiB of which 157.19 MiB is free. Process 2307806 has 5.33 GiB memory in use. Process 2307838 has 1.73 GiB memory in
asvspoof_0072,impostor_8,fakeavceleb_00113_Asian(East)_men_id02493,CUDA out of memory. Tried to allocate 16.00 MiB. GPU 0 has a total capacity of 11.81 GiB of which 157.19 MiB is free. Process 2307806 has 5.33 GiB memory in use. Process 2307838 has 1.73 GiB memory in
asvspoof_0072,impostor_9,fakeavceleb_03753_Caucasian(European)_women_id00633,CUDA out of memory. Tried to allocate 16.00 MiB. GPU 0 has a total capacity of 11.81 GiB of which 157.19 MiB is free. Process 2307806 has 5.33 GiB memory in use. Process 2307838 has 1.73 GiB memory in
asvspoof_0072,impostor_10,fakeavceleb_02673_Caucasian(American)_men_id00775,CUDA out of memory. Tried to allocate 16.00 MiB. GPU 0 has a total capacity of 11.81 GiB of which 157.19 MiB is free. Process 2307806 has 5.33 GiB memory in use. Process 2307838 has 1.73 GiB memory in
asvspoof_0073,genuine,asvspoof_0200,CUDA out of memory. Tried to allocate 20.00 MiB. GPU 0 has a total capacity of 11.81 GiB of which 157.19 MiB is free. Process 2307806 has 5.33 GiB memory in use. Process 2307838 has 1.73 GiB memory in
asvspoof_0073,impostor_1,fakeavceleb_03390_Caucasian(European)_men_id00559,CUDA out of memory. Tried to allocate 20.00 MiB. GPU 0 has a total capacity of 11.81 GiB of which 157.19 MiB is free. Process 2307806 has 5.33 GiB memory in use. Process 2307838 has 1.73 GiB memory in
asvspoof_0073,impostor_2,fakeavceleb_00074_African_women_id02838,CUDA out of memory. Tried to allocate 20.00 MiB. GPU 0 has a total capacity of 11.81 GiB of which 157.19 MiB is free. Process 2307806 has 5.33 GiB memory in use. Process 2307838 has 1.73 GiB memory in
asvspoof_0073,impostor_3,librispeech_0494,CUDA out of memory. Tried to allocate 20.00 MiB. GPU 0 has a total capacity of 11.81 GiB of which 157.19 MiB is free. Process 2307806 has 5.33 GiB memory in use. Process 2307838 has 1.73 GiB memory in
asvspoof_0073,impostor_4,fakeavceleb_03584_Caucasian(European)_women_id00234,CUDA out of memory. Tried to allocate 20.00 MiB. GPU 0 has a total capacity of 11.81 GiB of which 157.19 MiB is free. Process 2307806 has 5.33 GiB memory in use. Process 2307838 has 1.73 GiB memory in
asvspoof_0073,impostor_5,librispeech_0288,CUDA out of memory. Tried to allocate 20.00 MiB. GPU 0 has a total capacity of 11.81 GiB of which 157.19 MiB is free. Process 2307806 has 5.33 GiB memory in use. Process 2307838 has 1.73 GiB memory in
asvspoof_0073,impostor_6,fakeavceleb_03093_Caucasian(American)_women_id01005,CUDA out of memory. Tried to allocate 20.00 MiB. GPU 0 has a total capacity of 11.81 GiB of which 157.19 MiB is free. Process 2307806 has 5.33 GiB memory in use. Process 2307838 has 1.73 GiB memory in
asvspoof_0073,impostor_7,fakeavceleb_00780_African_men_id01995,CUDA out of memory. Tried to allocate 20.00 MiB. GPU 0 has a total capacity of 11.81 GiB of which 157.19 MiB is free. Process 2307806 has 5.33 GiB memory in use. Process 2307838 has 1.73 GiB memory in
asvspoof_0073,impostor_8,fakeavceleb_01347_Asian(East)_men_id04222,CUDA out of memory. Tried to allocate 20.00 MiB. GPU 0 has a total capacity of 11.81 GiB of which 157.19 MiB is free. Process 2307806 has 5.33 GiB memory in use. Process 2307838 has 1.73 GiB memory in
asvspoof_0073,impostor_9,asvspoof_0159,CUDA out of memory. Tried to allocate 20.00 MiB. GPU 0 has a total capacity of 11.81 GiB of which 157.19 MiB is free. Process 2307806 has 5.33 GiB memory in use. Process 2307838 has 1.73 GiB memory in
asvspoof_0073,impostor_10,fakeavceleb_03271_Caucasian(European)_men_id00225,CUDA out of memory. Tried to allocate 20.00 MiB. GPU 0 has a total capacity of 11.81 GiB of which 157.19 MiB is free. Process 2307806 has 5.33 GiB memory in use. Process 2307838 has 1.73 GiB memory in
asvspoof_0074,genuine,asvspoof_0404,CUDA out of memory. Tried to allocate 12.00 MiB. GPU 0 has a total capacity of 11.81 GiB of which 157.19 MiB is free. Process 2307806 has 5.33 GiB memory in use. Process 2307838 has 1.73 GiB memory in
asvspoof_0074,impostor_1,fakeavceleb_02513_Asian(South)_women_id07689,CUDA out of memory. Tried to allocate 12.00 MiB. GPU 0 has a total capacity of 11.81 GiB of which 157.19 MiB is free. Process 2307806 has 5.33 GiB memory in use. Process 2307838 has 1.73 GiB memory in
asvspoof_0074,impostor_2,fakeavceleb_03148_Caucasian(American)_women_id01248,CUDA out of memory. Tried to allocate 12.00 MiB. GPU 0 has a total capacity of 11.81 GiB of which 157.19 MiB is free. Process 2307806 has 5.33 GiB memory in use. Process 2307838 has 1.73 GiB memory in
asvspoof_0074,impostor_3,librispeech_0412,CUDA out of memory. Tried to allocate 12.00 MiB. GPU 0 has a total capacity of 11.81 GiB of which 157.19 MiB is free. Process 2307806 has 5.33 GiB memory in use. Process 2307838 has 1.73 GiB memory in
asvspoof_0074,impostor_4,fakeavceleb_01035_African_women_id02721,CUDA out of memory. Tried to allocate 12.00 MiB. GPU 0 has a total capacity of 11.81 GiB of which 157.19 MiB is free. Process 2307806 has 5.33 GiB memory in use. Process 2307838 has 1.73 GiB memory in
asvspoof_0074,impostor_5,fakeavceleb_02536_Caucasian(American)_men_id00020,CUDA out of memory. Tried to allocate 12.00 MiB. GPU 0 has a total capacity of 11.81 GiB of which 157.19 MiB is free. Process 2307806 has 5.33 GiB memory in use. Process 2307838 has 1.73 GiB memory in
asvspoof_0074,impostor_6,librispeech_0491,CUDA out of memory. Tried to allocate 12.00 MiB. GPU 0 has a total capacity of 11.81 GiB of which 157.19 MiB is free. Process 2307806 has 5.33 GiB memory in use. Process 2307838 has 1.73 GiB memory in
asvspoof_0074,impostor_7,fakeavceleb_00300_Caucasian(American)_men_id00018,CUDA out of memory. Tried to allocate 12.00 MiB. GPU 0 has a total capacity of 11.81 GiB of which 157.19 MiB is free. Process 2307806 has 5.33 GiB memory in use. Process 2307838 has 1.73 GiB memory in
asvspoof_0074,impostor_8,asvspoof_0024,CUDA out of memory. Tried to allocate 12.00 MiB. GPU 0 has a total capacity of 11.81 GiB of which 157.19 MiB is free. Process 2307806 has 5.33 GiB memory in use. Process 2307838 has 1.73 GiB memory in
asvspoof_0074,impostor_9,librispeech_0170,CUDA out of memory. Tried to allocate 12.00 MiB. GPU 0 has a total capacity of 11.81 GiB of which 157.19 MiB is free. Process 2307806 has 5.33 GiB memory in use. Process 2307838 has 1.73 GiB memory in
asvspoof_0074,impostor_10,fakeavceleb_03753_Caucasian(European)_women_id00633,CUDA out of memory. Tried to allocate 12.00 MiB. GPU 0 has a total capacity of 11.81 GiB of which 157.19 MiB is free. Process 2307806 has 5.33 GiB memory in use. Process 2307838 has 1.73 GiB memory in
asvspoof_0075,impostor_1,fakeavceleb_01960_Asian(South)_men_id00816,CUDA out of memory. Tried to allocate 38.00 MiB. GPU 0 has a total capacity of 11.81 GiB of which 155.12 MiB is free. Process 2307806 has 5.33 GiB memory in use. Process 2307838 has 1.71 GiB memory in
asvspoof_0075,impostor_2,librispeech_0142,CUDA out of memory. Tried to allocate 84.00 MiB. GPU 0 has a total capacity of 11.81 GiB of which 193.12 MiB is free. Process 2307806 has 5.33 GiB memory in use. Process 2307838 has 1.71 GiB memory in
asvspoof_0075,impostor_3,fakeavceleb_03841_Caucasian(European)_women_id03816,CUDA out of memory. Tried to allocate 32.00 MiB. GPU 0 has a total capacity of 11.81 GiB of which 161.12 MiB is free. Process 2307806 has 5.33 GiB memory in use. Process 2307838 has 1.71 GiB memory in
asvspoof_0075,impostor_4,fakeavceleb_02511_Asian(South)_women_id07686,CUDA out of memory. Tried to allocate 36.00 MiB. GPU 0 has a total capacity of 11.81 GiB of which 157.12 MiB is free. Process 2307806 has 5.33 GiB memory in use. Process 2307838 has 1.71 GiB memory in
asvspoof_0075,impostor_5,fakeavceleb_01716_Asian(East)_women_id06065,CUDA out of memory. Tried to allocate 36.00 MiB. GPU 0 has a total capacity of 11.81 GiB of which 157.12 MiB is free. Process 2307806 has 5.33 GiB memory in use. Process 2307838 has 1.71 GiB memory in
asvspoof_0075,impostor_6,fakeavceleb_03775_Caucasian(European)_women_id00823,CUDA out of memory. Tried to allocate 30.00 MiB. GPU 0 has a total capacity of 11.81 GiB of which 157.12 MiB is free. Process 2307806 has 5.33 GiB memory in use. Process 2307838 has 1.71 GiB memory in
asvspoof_0075,impostor_7,fakeavceleb_01321_Asian(East)_men_id02561,CUDA out of memory. Tried to allocate 48.00 MiB. GPU 0 has a total capacity of 11.81 GiB of which 193.12 MiB is free. Process 2307806 has 5.33 GiB memory in use. Process 2307838 has 1.71 GiB memory in
asvspoof_0075,impostor_8,fakeavceleb_02659_Caucasian(American)_men_id00696,CUDA out of memory. Tried to allocate 32.00 MiB. GPU 0 has a total capacity of 11.81 GiB of which 161.12 MiB is free. Process 2307806 has 5.33 GiB memory in use. Process 2307838 has 1.71 GiB memory in
asvspoof_0075,impostor_9,fakeavceleb_03029_Caucasian(American)_women_id00555,CUDA out of memory. Tried to allocate 42.00 MiB. GPU 0 has a total capacity of 11.81 GiB of which 193.12 MiB is free. Process 2307806 has 5.33 GiB memory in use. Process 2307838 has 1.71 GiB memory in
asvspoof_0075,impostor_10,fakeavceleb_01911_Asian(South)_men_id00414,CUDA out of memory. Tried to allocate 32.00 MiB. GPU 0 has a total capacity of 11.81 GiB of which 161.12 MiB is free. Process 2307806 has 5.33 GiB memory in use. Process 2307838 has 1.71 GiB memory in
asvspoof_0076,genuine,asvspoof_0057,CUDA out of memory. Tried to allocate 24.00 MiB. GPU 0 has a total capacity of 11.81 GiB of which 161.12 MiB is free. Process 2307806 has 5.33 GiB memory in use. Process 2307838 has 1.71 GiB memory in
asvspoof_0076,impostor_1,librispeech_0208,CUDA out of memory. Tried to allocate 86.00 MiB. GPU 0 has a total capacity of 11.81 GiB of which 193.12 MiB is free. Process 2307806 has 5.33 GiB memory in use. Process 2307838 has 1.71 GiB memory in
asvspoof_0076,impostor_2,fakeavceleb_01879_Asian(South)_men_id00078,CUDA out of memory. Tried to allocate 30.00 MiB. GPU 0 has a total capacity of 11.81 GiB of which 163.12 MiB is free. Process 2307806 has 5.33 GiB memory in use. Process 2307838 has 1.71 GiB memory in
asvspoof_0076,impostor_3,librispeech_0055,CUDA out of memory. Tried to allocate 90.00 MiB. GPU 0 has a total capacity of 11.81 GiB of which 193.12 MiB is free. Process 2307806 has 5.33 GiB memory in use. Process 2307838 has 1.71 GiB memory in
asvspoof_0076,impostor_4,fakeavceleb_02599_Caucasian(American)_men_id00088,CUDA out of memory. Tried to allocate 32.00 MiB. GPU 0 has a total capacity of 11.81 GiB of which 161.12 MiB is free. Process 2307806 has 5.33 GiB memory in use. Process 2307838 has 1.71 GiB memory in
asvspoof_0076,impostor_5,librispeech_0485,CUDA out of memory. Tried to allocate 90.00 MiB. GPU 0 has a total capacity of 11.81 GiB of which 191.12 MiB is free. Process 2307806 has 5.33 GiB memory in use. Process 2307838 has 1.72 GiB memory in
asvspoof_0076,impostor_6,fakeavceleb_01350_Asian(East)_men_id04687,CUDA out of memory. Tried to allocate 32.00 MiB. GPU 0 has a total capacity of 11.81 GiB of which 159.12 MiB is free. Process 2307806 has 5.33 GiB memory in use. Process 2307838 has 1.72 GiB memory in
asvspoof_0076,impostor_7,asvspoof_0034,CUDA out of memory. Tried to allocate 20.00 MiB. GPU 0 has a total capacity of 11.81 GiB of which 159.12 MiB is free. Process 2307806 has 5.33 GiB memory in use. Process 2307838 has 1.72 GiB memory in
asvspoof_0076,impostor_8,librispeech_0449,CUDA out of memory. Tried to allocate 96.00 MiB. GPU 0 has a total capacity of 11.81 GiB of which 191.12 MiB is free. Process 2307806 has 5.33 GiB memory in use. Process 2307838 has 1.72 GiB memory in
asvspoof_0076,impostor_9,fakeavceleb_00589_African_men_id00944,CUDA out of memory. Tried to allocate 38.00 MiB. GPU 0 has a total capacity of 11.81 GiB of which 191.12 MiB is free. Process 2307806 has 5.33 GiB memory in use. Process 2307838 has 1.72 GiB memory in
asvspoof_0076,impostor_10,fakeavceleb_02812_Caucasian(American)_men_id03525,CUDA out of memory. Tried to allocate 42.00 MiB. GPU 0 has a total capacity of 11.81 GiB of which 191.12 MiB is free. Process 2307806 has 5.33 GiB memory in use. Process 2307838 has 1.72 GiB memory in
asvspoof_0077,impostor_3,librispeech_0023,CUDA out of memory. Tried to allocate 98.00 MiB. GPU 0 has a total capacity of 11.81 GiB of which 205.00 MiB is free. Process 2307806 has 5.33 GiB memory in use. Process 2307838 has 1.49 GiB memory in
asvspoof_0077,impostor_6,fakeavceleb_00090_African_women_id04705,CUDA out of memory. Tried to allocate 56.00 MiB. GPU 0 has a total capacity of 11.81 GiB of which 207.00 MiB is free. Process 2307806 has 5.33 GiB memory in use. Process 2307838 has 1.49 GiB memory in
asvspoof_0077,impostor_7,fakeavceleb_02695_Caucasian(American)_men_id00971,CUDA out of memory. Tried to allocate 58.00 MiB. GPU 0 has a total capacity of 11.81 GiB of which 205.00 MiB is free. Process 2307806 has 5.33 GiB memory in use. Process 2307838 has 1.49 GiB memory in
asvspoof_0088,impostor_6,librispeech_0124,CUDA out of memory. Tried to allocate 82.00 MiB. GPU 0 has a total capacity of 11.81 GiB of which 231.00 MiB is free. Process 2307806 has 5.33 GiB memory in use. Process 2307838 has 1.17 GiB memory in
asvspoof_0088,impostor_8,librispeech_0109,CUDA out of memory. Tried to allocate 94.00 MiB. GPU 0 has a total capacity of 11.81 GiB of which 203.00 MiB is free. Process 2307806 has 5.33 GiB memory in use. Process 2307838 has 1.18 GiB memory in
asvspoof_0088,impostor_9,librispeech_0076,CUDA out of memory. Tried to allocate 90.00 MiB. GPU 0 has a total capacity of 11.81 GiB of which 203.00 MiB is free. Process 2307806 has 5.33 GiB memory in use. Process 2307838 has 1.18 GiB memory in
asvspoof_0089,impostor_4,librispeech_0258,CUDA out of memory. Tried to allocate 90.00 MiB. GPU 0 has a total capacity of 11.81 GiB of which 180.94 MiB is free. Process 2307806 has 5.33 GiB memory in use. Process 2307838 has 1.20 GiB memory in
asvspoof_0089,impostor_5,librispeech_0026,CUDA out of memory. Tried to allocate 104.00 MiB. GPU 0 has a total capacity of 11.81 GiB of which 170.94 MiB is free. Process 2307806 has 5.33 GiB memory in use. Process 2307838 has 1.20 GiB memory i
asvspoof_0089,impostor_6,librispeech_0320,CUDA out of memory. Tried to allocate 92.00 MiB. GPU 0 has a total capacity of 11.81 GiB of which 170.94 MiB is free. Process 2307806 has 5.33 GiB memory in use. Process 2307838 has 1.20 GiB memory in
asvspoof_0089,impostor_7,fakeavceleb_02763_Caucasian(American)_men_id01175,CUDA out of memory. Tried to allocate 2.00 MiB. GPU 0 has a total capacity of 11.81 GiB of which 155.25 MiB is free. Process 2307806 has 5.33 GiB memory in use. Process 2307838 has 1.21 GiB memory in 
asvspoof_0090,impostor_2,librispeech_0410,CUDA out of memory. Tried to allocate 52.00 MiB. GPU 0 has a total capacity of 11.81 GiB of which 173.06 MiB is free. Process 2307806 has 5.33 GiB memory in use. Process 2307838 has 1.13 GiB memory in
asvspoof_0090,impostor_3,librispeech_0255,CUDA out of memory. Tried to allocate 98.00 MiB. GPU 0 has a total capacity of 11.81 GiB of which 241.06 MiB is free. Process 2307806 has 5.33 GiB memory in use. Process 2307838 has 1.13 GiB memory in
asvspoof_0090,impostor_10,fakeavceleb_01286_Asian(East)_men_id01589,CUDA out of memory. Tried to allocate 2.00 MiB. GPU 0 has a total capacity of 11.81 GiB of which 155.06 MiB is free. Process 2307806 has 5.33 GiB memory in use. Process 2307838 has 1.20 GiB memory in 
asvspoof_0092,impostor_2,librispeech_0302,CUDA out of memory. Tried to allocate 98.00 MiB. GPU 0 has a total capacity of 11.81 GiB of which 213.00 MiB is free. Process 2307806 has 5.33 GiB memory in use. Process 2307838 has 1.17 GiB memory in
asvspoof_0092,impostor_7,librispeech_0109,CUDA out of memory. Tried to allocate 94.00 MiB. GPU 0 has a total capacity of 11.81 GiB of which 191.00 MiB is free. Process 2307806 has 5.33 GiB memory in use. Process 2307838 has 1.19 GiB memory in
asvspoof_0092,impostor_8,fakeavceleb_02162_Asian(South)_men_id08313,CUDA out of memory. Tried to allocate 66.00 MiB. GPU 0 has a total capacity of 11.81 GiB of which 191.00 MiB is free. Process 2307806 has 5.33 GiB memory in use. Process 2307838 has 1.19 GiB memory in
asvspoof_0092,impostor_9,librispeech_0435,CUDA out of memory. Tried to allocate 92.00 MiB. GPU 0 has a total capacity of 11.81 GiB of which 191.00 MiB is free. Process 2307806 has 5.33 GiB memory in use. Process 2307838 has 1.19 GiB memory in
asvspoof_0093,impostor_1,librispeech_0097,CUDA out of memory. Tried to allocate 96.00 MiB. GPU 0 has a total capacity of 11.81 GiB of which 191.00 MiB is free. Process 2307806 has 5.33 GiB memory in use. Process 2307838 has 1.19 GiB memory in
asvspoof_0095,impostor_6,librispeech_0022,CUDA out of memory. Tried to allocate 84.00 MiB. GPU 0 has a total capacity of 11.81 GiB of which 194.88 MiB is free. Process 2307806 has 5.33 GiB memory in use. Process 2307838 has 1.30 GiB memory in
asvspoof_0095,impostor_8,librispeech_0187,CUDA out of memory. Tried to allocate 96.00 MiB. GPU 0 has a total capacity of 11.81 GiB of which 178.88 MiB is free. Process 2307806 has 5.33 GiB memory in use. Process 2307838 has 1.32 GiB memory in
asvspoof_0096,impostor_2,librispeech_0399,CUDA out of memory. Tried to allocate 90.00 MiB. GPU 0 has a total capacity of 11.81 GiB of which 178.88 MiB is free. Process 2307806 has 5.33 GiB memory in use. Process 2307838 has 1.32 GiB memory in
asvspoof_0096,impostor_5,librispeech_0364,CUDA out of memory. Tried to allocate 96.00 MiB. GPU 0 has a total capacity of 11.81 GiB of which 178.88 MiB is free. Process 2307806 has 5.33 GiB memory in use. Process 2307838 has 1.32 GiB memory in
asvspoof_0096,impostor_8,librispeech_0488,CUDA out of memory. Tried to allocate 86.00 MiB. GPU 0 has a total capacity of 11.81 GiB of which 178.88 MiB is free. Process 2307806 has 5.33 GiB memory in use. Process 2307838 has 1.32 GiB memory in
asvspoof_0096,impostor_9,librispeech_0255,CUDA out of memory. Tried to allocate 98.00 MiB. GPU 0 has a total capacity of 11.81 GiB of which 178.88 MiB is free. Process 2307806 has 5.33 GiB memory in use. Process 2307838 has 1.32 GiB memory in
asvspoof_0096,impostor_10,librispeech_0344,CUDA out of memory. Tried to allocate 90.00 MiB. GPU 0 has a total capacity of 11.81 GiB of which 178.88 MiB is free. Process 2307806 has 5.33 GiB memory in use. Process 2307838 has 1.32 GiB memory in
asvspoof_0097,impostor_3,librispeech_0477,CUDA out of memory. Tried to allocate 90.00 MiB. GPU 0 has a total capacity of 11.81 GiB of which 198.88 MiB is free. Process 2307806 has 5.33 GiB memory in use. Process 2307838 has 1.30 GiB memory in
asvspoof_0097,impostor_6,librispeech_0357,CUDA out of memory. Tried to allocate 80.00 MiB. GPU 0 has a total capacity of 11.81 GiB of which 198.88 MiB is free. Process 2307806 has 5.33 GiB memory in use. Process 2307838 has 1.30 GiB memory in
asvspoof_0097,impostor_9,librispeech_0052,CUDA out of memory. Tried to allocate 90.00 MiB. GPU 0 has a total capacity of 11.81 GiB of which 184.88 MiB is free. Process 2307806 has 5.33 GiB memory in use. Process 2307838 has 1.31 GiB memory in
asvspoof_0098,impostor_3,fakeavceleb_00402_Caucasian(European)_men_id00171,CUDA out of memory. Tried to allocate 62.00 MiB. GPU 0 has a total capacity of 11.81 GiB of which 178.88 MiB is free. Process 2307806 has 5.33 GiB memory in use. Process 2307838 has 1.32 GiB memory in
asvspoof_0098,impostor_10,librispeech_0112,CUDA out of memory. Tried to allocate 90.00 MiB. GPU 0 has a total capacity of 11.81 GiB of which 194.88 MiB is free. Process 2307806 has 5.33 GiB memory in use. Process 2307838 has 1.30 GiB memory in
asvspoof_0099,impostor_4,librispeech_0418,CUDA out of memory. Tried to allocate 100.00 MiB. GPU 0 has a total capacity of 11.81 GiB of which 178.88 MiB is free. Process 2307806 has 5.33 GiB memory in use. Process 2307838 has 1.32 GiB memory i
asvspoof_0102,impostor_6,librispeech_0424,CUDA out of memory. Tried to allocate 104.00 MiB. GPU 0 has a total capacity of 11.81 GiB of which 256.94 MiB is free. Process 2307806 has 5.33 GiB memory in use. Process 2307838 has 1.34 GiB memory i
asvspoof_0102,impostor_7,librispeech_0167,CUDA out of memory. Tried to allocate 72.00 MiB. GPU 0 has a total capacity of 11.81 GiB of which 184.94 MiB is free. Process 2307806 has 5.33 GiB memory in use. Process 2307838 has 1.34 GiB memory in
asvspoof_0102,impostor_8,fakeavceleb_03667_Caucasian(European)_women_id00374,CUDA out of memory. Tried to allocate 40.00 MiB. GPU 0 has a total capacity of 11.81 GiB of which 184.94 MiB is free. Process 2307806 has 5.33 GiB memory in use. Process 2307838 has 1.34 GiB memory in
asvspoof_0102,impostor_10,fakeavceleb_02513_Asian(South)_women_id07689,CUDA out of memory. Tried to allocate 40.00 MiB. GPU 0 has a total capacity of 11.81 GiB of which 180.94 MiB is free. Process 2307806 has 5.33 GiB memory in use. Process 2307838 has 1.35 GiB memory in
asvspoof_0103,impostor_1,librispeech_0111,CUDA out of memory. Tried to allocate 90.00 MiB. GPU 0 has a total capacity of 11.81 GiB of which 162.94 MiB is free. Process 2307806 has 5.33 GiB memory in use. Process 2307838 has 1.35 GiB memory in
asvspoof_0106,impostor_10,librispeech_0350,CUDA out of memory. Tried to allocate 58.00 MiB. GPU 0 has a total capacity of 11.81 GiB of which 204.94 MiB is free. Process 2307806 has 5.33 GiB memory in use. Process 2307838 has 1.34 GiB memory in
asvspoof_0107,impostor_7,librispeech_0313,CUDA out of memory. Tried to allocate 104.00 MiB. GPU 0 has a total capacity of 11.81 GiB of which 236.94 MiB is free. Process 2307806 has 5.33 GiB memory in use. Process 2307838 has 1.26 GiB memory i
asvspoof_0107,impostor_8,librispeech_0107,CUDA out of memory. Tried to allocate 84.00 MiB. GPU 0 has a total capacity of 11.81 GiB of which 236.94 MiB is free. Process 2307806 has 5.33 GiB memory in use. Process 2307838 has 1.26 GiB memory in
asvspoof_0107,impostor_9,librispeech_0370,CUDA out of memory. Tried to allocate 104.00 MiB. GPU 0 has a total capacity of 11.81 GiB of which 236.94 MiB is free. Process 2307806 has 5.33 GiB memory in use. Process 2307838 has 1.26 GiB memory i
asvspoof_0108,impostor_5,librispeech_0300,CUDA out of memory. Tried to allocate 90.00 MiB. GPU 0 has a total capacity of 11.81 GiB of which 236.94 MiB is free. Process 2307806 has 5.33 GiB memory in use. Process 2307838 has 1.26 GiB memory in
asvspoof_0108,impostor_8,fakeavceleb_00346_Caucasian(American)_men_id04073,CUDA out of memory. Tried to allocate 84.00 MiB. GPU 0 has a total capacity of 11.81 GiB of which 236.94 MiB is free. Process 2307806 has 5.33 GiB memory in use. Process 2307838 has 1.26 GiB memory in
asvspoof_0168,impostor_10,fakeavceleb_02494_Asian(South)_women_id07136,CUDA out of memory. Tried to allocate 72.00 MiB. GPU 0 has a total capacity of 11.81 GiB of which 186.75 MiB is free. Process 2307806 has 5.33 GiB memory in use. Process 2307838 has 1.34 GiB memory in
asvspoof_0169,impostor_2,librispeech_0398,CUDA out of memory. Tried to allocate 98.00 MiB. GPU 0 has a total capacity of 11.81 GiB of which 164.75 MiB is free. Process 2307806 has 5.33 GiB memory in use. Process 2307838 has 1.33 GiB memory in
asvspoof_0169,impostor_3,librispeech_0074,CUDA out of memory. Tried to allocate 100.00 MiB. GPU 0 has a total capacity of 11.81 GiB of which 162.75 MiB is free. Process 2307806 has 5.33 GiB memory in use. Process 2307838 has 1.33 GiB memory i
asvspoof_0169,impostor_4,librispeech_0466,CUDA out of memory. Tried to allocate 96.00 MiB. GPU 0 has a total capacity of 11.81 GiB of which 162.75 MiB is free. Process 2307806 has 5.33 GiB memory in use. Process 2307838 has 1.33 GiB memory in
asvspoof_0169,impostor_5,librispeech_0071,CUDA out of memory. Tried to allocate 92.00 MiB. GPU 0 has a total capacity of 11.81 GiB of which 162.75 MiB is free. Process 2307806 has 5.33 GiB memory in use. Process 2307838 has 1.33 GiB memory in
asvspoof_0169,impostor_7,fakeavceleb_00587_African_men_id00830,CUDA out of memory. Tried to allocate 58.00 MiB. GPU 0 has a total capacity of 11.81 GiB of which 162.75 MiB is free. Process 2307806 has 5.33 GiB memory in use. Process 2307838 has 1.33 GiB memory in
asvspoof_0253,genuine,asvspoof_0400,Calculated padded input size per channel: (3). Kernel size: (5). Kernel size can't be greater than actual input size
asvspoof_0253,impostor_1,fakeavceleb_02347_Asian(South)_women_id04583,Calculated padded input size per channel: (3). Kernel size: (5). Kernel size can't be greater than actual input size
asvspoof_0253,impostor_2,fakeavceleb_01876_Asian(South)_men_id00078,Calculated padded input size per channel: (3). Kernel size: (5). Kernel size can't be greater than actual input size
asvspoof_0253,impostor_3,librispeech_0197,Calculated padded input size per channel: (3). Kernel size: (5). Kernel size can't be greater than actual input size
asvspoof_0253,impostor_4,fakeavceleb_01292_Asian(East)_men_id01683,Calculated padded input size per channel: (3). Kernel size: (5). Kernel size can't be greater than actual input size
asvspoof_0253,impostor_5,fakeavceleb_01866_Asian(South)_men_id00033,Calculated padded input size per channel: (3). Kernel size: (5). Kernel size can't be greater than actual input size
asvspoof_0253,impostor_6,fakeavceleb_02971_Caucasian(American)_women_id00383,Calculated padded input size per channel: (3). Kernel size: (5). Kernel size can't be greater than actual input size
asvspoof_0253,impostor_7,fakeavceleb_03813_Caucasian(European)_women_id03371,Calculated padded input size per channel: (3). Kernel size: (5). Kernel size can't be greater than actual input size
asvspoof_0253,impostor_8,fakeavceleb_03561_Caucasian(European)_women_id00188,Calculated padded input size per channel: (3). Kernel size: (5). Kernel size can't be greater than actual input size
asvspoof_0253,impostor_9,fakeavceleb_02230_Asian(South)_women_id00488,Calculated padded input size per channel: (3). Kernel size: (5). Kernel size can't be greater than actual input size
asvspoof_0253,impostor_10,fakeavceleb_01288_Asian(East)_men_id01589,Calculated padded input size per channel: (3). Kernel size: (5). Kernel size can't be greater than actual input size
asvspoof_0323,genuine,asvspoof_0119,Calculated padded input size per channel: (1). Kernel size: (7). Kernel size can't be greater than actual input size
asvspoof_0323,impostor_1,fakeavceleb_00374_Caucasian(American)_women_id00680,Calculated padded input size per channel: (1). Kernel size: (7). Kernel size can't be greater than actual input size
asvspoof_0323,impostor_2,fakeavceleb_01523_Asian(East)_women_id00430,Calculated padded input size per channel: (1). Kernel size: (7). Kernel size can't be greater than actual input size
asvspoof_0323,impostor_3,fakeavceleb_01106_African_women_id04245,Calculated padded input size per channel: (1). Kernel size: (7). Kernel size can't be greater than actual input size
asvspoof_0323,impostor_4,librispeech_0439,Calculated padded input size per channel: (1). Kernel size: (7). Kernel size can't be greater than actual input size
asvspoof_0323,impostor_5,fakeavceleb_01742_Asian(East)_women_id06388,Calculated padded input size per channel: (1). Kernel size: (7). Kernel size can't be greater than actual input size
asvspoof_0323,impostor_6,fakeavceleb_02249_Asian(South)_women_id01026,Calculated padded input size per channel: (1). Kernel size: (7). Kernel size can't be greater than actual input size
asvspoof_0323,impostor_7,fakeavceleb_02090_Asian(South)_men_id07161,Calculated padded input size per channel: (1). Kernel size: (7). Kernel size can't be greater than actual input size
asvspoof_0323,impostor_8,librispeech_0444,Calculated padded input size per channel: (1). Kernel size: (7). Kernel size can't be greater than actual input size
asvspoof_0323,impostor_9,librispeech_0076,Calculated padded input size per channel: (1). Kernel size: (7). Kernel size can't be greater than actual input size
asvspoof_0323,impostor_10,librispeech_0374,Calculated padded input size per channel: (1). Kernel size: (7). Kernel size can't be greater than actual input size
