stem,trial,ref_stem,reason
asvspoof_0028,genuine,asvspoof_0028,"CUDA out of memory. Tried to allocate 688.00 MiB. GPU 0 has a total capacity of 11.81 GiB of which 708.00 MiB is free. Process 2255182 has 1.85 GiB memory in use. Including non-PyTorch memory, this pr"
fakeavceleb_00004_African_men_id00391,genuine,fakeavceleb_00004_African_men_id00391,"CUDA out of memory. Tried to allocate 1.79 GiB. GPU 0 has a total capacity of 11.81 GiB of which 1.00 GiB is free. Process 2255182 has 1.85 GiB memory in use. Including non-PyTorch memory, this proces"
fakeavceleb_00014_African_men_id00987,genuine,fakeavceleb_00014_African_men_id00987,"CUDA out of memory. Tried to allocate 942.00 MiB. GPU 0 has a total capacity of 11.81 GiB of which 174.94 MiB is free. Process 2255182 has 1.85 GiB memory in use. Including non-PyTorch memory, this pr"
fakeavceleb_00026_African_men_id01530,genuine,fakeavceleb_00026_African_men_id01530,"CUDA out of memory. Tried to allocate 1.92 GiB. GPU 0 has a total capacity of 11.81 GiB of which 2.04 GiB is free. Process 2255182 has 1.85 GiB memory in use. Including non-PyTorch memory, this proces"
fakeavceleb_00029_African_men_id01598,genuine,fakeavceleb_00029_African_men_id01598,"CUDA out of memory. Tried to allocate 1.54 GiB. GPU 0 has a total capacity of 11.81 GiB of which 1.21 GiB is free. Process 2255182 has 1.85 GiB memory in use. Including non-PyTorch memory, this proces"
fakeavceleb_00030_African_men_id01610,genuine,fakeavceleb_00030_African_men_id01610,"CUDA out of memory. Tried to allocate 876.00 MiB. GPU 0 has a total capacity of 11.81 GiB of which 297.69 MiB is free. Process 2255182 has 1.85 GiB memory in use. Including non-PyTorch memory, this pr"
fakeavceleb_00045_African_men_id02296,genuine,fakeavceleb_00045_African_men_id02296,"CUDA out of memory. Tried to allocate 2.00 GiB. GPU 0 has a total capacity of 11.81 GiB of which 421.38 MiB is free. Process 2255182 has 1.85 GiB memory in use. Including non-PyTorch memory, this proc"
fakeavceleb_00059_African_women_id00832,genuine,fakeavceleb_00059_African_women_id00832,"CUDA out of memory. Tried to allocate 2.21 GiB. GPU 0 has a total capacity of 11.81 GiB of which 591.00 MiB is free. Process 2255182 has 1.85 GiB memory in use. Including non-PyTorch memory, this proc"
fakeavceleb_00078_African_women_id03656,genuine,fakeavceleb_00078_African_women_id03656,"CUDA out of memory. Tried to allocate 3.28 GiB. GPU 0 has a total capacity of 11.81 GiB of which 2.42 GiB is free. Process 2255182 has 1.85 GiB memory in use. Including non-PyTorch memory, this proces"
fakeavceleb_00080_African_women_id03713,genuine,fakeavceleb_00080_African_women_id03713,"CUDA out of memory. Tried to allocate 1.67 GiB. GPU 0 has a total capacity of 11.81 GiB of which 1.56 GiB is free. Process 2255182 has 1.85 GiB memory in use. Including non-PyTorch memory, this proces"
fakeavceleb_00088_African_women_id04547,genuine,fakeavceleb_00088_African_women_id04547,"CUDA out of memory. Tried to allocate 2.19 GiB. GPU 0 has a total capacity of 11.81 GiB of which 313.00 MiB is free. Process 2255182 has 1.85 GiB memory in use. Including non-PyTorch memory, this proc"
fakeavceleb_00104_Asian(East)_men_id00740,genuine,fakeavceleb_00104_Asian(East)_men_id00740,"CUDA out of memory. Tried to allocate 2.46 GiB. GPU 0 has a total capacity of 11.81 GiB of which 2.14 GiB is free. Process 2255182 has 1.85 GiB memory in use. Including non-PyTorch memory, this proces"
fakeavceleb_00108_Asian(East)_men_id01215,genuine,fakeavceleb_00108_Asian(East)_men_id01215,"CUDA out of memory. Tried to allocate 1.65 GiB. GPU 0 has a total capacity of 11.81 GiB of which 1.42 GiB is free. Process 2255182 has 1.85 GiB memory in use. Including non-PyTorch memory, this proces"
fakeavceleb_00113_Asian(East)_men_id02493,genuine,fakeavceleb_00113_Asian(East)_men_id02493,"CUDA out of memory. Tried to allocate 1.23 GiB. GPU 0 has a total capacity of 11.81 GiB of which 1.07 GiB is free. Process 2255182 has 1.85 GiB memory in use. Including non-PyTorch memory, this proces"
fakeavceleb_00114_Asian(East)_men_id02553,genuine,fakeavceleb_00114_Asian(East)_men_id02553,"CUDA out of memory. Tried to allocate 2.81 GiB. GPU 0 has a total capacity of 11.81 GiB of which 1.07 GiB is free. Process 2255182 has 1.85 GiB memory in use. Including non-PyTorch memory, this proces"
fakeavceleb_00117_Asian(East)_men_id03168,genuine,fakeavceleb_00117_Asian(East)_men_id03168,"CUDA out of memory. Tried to allocate 1.34 GiB. GPU 0 has a total capacity of 11.81 GiB of which 1.07 GiB is free. Process 2255182 has 1.85 GiB memory in use. Including non-PyTorch memory, this proces"
fakeavceleb_00119_Asian(East)_men_id03965,genuine,fakeavceleb_00119_Asian(East)_men_id03965,"CUDA out of memory. Tried to allocate 3.01 GiB. GPU 0 has a total capacity of 11.81 GiB of which 1.07 GiB is free. Process 2255182 has 1.85 GiB memory in use. Including non-PyTorch memory, this proces"
fakeavceleb_00121_Asian(East)_men_id04222,genuine,fakeavceleb_00121_Asian(East)_men_id04222,"CUDA out of memory. Tried to allocate 1.29 GiB. GPU 0 has a total capacity of 11.81 GiB of which 1.07 GiB is free. Process 2255182 has 1.85 GiB memory in use. Including non-PyTorch memory, this proces"
fakeavceleb_00122_Asian(East)_men_id04687,genuine,fakeavceleb_00122_Asian(East)_men_id04687,"CUDA out of memory. Tried to allocate 2.69 GiB. GPU 0 has a total capacity of 11.81 GiB of which 1.07 GiB is free. Process 2255182 has 1.85 GiB memory in use. Including non-PyTorch memory, this proces"
fakeavceleb_00151_Asian(East)_women_id00363,genuine,fakeavceleb_00151_Asian(East)_women_id00363,"CUDA out of memory. Tried to allocate 1.51 GiB. GPU 0 has a total capacity of 11.81 GiB of which 944.94 MiB is free. Process 2255182 has 1.85 GiB memory in use. Including non-PyTorch memory, this proc"
fakeavceleb_00153_Asian(East)_women_id00566,genuine,fakeavceleb_00153_Asian(East)_women_id00566,"CUDA out of memory. Tried to allocate 1.87 GiB. GPU 0 has a total capacity of 11.81 GiB of which 944.94 MiB is free. Process 2255182 has 1.85 GiB memory in use. Including non-PyTorch memory, this proc"
fakeavceleb_00154_Asian(East)_women_id00579,genuine,fakeavceleb_00154_Asian(East)_women_id00579,"CUDA out of memory. Tried to allocate 2.03 GiB. GPU 0 has a total capacity of 11.81 GiB of which 944.94 MiB is free. Process 2255182 has 1.85 GiB memory in use. Including non-PyTorch memory, this proc"
fakeavceleb_00157_Asian(East)_women_id00935,genuine,fakeavceleb_00157_Asian(East)_women_id00935,"CUDA out of memory. Tried to allocate 1.21 GiB. GPU 0 has a total capacity of 11.81 GiB of which 944.94 MiB is free. Process 2255182 has 1.85 GiB memory in use. Including non-PyTorch memory, this proc"
fakeavceleb_00169_Asian(East)_women_id04701,genuine,fakeavceleb_00169_Asian(East)_women_id04701,"CUDA out of memory. Tried to allocate 3.19 GiB. GPU 0 has a total capacity of 11.81 GiB of which 150.00 MiB is free. Process 2255182 has 1.85 GiB memory in use. Including non-PyTorch memory, this proc"
fakeavceleb_00179_Asian(East)_women_id06158,genuine,fakeavceleb_00179_Asian(East)_women_id06158,"CUDA out of memory. Tried to allocate 2.17 GiB. GPU 0 has a total capacity of 11.81 GiB of which 438.25 MiB is free. Process 2255182 has 1.85 GiB memory in use. Including non-PyTorch memory, this proc"
fakeavceleb_00190_Asian(East)_women_id08139,genuine,fakeavceleb_00190_Asian(East)_women_id08139,"CUDA out of memory. Tried to allocate 3.47 GiB. GPU 0 has a total capacity of 11.81 GiB of which 3.36 GiB is free. Process 2255182 has 1.85 GiB memory in use. Including non-PyTorch memory, this proces"
fakeavceleb_00195_Asian(East)_women_id09125,genuine,fakeavceleb_00195_Asian(East)_women_id09125,"CUDA out of memory. Tried to allocate 4.75 GiB. GPU 0 has a total capacity of 11.81 GiB of which 4.47 GiB is free. Process 2255182 has 1.85 GiB memory in use. Including non-PyTorch memory, this proces"
fakeavceleb_00206_Asian(South)_men_id00414,genuine,fakeavceleb_00206_Asian(South)_men_id00414,"CUDA out of memory. Tried to allocate 3.63 GiB. GPU 0 has a total capacity of 11.81 GiB of which 3.18 GiB is free. Process 2255182 has 1.85 GiB memory in use. Including non-PyTorch memory, this proces"
fakeavceleb_00227_Asian(South)_men_id04601,genuine,fakeavceleb_00227_Asian(South)_men_id04601,"CUDA out of memory. Tried to allocate 1.88 GiB. GPU 0 has a total capacity of 11.81 GiB of which 1.17 GiB is free. Process 2255182 has 1.85 GiB memory in use. Including non-PyTorch memory, this proces"
fakeavceleb_00228_Asian(South)_men_id04928,genuine,fakeavceleb_00228_Asian(South)_men_id04928,"CUDA out of memory. Tried to allocate 3.24 GiB. GPU 0 has a total capacity of 11.81 GiB of which 1.70 GiB is free. Process 2255182 has 1.85 GiB memory in use. Including non-PyTorch memory, this proces"
fakeavceleb_00241_Asian(South)_men_id07195,genuine,fakeavceleb_00241_Asian(South)_men_id07195,"CUDA out of memory. Tried to allocate 1.74 GiB. GPU 0 has a total capacity of 11.81 GiB of which 705.94 MiB is free. Process 2255182 has 1.85 GiB memory in use. Including non-PyTorch memory, this proc"
fakeavceleb_00244_Asian(South)_men_id07233,genuine,fakeavceleb_00244_Asian(South)_men_id07233,"CUDA out of memory. Tried to allocate 2.22 GiB. GPU 0 has a total capacity of 11.81 GiB of which 1.14 GiB is free. Process 2255182 has 1.85 GiB memory in use. Including non-PyTorch memory, this proces"
fakeavceleb_00248_Asian(South)_men_id08314,genuine,fakeavceleb_00248_Asian(South)_men_id08314,"CUDA out of memory. Tried to allocate 1.02 GiB. GPU 0 has a total capacity of 11.81 GiB of which 260.00 MiB is free. Process 2255182 has 1.85 GiB memory in use. Including non-PyTorch memory, this proc"
fakeavceleb_00250_Asian(South)_women_id00043,genuine,fakeavceleb_00250_Asian(South)_women_id00043,"CUDA out of memory. Tried to allocate 970.00 MiB. GPU 0 has a total capacity of 11.81 GiB of which 260.00 MiB is free. Process 2255182 has 1.85 GiB memory in use. Including non-PyTorch memory, this pr"
fakeavceleb_00254_Asian(South)_women_id00417,genuine,fakeavceleb_00254_Asian(South)_women_id00417,"CUDA out of memory. Tried to allocate 2.17 GiB. GPU 0 has a total capacity of 11.81 GiB of which 354.75 MiB is free. Process 2255182 has 1.85 GiB memory in use. Including non-PyTorch memory, this proc"
fakeavceleb_00259_Asian(South)_women_id01026,genuine,fakeavceleb_00259_Asian(South)_women_id01026,"CUDA out of memory. Tried to allocate 1.52 GiB. GPU 0 has a total capacity of 11.81 GiB of which 304.75 MiB is free. Process 2255182 has 1.85 GiB memory in use. Including non-PyTorch memory, this proc"
fakeavceleb_00264_Asian(South)_women_id03815,genuine,fakeavceleb_00264_Asian(South)_women_id03815,"CUDA out of memory. Tried to allocate 2.38 GiB. GPU 0 has a total capacity of 11.81 GiB of which 1.94 GiB is free. Process 2255182 has 1.85 GiB memory in use. Including non-PyTorch memory, this proces"
fakeavceleb_00275_Asian(South)_women_id05434,genuine,fakeavceleb_00275_Asian(South)_women_id05434,"CUDA out of memory. Tried to allocate 1.71 GiB. GPU 0 has a total capacity of 11.81 GiB of which 169.62 MiB is free. Process 2255182 has 1.85 GiB memory in use. Including non-PyTorch memory, this proc"
fakeavceleb_00312_Caucasian(American)_men_id00184,genuine,fakeavceleb_00312_Caucasian(American)_men_id00184,"CUDA out of memory. Tried to allocate 3.29 GiB. GPU 0 has a total capacity of 11.81 GiB of which 2.13 GiB is free. Process 2255182 has 1.85 GiB memory in use. Including non-PyTorch memory, this proces"
fakeavceleb_00314_Caucasian(American)_men_id00264,genuine,fakeavceleb_00314_Caucasian(American)_men_id00264,"CUDA out of memory. Tried to allocate 2.38 GiB. GPU 0 has a total capacity of 11.81 GiB of which 2.27 GiB is free. Process 2255182 has 1.85 GiB memory in use. Including non-PyTorch memory, this proces"
fakeavceleb_00325_Caucasian(American)_men_id01042,genuine,fakeavceleb_00325_Caucasian(American)_men_id01042,"CUDA out of memory. Tried to allocate 2.11 GiB. GPU 0 has a total capacity of 11.81 GiB of which 814.94 MiB is free. Process 2255182 has 1.85 GiB memory in use. Including non-PyTorch memory, this proc"
fakeavceleb_00357_Caucasian(American)_women_id00231,genuine,fakeavceleb_00357_Caucasian(American)_women_id00231,"CUDA out of memory. Tried to allocate 5.39 GiB. GPU 0 has a total capacity of 11.81 GiB of which 4.03 GiB is free. Process 2255182 has 1.85 GiB memory in use. Including non-PyTorch memory, this proces"
fakeavceleb_00381_Caucasian(American)_women_id01005,genuine,fakeavceleb_00381_Caucasian(American)_women_id01005,"CUDA out of memory. Tried to allocate 778.00 MiB. GPU 0 has a total capacity of 11.81 GiB of which 311.88 MiB is free. Process 2255182 has 1.85 GiB memory in use. Including non-PyTorch memory, this pr"
fakeavceleb_00398_Caucasian(American)_women_id03707,genuine,fakeavceleb_00398_Caucasian(American)_women_id03707,"CUDA out of memory. Tried to allocate 3.34 GiB. GPU 0 has a total capacity of 11.81 GiB of which 943.69 MiB is free. Process 2255182 has 1.85 GiB memory in use. Including non-PyTorch memory, this proc"
fakeavceleb_00411_Caucasian(European)_men_id00265,genuine,fakeavceleb_00411_Caucasian(European)_men_id00265,"CUDA out of memory. Tried to allocate 1.32 GiB. GPU 0 has a total capacity of 11.81 GiB of which 634.94 MiB is free. Process 2255182 has 1.85 GiB memory in use. Including non-PyTorch memory, this proc"
fakeavceleb_00414_Caucasian(European)_men_id00292,genuine,fakeavceleb_00414_Caucasian(European)_men_id00292,"CUDA out of memory. Tried to allocate 1.96 GiB. GPU 0 has a total capacity of 11.81 GiB of which 476.94 MiB is free. Process 2255182 has 1.85 GiB memory in use. Including non-PyTorch memory, this proc"
fakeavceleb_00425_Caucasian(European)_men_id00554,genuine,fakeavceleb_00425_Caucasian(European)_men_id00554,"CUDA out of memory. Tried to allocate 1.69 GiB. GPU 0 has a total capacity of 11.81 GiB of which 191.00 MiB is free. Process 2255182 has 1.85 GiB memory in use. Including non-PyTorch memory, this proc"
fakeavceleb_00428_Caucasian(European)_men_id00694,genuine,fakeavceleb_00428_Caucasian(European)_men_id00694,"CUDA out of memory. Tried to allocate 2.16 GiB. GPU 0 has a total capacity of 11.81 GiB of which 191.00 MiB is free. Process 2255182 has 1.85 GiB memory in use. Including non-PyTorch memory, this proc"
fakeavceleb_00442_Caucasian(European)_men_id01102,genuine,fakeavceleb_00442_Caucasian(European)_men_id01102,"CUDA out of memory. Tried to allocate 1.97 GiB. GPU 0 has a total capacity of 11.81 GiB of which 950.38 MiB is free. Process 2255182 has 1.85 GiB memory in use. Including non-PyTorch memory, this proc"
fakeavceleb_00445_Caucasian(European)_men_id01154,genuine,fakeavceleb_00445_Caucasian(European)_men_id01154,"CUDA out of memory. Tried to allocate 2.31 GiB. GPU 0 has a total capacity of 11.81 GiB of which 950.38 MiB is free. Process 2255182 has 1.85 GiB memory in use. Including non-PyTorch memory, this proc"
fakeavceleb_00457_Caucasian(European)_women_id00270,genuine,fakeavceleb_00457_Caucasian(European)_women_id00270,"CUDA out of memory. Tried to allocate 4.27 GiB. GPU 0 has a total capacity of 11.81 GiB of which 711.94 MiB is free. Process 2255182 has 1.85 GiB memory in use. Including non-PyTorch memory, this proc"
fakeavceleb_00458_Caucasian(European)_women_id00271,genuine,fakeavceleb_00458_Caucasian(European)_women_id00271,"CUDA out of memory. Tried to allocate 1.66 GiB. GPU 0 has a total capacity of 11.81 GiB of which 711.94 MiB is free. Process 2255182 has 1.85 GiB memory in use. Including non-PyTorch memory, this proc"
fakeavceleb_00466_Caucasian(European)_women_id00374,genuine,fakeavceleb_00466_Caucasian(European)_women_id00374,"CUDA out of memory. Tried to allocate 3.69 GiB. GPU 0 has a total capacity of 11.81 GiB of which 2.61 GiB is free. Process 2255182 has 1.85 GiB memory in use. Including non-PyTorch memory, this proces"
fakeavceleb_00483_Caucasian(European)_women_id00813,genuine,fakeavceleb_00483_Caucasian(European)_women_id00813,"CUDA out of memory. Tried to allocate 4.76 GiB. GPU 0 has a total capacity of 11.81 GiB of which 1.44 GiB is free. Process 2255182 has 1.85 GiB memory in use. Including non-PyTorch memory, this proces"
fakeavceleb_00505_African_men_id00076,genuine,fakeavceleb_00505_African_men_id00076,"CUDA out of memory. Tried to allocate 1.43 GiB. GPU 0 has a total capacity of 11.81 GiB of which 206.94 MiB is free. Process 2255182 has 1.85 GiB memory in use. Including non-PyTorch memory, this proc"
fakeavceleb_00506_African_men_id00076,genuine,fakeavceleb_00506_African_men_id00076,"CUDA out of memory. Tried to allocate 3.09 GiB. GPU 0 has a total capacity of 11.81 GiB of which 272.94 MiB is free. Process 2255182 has 1.85 GiB memory in use. Including non-PyTorch memory, this proc"
fakeavceleb_00507_African_men_id00076,genuine,fakeavceleb_00507_African_men_id00076,"CUDA out of memory. Tried to allocate 1.34 GiB. GPU 0 has a total capacity of 11.81 GiB of which 186.94 MiB is free. Process 2255182 has 1.85 GiB memory in use. Including non-PyTorch memory, this proc"
fakeavceleb_00515_African_men_id00166,genuine,fakeavceleb_00515_African_men_id00166,"CUDA out of memory. Tried to allocate 3.82 GiB. GPU 0 has a total capacity of 11.81 GiB of which 3.30 GiB is free. Process 2255182 has 1.85 GiB memory in use. Including non-PyTorch memory, this proces"
fakeavceleb_00516_African_men_id00166,genuine,fakeavceleb_00516_African_men_id00166,"CUDA out of memory. Tried to allocate 2.09 GiB. GPU 0 has a total capacity of 11.81 GiB of which 334.19 MiB is free. Process 2255182 has 1.85 GiB memory in use. Including non-PyTorch memory, this proc"
fakeavceleb_00519_African_men_id00166,genuine,fakeavceleb_00519_African_men_id00166,"CUDA out of memory. Tried to allocate 1.95 GiB. GPU 0 has a total capacity of 11.81 GiB of which 334.19 MiB is free. Process 2255182 has 1.85 GiB memory in use. Including non-PyTorch memory, this proc"
fakeavceleb_00546_African_men_id00366,genuine,fakeavceleb_00546_African_men_id00366,"CUDA out of memory. Tried to allocate 1.63 GiB. GPU 0 has a total capacity of 11.81 GiB of which 338.38 MiB is free. Process 2255182 has 1.85 GiB memory in use. Including non-PyTorch memory, this proc"
fakeavceleb_00547_African_men_id00391,genuine,fakeavceleb_00547_African_men_id00391,"CUDA out of memory. Tried to allocate 1.79 GiB. GPU 0 has a total capacity of 11.81 GiB of which 338.38 MiB is free. Process 2255182 has 1.85 GiB memory in use. Including non-PyTorch memory, this proc"
fakeavceleb_00553_African_men_id00475,genuine,fakeavceleb_00553_African_men_id00475,"CUDA out of memory. Tried to allocate 1.44 GiB. GPU 0 has a total capacity of 11.81 GiB of which 284.31 MiB is free. Process 2255182 has 1.85 GiB memory in use. Including non-PyTorch memory, this proc"
fakeavceleb_00582_African_men_id00781,genuine,fakeavceleb_00582_African_men_id00781,"CUDA out of memory. Tried to allocate 7.06 GiB. GPU 0 has a total capacity of 11.81 GiB of which 2.74 GiB is free. Process 2255182 has 1.85 GiB memory in use. Including non-PyTorch memory, this proces"
fakeavceleb_00584_African_men_id00781,genuine,fakeavceleb_00584_African_men_id00781,"CUDA out of memory. Tried to allocate 2.18 GiB. GPU 0 has a total capacity of 11.81 GiB of which 1.65 GiB is free. Process 2255182 has 1.85 GiB memory in use. Including non-PyTorch memory, this proces"
fakeavceleb_00596_African_men_id00987,genuine,fakeavceleb_00596_African_men_id00987,"CUDA out of memory. Tried to allocate 1.23 GiB. GPU 0 has a total capacity of 11.81 GiB of which 199.00 MiB is free. Process 2255182 has 1.85 GiB memory in use. Including non-PyTorch memory, this proc"
fakeavceleb_00608_African_men_id01076,genuine,fakeavceleb_00608_African_men_id01076,"CUDA out of memory. Tried to allocate 2.23 GiB. GPU 0 has a total capacity of 11.81 GiB of which 860.94 MiB is free. Process 2255182 has 1.85 GiB memory in use. Including non-PyTorch memory, this proc"
fakeavceleb_00624_African_men_id01179,genuine,fakeavceleb_00624_African_men_id01179,"CUDA out of memory. Tried to allocate 2.56 GiB. GPU 0 has a total capacity of 11.81 GiB of which 2.42 GiB is free. Process 2255182 has 1.85 GiB memory in use. Including non-PyTorch memory, this proces"
fakeavceleb_00629_African_men_id01179,genuine,fakeavceleb_00629_African_men_id01179,"CUDA out of memory. Tried to allocate 2.29 GiB. GPU 0 has a total capacity of 11.81 GiB of which 1.66 GiB is free. Process 2255182 has 1.85 GiB memory in use. Including non-PyTorch memory, this proces"
fakeavceleb_00640_African_men_id01236,genuine,fakeavceleb_00640_African_men_id01236,"CUDA out of memory. Tried to allocate 1.67 GiB. GPU 0 has a total capacity of 11.81 GiB of which 1.18 GiB is free. Process 2255182 has 1.85 GiB memory in use. Including non-PyTorch memory, this proces"
fakeavceleb_00644_African_men_id01236,genuine,fakeavceleb_00644_African_men_id01236,"CUDA out of memory. Tried to allocate 1.66 GiB. GPU 0 has a total capacity of 11.81 GiB of which 769.94 MiB is free. Process 2255182 has 1.85 GiB memory in use. Including non-PyTorch memory, this proc"
fakeavceleb_00645_African_men_id01236,genuine,fakeavceleb_00645_African_men_id01236,"CUDA out of memory. Tried to allocate 1.12 GiB. GPU 0 has a total capacity of 11.81 GiB of which 735.94 MiB is free. Process 2255182 has 1.85 GiB memory in use. Including non-PyTorch memory, this proc"
fakeavceleb_00647_African_men_id01236,genuine,fakeavceleb_00647_African_men_id01236,"CUDA out of memory. Tried to allocate 1.63 GiB. GPU 0 has a total capacity of 11.81 GiB of which 361.94 MiB is free. Process 2255182 has 1.85 GiB memory in use. Including non-PyTorch memory, this proc"
fakeavceleb_00649_African_men_id01392,genuine,fakeavceleb_00649_African_men_id01392,"CUDA out of memory. Tried to allocate 1.51 GiB. GPU 0 has a total capacity of 11.81 GiB of which 1.12 GiB is free. Process 2255182 has 1.85 GiB memory in use. Including non-PyTorch memory, this proces"
fakeavceleb_00667_African_men_id01521,genuine,fakeavceleb_00667_African_men_id01521,"CUDA out of memory. Tried to allocate 3.84 GiB. GPU 0 has a total capacity of 11.81 GiB of which 2.74 GiB is free. Process 2255182 has 1.85 GiB memory in use. Including non-PyTorch memory, this proces"
fakeavceleb_00672_African_men_id01528,genuine,fakeavceleb_00672_African_men_id01528,"CUDA out of memory. Tried to allocate 3.40 GiB. GPU 0 has a total capacity of 11.81 GiB of which 2.57 GiB is free. Process 2255182 has 1.85 GiB memory in use. Including non-PyTorch memory, this proces"
fakeavceleb_00673_African_men_id01528,genuine,fakeavceleb_00673_African_men_id01528,"CUDA out of memory. Tried to allocate 4.58 GiB. GPU 0 has a total capacity of 11.81 GiB of which 2.41 GiB is free. Process 2255182 has 1.85 GiB memory in use. Including non-PyTorch memory, this proces"
fakeavceleb_00703_African_men_id01598,genuine,fakeavceleb_00703_African_men_id01598,"CUDA out of memory. Tried to allocate 1.74 GiB. GPU 0 has a total capacity of 11.81 GiB of which 1.23 GiB is free. Process 2255182 has 1.85 GiB memory in use. Including non-PyTorch memory, this proces"
fakeavceleb_00704_African_men_id01598,genuine,fakeavceleb_00704_African_men_id01598,"CUDA out of memory. Tried to allocate 1.23 GiB. GPU 0 has a total capacity of 11.81 GiB of which 1.23 GiB is free. Process 2255182 has 1.85 GiB memory in use. Including non-PyTorch memory, this proces"
fakeavceleb_00706_African_men_id01598,genuine,fakeavceleb_00706_African_men_id01598,"CUDA out of memory. Tried to allocate 2.51 GiB. GPU 0 has a total capacity of 11.81 GiB of which 1.82 GiB is free. Process 2255182 has 1.85 GiB memory in use. Including non-PyTorch memory, this proces"
fakeavceleb_00708_African_men_id01598,genuine,fakeavceleb_00708_African_men_id01598,"CUDA out of memory. Tried to allocate 2.56 GiB. GPU 0 has a total capacity of 11.81 GiB of which 1.68 GiB is free. Process 2255182 has 1.85 GiB memory in use. Including non-PyTorch memory, this proces"
fakeavceleb_00717_African_men_id01610,genuine,fakeavceleb_00717_African_men_id01610,"CUDA out of memory. Tried to allocate 3.63 GiB. GPU 0 has a total capacity of 11.81 GiB of which 2.22 GiB is free. Process 2255182 has 1.85 GiB memory in use. Including non-PyTorch memory, this proces"
fakeavceleb_00718_African_men_id01610,genuine,fakeavceleb_00718_African_men_id01610,"CUDA out of memory. Tried to allocate 864.00 MiB. GPU 0 has a total capacity of 11.81 GiB of which 539.69 MiB is free. Process 2255182 has 1.85 GiB memory in use. Including non-PyTorch memory, this pr"
fakeavceleb_00734_African_men_id01717,genuine,fakeavceleb_00734_African_men_id01717,"CUDA out of memory. Tried to allocate 2.02 GiB. GPU 0 has a total capacity of 11.81 GiB of which 423.31 MiB is free. Process 2255182 has 1.85 GiB memory in use. Including non-PyTorch memory, this proc"
fakeavceleb_00745_African_men_id01779,genuine,fakeavceleb_00745_African_men_id01779,"CUDA out of memory. Tried to allocate 2.88 GiB. GPU 0 has a total capacity of 11.81 GiB of which 2.17 GiB is free. Process 2255182 has 1.85 GiB memory in use. Including non-PyTorch memory, this proces"
fakeavceleb_00761_African_men_id01933,genuine,fakeavceleb_00761_African_men_id01933,"CUDA out of memory. Tried to allocate 2.33 GiB. GPU 0 has a total capacity of 11.81 GiB of which 606.94 MiB is free. Process 2255182 has 1.85 GiB memory in use. Including non-PyTorch memory, this proc"
fakeavceleb_00774_African_men_id01972,genuine,fakeavceleb_00774_African_men_id01972,"CUDA out of memory. Tried to allocate 2.25 GiB. GPU 0 has a total capacity of 11.81 GiB of which 1.41 GiB is free. Process 2255182 has 1.85 GiB memory in use. Including non-PyTorch memory, this proces"
fakeavceleb_00786_African_men_id02005,genuine,fakeavceleb_00786_African_men_id02005,"CUDA out of memory. Tried to allocate 2.72 GiB. GPU 0 has a total capacity of 11.81 GiB of which 1.35 GiB is free. Process 2255182 has 1.85 GiB memory in use. Including non-PyTorch memory, this proces"
fakeavceleb_00788_African_men_id02005,genuine,fakeavceleb_00788_African_men_id02005,"CUDA out of memory. Tried to allocate 2.57 GiB. GPU 0 has a total capacity of 11.81 GiB of which 1.01 GiB is free. Process 2255182 has 1.85 GiB memory in use. Including non-PyTorch memory, this proces"
fakeavceleb_00805_African_men_id02051,genuine,fakeavceleb_00805_African_men_id02051,"CUDA out of memory. Tried to allocate 1.65 GiB. GPU 0 has a total capacity of 11.81 GiB of which 1.36 GiB is free. Process 2255182 has 1.85 GiB memory in use. Including non-PyTorch memory, this proces"
fakeavceleb_00806_African_men_id02051,genuine,fakeavceleb_00806_African_men_id02051,"CUDA out of memory. Tried to allocate 1.80 GiB. GPU 0 has a total capacity of 11.81 GiB of which 1.36 GiB is free. Process 2255182 has 1.85 GiB memory in use. Including non-PyTorch memory, this proces"
fakeavceleb_00814_African_men_id02296,genuine,fakeavceleb_00814_African_men_id02296,"CUDA out of memory. Tried to allocate 2.67 GiB. GPU 0 has a total capacity of 11.81 GiB of which 808.94 MiB is free. Process 2255182 has 1.85 GiB memory in use. Including non-PyTorch memory, this proc"
fakeavceleb_00815_African_men_id02296,genuine,fakeavceleb_00815_African_men_id02296,"CUDA out of memory. Tried to allocate 1.99 GiB. GPU 0 has a total capacity of 11.81 GiB of which 744.94 MiB is free. Process 2255182 has 1.85 GiB memory in use. Including non-PyTorch memory, this proc"
fakeavceleb_00819_African_men_id02296,genuine,fakeavceleb_00819_African_men_id02296,"CUDA out of memory. Tried to allocate 2.16 GiB. GPU 0 has a total capacity of 11.81 GiB of which 646.94 MiB is free. Process 2255182 has 1.85 GiB memory in use. Including non-PyTorch memory, this proc"
fakeavceleb_00825_African_men_id02316,genuine,fakeavceleb_00825_African_men_id02316,"CUDA out of memory. Tried to allocate 2.96 GiB. GPU 0 has a total capacity of 11.81 GiB of which 3.07 GiB is free. Process 2255182 has 1.85 GiB memory in use. Including non-PyTorch memory, this proces"
fakeavceleb_00834_African_men_id02494,genuine,fakeavceleb_00834_African_men_id02494,"CUDA out of memory. Tried to allocate 1.90 GiB. GPU 0 has a total capacity of 11.81 GiB of which 804.56 MiB is free. Process 2255182 has 1.85 GiB memory in use. Including non-PyTorch memory, this proc"
fakeavceleb_00836_African_men_id02494,genuine,fakeavceleb_00836_African_men_id02494,"CUDA out of memory. Tried to allocate 1.67 GiB. GPU 0 has a total capacity of 11.81 GiB of which 557.94 MiB is free. Process 2255182 has 1.85 GiB memory in use. Including non-PyTorch memory, this proc"
fakeavceleb_00841_African_men_id02494,genuine,fakeavceleb_00841_African_men_id02494,"CUDA out of memory. Tried to allocate 1.90 GiB. GPU 0 has a total capacity of 11.81 GiB of which 364.06 MiB is free. Process 2255182 has 1.85 GiB memory in use. Including non-PyTorch memory, this proc"
fakeavceleb_00848_African_men_id04727,genuine,fakeavceleb_00848_African_men_id04727,"CUDA out of memory. Tried to allocate 1.71 GiB. GPU 0 has a total capacity of 11.81 GiB of which 960.06 MiB is free. Process 2255182 has 1.85 GiB memory in use. Including non-PyTorch memory, this proc"
fakeavceleb_00850_African_men_id04727,genuine,fakeavceleb_00850_African_men_id04727,"CUDA out of memory. Tried to allocate 1.53 GiB. GPU 0 has a total capacity of 11.81 GiB of which 942.06 MiB is free. Process 2255182 has 1.85 GiB memory in use. Including non-PyTorch memory, this proc"
fakeavceleb_00866_African_women_id00359,genuine,fakeavceleb_00866_African_women_id00359,"CUDA out of memory. Tried to allocate 1.65 GiB. GPU 0 has a total capacity of 11.81 GiB of which 222.94 MiB is free. Process 2255182 has 1.85 GiB memory in use. Including non-PyTorch memory, this proc"
fakeavceleb_00873_African_women_id00359,genuine,fakeavceleb_00873_African_women_id00359,"CUDA out of memory. Tried to allocate 1.71 GiB. GPU 0 has a total capacity of 11.81 GiB of which 592.38 MiB is free. Process 2255182 has 1.85 GiB memory in use. Including non-PyTorch memory, this proc"
fakeavceleb_00879_African_women_id00371,genuine,fakeavceleb_00879_African_women_id00371,"CUDA out of memory. Tried to allocate 2.77 GiB. GPU 0 has a total capacity of 11.81 GiB of which 1.60 GiB is free. Process 2255182 has 1.85 GiB memory in use. Including non-PyTorch memory, this proces"
fakeavceleb_00887_African_women_id00460,genuine,fakeavceleb_00887_African_women_id00460,"CUDA out of memory. Tried to allocate 2.87 GiB. GPU 0 has a total capacity of 11.81 GiB of which 1.03 GiB is free. Process 2255182 has 1.85 GiB memory in use. Including non-PyTorch memory, this proces"
fakeavceleb_00896_African_women_id00568,genuine,fakeavceleb_00896_African_women_id00568,"CUDA out of memory. Tried to allocate 3.09 GiB. GPU 0 has a total capacity of 11.81 GiB of which 1.27 GiB is free. Process 2255182 has 1.85 GiB memory in use. Including non-PyTorch memory, this proces"
fakeavceleb_00916_African_women_id00592,genuine,fakeavceleb_00916_African_women_id00592,"CUDA out of memory. Tried to allocate 1.67 GiB. GPU 0 has a total capacity of 11.81 GiB of which 1.64 GiB is free. Process 2255182 has 1.85 GiB memory in use. Including non-PyTorch memory, this proces"
fakeavceleb_00920_African_women_id00707,genuine,fakeavceleb_00920_African_women_id00707,"CUDA out of memory. Tried to allocate 1.95 GiB. GPU 0 has a total capacity of 11.81 GiB of which 537.50 MiB is free. Process 2255182 has 1.85 GiB memory in use. Including non-PyTorch memory, this proc"
fakeavceleb_00928_African_women_id00707,genuine,fakeavceleb_00928_African_women_id00707,"CUDA out of memory. Tried to allocate 1.22 GiB. GPU 0 has a total capacity of 11.81 GiB of which 1014.38 MiB is free. Process 2255182 has 1.85 GiB memory in use. Including non-PyTorch memory, this pro"
fakeavceleb_00929_African_women_id00707,genuine,fakeavceleb_00929_African_women_id00707,"CUDA out of memory. Tried to allocate 1.72 GiB. GPU 0 has a total capacity of 11.81 GiB of which 1014.38 MiB is free. Process 2255182 has 1.85 GiB memory in use. Including non-PyTorch memory, this pro"
fakeavceleb_00938_African_women_id00832,genuine,fakeavceleb_00938_African_women_id00832,"CUDA out of memory. Tried to allocate 2.21 GiB. GPU 0 has a total capacity of 11.81 GiB of which 313.94 MiB is free. Process 2255182 has 1.85 GiB memory in use. Including non-PyTorch memory, this proc"
fakeavceleb_00940_African_women_id00832,genuine,fakeavceleb_00940_African_women_id00832,"CUDA out of memory. Tried to allocate 2.31 GiB. GPU 0 has a total capacity of 11.81 GiB of which 2.43 GiB is free. Process 2255182 has 1.85 GiB memory in use. Including non-PyTorch memory, this proces"
fakeavceleb_00949_African_women_id01178,genuine,fakeavceleb_00949_African_women_id01178,"CUDA out of memory. Tried to allocate 2.87 GiB. GPU 0 has a total capacity of 11.81 GiB of which 1.72 GiB is free. Process 2255182 has 1.85 GiB memory in use. Including non-PyTorch memory, this proces"
fakeavceleb_00950_African_women_id01178,genuine,fakeavceleb_00950_African_women_id01178,"CUDA out of memory. Tried to allocate 3.11 GiB. GPU 0 has a total capacity of 11.81 GiB of which 1.72 GiB is free. Process 2255182 has 1.85 GiB memory in use. Including non-PyTorch memory, this proces"
fakeavceleb_00952_African_women_id01178,genuine,fakeavceleb_00952_African_women_id01178,"CUDA out of memory. Tried to allocate 5.79 GiB. GPU 0 has a total capacity of 11.81 GiB of which 3.32 GiB is free. Process 2255182 has 1.85 GiB memory in use. Including non-PyTorch memory, this proces"
fakeavceleb_00972_African_women_id01661,genuine,fakeavceleb_00972_African_women_id01661,"CUDA out of memory. Tried to allocate 1.88 GiB. GPU 0 has a total capacity of 11.81 GiB of which 1.91 GiB is free. Process 2255182 has 1.85 GiB memory in use. Including non-PyTorch memory, this proces"
fakeavceleb_00973_African_women_id01661,genuine,fakeavceleb_00973_African_women_id01661,"CUDA out of memory. Tried to allocate 1.84 GiB. GPU 0 has a total capacity of 11.81 GiB of which 1.92 GiB is free. Process 2255182 has 1.85 GiB memory in use. Including non-PyTorch memory, this proces"
fakeavceleb_00976_African_women_id01783,genuine,fakeavceleb_00976_African_women_id01783,"CUDA out of memory. Tried to allocate 1.15 GiB. GPU 0 has a total capacity of 11.81 GiB of which 951.06 MiB is free. Process 2255182 has 1.85 GiB memory in use. Including non-PyTorch memory, this proc"
fakeavceleb_00978_African_women_id01783,genuine,fakeavceleb_00978_African_women_id01783,"CUDA out of memory. Tried to allocate 1.32 GiB. GPU 0 has a total capacity of 11.81 GiB of which 1.39 GiB is free. Process 2255182 has 1.85 GiB memory in use. Including non-PyTorch memory, this proces"
fakeavceleb_01011_African_women_id02301,genuine,fakeavceleb_01011_African_women_id02301,"CUDA out of memory. Tried to allocate 1.63 GiB. GPU 0 has a total capacity of 11.81 GiB of which 380.12 MiB is free. Process 2255182 has 1.85 GiB memory in use. Including non-PyTorch memory, this proc"
fakeavceleb_01015_African_women_id02508,genuine,fakeavceleb_01015_African_women_id02508,"CUDA out of memory. Tried to allocate 1.41 GiB. GPU 0 has a total capacity of 11.81 GiB of which 272.12 MiB is free. Process 2255182 has 1.85 GiB memory in use. Including non-PyTorch memory, this proc"
fakeavceleb_01044_African_women_id02824,genuine,fakeavceleb_01044_African_women_id02824,"CUDA out of memory. Tried to allocate 2.32 GiB. GPU 0 has a total capacity of 11.81 GiB of which 2.06 GiB is free. Process 2255182 has 1.85 GiB memory in use. Including non-PyTorch memory, this proces"
fakeavceleb_01047_African_women_id02824,genuine,fakeavceleb_01047_African_women_id02824,"CUDA out of memory. Tried to allocate 2.66 GiB. GPU 0 has a total capacity of 11.81 GiB of which 2.46 GiB is free. Process 2255182 has 1.85 GiB memory in use. Including non-PyTorch memory, this proces"
fakeavceleb_01049_African_women_id02824,genuine,fakeavceleb_01049_African_women_id02824,"CUDA out of memory. Tried to allocate 652.00 MiB. GPU 0 has a total capacity of 11.81 GiB of which 683.06 MiB is free. Process 2255182 has 1.85 GiB memory in use. Including non-PyTorch memory, this pr"
fakeavceleb_01059_African_women_id02948,genuine,fakeavceleb_01059_African_women_id02948,"CUDA out of memory. Tried to allocate 1.69 GiB. GPU 0 has a total capacity of 11.81 GiB of which 1.42 GiB is free. Process 2255182 has 1.85 GiB memory in use. Including non-PyTorch memory, this proces"
fakeavceleb_01072_African_women_id03569,genuine,fakeavceleb_01072_African_women_id03569,"CUDA out of memory. Tried to allocate 1.73 GiB. GPU 0 has a total capacity of 11.81 GiB of which 1.29 GiB is free. Process 2255182 has 1.85 GiB memory in use. Including non-PyTorch memory, this proces"
fakeavceleb_01077_African_women_id03569,genuine,fakeavceleb_01077_African_women_id03569,"CUDA out of memory. Tried to allocate 1.66 GiB. GPU 0 has a total capacity of 11.81 GiB of which 168.06 MiB is free. Process 2255182 has 1.85 GiB memory in use. Including non-PyTorch memory, this proc"
fakeavceleb_01079_African_women_id03656,genuine,fakeavceleb_01079_African_women_id03656,"CUDA out of memory. Tried to allocate 3.28 GiB. GPU 0 has a total capacity of 11.81 GiB of which 1.86 GiB is free. Process 2255182 has 1.85 GiB memory in use. Including non-PyTorch memory, this proces"
fakeavceleb_01086_African_women_id03713,genuine,fakeavceleb_01086_African_women_id03713,"CUDA out of memory. Tried to allocate 1.81 GiB. GPU 0 has a total capacity of 11.81 GiB of which 1.93 GiB is free. Process 2255182 has 1.85 GiB memory in use. Including non-PyTorch memory, this proces"
fakeavceleb_01089_African_women_id03713,genuine,fakeavceleb_01089_African_women_id03713,"CUDA out of memory. Tried to allocate 1.67 GiB. GPU 0 has a total capacity of 11.81 GiB of which 1.71 GiB is free. Process 2255182 has 1.85 GiB memory in use. Including non-PyTorch memory, this proces"
fakeavceleb_01092_African_women_id03713,genuine,fakeavceleb_01092_African_women_id03713,"CUDA out of memory. Tried to allocate 1.99 GiB. GPU 0 has a total capacity of 11.81 GiB of which 2.02 GiB is free. Process 2255182 has 1.85 GiB memory in use. Including non-PyTorch memory, this proces"
fakeavceleb_01104_African_women_id04055,genuine,fakeavceleb_01104_African_women_id04055,"CUDA out of memory. Tried to allocate 1.66 GiB. GPU 0 has a total capacity of 11.81 GiB of which 1.73 GiB is free. Process 2255182 has 1.85 GiB memory in use. Including non-PyTorch memory, this proces"
fakeavceleb_01132_African_women_id04547,genuine,fakeavceleb_01132_African_women_id04547,"CUDA out of memory. Tried to allocate 2.06 GiB. GPU 0 has a total capacity of 11.81 GiB of which 254.25 MiB is free. Process 2255182 has 1.85 GiB memory in use. Including non-PyTorch memory, this proc"
fakeavceleb_01140_African_women_id04736,genuine,fakeavceleb_01140_African_women_id04736,"CUDA out of memory. Tried to allocate 5.07 GiB. GPU 0 has a total capacity of 11.81 GiB of which 2.34 GiB is free. Process 2255182 has 1.85 GiB memory in use. Including non-PyTorch memory, this proces"
fakeavceleb_01142_African_women_id04736,genuine,fakeavceleb_01142_African_women_id04736,"CUDA out of memory. Tried to allocate 5.00 GiB. GPU 0 has a total capacity of 11.81 GiB of which 3.22 GiB is free. Process 2255182 has 1.85 GiB memory in use. Including non-PyTorch memory, this proces"
fakeavceleb_01144_African_women_id04820,genuine,fakeavceleb_01144_African_women_id04820,"CUDA out of memory. Tried to allocate 1.80 GiB. GPU 0 has a total capacity of 11.81 GiB of which 142.75 MiB is free. Process 2255182 has 1.85 GiB memory in use. Including non-PyTorch memory, this proc"
fakeavceleb_01155_African_women_id04939,genuine,fakeavceleb_01155_African_women_id04939,"CUDA out of memory. Tried to allocate 1.71 GiB. GPU 0 has a total capacity of 11.81 GiB of which 146.38 MiB is free. Process 2255182 has 1.85 GiB memory in use. Including non-PyTorch memory, this proc"
fakeavceleb_01158_African_women_id04939,genuine,fakeavceleb_01158_African_women_id04939,"CUDA out of memory. Tried to allocate 2.14 GiB. GPU 0 has a total capacity of 11.81 GiB of which 1.54 GiB is free. Process 2255182 has 1.85 GiB memory in use. Including non-PyTorch memory, this proces"
fakeavceleb_01166_African_women_id05106,genuine,fakeavceleb_01166_African_women_id05106,"CUDA out of memory. Tried to allocate 1.53 GiB. GPU 0 has a total capacity of 11.81 GiB of which 1.54 GiB is free. Process 2255182 has 1.85 GiB memory in use. Including non-PyTorch memory, this proces"
fakeavceleb_01170_African_women_id05231,genuine,fakeavceleb_01170_African_women_id05231,"CUDA out of memory. Tried to allocate 2.44 GiB. GPU 0 has a total capacity of 11.81 GiB of which 1.23 GiB is free. Process 2255182 has 1.85 GiB memory in use. Including non-PyTorch memory, this proces"
fakeavceleb_01178_African_women_id05235,genuine,fakeavceleb_01178_African_women_id05235,"CUDA out of memory. Tried to allocate 3.44 GiB. GPU 0 has a total capacity of 11.81 GiB of which 2.99 GiB is free. Process 2255182 has 1.85 GiB memory in use. Including non-PyTorch memory, this proces"
fakeavceleb_01179_African_women_id05235,genuine,fakeavceleb_01179_African_women_id05235,"CUDA out of memory. Tried to allocate 3.48 GiB. GPU 0 has a total capacity of 11.81 GiB of which 466.38 MiB is free. Process 2255182 has 1.85 GiB memory in use. Including non-PyTorch memory, this proc"
fakeavceleb_01193_African_women_id05252,genuine,fakeavceleb_01193_African_women_id05252,"CUDA out of memory. Tried to allocate 2.79 GiB. GPU 0 has a total capacity of 11.81 GiB of which 923.94 MiB is free. Process 2255182 has 1.85 GiB memory in use. Including non-PyTorch memory, this proc"
fakeavceleb_01199_Asian(East)_men_id00056,genuine,fakeavceleb_01199_Asian(East)_men_id00056,"CUDA out of memory. Tried to allocate 1.88 GiB. GPU 0 has a total capacity of 11.81 GiB of which 923.94 MiB is free. Process 2255182 has 1.85 GiB memory in use. Including non-PyTorch memory, this proc"
fakeavceleb_01202_Asian(East)_men_id00056,genuine,fakeavceleb_01202_Asian(East)_men_id00056,"CUDA out of memory. Tried to allocate 2.38 GiB. GPU 0 has a total capacity of 11.81 GiB of which 548.94 MiB is free. Process 2255182 has 1.85 GiB memory in use. Including non-PyTorch memory, this proc"
fakeavceleb_01211_Asian(East)_men_id00126,genuine,fakeavceleb_01211_Asian(East)_men_id00126,"CUDA out of memory. Tried to allocate 2.60 GiB. GPU 0 has a total capacity of 11.81 GiB of which 924.38 MiB is free. Process 2255182 has 1.85 GiB memory in use. Including non-PyTorch memory, this proc"
fakeavceleb_01214_Asian(East)_men_id00126,genuine,fakeavceleb_01214_Asian(East)_men_id00126,"CUDA out of memory. Tried to allocate 1.54 GiB. GPU 0 has a total capacity of 11.81 GiB of which 922.38 MiB is free. Process 2255182 has 1.85 GiB memory in use. Including non-PyTorch memory, this proc"
fakeavceleb_01224_Asian(East)_men_id00560,genuine,fakeavceleb_01224_Asian(East)_men_id00560,"CUDA out of memory. Tried to allocate 1.43 GiB. GPU 0 has a total capacity of 11.81 GiB of which 922.38 MiB is free. Process 2255182 has 1.85 GiB memory in use. Including non-PyTorch memory, this proc"
fakeavceleb_01227_Asian(East)_men_id00560,genuine,fakeavceleb_01227_Asian(East)_men_id00560,"CUDA out of memory. Tried to allocate 1.63 GiB. GPU 0 has a total capacity of 11.81 GiB of which 922.38 MiB is free. Process 2255182 has 1.85 GiB memory in use. Including non-PyTorch memory, this proc"
fakeavceleb_01239_Asian(East)_men_id00740,genuine,fakeavceleb_01239_Asian(East)_men_id00740,"CUDA out of memory. Tried to allocate 2.46 GiB. GPU 0 has a total capacity of 11.81 GiB of which 924.38 MiB is free. Process 2255182 has 1.85 GiB memory in use. Including non-PyTorch memory, this proc"
fakeavceleb_01247_Asian(East)_men_id00863,genuine,fakeavceleb_01247_Asian(East)_men_id00863,"CUDA out of memory. Tried to allocate 1.82 GiB. GPU 0 has a total capacity of 11.81 GiB of which 924.38 MiB is free. Process 2255182 has 1.85 GiB memory in use. Including non-PyTorch memory, this proc"
fakeavceleb_01248_Asian(East)_men_id00863,genuine,fakeavceleb_01248_Asian(East)_men_id00863,"CUDA out of memory. Tried to allocate 1.47 GiB. GPU 0 has a total capacity of 11.81 GiB of which 922.38 MiB is free. Process 2255182 has 1.85 GiB memory in use. Including non-PyTorch memory, this proc"
fakeavceleb_01250_Asian(East)_men_id00863,genuine,fakeavceleb_01250_Asian(East)_men_id00863,"CUDA out of memory. Tried to allocate 1.71 GiB. GPU 0 has a total capacity of 11.81 GiB of which 922.38 MiB is free. Process 2255182 has 1.85 GiB memory in use. Including non-PyTorch memory, this proc"
fakeavceleb_01254_Asian(East)_men_id00863,genuine,fakeavceleb_01254_Asian(East)_men_id00863,"CUDA out of memory. Tried to allocate 1.85 GiB. GPU 0 has a total capacity of 11.81 GiB of which 544.94 MiB is free. Process 2255182 has 1.85 GiB memory in use. Including non-PyTorch memory, this proc"
fakeavceleb_01255_Asian(East)_men_id00863,genuine,fakeavceleb_01255_Asian(East)_men_id00863,"CUDA out of memory. Tried to allocate 1.42 GiB. GPU 0 has a total capacity of 11.81 GiB of which 448.94 MiB is free. Process 2255182 has 1.85 GiB memory in use. Including non-PyTorch memory, this proc"
fakeavceleb_01257_Asian(East)_men_id01204,genuine,fakeavceleb_01257_Asian(East)_men_id01204,"CUDA out of memory. Tried to allocate 5.23 GiB. GPU 0 has a total capacity of 11.81 GiB of which 171.38 MiB is free. Process 2255182 has 1.85 GiB memory in use. Including non-PyTorch memory, this proc"
fakeavceleb_01261_Asian(East)_men_id01204,genuine,fakeavceleb_01261_Asian(East)_men_id01204,"CUDA out of memory. Tried to allocate 2.74 GiB. GPU 0 has a total capacity of 11.81 GiB of which 816.06 MiB is free. Process 2255182 has 1.85 GiB memory in use. Including non-PyTorch memory, this proc"
fakeavceleb_01267_Asian(East)_men_id01212,genuine,fakeavceleb_01267_Asian(East)_men_id01212,"CUDA out of memory. Tried to allocate 1.49 GiB. GPU 0 has a total capacity of 11.81 GiB of which 814.06 MiB is free. Process 2255182 has 1.85 GiB memory in use. Including non-PyTorch memory, this proc"
fakeavceleb_01288_Asian(East)_men_id01589,genuine,fakeavceleb_01288_Asian(East)_men_id01589,"CUDA out of memory. Tried to allocate 3.49 GiB. GPU 0 has a total capacity of 11.81 GiB of which 308.38 MiB is free. Process 2255182 has 1.85 GiB memory in use. Including non-PyTorch memory, this proc"
fakeavceleb_01324_Asian(East)_men_id03168,genuine,fakeavceleb_01324_Asian(East)_men_id03168,"CUDA out of memory. Tried to allocate 5.36 GiB. GPU 0 has a total capacity of 11.81 GiB of which 3.20 GiB is free. Process 2255182 has 1.85 GiB memory in use. Including non-PyTorch memory, this proces"
fakeavceleb_01326_Asian(East)_men_id03168,genuine,fakeavceleb_01326_Asian(East)_men_id03168,"CUDA out of memory. Tried to allocate 2.00 GiB. GPU 0 has a total capacity of 11.81 GiB of which 2.11 GiB is free. Process 2255182 has 1.85 GiB memory in use. Including non-PyTorch memory, this proces"
fakeavceleb_01327_Asian(East)_men_id03168,genuine,fakeavceleb_01327_Asian(East)_men_id03168,"CUDA out of memory. Tried to allocate 1.03 GiB. GPU 0 has a total capacity of 11.81 GiB of which 1.08 GiB is free. Process 2255182 has 1.85 GiB memory in use. Including non-PyTorch memory, this proces"
fakeavceleb_01328_Asian(East)_men_id03168,genuine,fakeavceleb_01328_Asian(East)_men_id03168,"CUDA out of memory. Tried to allocate 1.85 GiB. GPU 0 has a total capacity of 11.81 GiB of which 1.95 GiB is free. Process 2255182 has 1.85 GiB memory in use. Including non-PyTorch memory, this proces"
fakeavceleb_01336_Asian(East)_men_id03889,genuine,fakeavceleb_01336_Asian(East)_men_id03889,"CUDA out of memory. Tried to allocate 1.02 GiB. GPU 0 has a total capacity of 11.81 GiB of which 556.94 MiB is free. Process 2255182 has 1.85 GiB memory in use. Including non-PyTorch memory, this proc"
fakeavceleb_01342_Asian(East)_men_id04111,genuine,fakeavceleb_01342_Asian(East)_men_id04111,"CUDA out of memory. Tried to allocate 1.14 GiB. GPU 0 has a total capacity of 11.81 GiB of which 556.94 MiB is free. Process 2255182 has 1.85 GiB memory in use. Including non-PyTorch memory, this proc"
fakeavceleb_01343_Asian(East)_men_id04111,genuine,fakeavceleb_01343_Asian(East)_men_id04111,"CUDA out of memory. Tried to allocate 1.54 GiB. GPU 0 has a total capacity of 11.81 GiB of which 556.94 MiB is free. Process 2255182 has 1.85 GiB memory in use. Including non-PyTorch memory, this proc"
fakeavceleb_01345_Asian(East)_men_id04111,genuine,fakeavceleb_01345_Asian(East)_men_id04111,"CUDA out of memory. Tried to allocate 1.07 GiB. GPU 0 has a total capacity of 11.81 GiB of which 556.94 MiB is free. Process 2255182 has 1.85 GiB memory in use. Including non-PyTorch memory, this proc"
fakeavceleb_01350_Asian(East)_men_id04687,genuine,fakeavceleb_01350_Asian(East)_men_id04687,"CUDA out of memory. Tried to allocate 2.69 GiB. GPU 0 has a total capacity of 11.81 GiB of which 556.94 MiB is free. Process 2255182 has 1.85 GiB memory in use. Including non-PyTorch memory, this proc"
fakeavceleb_01351_Asian(East)_men_id04687,genuine,fakeavceleb_01351_Asian(East)_men_id04687,"CUDA out of memory. Tried to allocate 2.78 GiB. GPU 0 has a total capacity of 11.81 GiB of which 556.94 MiB is free. Process 2255182 has 1.85 GiB memory in use. Including non-PyTorch memory, this proc"
fakeavceleb_01352_Asian(East)_men_id04687,genuine,fakeavceleb_01352_Asian(East)_men_id04687,"CUDA out of memory. Tried to allocate 2.57 GiB. GPU 0 has a total capacity of 11.81 GiB of which 556.94 MiB is free. Process 2255182 has 1.85 GiB memory in use. Including non-PyTorch memory, this proc"
fakeavceleb_01355_Asian(East)_men_id04687,genuine,fakeavceleb_01355_Asian(East)_men_id04687,"CUDA out of memory. Tried to allocate 1.51 GiB. GPU 0 has a total capacity of 11.81 GiB of which 556.94 MiB is free. Process 2255182 has 1.85 GiB memory in use. Including non-PyTorch memory, this proc"
fakeavceleb_01396_Asian(East)_men_id05479,genuine,fakeavceleb_01396_Asian(East)_men_id05479,"CUDA out of memory. Tried to allocate 4.30 GiB. GPU 0 has a total capacity of 11.81 GiB of which 2.61 GiB is free. Process 2255182 has 1.85 GiB memory in use. Including non-PyTorch memory, this proces"
fakeavceleb_01404_Asian(East)_men_id06269,genuine,fakeavceleb_01404_Asian(East)_men_id06269,"CUDA out of memory. Tried to allocate 2.06 GiB. GPU 0 has a total capacity of 11.81 GiB of which 1.04 GiB is free. Process 2255182 has 1.85 GiB memory in use. Including non-PyTorch memory, this proces"
fakeavceleb_01409_Asian(East)_men_id06467,genuine,fakeavceleb_01409_Asian(East)_men_id06467,"CUDA out of memory. Tried to allocate 4.34 GiB. GPU 0 has a total capacity of 11.81 GiB of which 2.24 GiB is free. Process 2255182 has 1.85 GiB memory in use. Including non-PyTorch memory, this proces"
fakeavceleb_01415_Asian(East)_men_id06470,genuine,fakeavceleb_01415_Asian(East)_men_id06470,"CUDA out of memory. Tried to allocate 1.47 GiB. GPU 0 has a total capacity of 11.81 GiB of which 777.44 MiB is free. Process 2255182 has 1.85 GiB memory in use. Including non-PyTorch memory, this proc"
fakeavceleb_01430_Asian(East)_men_id06594,genuine,fakeavceleb_01430_Asian(East)_men_id06594,"CUDA out of memory. Tried to allocate 2.05 GiB. GPU 0 has a total capacity of 11.81 GiB of which 2.11 GiB is free. Process 2255182 has 1.85 GiB memory in use. Including non-PyTorch memory, this proces"
fakeavceleb_01435_Asian(East)_men_id06594,genuine,fakeavceleb_01435_Asian(East)_men_id06594,"CUDA out of memory. Tried to allocate 2.46 GiB. GPU 0 has a total capacity of 11.81 GiB of which 1.78 GiB is free. Process 2255182 has 1.85 GiB memory in use. Including non-PyTorch memory, this proces"
fakeavceleb_01438_Asian(East)_men_id06776,genuine,fakeavceleb_01438_Asian(East)_men_id06776,"CUDA out of memory. Tried to allocate 3.86 GiB. GPU 0 has a total capacity of 11.81 GiB of which 2.77 GiB is free. Process 2255182 has 1.85 GiB memory in use. Including non-PyTorch memory, this proces"
fakeavceleb_01449_Asian(East)_men_id07338,genuine,fakeavceleb_01449_Asian(East)_men_id07338,"CUDA out of memory. Tried to allocate 1.21 GiB. GPU 0 has a total capacity of 11.81 GiB of which 252.94 MiB is free. Process 2255182 has 1.85 GiB memory in use. Including non-PyTorch memory, this proc"
fakeavceleb_01451_Asian(East)_men_id07338,genuine,fakeavceleb_01451_Asian(East)_men_id07338,"CUDA out of memory. Tried to allocate 1.45 GiB. GPU 0 has a total capacity of 11.81 GiB of which 1.47 GiB is free. Process 2255182 has 1.85 GiB memory in use. Including non-PyTorch memory, this proces"
fakeavceleb_01459_Asian(East)_men_id08299,genuine,fakeavceleb_01459_Asian(East)_men_id08299,"CUDA out of memory. Tried to allocate 1.91 GiB. GPU 0 has a total capacity of 11.81 GiB of which 1.51 GiB is free. Process 2255182 has 1.85 GiB memory in use. Including non-PyTorch memory, this proces"
fakeavceleb_01467_Asian(East)_men_id08613,genuine,fakeavceleb_01467_Asian(East)_men_id08613,"CUDA out of memory. Tried to allocate 2.53 GiB. GPU 0 has a total capacity of 11.81 GiB of which 1.86 GiB is free. Process 2255182 has 1.85 GiB memory in use. Including non-PyTorch memory, this proces"
fakeavceleb_01475_Asian(East)_men_id08652,genuine,fakeavceleb_01475_Asian(East)_men_id08652,"CUDA out of memory. Tried to allocate 1.88 GiB. GPU 0 has a total capacity of 11.81 GiB of which 1.83 GiB is free. Process 2255182 has 1.85 GiB memory in use. Including non-PyTorch memory, this proces"
fakeavceleb_01478_Asian(East)_men_id08652,genuine,fakeavceleb_01478_Asian(East)_men_id08652,"CUDA out of memory. Tried to allocate 1.72 GiB. GPU 0 has a total capacity of 11.81 GiB of which 1.61 GiB is free. Process 2255182 has 1.85 GiB memory in use. Including non-PyTorch memory, this proces"
fakeavceleb_01479_Asian(East)_men_id08652,genuine,fakeavceleb_01479_Asian(East)_men_id08652,"CUDA out of memory. Tried to allocate 1.74 GiB. GPU 0 has a total capacity of 11.81 GiB of which 1.61 GiB is free. Process 2255182 has 1.85 GiB memory in use. Including non-PyTorch memory, this proces"
fakeavceleb_01490_Asian(East)_men_id09053,genuine,fakeavceleb_01490_Asian(East)_men_id09053,"CUDA out of memory. Tried to allocate 2.20 GiB. GPU 0 has a total capacity of 11.81 GiB of which 833.00 MiB is free. Process 2255182 has 1.85 GiB memory in use. Including non-PyTorch memory, this proc"
fakeavceleb_01491_Asian(East)_men_id09143,genuine,fakeavceleb_01491_Asian(East)_men_id09143,"CUDA out of memory. Tried to allocate 1.38 GiB. GPU 0 has a total capacity of 11.81 GiB of which 587.00 MiB is free. Process 2255182 has 1.85 GiB memory in use. Including non-PyTorch memory, this proc"
fakeavceleb_01492_Asian(East)_men_id09143,genuine,fakeavceleb_01492_Asian(East)_men_id09143,"CUDA out of memory. Tried to allocate 1.67 GiB. GPU 0 has a total capacity of 11.81 GiB of which 165.00 MiB is free. Process 2255182 has 1.85 GiB memory in use. Including non-PyTorch memory, this proc"
fakeavceleb_01493_Asian(East)_men_id09143,genuine,fakeavceleb_01493_Asian(East)_men_id09143,"CUDA out of memory. Tried to allocate 1.41 GiB. GPU 0 has a total capacity of 11.81 GiB of which 403.00 MiB is free. Process 2255182 has 1.85 GiB memory in use. Including non-PyTorch memory, this proc"
fakeavceleb_01506_Asian(East)_women_id00137,genuine,fakeavceleb_01506_Asian(East)_women_id00137,"CUDA out of memory. Tried to allocate 2.42 GiB. GPU 0 has a total capacity of 11.81 GiB of which 849.56 MiB is free. Process 2255182 has 1.85 GiB memory in use. Including non-PyTorch memory, this proc"
fakeavceleb_01514_Asian(East)_women_id00363,genuine,fakeavceleb_01514_Asian(East)_women_id00363,"CUDA out of memory. Tried to allocate 1.88 GiB. GPU 0 has a total capacity of 11.81 GiB of which 615.56 MiB is free. Process 2255182 has 1.85 GiB memory in use. Including non-PyTorch memory, this proc"
fakeavceleb_01516_Asian(East)_women_id00363,genuine,fakeavceleb_01516_Asian(East)_women_id00363,"CUDA out of memory. Tried to allocate 1.88 GiB. GPU 0 has a total capacity of 11.81 GiB of which 615.56 MiB is free. Process 2255182 has 1.85 GiB memory in use. Including non-PyTorch memory, this proc"
fakeavceleb_01517_Asian(East)_women_id00363,genuine,fakeavceleb_01517_Asian(East)_women_id00363,"CUDA out of memory. Tried to allocate 1.21 GiB. GPU 0 has a total capacity of 11.81 GiB of which 613.56 MiB is free. Process 2255182 has 1.85 GiB memory in use. Including non-PyTorch memory, this proc"
fakeavceleb_01519_Asian(East)_women_id00363,genuine,fakeavceleb_01519_Asian(East)_women_id00363,"CUDA out of memory. Tried to allocate 1.81 GiB. GPU 0 has a total capacity of 11.81 GiB of which 306.94 MiB is free. Process 2255182 has 1.85 GiB memory in use. Including non-PyTorch memory, this proc"
fakeavceleb_01524_Asian(East)_women_id00430,genuine,fakeavceleb_01524_Asian(East)_women_id00430,"CUDA out of memory. Tried to allocate 2.25 GiB. GPU 0 has a total capacity of 11.81 GiB of which 1.66 GiB is free. Process 2255182 has 1.85 GiB memory in use. Including non-PyTorch memory, this proces"
fakeavceleb_01528_Asian(East)_women_id00430,genuine,fakeavceleb_01528_Asian(East)_women_id00430,"CUDA out of memory. Tried to allocate 2.32 GiB. GPU 0 has a total capacity of 11.81 GiB of which 1.22 GiB is free. Process 2255182 has 1.85 GiB memory in use. Including non-PyTorch memory, this proces"
fakeavceleb_01529_Asian(East)_women_id00430,genuine,fakeavceleb_01529_Asian(East)_women_id00430,"CUDA out of memory. Tried to allocate 2.12 GiB. GPU 0 has a total capacity of 11.81 GiB of which 1.07 GiB is free. Process 2255182 has 1.85 GiB memory in use. Including non-PyTorch memory, this proces"
fakeavceleb_01534_Asian(East)_women_id00566,genuine,fakeavceleb_01534_Asian(East)_women_id00566,"CUDA out of memory. Tried to allocate 1.87 GiB. GPU 0 has a total capacity of 11.81 GiB of which 214.94 MiB is free. Process 2255182 has 1.85 GiB memory in use. Including non-PyTorch memory, this proc"
fakeavceleb_01545_Asian(East)_women_id00579,genuine,fakeavceleb_01545_Asian(East)_women_id00579,"CUDA out of memory. Tried to allocate 1.88 GiB. GPU 0 has a total capacity of 11.81 GiB of which 214.94 MiB is free. Process 2255182 has 1.85 GiB memory in use. Including non-PyTorch memory, this proc"
fakeavceleb_01585_Asian(East)_women_id01281,genuine,fakeavceleb_01585_Asian(East)_women_id01281,"CUDA out of memory. Tried to allocate 2.25 GiB. GPU 0 has a total capacity of 11.81 GiB of which 490.94 MiB is free. Process 2255182 has 1.85 GiB memory in use. Including non-PyTorch memory, this proc"
fakeavceleb_01587_Asian(East)_women_id01281,genuine,fakeavceleb_01587_Asian(East)_women_id01281,"CUDA out of memory. Tried to allocate 1.35 GiB. GPU 0 has a total capacity of 11.81 GiB of which 1.21 GiB is free. Process 2255182 has 1.85 GiB memory in use. Including non-PyTorch memory, this proces"
fakeavceleb_01589_Asian(East)_women_id01281,genuine,fakeavceleb_01589_Asian(East)_women_id01281,"CUDA out of memory. Tried to allocate 3.29 GiB. GPU 0 has a total capacity of 11.81 GiB of which 2.57 GiB is free. Process 2255182 has 1.85 GiB memory in use. Including non-PyTorch memory, this proces"
fakeavceleb_01596_Asian(East)_women_id01451,genuine,fakeavceleb_01596_Asian(East)_women_id01451,"CUDA out of memory. Tried to allocate 1.92 GiB. GPU 0 has a total capacity of 11.81 GiB of which 1.66 GiB is free. Process 2255182 has 1.85 GiB memory in use. Including non-PyTorch memory, this proces"
fakeavceleb_01602_Asian(East)_women_id02587,genuine,fakeavceleb_01602_Asian(East)_women_id02587,"CUDA out of memory. Tried to allocate 2.72 GiB. GPU 0 has a total capacity of 11.81 GiB of which 2.51 GiB is free. Process 2255182 has 1.85 GiB memory in use. Including non-PyTorch memory, this proces"
fakeavceleb_01622_Asian(East)_women_id03379,genuine,fakeavceleb_01622_Asian(East)_women_id03379,"CUDA out of memory. Tried to allocate 1.75 GiB. GPU 0 has a total capacity of 11.81 GiB of which 458.88 MiB is free. Process 2255182 has 1.85 GiB memory in use. Including non-PyTorch memory, this proc"
fakeavceleb_01637_Asian(East)_women_id04057,genuine,fakeavceleb_01637_Asian(East)_women_id04057,"CUDA out of memory. Tried to allocate 1.75 GiB. GPU 0 has a total capacity of 11.81 GiB of which 398.94 MiB is free. Process 2255182 has 1.85 GiB memory in use. Including non-PyTorch memory, this proc"
fakeavceleb_01650_Asian(East)_women_id04144,genuine,fakeavceleb_01650_Asian(East)_women_id04144,"CUDA out of memory. Tried to allocate 4.28 GiB. GPU 0 has a total capacity of 11.81 GiB of which 2.36 GiB is free. Process 2255182 has 1.85 GiB memory in use. Including non-PyTorch memory, this proces"
fakeavceleb_01652_Asian(East)_women_id04414,genuine,fakeavceleb_01652_Asian(East)_women_id04414,"CUDA out of memory. Tried to allocate 2.35 GiB. GPU 0 has a total capacity of 11.81 GiB of which 2.30 GiB is free. Process 2255182 has 1.85 GiB memory in use. Including non-PyTorch memory, this proces"
fakeavceleb_01660_Asian(East)_women_id04414,genuine,fakeavceleb_01660_Asian(East)_women_id04414,"CUDA out of memory. Tried to allocate 1.71 GiB. GPU 0 has a total capacity of 11.81 GiB of which 1019.94 MiB is free. Process 2255182 has 1.85 GiB memory in use. Including non-PyTorch memory, this pro"
fakeavceleb_01674_Asian(East)_women_id05576,genuine,fakeavceleb_01674_Asian(East)_women_id05576,"CUDA out of memory. Tried to allocate 5.33 GiB. GPU 0 has a total capacity of 11.81 GiB of which 2.11 GiB is free. Process 2255182 has 1.85 GiB memory in use. Including non-PyTorch memory, this proces"
fakeavceleb_01691_Asian(East)_women_id05844,genuine,fakeavceleb_01691_Asian(East)_women_id05844,"CUDA out of memory. Tried to allocate 2.65 GiB. GPU 0 has a total capacity of 11.81 GiB of which 1.67 GiB is free. Process 2255182 has 1.85 GiB memory in use. Including non-PyTorch memory, this proces"
fakeavceleb_01698_Asian(East)_women_id06054,genuine,fakeavceleb_01698_Asian(East)_women_id06054,"CUDA out of memory. Tried to allocate 2.94 GiB. GPU 0 has a total capacity of 11.81 GiB of which 1.67 GiB is free. Process 2255182 has 1.85 GiB memory in use. Including non-PyTorch memory, this proces"
fakeavceleb_01702_Asian(East)_women_id06060,genuine,fakeavceleb_01702_Asian(East)_women_id06060,"CUDA out of memory. Tried to allocate 1.90 GiB. GPU 0 has a total capacity of 11.81 GiB of which 1.38 GiB is free. Process 2255182 has 1.85 GiB memory in use. Including non-PyTorch memory, this proces"
fakeavceleb_01703_Asian(East)_women_id06060,genuine,fakeavceleb_01703_Asian(East)_women_id06060,"CUDA out of memory. Tried to allocate 2.01 GiB. GPU 0 has a total capacity of 11.81 GiB of which 1.08 GiB is free. Process 2255182 has 1.85 GiB memory in use. Including non-PyTorch memory, this proces"
fakeavceleb_01710_Asian(East)_women_id06060,genuine,fakeavceleb_01710_Asian(East)_women_id06060,"CUDA out of memory. Tried to allocate 1.93 GiB. GPU 0 has a total capacity of 11.81 GiB of which 572.94 MiB is free. Process 2255182 has 1.85 GiB memory in use. Including non-PyTorch memory, this proc"
fakeavceleb_01720_Asian(East)_women_id06065,genuine,fakeavceleb_01720_Asian(East)_women_id06065,"CUDA out of memory. Tried to allocate 3.07 GiB. GPU 0 has a total capacity of 11.81 GiB of which 1.45 GiB is free. Process 2255182 has 1.85 GiB memory in use. Including non-PyTorch memory, this proces"
fakeavceleb_01721_Asian(East)_women_id06065,genuine,fakeavceleb_01721_Asian(East)_women_id06065,"CUDA out of memory. Tried to allocate 3.03 GiB. GPU 0 has a total capacity of 11.81 GiB of which 1.45 GiB is free. Process 2255182 has 1.85 GiB memory in use. Including non-PyTorch memory, this proces"
fakeavceleb_01758_Asian(East)_women_id06462,genuine,fakeavceleb_01758_Asian(East)_women_id06462,"CUDA out of memory. Tried to allocate 2.38 GiB. GPU 0 has a total capacity of 11.81 GiB of which 1.20 GiB is free. Process 2255182 has 1.85 GiB memory in use. Including non-PyTorch memory, this proces"
fakeavceleb_01781_Asian(East)_women_id07901,genuine,fakeavceleb_01781_Asian(East)_women_id07901,"CUDA out of memory. Tried to allocate 1.81 GiB. GPU 0 has a total capacity of 11.81 GiB of which 274.94 MiB is free. Process 2255182 has 1.85 GiB memory in use. Including non-PyTorch memory, this proc"
fakeavceleb_01784_Asian(East)_women_id07901,genuine,fakeavceleb_01784_Asian(East)_women_id07901,"CUDA out of memory. Tried to allocate 1.54 GiB. GPU 0 has a total capacity of 11.81 GiB of which 274.94 MiB is free. Process 2255182 has 1.85 GiB memory in use. Including non-PyTorch memory, this proc"
fakeavceleb_01796_Asian(East)_women_id08139,genuine,fakeavceleb_01796_Asian(East)_women_id08139,"CUDA out of memory. Tried to allocate 3.22 GiB. GPU 0 has a total capacity of 11.81 GiB of which 2.04 GiB is free. Process 2255182 has 1.85 GiB memory in use. Including non-PyTorch memory, this proces"
fakeavceleb_01801_Asian(East)_women_id08397,genuine,fakeavceleb_01801_Asian(East)_women_id08397,"CUDA out of memory. Tried to allocate 1.89 GiB. GPU 0 has a total capacity of 11.81 GiB of which 1.80 GiB is free. Process 2255182 has 1.85 GiB memory in use. Including non-PyTorch memory, this proces"
fakeavceleb_01804_Asian(East)_women_id08397,genuine,fakeavceleb_01804_Asian(East)_women_id08397,"CUDA out of memory. Tried to allocate 2.77 GiB. GPU 0 has a total capacity of 11.81 GiB of which 1.41 GiB is free. Process 2255182 has 1.85 GiB memory in use. Including non-PyTorch memory, this proces"
fakeavceleb_01813_Asian(East)_women_id09116,genuine,fakeavceleb_01813_Asian(East)_women_id09116,"CUDA out of memory. Tried to allocate 1.97 GiB. GPU 0 has a total capacity of 11.81 GiB of which 1.41 GiB is free. Process 2255182 has 1.85 GiB memory in use. Including non-PyTorch memory, this proces"
fakeavceleb_01816_Asian(East)_women_id09116,genuine,fakeavceleb_01816_Asian(East)_women_id09116,"CUDA out of memory. Tried to allocate 1.46 GiB. GPU 0 has a total capacity of 11.81 GiB of which 1.41 GiB is free. Process 2255182 has 1.85 GiB memory in use. Including non-PyTorch memory, this proces"
fakeavceleb_01817_Asian(East)_women_id09116,genuine,fakeavceleb_01817_Asian(East)_women_id09116,"CUDA out of memory. Tried to allocate 1.53 GiB. GPU 0 has a total capacity of 11.81 GiB of which 1.41 GiB is free. Process 2255182 has 1.85 GiB memory in use. Including non-PyTorch memory, this proces"
fakeavceleb_01823_Asian(East)_women_id09125,genuine,fakeavceleb_01823_Asian(East)_women_id09125,"CUDA out of memory. Tried to allocate 4.75 GiB. GPU 0 has a total capacity of 11.81 GiB of which 970.94 MiB is free. Process 2255182 has 1.85 GiB memory in use. Including non-PyTorch memory, this proc"
fakeavceleb_01837_Asian(East)_women_id09174,genuine,fakeavceleb_01837_Asian(East)_women_id09174,"CUDA out of memory. Tried to allocate 1.64 GiB. GPU 0 has a total capacity of 11.81 GiB of which 268.94 MiB is free. Process 2255182 has 1.85 GiB memory in use. Including non-PyTorch memory, this proc"
fakeavceleb_01844_Asian(East)_women_id09175,genuine,fakeavceleb_01844_Asian(East)_women_id09175,"CUDA out of memory. Tried to allocate 2.32 GiB. GPU 0 has a total capacity of 11.81 GiB of which 1.41 GiB is free. Process 2255182 has 1.85 GiB memory in use. Including non-PyTorch memory, this proces"
fakeavceleb_01845_Asian(East)_women_id09175,genuine,fakeavceleb_01845_Asian(East)_women_id09175,"CUDA out of memory. Tried to allocate 3.25 GiB. GPU 0 has a total capacity of 11.81 GiB of which 1.41 GiB is free. Process 2255182 has 1.85 GiB memory in use. Including non-PyTorch memory, this proces"
fakeavceleb_01847_Asian(East)_women_id09175,genuine,fakeavceleb_01847_Asian(East)_women_id09175,"CUDA out of memory. Tried to allocate 2.60 GiB. GPU 0 has a total capacity of 11.81 GiB of which 1.25 GiB is free. Process 2255182 has 1.85 GiB memory in use. Including non-PyTorch memory, this proces"
fakeavceleb_01851_Asian(South)_men_id00032,genuine,fakeavceleb_01851_Asian(South)_men_id00032,"CUDA out of memory. Tried to allocate 3.85 GiB. GPU 0 has a total capacity of 11.81 GiB of which 1.25 GiB is free. Process 2255182 has 1.85 GiB memory in use. Including non-PyTorch memory, this proces"
fakeavceleb_01852_Asian(South)_men_id00032,genuine,fakeavceleb_01852_Asian(South)_men_id00032,"CUDA out of memory. Tried to allocate 1.61 GiB. GPU 0 has a total capacity of 11.81 GiB of which 1.25 GiB is free. Process 2255182 has 1.85 GiB memory in use. Including non-PyTorch memory, this proces"
fakeavceleb_01857_Asian(South)_men_id00032,genuine,fakeavceleb_01857_Asian(South)_men_id00032,"CUDA out of memory. Tried to allocate 1.70 GiB. GPU 0 has a total capacity of 11.81 GiB of which 902.94 MiB is free. Process 2255182 has 1.85 GiB memory in use. Including non-PyTorch memory, this proc"
fakeavceleb_01860_Asian(South)_men_id00032,genuine,fakeavceleb_01860_Asian(South)_men_id00032,"CUDA out of memory. Tried to allocate 3.74 GiB. GPU 0 has a total capacity of 11.81 GiB of which 794.94 MiB is free. Process 2255182 has 1.85 GiB memory in use. Including non-PyTorch memory, this proc"
fakeavceleb_01864_Asian(South)_men_id00033,genuine,fakeavceleb_01864_Asian(South)_men_id00033,"CUDA out of memory. Tried to allocate 2.29 GiB. GPU 0 has a total capacity of 11.81 GiB of which 280.94 MiB is free. Process 2255182 has 1.85 GiB memory in use. Including non-PyTorch memory, this proc"
fakeavceleb_01867_Asian(South)_men_id00033,genuine,fakeavceleb_01867_Asian(South)_men_id00033,"CUDA out of memory. Tried to allocate 2.16 GiB. GPU 0 has a total capacity of 11.81 GiB of which 318.94 MiB is free. Process 2255182 has 1.85 GiB memory in use. Including non-PyTorch memory, this proc"
fakeavceleb_01874_Asian(South)_men_id00078,genuine,fakeavceleb_01874_Asian(South)_men_id00078,"CUDA out of memory. Tried to allocate 2.29 GiB. GPU 0 has a total capacity of 11.81 GiB of which 1.25 GiB is free. Process 2255182 has 1.85 GiB memory in use. Including non-PyTorch memory, this proces"
fakeavceleb_01878_Asian(South)_men_id00078,genuine,fakeavceleb_01878_Asian(South)_men_id00078,"CUDA out of memory. Tried to allocate 2.86 GiB. GPU 0 has a total capacity of 11.81 GiB of which 743.00 MiB is free. Process 2255182 has 1.85 GiB memory in use. Including non-PyTorch memory, this proc"
fakeavceleb_01883_Asian(South)_men_id00082,genuine,fakeavceleb_01883_Asian(South)_men_id00082,"CUDA out of memory. Tried to allocate 1.27 GiB. GPU 0 has a total capacity of 11.81 GiB of which 521.00 MiB is free. Process 2255182 has 1.85 GiB memory in use. Including non-PyTorch memory, this proc"
fakeavceleb_01891_Asian(South)_men_id00103,genuine,fakeavceleb_01891_Asian(South)_men_id00103,"CUDA out of memory. Tried to allocate 1.41 GiB. GPU 0 has a total capacity of 11.81 GiB of which 709.94 MiB is free. Process 2255182 has 1.85 GiB memory in use. Including non-PyTorch memory, this proc"
fakeavceleb_01893_Asian(South)_men_id00103,genuine,fakeavceleb_01893_Asian(South)_men_id00103,"CUDA out of memory. Tried to allocate 1.66 GiB. GPU 0 has a total capacity of 11.81 GiB of which 639.94 MiB is free. Process 2255182 has 1.85 GiB memory in use. Including non-PyTorch memory, this proc"
fakeavceleb_01896_Asian(South)_men_id00103,genuine,fakeavceleb_01896_Asian(South)_men_id00103,"CUDA out of memory. Tried to allocate 1.54 GiB. GPU 0 has a total capacity of 11.81 GiB of which 535.94 MiB is free. Process 2255182 has 1.85 GiB memory in use. Including non-PyTorch memory, this proc"
fakeavceleb_01897_Asian(South)_men_id00103,genuine,fakeavceleb_01897_Asian(South)_men_id00103,"CUDA out of memory. Tried to allocate 1.65 GiB. GPU 0 has a total capacity of 11.81 GiB of which 301.94 MiB is free. Process 2255182 has 1.85 GiB memory in use. Including non-PyTorch memory, this proc"
fakeavceleb_01901_Asian(South)_men_id00350,genuine,fakeavceleb_01901_Asian(South)_men_id00350,"CUDA out of memory. Tried to allocate 1.65 GiB. GPU 0 has a total capacity of 11.81 GiB of which 627.94 MiB is free. Process 2255182 has 1.85 GiB memory in use. Including non-PyTorch memory, this proc"
fakeavceleb_01902_Asian(South)_men_id00350,genuine,fakeavceleb_01902_Asian(South)_men_id00350,"CUDA out of memory. Tried to allocate 1.71 GiB. GPU 0 has a total capacity of 11.81 GiB of which 513.94 MiB is free. Process 2255182 has 1.85 GiB memory in use. Including non-PyTorch memory, this proc"
fakeavceleb_01904_Asian(South)_men_id00350,genuine,fakeavceleb_01904_Asian(South)_men_id00350,"CUDA out of memory. Tried to allocate 1.55 GiB. GPU 0 has a total capacity of 11.81 GiB of which 195.94 MiB is free. Process 2255182 has 1.85 GiB memory in use. Including non-PyTorch memory, this proc"
fakeavceleb_01906_Asian(South)_men_id00350,genuine,fakeavceleb_01906_Asian(South)_men_id00350,"CUDA out of memory. Tried to allocate 1.53 GiB. GPU 0 has a total capacity of 11.81 GiB of which 1.35 GiB is free. Process 2255182 has 1.85 GiB memory in use. Including non-PyTorch memory, this proces"
fakeavceleb_01908_Asian(South)_men_id00350,genuine,fakeavceleb_01908_Asian(South)_men_id00350,"CUDA out of memory. Tried to allocate 1.67 GiB. GPU 0 has a total capacity of 11.81 GiB of which 1.35 GiB is free. Process 2255182 has 1.85 GiB memory in use. Including non-PyTorch memory, this proces"
fakeavceleb_01914_Asian(South)_men_id00414,genuine,fakeavceleb_01914_Asian(South)_men_id00414,"CUDA out of memory. Tried to allocate 3.94 GiB. GPU 0 has a total capacity of 11.81 GiB of which 2.97 GiB is free. Process 2255182 has 1.85 GiB memory in use. Including non-PyTorch memory, this proces"
fakeavceleb_01917_Asian(South)_men_id00459,genuine,fakeavceleb_01917_Asian(South)_men_id00459,"CUDA out of memory. Tried to allocate 2.96 GiB. GPU 0 has a total capacity of 11.81 GiB of which 1.15 GiB is free. Process 2255182 has 1.85 GiB memory in use. Including non-PyTorch memory, this proces"
fakeavceleb_01928_Asian(South)_men_id00732,genuine,fakeavceleb_01928_Asian(South)_men_id00732,"CUDA out of memory. Tried to allocate 3.85 GiB. GPU 0 has a total capacity of 11.81 GiB of which 3.55 GiB is free. Process 2255182 has 1.85 GiB memory in use. Including non-PyTorch memory, this proces"
fakeavceleb_01933_Asian(South)_men_id00745,genuine,fakeavceleb_01933_Asian(South)_men_id00745,"CUDA out of memory. Tried to allocate 1.53 GiB. GPU 0 has a total capacity of 11.81 GiB of which 485.31 MiB is free. Process 2255182 has 1.85 GiB memory in use. Including non-PyTorch memory, this proc"
fakeavceleb_01937_Asian(South)_men_id00745,genuine,fakeavceleb_01937_Asian(South)_men_id00745,"CUDA out of memory. Tried to allocate 1.78 GiB. GPU 0 has a total capacity of 11.81 GiB of which 1.55 GiB is free. Process 2255182 has 1.85 GiB memory in use. Including non-PyTorch memory, this proces"
fakeavceleb_01939_Asian(South)_men_id00745,genuine,fakeavceleb_01939_Asian(South)_men_id00745,"CUDA out of memory. Tried to allocate 1.89 GiB. GPU 0 has a total capacity of 11.81 GiB of which 1.00 GiB is free. Process 2255182 has 1.85 GiB memory in use. Including non-PyTorch memory, this proces"
fakeavceleb_01948_Asian(South)_men_id00769,genuine,fakeavceleb_01948_Asian(South)_men_id00769,"CUDA out of memory. Tried to allocate 1.76 GiB. GPU 0 has a total capacity of 11.81 GiB of which 319.56 MiB is free. Process 2255182 has 1.85 GiB memory in use. Including non-PyTorch memory, this proc"
fakeavceleb_01966_Asian(South)_men_id00857,genuine,fakeavceleb_01966_Asian(South)_men_id00857,"CUDA out of memory. Tried to allocate 1.71 GiB. GPU 0 has a total capacity of 11.81 GiB of which 335.94 MiB is free. Process 2255182 has 1.85 GiB memory in use. Including non-PyTorch memory, this proc"
fakeavceleb_01968_Asian(South)_men_id00857,genuine,fakeavceleb_01968_Asian(South)_men_id00857,"CUDA out of memory. Tried to allocate 1.40 GiB. GPU 0 has a total capacity of 11.81 GiB of which 335.94 MiB is free. Process 2255182 has 1.85 GiB memory in use. Including non-PyTorch memory, this proc"
fakeavceleb_01978_Asian(South)_men_id00860,genuine,fakeavceleb_01978_Asian(South)_men_id00860,"CUDA out of memory. Tried to allocate 852.00 MiB. GPU 0 has a total capacity of 11.81 GiB of which 333.94 MiB is free. Process 2255182 has 1.85 GiB memory in use. Including non-PyTorch memory, this pr"
fakeavceleb_01991_Asian(South)_men_id03599,genuine,fakeavceleb_01991_Asian(South)_men_id03599,"CUDA out of memory. Tried to allocate 1.07 GiB. GPU 0 has a total capacity of 11.81 GiB of which 1.09 GiB is free. Process 2255182 has 1.85 GiB memory in use. Including non-PyTorch memory, this proces"
fakeavceleb_02001_Asian(South)_men_id04526,genuine,fakeavceleb_02001_Asian(South)_men_id04526,"CUDA out of memory. Tried to allocate 3.07 GiB. GPU 0 has a total capacity of 11.81 GiB of which 1.16 GiB is free. Process 2255182 has 1.85 GiB memory in use. Including non-PyTorch memory, this proces"
fakeavceleb_02005_Asian(South)_men_id04537,genuine,fakeavceleb_02005_Asian(South)_men_id04537,"CUDA out of memory. Tried to allocate 2.86 GiB. GPU 0 has a total capacity of 11.81 GiB of which 1.16 GiB is free. Process 2255182 has 1.85 GiB memory in use. Including non-PyTorch memory, this proces"
fakeavceleb_02007_Asian(South)_men_id04537,genuine,fakeavceleb_02007_Asian(South)_men_id04537,"CUDA out of memory. Tried to allocate 2.89 GiB. GPU 0 has a total capacity of 11.81 GiB of which 1.16 GiB is free. Process 2255182 has 1.85 GiB memory in use. Including non-PyTorch memory, this proces"
fakeavceleb_02013_Asian(South)_men_id04560,genuine,fakeavceleb_02013_Asian(South)_men_id04560,"CUDA out of memory. Tried to allocate 2.02 GiB. GPU 0 has a total capacity of 11.81 GiB of which 824.94 MiB is free. Process 2255182 has 1.85 GiB memory in use. Including non-PyTorch memory, this proc"
fakeavceleb_02015_Asian(South)_men_id04560,genuine,fakeavceleb_02015_Asian(South)_men_id04560,"CUDA out of memory. Tried to allocate 2.19 GiB. GPU 0 has a total capacity of 11.81 GiB of which 720.94 MiB is free. Process 2255182 has 1.85 GiB memory in use. Including non-PyTorch memory, this proc"
fakeavceleb_02017_Asian(South)_men_id04560,genuine,fakeavceleb_02017_Asian(South)_men_id04560,"CUDA out of memory. Tried to allocate 2.08 GiB. GPU 0 has a total capacity of 11.81 GiB of which 706.94 MiB is free. Process 2255182 has 1.85 GiB memory in use. Including non-PyTorch memory, this proc"
fakeavceleb_02032_Asian(South)_men_id04599,genuine,fakeavceleb_02032_Asian(South)_men_id04599,"CUDA out of memory. Tried to allocate 2.65 GiB. GPU 0 has a total capacity of 11.81 GiB of which 1.17 GiB is free. Process 2255182 has 1.85 GiB memory in use. Including non-PyTorch memory, this proces"
fakeavceleb_02033_Asian(South)_men_id04599,genuine,fakeavceleb_02033_Asian(South)_men_id04599,"CUDA out of memory. Tried to allocate 2.87 GiB. GPU 0 has a total capacity of 11.81 GiB of which 1.17 GiB is free. Process 2255182 has 1.85 GiB memory in use. Including non-PyTorch memory, this proces"
fakeavceleb_02038_Asian(South)_men_id04601,genuine,fakeavceleb_02038_Asian(South)_men_id04601,"CUDA out of memory. Tried to allocate 1.67 GiB. GPU 0 has a total capacity of 11.81 GiB of which 1.17 GiB is free. Process 2255182 has 1.85 GiB memory in use. Including non-PyTorch memory, this proces"
fakeavceleb_02039_Asian(South)_men_id04601,genuine,fakeavceleb_02039_Asian(South)_men_id04601,"CUDA out of memory. Tried to allocate 2.31 GiB. GPU 0 has a total capacity of 11.81 GiB of which 1.17 GiB is free. Process 2255182 has 1.85 GiB memory in use. Including non-PyTorch memory, this proces"
fakeavceleb_02044_Asian(South)_men_id04601,genuine,fakeavceleb_02044_Asian(South)_men_id04601,"CUDA out of memory. Tried to allocate 1.67 GiB. GPU 0 has a total capacity of 11.81 GiB of which 1.17 GiB is free. Process 2255182 has 1.85 GiB memory in use. Including non-PyTorch memory, this proces"
fakeavceleb_02057_Asian(South)_men_id06354,genuine,fakeavceleb_02057_Asian(South)_men_id06354,"CUDA out of memory. Tried to allocate 1.39 GiB. GPU 0 has a total capacity of 11.81 GiB of which 284.94 MiB is free. Process 2255182 has 1.85 GiB memory in use. Including non-PyTorch memory, this proc"
fakeavceleb_02062_Asian(South)_men_id06355,genuine,fakeavceleb_02062_Asian(South)_men_id06355,"CUDA out of memory. Tried to allocate 3.43 GiB. GPU 0 has a total capacity of 11.81 GiB of which 3.23 GiB is free. Process 2255182 has 1.85 GiB memory in use. Including non-PyTorch memory, this proces"
fakeavceleb_02076_Asian(South)_men_id07058,genuine,fakeavceleb_02076_Asian(South)_men_id07058,"CUDA out of memory. Tried to allocate 1.47 GiB. GPU 0 has a total capacity of 11.81 GiB of which 1.42 GiB is free. Process 2255182 has 1.85 GiB memory in use. Including non-PyTorch memory, this proces"
fakeavceleb_02079_Asian(South)_men_id07058,genuine,fakeavceleb_02079_Asian(South)_men_id07058,"CUDA out of memory. Tried to allocate 1.54 GiB. GPU 0 has a total capacity of 11.81 GiB of which 1.17 GiB is free. Process 2255182 has 1.85 GiB memory in use. Including non-PyTorch memory, this proces"
fakeavceleb_02082_Asian(South)_men_id07058,genuine,fakeavceleb_02082_Asian(South)_men_id07058,"CUDA out of memory. Tried to allocate 1.34 GiB. GPU 0 has a total capacity of 11.81 GiB of which 1.17 GiB is free. Process 2255182 has 1.85 GiB memory in use. Including non-PyTorch memory, this proces"
fakeavceleb_02090_Asian(South)_men_id07161,genuine,fakeavceleb_02090_Asian(South)_men_id07161,"CUDA out of memory. Tried to allocate 1.41 GiB. GPU 0 has a total capacity of 11.81 GiB of which 880.94 MiB is free. Process 2255182 has 1.85 GiB memory in use. Including non-PyTorch memory, this proc"
fakeavceleb_02094_Asian(South)_men_id07161,genuine,fakeavceleb_02094_Asian(South)_men_id07161,"CUDA out of memory. Tried to allocate 2.07 GiB. GPU 0 has a total capacity of 11.81 GiB of which 1.72 GiB is free. Process 2255182 has 1.85 GiB memory in use. Including non-PyTorch memory, this proces"
fakeavceleb_02095_Asian(South)_men_id07161,genuine,fakeavceleb_02095_Asian(South)_men_id07161,"CUDA out of memory. Tried to allocate 1.67 GiB. GPU 0 has a total capacity of 11.81 GiB of which 1.70 GiB is free. Process 2255182 has 1.85 GiB memory in use. Including non-PyTorch memory, this proces"
fakeavceleb_02098_Asian(South)_men_id07161,genuine,fakeavceleb_02098_Asian(South)_men_id07161,"CUDA out of memory. Tried to allocate 1.83 GiB. GPU 0 has a total capacity of 11.81 GiB of which 1.06 GiB is free. Process 2255182 has 1.85 GiB memory in use. Including non-PyTorch memory, this proces"
fakeavceleb_02107_Asian(South)_men_id07165,genuine,fakeavceleb_02107_Asian(South)_men_id07165,"CUDA out of memory. Tried to allocate 1.47 GiB. GPU 0 has a total capacity of 11.81 GiB of which 1.09 GiB is free. Process 2255182 has 1.85 GiB memory in use. Including non-PyTorch memory, this proces"
fakeavceleb_02120_Asian(South)_men_id07194,genuine,fakeavceleb_02120_Asian(South)_men_id07194,"CUDA out of memory. Tried to allocate 2.27 GiB. GPU 0 has a total capacity of 11.81 GiB of which 2.28 GiB is free. Process 2255182 has 1.85 GiB memory in use. Including non-PyTorch memory, this proces"
fakeavceleb_02122_Asian(South)_men_id07194,genuine,fakeavceleb_02122_Asian(South)_men_id07194,"CUDA out of memory. Tried to allocate 2.08 GiB. GPU 0 has a total capacity of 11.81 GiB of which 243.19 MiB is free. Process 2255182 has 1.85 GiB memory in use. Including non-PyTorch memory, this proc"
fakeavceleb_02129_Asian(South)_men_id07195,genuine,fakeavceleb_02129_Asian(South)_men_id07195,"CUDA out of memory. Tried to allocate 2.32 GiB. GPU 0 has a total capacity of 11.81 GiB of which 2.32 GiB is free. Process 2255182 has 1.85 GiB memory in use. Including non-PyTorch memory, this proces"
fakeavceleb_02132_Asian(South)_men_id07195,genuine,fakeavceleb_02132_Asian(South)_men_id07195,"CUDA out of memory. Tried to allocate 1.62 GiB. GPU 0 has a total capacity of 11.81 GiB of which 818.12 MiB is free. Process 2255182 has 1.85 GiB memory in use. Including non-PyTorch memory, this proc"
fakeavceleb_02137_Asian(South)_men_id07200,genuine,fakeavceleb_02137_Asian(South)_men_id07200,"CUDA out of memory. Tried to allocate 1.36 GiB. GPU 0 has a total capacity of 11.81 GiB of which 1.42 GiB is free. Process 2255182 has 1.85 GiB memory in use. Including non-PyTorch memory, this proces"
fakeavceleb_02145_Asian(South)_men_id07210,genuine,fakeavceleb_02145_Asian(South)_men_id07210,"CUDA out of memory. Tried to allocate 3.14 GiB. GPU 0 has a total capacity of 11.81 GiB of which 1.41 GiB is free. Process 2255182 has 1.85 GiB memory in use. Including non-PyTorch memory, this proces"
fakeavceleb_02151_Asian(South)_men_id07233,genuine,fakeavceleb_02151_Asian(South)_men_id07233,"CUDA out of memory. Tried to allocate 2.10 GiB. GPU 0 has a total capacity of 11.81 GiB of which 1.41 GiB is free. Process 2255182 has 1.85 GiB memory in use. Including non-PyTorch memory, this proces"
fakeavceleb_02156_Asian(South)_men_id07768,genuine,fakeavceleb_02156_Asian(South)_men_id07768,"CUDA out of memory. Tried to allocate 3.49 GiB. GPU 0 has a total capacity of 11.81 GiB of which 1.28 GiB is free. Process 2255182 has 1.85 GiB memory in use. Including non-PyTorch memory, this proces"
fakeavceleb_02160_Asian(South)_men_id07768,genuine,fakeavceleb_02160_Asian(South)_men_id07768,"CUDA out of memory. Tried to allocate 3.48 GiB. GPU 0 has a total capacity of 11.81 GiB of which 928.94 MiB is free. Process 2255182 has 1.85 GiB memory in use. Including non-PyTorch memory, this proc"
fakeavceleb_02167_Asian(South)_men_id08457,genuine,fakeavceleb_02167_Asian(South)_men_id08457,"CUDA out of memory. Tried to allocate 2.92 GiB. GPU 0 has a total capacity of 11.81 GiB of which 820.94 MiB is free. Process 2255182 has 1.85 GiB memory in use. Including non-PyTorch memory, this proc"
fakeavceleb_02174_Asian(South)_women_id00043,genuine,fakeavceleb_02174_Asian(South)_women_id00043,"CUDA out of memory. Tried to allocate 2.21 GiB. GPU 0 has a total capacity of 11.81 GiB of which 374.94 MiB is free. Process 2255182 has 1.85 GiB memory in use. Including non-PyTorch memory, this proc"
fakeavceleb_02181_Asian(South)_women_id00043,genuine,fakeavceleb_02181_Asian(South)_women_id00043,"CUDA out of memory. Tried to allocate 1.90 GiB. GPU 0 has a total capacity of 11.81 GiB of which 644.56 MiB is free. Process 2255182 has 1.85 GiB memory in use. Including non-PyTorch memory, this proc"
fakeavceleb_02182_Asian(South)_women_id00080,genuine,fakeavceleb_02182_Asian(South)_women_id00080,"CUDA out of memory. Tried to allocate 2.12 GiB. GPU 0 has a total capacity of 11.81 GiB of which 542.12 MiB is free. Process 2255182 has 1.85 GiB memory in use. Including non-PyTorch memory, this proc"
fakeavceleb_02184_Asian(South)_women_id00080,genuine,fakeavceleb_02184_Asian(South)_women_id00080,"CUDA out of memory. Tried to allocate 3.11 GiB. GPU 0 has a total capacity of 11.81 GiB of which 2.67 GiB is free. Process 2255182 has 1.85 GiB memory in use. Including non-PyTorch memory, this proces"
fakeavceleb_02185_Asian(South)_women_id00080,genuine,fakeavceleb_02185_Asian(South)_women_id00080,"CUDA out of memory. Tried to allocate 2.32 GiB. GPU 0 has a total capacity of 11.81 GiB of which 2.00 GiB is free. Process 2255182 has 1.85 GiB memory in use. Including non-PyTorch memory, this proces"
fakeavceleb_02193_Asian(South)_women_id00149,genuine,fakeavceleb_02193_Asian(South)_women_id00149,"CUDA out of memory. Tried to allocate 3.44 GiB. GPU 0 has a total capacity of 11.81 GiB of which 3.12 GiB is free. Process 2255182 has 1.85 GiB memory in use. Including non-PyTorch memory, this proces"
fakeavceleb_02200_Asian(South)_women_id00235,genuine,fakeavceleb_02200_Asian(South)_women_id00235,"CUDA out of memory. Tried to allocate 3.21 GiB. GPU 0 has a total capacity of 11.81 GiB of which 2.60 GiB is free. Process 2255182 has 1.85 GiB memory in use. Including non-PyTorch memory, this proces"
fakeavceleb_02210_Asian(South)_women_id00417,genuine,fakeavceleb_02210_Asian(South)_women_id00417,"CUDA out of memory. Tried to allocate 1.50 GiB. GPU 0 has a total capacity of 11.81 GiB of which 1.62 GiB is free. Process 2255182 has 1.85 GiB memory in use. Including non-PyTorch memory, this proces"
fakeavceleb_02214_Asian(South)_women_id00417,genuine,fakeavceleb_02214_Asian(South)_women_id00417,"CUDA out of memory. Tried to allocate 1.95 GiB. GPU 0 has a total capacity of 11.81 GiB of which 1.94 GiB is free. Process 2255182 has 1.85 GiB memory in use. Including non-PyTorch memory, this proces"
fakeavceleb_02224_Asian(South)_women_id00461,genuine,fakeavceleb_02224_Asian(South)_women_id00461,"CUDA out of memory. Tried to allocate 1.70 GiB. GPU 0 has a total capacity of 11.81 GiB of which 242.50 MiB is free. Process 2255182 has 1.85 GiB memory in use. Including non-PyTorch memory, this proc"
fakeavceleb_02232_Asian(South)_women_id00488,genuine,fakeavceleb_02232_Asian(South)_women_id00488,"CUDA out of memory. Tried to allocate 6.58 GiB. GPU 0 has a total capacity of 11.81 GiB of which 2.36 GiB is free. Process 2255182 has 1.85 GiB memory in use. Including non-PyTorch memory, this proces"
fakeavceleb_02235_Asian(South)_women_id00739,genuine,fakeavceleb_02235_Asian(South)_women_id00739,"CUDA out of memory. Tried to allocate 3.63 GiB. GPU 0 has a total capacity of 11.81 GiB of which 2.24 GiB is free. Process 2255182 has 1.85 GiB memory in use. Including non-PyTorch memory, this proces"
fakeavceleb_02236_Asian(South)_women_id00739,genuine,fakeavceleb_02236_Asian(South)_women_id00739,"CUDA out of memory. Tried to allocate 2.22 GiB. GPU 0 has a total capacity of 11.81 GiB of which 460.94 MiB is free. Process 2255182 has 1.85 GiB memory in use. Including non-PyTorch memory, this proc"
fakeavceleb_02238_Asian(South)_women_id00739,genuine,fakeavceleb_02238_Asian(South)_women_id00739,"CUDA out of memory. Tried to allocate 2.94 GiB. GPU 0 has a total capacity of 11.81 GiB of which 1.11 GiB is free. Process 2255182 has 1.85 GiB memory in use. Including non-PyTorch memory, this proces"
fakeavceleb_02246_Asian(South)_women_id01026,genuine,fakeavceleb_02246_Asian(South)_women_id01026,"CUDA out of memory. Tried to allocate 1.64 GiB. GPU 0 has a total capacity of 11.81 GiB of which 1.01 GiB is free. Process 2255182 has 1.85 GiB memory in use. Including non-PyTorch memory, this proces"
fakeavceleb_02250_Asian(South)_women_id01026,genuine,fakeavceleb_02250_Asian(South)_women_id01026,"CUDA out of memory. Tried to allocate 2.21 GiB. GPU 0 has a total capacity of 11.81 GiB of which 712.50 MiB is free. Process 2255182 has 1.85 GiB memory in use. Including non-PyTorch memory, this proc"
fakeavceleb_02252_Asian(South)_women_id01026,genuine,fakeavceleb_02252_Asian(South)_women_id01026,"CUDA out of memory. Tried to allocate 2.29 GiB. GPU 0 has a total capacity of 11.81 GiB of which 572.50 MiB is free. Process 2255182 has 1.85 GiB memory in use. Including non-PyTorch memory, this proc"
fakeavceleb_02255_Asian(South)_women_id01026,genuine,fakeavceleb_02255_Asian(South)_women_id01026,"CUDA out of memory. Tried to allocate 1.47 GiB. GPU 0 has a total capacity of 11.81 GiB of which 414.38 MiB is free. Process 2255182 has 1.85 GiB memory in use. Including non-PyTorch memory, this proc"
fakeavceleb_02259_Asian(South)_women_id02089,genuine,fakeavceleb_02259_Asian(South)_women_id02089,"CUDA out of memory. Tried to allocate 4.63 GiB. GPU 0 has a total capacity of 11.81 GiB of which 680.94 MiB is free. Process 2255182 has 1.85 GiB memory in use. Including non-PyTorch memory, this proc"
fakeavceleb_02267_Asian(South)_women_id02619,genuine,fakeavceleb_02267_Asian(South)_women_id02619,"CUDA out of memory. Tried to allocate 1.58 GiB. GPU 0 has a total capacity of 11.81 GiB of which 702.94 MiB is free. Process 2255182 has 1.85 GiB memory in use. Including non-PyTorch memory, this proc"
fakeavceleb_02273_Asian(South)_women_id02619,genuine,fakeavceleb_02273_Asian(South)_women_id02619,"CUDA out of memory. Tried to allocate 1.74 GiB. GPU 0 has a total capacity of 11.81 GiB of which 1.58 GiB is free. Process 2255182 has 1.85 GiB memory in use. Including non-PyTorch memory, this proces"
fakeavceleb_02276_Asian(South)_women_id02619,genuine,fakeavceleb_02276_Asian(South)_women_id02619,"CUDA out of memory. Tried to allocate 1.58 GiB. GPU 0 has a total capacity of 11.81 GiB of which 1.57 GiB is free. Process 2255182 has 1.85 GiB memory in use. Including non-PyTorch memory, this proces"
fakeavceleb_02282_Asian(South)_women_id03559,genuine,fakeavceleb_02282_Asian(South)_women_id03559,"CUDA out of memory. Tried to allocate 4.94 GiB. GPU 0 has a total capacity of 11.81 GiB of which 1.57 GiB is free. Process 2255182 has 1.85 GiB memory in use. Including non-PyTorch memory, this proces"
fakeavceleb_02289_Asian(South)_women_id03815,genuine,fakeavceleb_02289_Asian(South)_women_id03815,"CUDA out of memory. Tried to allocate 2.04 GiB. GPU 0 has a total capacity of 11.81 GiB of which 1.21 GiB is free. Process 2255182 has 1.85 GiB memory in use. Including non-PyTorch memory, this proces"
fakeavceleb_02291_Asian(South)_women_id03815,genuine,fakeavceleb_02291_Asian(South)_women_id03815,"CUDA out of memory. Tried to allocate 2.54 GiB. GPU 0 has a total capacity of 11.81 GiB of which 854.94 MiB is free. Process 2255182 has 1.85 GiB memory in use. Including non-PyTorch memory, this proc"
fakeavceleb_02298_Asian(South)_women_id03985,genuine,fakeavceleb_02298_Asian(South)_women_id03985,"CUDA out of memory. Tried to allocate 1.21 GiB. GPU 0 has a total capacity of 11.81 GiB of which 598.94 MiB is free. Process 2255182 has 1.85 GiB memory in use. Including non-PyTorch memory, this proc"
fakeavceleb_02300_Asian(South)_women_id03985,genuine,fakeavceleb_02300_Asian(South)_women_id03985,"CUDA out of memory. Tried to allocate 5.59 GiB. GPU 0 has a total capacity of 11.81 GiB of which 1.85 GiB is free. Process 2255182 has 1.85 GiB memory in use. Including non-PyTorch memory, this proces"
fakeavceleb_02314_Asian(South)_women_id04490,genuine,fakeavceleb_02314_Asian(South)_women_id04490,"CUDA out of memory. Tried to allocate 1.74 GiB. GPU 0 has a total capacity of 11.81 GiB of which 939.75 MiB is free. Process 2255182 has 1.85 GiB memory in use. Including non-PyTorch memory, this proc"
fakeavceleb_02340_Asian(South)_women_id04564,genuine,fakeavceleb_02340_Asian(South)_women_id04564,"CUDA out of memory. Tried to allocate 5.39 GiB. GPU 0 has a total capacity of 11.81 GiB of which 791.19 MiB is free. Process 2255182 has 1.85 GiB memory in use. Including non-PyTorch memory, this proc"
fakeavceleb_02344_Asian(South)_women_id04583,genuine,fakeavceleb_02344_Asian(South)_women_id04583,"CUDA out of memory. Tried to allocate 2.49 GiB. GPU 0 has a total capacity of 11.81 GiB of which 1.16 GiB is free. Process 2255182 has 1.85 GiB memory in use. Including non-PyTorch memory, this proces"
fakeavceleb_02346_Asian(South)_women_id04583,genuine,fakeavceleb_02346_Asian(South)_women_id04583,"CUDA out of memory. Tried to allocate 2.01 GiB. GPU 0 has a total capacity of 11.81 GiB of which 1.16 GiB is free. Process 2255182 has 1.85 GiB memory in use. Including non-PyTorch memory, this proces"
fakeavceleb_02349_Asian(South)_women_id04583,genuine,fakeavceleb_02349_Asian(South)_women_id04583,"CUDA out of memory. Tried to allocate 2.04 GiB. GPU 0 has a total capacity of 11.81 GiB of which 1.16 GiB is free. Process 2255182 has 1.85 GiB memory in use. Including non-PyTorch memory, this proces"
fakeavceleb_02361_Asian(South)_women_id05434,genuine,fakeavceleb_02361_Asian(South)_women_id05434,"CUDA out of memory. Tried to allocate 1.52 GiB. GPU 0 has a total capacity of 11.81 GiB of which 707.38 MiB is free. Process 2255182 has 1.85 GiB memory in use. Including non-PyTorch memory, this proc"
fakeavceleb_02362_Asian(South)_women_id05434,genuine,fakeavceleb_02362_Asian(South)_women_id05434,"CUDA out of memory. Tried to allocate 1.71 GiB. GPU 0 has a total capacity of 11.81 GiB of which 402.94 MiB is free. Process 2255182 has 1.85 GiB memory in use. Including non-PyTorch memory, this proc"
fakeavceleb_02368_Asian(South)_women_id05434,genuine,fakeavceleb_02368_Asian(South)_women_id05434,"CUDA out of memory. Tried to allocate 1.77 GiB. GPU 0 has a total capacity of 11.81 GiB of which 1.28 GiB is free. Process 2255182 has 1.85 GiB memory in use. Including non-PyTorch memory, this proces"
fakeavceleb_02370_Asian(South)_women_id05434,genuine,fakeavceleb_02370_Asian(South)_women_id05434,"CUDA out of memory. Tried to allocate 1.73 GiB. GPU 0 has a total capacity of 11.81 GiB of which 1.01 GiB is free. Process 2255182 has 1.85 GiB memory in use. Including non-PyTorch memory, this proces"
fakeavceleb_02381_Asian(South)_women_id05435,genuine,fakeavceleb_02381_Asian(South)_women_id05435,"CUDA out of memory. Tried to allocate 2.07 GiB. GPU 0 has a total capacity of 11.81 GiB of which 1.36 GiB is free. Process 2255182 has 1.85 GiB memory in use. Including non-PyTorch memory, this proces"
fakeavceleb_02383_Asian(South)_women_id05478,genuine,fakeavceleb_02383_Asian(South)_women_id05478,"CUDA out of memory. Tried to allocate 3.85 GiB. GPU 0 has a total capacity of 11.81 GiB of which 3.85 GiB is free. Process 2255182 has 1.85 GiB memory in use. Including non-PyTorch memory, this proces"
fakeavceleb_02387_Asian(South)_women_id05845,genuine,fakeavceleb_02387_Asian(South)_women_id05845,"CUDA out of memory. Tried to allocate 2.69 GiB. GPU 0 has a total capacity of 11.81 GiB of which 2.03 GiB is free. Process 2255182 has 1.85 GiB memory in use. Including non-PyTorch memory, this proces"
fakeavceleb_02392_Asian(South)_women_id05845,genuine,fakeavceleb_02392_Asian(South)_women_id05845,"CUDA out of memory. Tried to allocate 3.63 GiB. GPU 0 has a total capacity of 11.81 GiB of which 1.00 GiB is free. Process 2255182 has 1.85 GiB memory in use. Including non-PyTorch memory, this proces"
fakeavceleb_02396_Asian(South)_women_id05920,genuine,fakeavceleb_02396_Asian(South)_women_id05920,"CUDA out of memory. Tried to allocate 2.82 GiB. GPU 0 has a total capacity of 11.81 GiB of which 204.56 MiB is free. Process 2255182 has 1.85 GiB memory in use. Including non-PyTorch memory, this proc"
fakeavceleb_02425_Asian(South)_women_id06268,genuine,fakeavceleb_02425_Asian(South)_women_id06268,"CUDA out of memory. Tried to allocate 3.69 GiB. GPU 0 has a total capacity of 11.81 GiB of which 299.00 MiB is free. Process 2255182 has 1.85 GiB memory in use. Including non-PyTorch memory, this proc"
fakeavceleb_02426_Asian(South)_women_id06268,genuine,fakeavceleb_02426_Asian(South)_women_id06268,"CUDA out of memory. Tried to allocate 2.75 GiB. GPU 0 has a total capacity of 11.81 GiB of which 299.00 MiB is free. Process 2255182 has 1.85 GiB memory in use. Including non-PyTorch memory, this proc"
fakeavceleb_02427_Asian(South)_women_id06268,genuine,fakeavceleb_02427_Asian(South)_women_id06268,"CUDA out of memory. Tried to allocate 3.69 GiB. GPU 0 has a total capacity of 11.81 GiB of which 306.38 MiB is free. Process 2255182 has 1.85 GiB memory in use. Including non-PyTorch memory, this proc"
fakeavceleb_02429_Asian(South)_women_id06343,genuine,fakeavceleb_02429_Asian(South)_women_id06343,"CUDA out of memory. Tried to allocate 1.53 GiB. GPU 0 has a total capacity of 11.81 GiB of which 984.12 MiB is free. Process 2255182 has 1.85 GiB memory in use. Including non-PyTorch memory, this proc"
fakeavceleb_02439_Asian(South)_women_id06343,genuine,fakeavceleb_02439_Asian(South)_women_id06343,"CUDA out of memory. Tried to allocate 1.95 GiB. GPU 0 has a total capacity of 11.81 GiB of which 470.00 MiB is free. Process 2255182 has 1.85 GiB memory in use. Including non-PyTorch memory, this proc"
fakeavceleb_02440_Asian(South)_women_id06428,genuine,fakeavceleb_02440_Asian(South)_women_id06428,"CUDA out of memory. Tried to allocate 2.85 GiB. GPU 0 has a total capacity of 11.81 GiB of which 469.62 MiB is free. Process 2255182 has 1.85 GiB memory in use. Including non-PyTorch memory, this proc"
fakeavceleb_02442_Asian(South)_women_id06428,genuine,fakeavceleb_02442_Asian(South)_women_id06428,"CUDA out of memory. Tried to allocate 3.40 GiB. GPU 0 has a total capacity of 11.81 GiB of which 156.94 MiB is free. Process 2255182 has 1.85 GiB memory in use. Including non-PyTorch memory, this proc"
fakeavceleb_02449_Asian(South)_women_id06438,genuine,fakeavceleb_02449_Asian(South)_women_id06438,"CUDA out of memory. Tried to allocate 6.71 GiB. GPU 0 has a total capacity of 11.81 GiB of which 233.75 MiB is free. Process 2255182 has 1.85 GiB memory in use. Including non-PyTorch memory, this proc"
fakeavceleb_02454_Asian(South)_women_id06438,genuine,fakeavceleb_02454_Asian(South)_women_id06438,"CUDA out of memory. Tried to allocate 1.60 GiB. GPU 0 has a total capacity of 11.81 GiB of which 231.75 MiB is free. Process 2255182 has 1.85 GiB memory in use. Including non-PyTorch memory, this proc"
fakeavceleb_02459_Asian(South)_women_id06439,genuine,fakeavceleb_02459_Asian(South)_women_id06439,"CUDA out of memory. Tried to allocate 5.51 GiB. GPU 0 has a total capacity of 11.81 GiB of which 664.38 MiB is free. Process 2255182 has 1.85 GiB memory in use. Including non-PyTorch memory, this proc"
fakeavceleb_02463_Asian(South)_women_id06439,genuine,fakeavceleb_02463_Asian(South)_women_id06439,"CUDA out of memory. Tried to allocate 5.64 GiB. GPU 0 has a total capacity of 11.81 GiB of which 634.38 MiB is free. Process 2255182 has 1.85 GiB memory in use. Including non-PyTorch memory, this proc"
fakeavceleb_02473_Asian(South)_women_id07008,genuine,fakeavceleb_02473_Asian(South)_women_id07008,"CUDA out of memory. Tried to allocate 4.91 GiB. GPU 0 has a total capacity of 11.81 GiB of which 395.88 MiB is free. Process 2255182 has 1.85 GiB memory in use. Including non-PyTorch memory, this proc"
fakeavceleb_02474_Asian(South)_women_id07008,genuine,fakeavceleb_02474_Asian(South)_women_id07008,"CUDA out of memory. Tried to allocate 4.94 GiB. GPU 0 has a total capacity of 11.81 GiB of which 404.38 MiB is free. Process 2255182 has 1.85 GiB memory in use. Including non-PyTorch memory, this proc"
fakeavceleb_02477_Asian(South)_women_id07049,genuine,fakeavceleb_02477_Asian(South)_women_id07049,"CUDA out of memory. Tried to allocate 3.03 GiB. GPU 0 has a total capacity of 11.81 GiB of which 250.94 MiB is free. Process 2255182 has 1.85 GiB memory in use. Including non-PyTorch memory, this proc"
fakeavceleb_02507_Asian(South)_women_id07686,genuine,fakeavceleb_02507_Asian(South)_women_id07686,"CUDA out of memory. Tried to allocate 2.81 GiB. GPU 0 has a total capacity of 11.81 GiB of which 399.81 MiB is free. Process 2255182 has 1.85 GiB memory in use. Including non-PyTorch memory, this proc"
fakeavceleb_02512_Asian(South)_women_id07686,genuine,fakeavceleb_02512_Asian(South)_women_id07686,"CUDA out of memory. Tried to allocate 3.25 GiB. GPU 0 has a total capacity of 11.81 GiB of which 1.14 GiB is free. Process 2255182 has 1.85 GiB memory in use. Including non-PyTorch memory, this proces"
fakeavceleb_02515_Asian(South)_women_id07689,genuine,fakeavceleb_02515_Asian(South)_women_id07689,"CUDA out of memory. Tried to allocate 3.05 GiB. GPU 0 has a total capacity of 11.81 GiB of which 328.38 MiB is free. Process 2255182 has 1.85 GiB memory in use. Including non-PyTorch memory, this proc"
fakeavceleb_02524_Caucasian(American)_men_id00018,genuine,fakeavceleb_02524_Caucasian(American)_men_id00018,"CUDA out of memory. Tried to allocate 1.73 GiB. GPU 0 has a total capacity of 11.81 GiB of which 324.38 MiB is free. Process 2255182 has 1.85 GiB memory in use. Including non-PyTorch memory, this proc"
fakeavceleb_02528_Caucasian(American)_men_id00020,genuine,fakeavceleb_02528_Caucasian(American)_men_id00020,"CUDA out of memory. Tried to allocate 2.32 GiB. GPU 0 has a total capacity of 11.81 GiB of which 326.38 MiB is free. Process 2255182 has 1.85 GiB memory in use. Including non-PyTorch memory, this proc"
fakeavceleb_02529_Caucasian(American)_men_id00020,genuine,fakeavceleb_02529_Caucasian(American)_men_id00020,"CUDA out of memory. Tried to allocate 1.71 GiB. GPU 0 has a total capacity of 11.81 GiB of which 664.19 MiB is free. Process 2255182 has 1.85 GiB memory in use. Including non-PyTorch memory, this proc"
fakeavceleb_02538_Caucasian(American)_men_id00021,genuine,fakeavceleb_02538_Caucasian(American)_men_id00021,"CUDA out of memory. Tried to allocate 1.65 GiB. GPU 0 has a total capacity of 11.81 GiB of which 792.06 MiB is free. Process 2255182 has 1.85 GiB memory in use. Including non-PyTorch memory, this proc"
fakeavceleb_02545_Caucasian(American)_men_id00021,genuine,fakeavceleb_02545_Caucasian(American)_men_id00021,"CUDA out of memory. Tried to allocate 2.33 GiB. GPU 0 has a total capacity of 11.81 GiB of which 394.88 MiB is free. Process 2255182 has 1.85 GiB memory in use. Including non-PyTorch memory, this proc"
fakeavceleb_02549_Caucasian(American)_men_id00029,genuine,fakeavceleb_02549_Caucasian(American)_men_id00029,"CUDA out of memory. Tried to allocate 2.12 GiB. GPU 0 has a total capacity of 11.81 GiB of which 612.88 MiB is free. Process 2255182 has 1.85 GiB memory in use. Including non-PyTorch memory, this proc"
fakeavceleb_02568_Caucasian(American)_men_id00052,genuine,fakeavceleb_02568_Caucasian(American)_men_id00052,"CUDA out of memory. Tried to allocate 1.82 GiB. GPU 0 has a total capacity of 11.81 GiB of which 291.75 MiB is free. Process 2255182 has 1.85 GiB memory in use. Including non-PyTorch memory, this proc"
fakeavceleb_02570_Caucasian(American)_men_id00060,genuine,fakeavceleb_02570_Caucasian(American)_men_id00060,"CUDA out of memory. Tried to allocate 3.14 GiB. GPU 0 has a total capacity of 11.81 GiB of which 347.81 MiB is free. Process 2255182 has 1.85 GiB memory in use. Including non-PyTorch memory, this proc"
fakeavceleb_02585_Caucasian(American)_men_id00087,genuine,fakeavceleb_02585_Caucasian(American)_men_id00087,"CUDA out of memory. Tried to allocate 4.46 GiB. GPU 0 has a total capacity of 11.81 GiB of which 3.97 GiB is free. Process 2255182 has 1.85 GiB memory in use. Including non-PyTorch memory, this proces"
fakeavceleb_02592_Caucasian(American)_men_id00088,genuine,fakeavceleb_02592_Caucasian(American)_men_id00088,"CUDA out of memory. Tried to allocate 2.21 GiB. GPU 0 has a total capacity of 11.81 GiB of which 1.83 GiB is free. Process 2255182 has 1.85 GiB memory in use. Including non-PyTorch memory, this proces"
fakeavceleb_02602_Caucasian(American)_men_id00169,genuine,fakeavceleb_02602_Caucasian(American)_men_id00169,"CUDA out of memory. Tried to allocate 2.34 GiB. GPU 0 has a total capacity of 11.81 GiB of which 878.69 MiB is free. Process 2255182 has 1.85 GiB memory in use. Including non-PyTorch memory, this proc"
fakeavceleb_02609_Caucasian(American)_men_id00179,genuine,fakeavceleb_02609_Caucasian(American)_men_id00179,"CUDA out of memory. Tried to allocate 2.23 GiB. GPU 0 has a total capacity of 11.81 GiB of which 1.10 GiB is free. Process 2255182 has 1.85 GiB memory in use. Including non-PyTorch memory, this proces"
fakeavceleb_02625_Caucasian(American)_men_id00243,genuine,fakeavceleb_02625_Caucasian(American)_men_id00243,"CUDA out of memory. Tried to allocate 2.94 GiB. GPU 0 has a total capacity of 11.81 GiB of which 2.11 GiB is free. Process 2255182 has 1.85 GiB memory in use. Including non-PyTorch memory, this proces"
fakeavceleb_02634_Caucasian(American)_men_id00264,genuine,fakeavceleb_02634_Caucasian(American)_men_id00264,"CUDA out of memory. Tried to allocate 2.38 GiB. GPU 0 has a total capacity of 11.81 GiB of which 1.62 GiB is free. Process 2255182 has 1.85 GiB memory in use. Including non-PyTorch memory, this proces"
fakeavceleb_02641_Caucasian(American)_men_id00345,genuine,fakeavceleb_02641_Caucasian(American)_men_id00345,"CUDA out of memory. Tried to allocate 1.73 GiB. GPU 0 has a total capacity of 11.81 GiB of which 994.94 MiB is free. Process 2255182 has 1.85 GiB memory in use. Including non-PyTorch memory, this proc"
fakeavceleb_02658_Caucasian(American)_men_id00696,genuine,fakeavceleb_02658_Caucasian(American)_men_id00696,"CUDA out of memory. Tried to allocate 2.69 GiB. GPU 0 has a total capacity of 11.81 GiB of which 784.94 MiB is free. Process 2255182 has 1.85 GiB memory in use. Including non-PyTorch memory, this proc"
fakeavceleb_02659_Caucasian(American)_men_id00696,genuine,fakeavceleb_02659_Caucasian(American)_men_id00696,"CUDA out of memory. Tried to allocate 820.00 MiB. GPU 0 has a total capacity of 11.81 GiB of which 706.94 MiB is free. Process 2255182 has 1.85 GiB memory in use. Including non-PyTorch memory, this pr"
fakeavceleb_02660_Caucasian(American)_men_id00696,genuine,fakeavceleb_02660_Caucasian(American)_men_id00696,"CUDA out of memory. Tried to allocate 2.64 GiB. GPU 0 has a total capacity of 11.81 GiB of which 202.94 MiB is free. Process 2255182 has 1.85 GiB memory in use. Including non-PyTorch memory, this proc"
fakeavceleb_02667_Caucasian(American)_men_id00708,genuine,fakeavceleb_02667_Caucasian(American)_men_id00708,"CUDA out of memory. Tried to allocate 1.09 GiB. GPU 0 has a total capacity of 11.81 GiB of which 797.06 MiB is free. Process 2255182 has 1.85 GiB memory in use. Including non-PyTorch memory, this proc"
fakeavceleb_02670_Caucasian(American)_men_id00775,genuine,fakeavceleb_02670_Caucasian(American)_men_id00775,"CUDA out of memory. Tried to allocate 1.08 GiB. GPU 0 has a total capacity of 11.81 GiB of which 480.69 MiB is free. Process 2255182 has 1.85 GiB memory in use. Including non-PyTorch memory, this proc"
fakeavceleb_02672_Caucasian(American)_men_id00775,genuine,fakeavceleb_02672_Caucasian(American)_men_id00775,"CUDA out of memory. Tried to allocate 1.56 GiB. GPU 0 has a total capacity of 11.81 GiB of which 482.69 MiB is free. Process 2255182 has 1.85 GiB memory in use. Including non-PyTorch memory, this proc"
fakeavceleb_02673_Caucasian(American)_men_id00775,genuine,fakeavceleb_02673_Caucasian(American)_men_id00775,"CUDA out of memory. Tried to allocate 1.88 GiB. GPU 0 has a total capacity of 11.81 GiB of which 482.69 MiB is free. Process 2255182 has 1.85 GiB memory in use. Including non-PyTorch memory, this proc"
fakeavceleb_02677_Caucasian(American)_men_id00775,genuine,fakeavceleb_02677_Caucasian(American)_men_id00775,"CUDA out of memory. Tried to allocate 1.88 GiB. GPU 0 has a total capacity of 11.81 GiB of which 222.69 MiB is free. Process 2255182 has 1.85 GiB memory in use. Including non-PyTorch memory, this proc"
fakeavceleb_02692_Caucasian(American)_men_id00945,genuine,fakeavceleb_02692_Caucasian(American)_men_id00945,"CUDA out of memory. Tried to allocate 2.59 GiB. GPU 0 has a total capacity of 11.81 GiB of which 730.19 MiB is free. Process 2255182 has 1.85 GiB memory in use. Including non-PyTorch memory, this proc"
fakeavceleb_02697_Caucasian(American)_men_id01035,genuine,fakeavceleb_02697_Caucasian(American)_men_id01035,"CUDA out of memory. Tried to allocate 2.97 GiB. GPU 0 has a total capacity of 11.81 GiB of which 1.87 GiB is free. Process 2255182 has 1.85 GiB memory in use. Including non-PyTorch memory, this proces"
fakeavceleb_02698_Caucasian(American)_men_id01035,genuine,fakeavceleb_02698_Caucasian(American)_men_id01035,"CUDA out of memory. Tried to allocate 2.44 GiB. GPU 0 has a total capacity of 11.81 GiB of which 1.87 GiB is free. Process 2255182 has 1.85 GiB memory in use. Including non-PyTorch memory, this proces"
fakeavceleb_02701_Caucasian(American)_men_id01035,genuine,fakeavceleb_02701_Caucasian(American)_men_id01035,"CUDA out of memory. Tried to allocate 3.03 GiB. GPU 0 has a total capacity of 11.81 GiB of which 1.76 GiB is free. Process 2255182 has 1.85 GiB memory in use. Including non-PyTorch memory, this proces"
fakeavceleb_02702_Caucasian(American)_men_id01042,genuine,fakeavceleb_02702_Caucasian(American)_men_id01042,"CUDA out of memory. Tried to allocate 2.46 GiB. GPU 0 has a total capacity of 11.81 GiB of which 1.76 GiB is free. Process 2255182 has 1.85 GiB memory in use. Including non-PyTorch memory, this proces"
fakeavceleb_02703_Caucasian(American)_men_id01042,genuine,fakeavceleb_02703_Caucasian(American)_men_id01042,"CUDA out of memory. Tried to allocate 1.78 GiB. GPU 0 has a total capacity of 11.81 GiB of which 1.76 GiB is free. Process 2255182 has 1.85 GiB memory in use. Including non-PyTorch memory, this proces"
fakeavceleb_02717_Caucasian(American)_men_id01048,genuine,fakeavceleb_02717_Caucasian(American)_men_id01048,"CUDA out of memory. Tried to allocate 1.52 GiB. GPU 0 has a total capacity of 11.81 GiB of which 544.38 MiB is free. Process 2255182 has 1.85 GiB memory in use. Including non-PyTorch memory, this proc"
fakeavceleb_02719_Caucasian(American)_men_id01048,genuine,fakeavceleb_02719_Caucasian(American)_men_id01048,"CUDA out of memory. Tried to allocate 2.27 GiB. GPU 0 has a total capacity of 11.81 GiB of which 1.95 GiB is free. Process 2255182 has 1.85 GiB memory in use. Including non-PyTorch memory, this proces"
fakeavceleb_02721_Caucasian(American)_men_id01048,genuine,fakeavceleb_02721_Caucasian(American)_men_id01048,"CUDA out of memory. Tried to allocate 1.53 GiB. GPU 0 has a total capacity of 11.81 GiB of which 1.54 GiB is free. Process 2255182 has 1.85 GiB memory in use. Including non-PyTorch memory, this proces"
fakeavceleb_02740_Caucasian(American)_men_id01163,genuine,fakeavceleb_02740_Caucasian(American)_men_id01163,"CUDA out of memory. Tried to allocate 2.46 GiB. GPU 0 has a total capacity of 11.81 GiB of which 525.12 MiB is free. Process 2255182 has 1.85 GiB memory in use. Including non-PyTorch memory, this proc"
fakeavceleb_02747_Caucasian(American)_men_id01168,genuine,fakeavceleb_02747_Caucasian(American)_men_id01168,"CUDA out of memory. Tried to allocate 2.69 GiB. GPU 0 has a total capacity of 11.81 GiB of which 2.69 GiB is free. Process 2255182 has 1.85 GiB memory in use. Including non-PyTorch memory, this proces"
fakeavceleb_02749_Caucasian(American)_men_id01168,genuine,fakeavceleb_02749_Caucasian(American)_men_id01168,"CUDA out of memory. Tried to allocate 2.51 GiB. GPU 0 has a total capacity of 11.81 GiB of which 210.38 MiB is free. Process 2255182 has 1.85 GiB memory in use. Including non-PyTorch memory, this proc"
fakeavceleb_02751_Caucasian(American)_men_id01172,genuine,fakeavceleb_02751_Caucasian(American)_men_id01172,"CUDA out of memory. Tried to allocate 1.53 GiB. GPU 0 has a total capacity of 11.81 GiB of which 210.38 MiB is free. Process 2255182 has 1.85 GiB memory in use. Including non-PyTorch memory, this proc"
fakeavceleb_02754_Caucasian(American)_men_id01172,genuine,fakeavceleb_02754_Caucasian(American)_men_id01172,"CUDA out of memory. Tried to allocate 1.54 GiB. GPU 0 has a total capacity of 11.81 GiB of which 210.38 MiB is free. Process 2255182 has 1.85 GiB memory in use. Including non-PyTorch memory, this proc"
fakeavceleb_02756_Caucasian(American)_men_id01172,genuine,fakeavceleb_02756_Caucasian(American)_men_id01172,"CUDA out of memory. Tried to allocate 1.53 GiB. GPU 0 has a total capacity of 11.81 GiB of which 210.38 MiB is free. Process 2255182 has 1.85 GiB memory in use. Including non-PyTorch memory, this proc"
fakeavceleb_02762_Caucasian(American)_men_id01175,genuine,fakeavceleb_02762_Caucasian(American)_men_id01175,"CUDA out of memory. Tried to allocate 1.91 GiB. GPU 0 has a total capacity of 11.81 GiB of which 206.56 MiB is free. Process 2255182 has 1.85 GiB memory in use. Including non-PyTorch memory, this proc"
fakeavceleb_02769_Caucasian(American)_men_id01175,genuine,fakeavceleb_02769_Caucasian(American)_men_id01175,"CUDA out of memory. Tried to allocate 2.32 GiB. GPU 0 has a total capacity of 11.81 GiB of which 2.12 GiB is free. Process 2255182 has 1.85 GiB memory in use. Including non-PyTorch memory, this proces"
fakeavceleb_02770_Caucasian(American)_men_id01182,genuine,fakeavceleb_02770_Caucasian(American)_men_id01182,"CUDA out of memory. Tried to allocate 6.52 GiB. GPU 0 has a total capacity of 11.81 GiB of which 2.85 GiB is free. Process 2255182 has 1.85 GiB memory in use. Including non-PyTorch memory, this proces"
fakeavceleb_02773_Caucasian(American)_men_id01182,genuine,fakeavceleb_02773_Caucasian(American)_men_id01182,"CUDA out of memory. Tried to allocate 6.56 GiB. GPU 0 has a total capacity of 11.81 GiB of which 2.67 GiB is free. Process 2255182 has 1.85 GiB memory in use. Including non-PyTorch memory, this proces"
fakeavceleb_02784_Caucasian(American)_men_id01201,genuine,fakeavceleb_02784_Caucasian(American)_men_id01201,"CUDA out of memory. Tried to allocate 3.94 GiB. GPU 0 has a total capacity of 11.81 GiB of which 1.94 GiB is free. Process 2255182 has 1.85 GiB memory in use. Including non-PyTorch memory, this proces"
fakeavceleb_02793_Caucasian(American)_men_id01210,genuine,fakeavceleb_02793_Caucasian(American)_men_id01210,"CUDA out of memory. Tried to allocate 1.91 GiB. GPU 0 has a total capacity of 11.81 GiB of which 383.56 MiB is free. Process 2255182 has 1.85 GiB memory in use. Including non-PyTorch memory, this proc"
fakeavceleb_02797_Caucasian(American)_men_id01210,genuine,fakeavceleb_02797_Caucasian(American)_men_id01210,"CUDA out of memory. Tried to allocate 1.92 GiB. GPU 0 has a total capacity of 11.81 GiB of which 373.56 MiB is free. Process 2255182 has 1.85 GiB memory in use. Including non-PyTorch memory, this proc"
fakeavceleb_02808_Caucasian(American)_men_id01239,genuine,fakeavceleb_02808_Caucasian(American)_men_id01239,"CUDA out of memory. Tried to allocate 1.15 GiB. GPU 0 has a total capacity of 11.81 GiB of which 1.17 GiB is free. Process 2255182 has 1.85 GiB memory in use. Including non-PyTorch memory, this proces"
fakeavceleb_02820_Caucasian(American)_men_id03678,genuine,fakeavceleb_02820_Caucasian(American)_men_id03678,"CUDA out of memory. Tried to allocate 2.37 GiB. GPU 0 has a total capacity of 11.81 GiB of which 1.83 GiB is free. Process 2255182 has 1.85 GiB memory in use. Including non-PyTorch memory, this proces"
fakeavceleb_02823_Caucasian(American)_men_id03757,genuine,fakeavceleb_02823_Caucasian(American)_men_id03757,"CUDA out of memory. Tried to allocate 1.46 GiB. GPU 0 has a total capacity of 11.81 GiB of which 383.62 MiB is free. Process 2255182 has 1.85 GiB memory in use. Including non-PyTorch memory, this proc"
fakeavceleb_02828_Caucasian(American)_men_id03757,genuine,fakeavceleb_02828_Caucasian(American)_men_id03757,"CUDA out of memory. Tried to allocate 1.47 GiB. GPU 0 has a total capacity of 11.81 GiB of which 367.44 MiB is free. Process 2255182 has 1.85 GiB memory in use. Including non-PyTorch memory, this proc"
fakeavceleb_02829_Caucasian(American)_men_id03757,genuine,fakeavceleb_02829_Caucasian(American)_men_id03757,"CUDA out of memory. Tried to allocate 1.65 GiB. GPU 0 has a total capacity of 11.81 GiB of which 191.06 MiB is free. Process 2255182 has 1.85 GiB memory in use. Including non-PyTorch memory, this proc"
fakeavceleb_02831_Caucasian(American)_men_id03757,genuine,fakeavceleb_02831_Caucasian(American)_men_id03757,"CUDA out of memory. Tried to allocate 1.71 GiB. GPU 0 has a total capacity of 11.81 GiB of which 128.94 MiB is free. Process 2255182 has 1.85 GiB memory in use. Including non-PyTorch memory, this proc"
fakeavceleb_02839_Caucasian(American)_men_id04216,genuine,fakeavceleb_02839_Caucasian(American)_men_id04216,"CUDA out of memory. Tried to allocate 3.07 GiB. GPU 0 has a total capacity of 11.81 GiB of which 1.13 GiB is free. Process 2255182 has 1.85 GiB memory in use. Including non-PyTorch memory, this proces"
fakeavceleb_02847_Caucasian(American)_men_id04219,genuine,fakeavceleb_02847_Caucasian(American)_men_id04219,"CUDA out of memory. Tried to allocate 1.32 GiB. GPU 0 has a total capacity of 11.81 GiB of which 1.13 GiB is free. Process 2255182 has 1.85 GiB memory in use. Including non-PyTorch memory, this proces"
fakeavceleb_02861_Caucasian(American)_women_id00025,genuine,fakeavceleb_02861_Caucasian(American)_women_id00025,"CUDA out of memory. Tried to allocate 2.37 GiB. GPU 0 has a total capacity of 11.81 GiB of which 784.94 MiB is free. Process 2255182 has 1.85 GiB memory in use. Including non-PyTorch memory, this proc"
fakeavceleb_02864_Caucasian(American)_women_id00025,genuine,fakeavceleb_02864_Caucasian(American)_women_id00025,"CUDA out of memory. Tried to allocate 2.10 GiB. GPU 0 has a total capacity of 11.81 GiB of which 678.94 MiB is free. Process 2255182 has 1.85 GiB memory in use. Including non-PyTorch memory, this proc"
fakeavceleb_02880_Caucasian(American)_women_id00098,genuine,fakeavceleb_02880_Caucasian(American)_women_id00098,"CUDA out of memory. Tried to allocate 1.27 GiB. GPU 0 has a total capacity of 11.81 GiB of which 1.14 GiB is free. Process 2255182 has 1.85 GiB memory in use. Including non-PyTorch memory, this proces"
fakeavceleb_02881_Caucasian(American)_women_id00098,genuine,fakeavceleb_02881_Caucasian(American)_women_id00098,"CUDA out of memory. Tried to allocate 1.29 GiB. GPU 0 has a total capacity of 11.81 GiB of which 1.14 GiB is free. Process 2255182 has 1.85 GiB memory in use. Including non-PyTorch memory, this proces"
fakeavceleb_02903_Caucasian(American)_women_id00145,genuine,fakeavceleb_02903_Caucasian(American)_women_id00145,"CUDA out of memory. Tried to allocate 3.52 GiB. GPU 0 has a total capacity of 11.81 GiB of which 660.31 MiB is free. Process 2255182 has 1.85 GiB memory in use. Including non-PyTorch memory, this proc"
fakeavceleb_02924_Caucasian(American)_women_id00190,genuine,fakeavceleb_02924_Caucasian(American)_women_id00190,"CUDA out of memory. Tried to allocate 1.88 GiB. GPU 0 has a total capacity of 11.81 GiB of which 784.38 MiB is free. Process 2255182 has 1.85 GiB memory in use. Including non-PyTorch memory, this proc"
fakeavceleb_02950_Caucasian(American)_women_id00272,genuine,fakeavceleb_02950_Caucasian(American)_women_id00272,"CUDA out of memory. Tried to allocate 6.74 GiB. GPU 0 has a total capacity of 11.81 GiB of which 3.92 GiB is free. Process 2255182 has 1.85 GiB memory in use. Including non-PyTorch memory, this proces"
fakeavceleb_02960_Caucasian(American)_women_id00291,genuine,fakeavceleb_02960_Caucasian(American)_women_id00291,"CUDA out of memory. Tried to allocate 2.23 GiB. GPU 0 has a total capacity of 11.81 GiB of which 915.94 MiB is free. Process 2255182 has 1.85 GiB memory in use. Including non-PyTorch memory, this proc"
fakeavceleb_02962_Caucasian(American)_women_id00291,genuine,fakeavceleb_02962_Caucasian(American)_women_id00291,"CUDA out of memory. Tried to allocate 3.18 GiB. GPU 0 has a total capacity of 11.81 GiB of which 3.13 GiB is free. Process 2255182 has 1.85 GiB memory in use. Including non-PyTorch memory, this proces"
fakeavceleb_02966_Caucasian(American)_women_id00381,genuine,fakeavceleb_02966_Caucasian(American)_women_id00381,"CUDA out of memory. Tried to allocate 3.18 GiB. GPU 0 has a total capacity of 11.81 GiB of which 2.19 GiB is free. Process 2255182 has 1.85 GiB memory in use. Including non-PyTorch memory, this proces"
fakeavceleb_02970_Caucasian(American)_women_id00383,genuine,fakeavceleb_02970_Caucasian(American)_women_id00383,"CUDA out of memory. Tried to allocate 3.89 GiB. GPU 0 has a total capacity of 11.81 GiB of which 3.55 GiB is free. Process 2255182 has 1.85 GiB memory in use. Including non-PyTorch memory, this proces"
fakeavceleb_02979_Caucasian(American)_women_id00385,genuine,fakeavceleb_02979_Caucasian(American)_women_id00385,"CUDA out of memory. Tried to allocate 5.64 GiB. GPU 0 has a total capacity of 11.81 GiB of which 3.59 GiB is free. Process 2255182 has 1.85 GiB memory in use. Including non-PyTorch memory, this proces"
fakeavceleb_02982_Caucasian(American)_women_id00398,genuine,fakeavceleb_02982_Caucasian(American)_women_id00398,"CUDA out of memory. Tried to allocate 3.27 GiB. GPU 0 has a total capacity of 11.81 GiB of which 150.81 MiB is free. Process 2255182 has 1.85 GiB memory in use. Including non-PyTorch memory, this proc"
fakeavceleb_02989_Caucasian(American)_women_id00418,genuine,fakeavceleb_02989_Caucasian(American)_women_id00418,"CUDA out of memory. Tried to allocate 2.56 GiB. GPU 0 has a total capacity of 11.81 GiB of which 177.38 MiB is free. Process 2255182 has 1.85 GiB memory in use. Including non-PyTorch memory, this proc"
fakeavceleb_03005_Caucasian(American)_women_id00431,genuine,fakeavceleb_03005_Caucasian(American)_women_id00431,"CUDA out of memory. Tried to allocate 1.44 GiB. GPU 0 has a total capacity of 11.81 GiB of which 182.94 MiB is free. Process 2255182 has 1.85 GiB memory in use. Including non-PyTorch memory, this proc"
fakeavceleb_03011_Caucasian(American)_women_id00458,genuine,fakeavceleb_03011_Caucasian(American)_women_id00458,"CUDA out of memory. Tried to allocate 3.57 GiB. GPU 0 has a total capacity of 11.81 GiB of which 3.38 GiB is free. Process 2255182 has 1.85 GiB memory in use. Including non-PyTorch memory, this proces"
fakeavceleb_03014_Caucasian(American)_women_id00458,genuine,fakeavceleb_03014_Caucasian(American)_women_id00458,"CUDA out of memory. Tried to allocate 4.39 GiB. GPU 0 has a total capacity of 11.81 GiB of which 3.34 GiB is free. Process 2255182 has 1.85 GiB memory in use. Including non-PyTorch memory, this proces"
fakeavceleb_03041_Caucasian(American)_women_id00618,genuine,fakeavceleb_03041_Caucasian(American)_women_id00618,"CUDA out of memory. Tried to allocate 3.01 GiB. GPU 0 has a total capacity of 11.81 GiB of which 1.49 GiB is free. Process 2255182 has 1.85 GiB memory in use. Including non-PyTorch memory, this proces"
fakeavceleb_03054_Caucasian(American)_women_id00835,genuine,fakeavceleb_03054_Caucasian(American)_women_id00835,"CUDA out of memory. Tried to allocate 1.29 GiB. GPU 0 has a total capacity of 11.81 GiB of which 496.56 MiB is free. Process 2255182 has 1.85 GiB memory in use. Including non-PyTorch memory, this proc"
fakeavceleb_03059_Caucasian(American)_women_id00835,genuine,fakeavceleb_03059_Caucasian(American)_women_id00835,"CUDA out of memory. Tried to allocate 748.00 MiB. GPU 0 has a total capacity of 11.81 GiB of which 906.56 MiB is free. Process 2255182 has 1.85 GiB memory in use. Including non-PyTorch memory, this pr"
fakeavceleb_03060_Caucasian(American)_women_id00835,genuine,fakeavceleb_03060_Caucasian(American)_women_id00835,"CUDA out of memory. Tried to allocate 710.00 MiB. GPU 0 has a total capacity of 11.81 GiB of which 906.56 MiB is free. Process 2255182 has 1.85 GiB memory in use. Including non-PyTorch memory, this pr"
fakeavceleb_03062_Caucasian(American)_women_id00835,genuine,fakeavceleb_03062_Caucasian(American)_women_id00835,"CUDA out of memory. Tried to allocate 1.84 GiB. GPU 0 has a total capacity of 11.81 GiB of which 1.71 GiB is free. Process 2255182 has 1.85 GiB memory in use. Including non-PyTorch memory, this proces"
fakeavceleb_03070_Caucasian(American)_women_id00842,genuine,fakeavceleb_03070_Caucasian(American)_women_id00842,"CUDA out of memory. Tried to allocate 3.66 GiB. GPU 0 has a total capacity of 11.81 GiB of which 1.39 GiB is free. Process 2255182 has 1.85 GiB memory in use. Including non-PyTorch memory, this proces"
fakeavceleb_03083_Caucasian(American)_women_id01004,genuine,fakeavceleb_03083_Caucasian(American)_women_id01004,"CUDA out of memory. Tried to allocate 1.71 GiB. GPU 0 has a total capacity of 11.81 GiB of which 1.47 GiB is free. Process 2255182 has 1.85 GiB memory in use. Including non-PyTorch memory, this proces"
fakeavceleb_03084_Caucasian(American)_women_id01004,genuine,fakeavceleb_03084_Caucasian(American)_women_id01004,"CUDA out of memory. Tried to allocate 1.71 GiB. GPU 0 has a total capacity of 11.81 GiB of which 1.47 GiB is free. Process 2255182 has 1.85 GiB memory in use. Including non-PyTorch memory, this proces"
fakeavceleb_03088_Caucasian(American)_women_id01004,genuine,fakeavceleb_03088_Caucasian(American)_women_id01004,"CUDA out of memory. Tried to allocate 1.94 GiB. GPU 0 has a total capacity of 11.81 GiB of which 1.23 GiB is free. Process 2255182 has 1.85 GiB memory in use. Including non-PyTorch memory, this proces"
fakeavceleb_03090_Caucasian(American)_women_id01005,genuine,fakeavceleb_03090_Caucasian(American)_women_id01005,"CUDA out of memory. Tried to allocate 5.39 GiB. GPU 0 has a total capacity of 11.81 GiB of which 2.46 GiB is free. Process 2255182 has 1.85 GiB memory in use. Including non-PyTorch memory, this proces"
fakeavceleb_03092_Caucasian(American)_women_id01005,genuine,fakeavceleb_03092_Caucasian(American)_women_id01005,"CUDA out of memory. Tried to allocate 5.46 GiB. GPU 0 has a total capacity of 11.81 GiB of which 1.88 GiB is free. Process 2255182 has 1.85 GiB memory in use. Including non-PyTorch memory, this proces"
fakeavceleb_03119_Caucasian(American)_women_id01225,genuine,fakeavceleb_03119_Caucasian(American)_women_id01225,"CUDA out of memory. Tried to allocate 816.00 MiB. GPU 0 has a total capacity of 11.81 GiB of which 378.75 MiB is free. Process 2255182 has 1.85 GiB memory in use. Including non-PyTorch memory, this pr"
fakeavceleb_03133_Caucasian(American)_women_id01238,genuine,fakeavceleb_03133_Caucasian(American)_women_id01238,"CUDA out of memory. Tried to allocate 1.79 GiB. GPU 0 has a total capacity of 11.81 GiB of which 902.75 MiB is free. Process 2255182 has 1.85 GiB memory in use. Including non-PyTorch memory, this proc"
fakeavceleb_03134_Caucasian(American)_women_id01238,genuine,fakeavceleb_03134_Caucasian(American)_women_id01238,"CUDA out of memory. Tried to allocate 1.92 GiB. GPU 0 has a total capacity of 11.81 GiB of which 674.50 MiB is free. Process 2255182 has 1.85 GiB memory in use. Including non-PyTorch memory, this proc"
fakeavceleb_03148_Caucasian(American)_women_id01248,genuine,fakeavceleb_03148_Caucasian(American)_women_id01248,"CUDA out of memory. Tried to allocate 2.07 GiB. GPU 0 has a total capacity of 11.81 GiB of which 412.12 MiB is free. Process 2255182 has 1.85 GiB memory in use. Including non-PyTorch memory, this proc"
fakeavceleb_03161_Caucasian(American)_women_id02464,genuine,fakeavceleb_03161_Caucasian(American)_women_id02464,"CUDA out of memory. Tried to allocate 1.51 GiB. GPU 0 has a total capacity of 11.81 GiB of which 436.31 MiB is free. Process 2255182 has 1.85 GiB memory in use. Including non-PyTorch memory, this proc"
fakeavceleb_03163_Caucasian(American)_women_id02464,genuine,fakeavceleb_03163_Caucasian(American)_women_id02464,"CUDA out of memory. Tried to allocate 1.12 GiB. GPU 0 has a total capacity of 11.81 GiB of which 436.31 MiB is free. Process 2255182 has 1.85 GiB memory in use. Including non-PyTorch memory, this proc"
fakeavceleb_03164_Caucasian(American)_women_id02464,genuine,fakeavceleb_03164_Caucasian(American)_women_id02464,"CUDA out of memory. Tried to allocate 1.70 GiB. GPU 0 has a total capacity of 11.81 GiB of which 1.75 GiB is free. Process 2255182 has 1.85 GiB memory in use. Including non-PyTorch memory, this proces"
fakeavceleb_03175_Caucasian(American)_women_id03605,genuine,fakeavceleb_03175_Caucasian(American)_women_id03605,"CUDA out of memory. Tried to allocate 2.80 GiB. GPU 0 has a total capacity of 11.81 GiB of which 2.13 GiB is free. Process 2255182 has 1.85 GiB memory in use. Including non-PyTorch memory, this proces"
fakeavceleb_03184_Caucasian(American)_women_id03696,genuine,fakeavceleb_03184_Caucasian(American)_women_id03696,"CUDA out of memory. Tried to allocate 2.16 GiB. GPU 0 has a total capacity of 11.81 GiB of which 1.88 GiB is free. Process 2255182 has 1.85 GiB memory in use. Including non-PyTorch memory, this proces"
fakeavceleb_03185_Caucasian(American)_women_id03696,genuine,fakeavceleb_03185_Caucasian(American)_women_id03696,"CUDA out of memory. Tried to allocate 678.00 MiB. GPU 0 has a total capacity of 11.81 GiB of which 764.31 MiB is free. Process 2255182 has 1.85 GiB memory in use. Including non-PyTorch memory, this pr"
fakeavceleb_03189_Caucasian(American)_women_id03696,genuine,fakeavceleb_03189_Caucasian(American)_women_id03696,"CUDA out of memory. Tried to allocate 2.23 GiB. GPU 0 has a total capacity of 11.81 GiB of which 1.76 GiB is free. Process 2255182 has 1.85 GiB memory in use. Including non-PyTorch memory, this proces"
fakeavceleb_03198_Caucasian(American)_women_id03781,genuine,fakeavceleb_03198_Caucasian(American)_women_id03781,"CUDA out of memory. Tried to allocate 2.70 GiB. GPU 0 has a total capacity of 11.81 GiB of which 1.66 GiB is free. Process 2255182 has 1.85 GiB memory in use. Including non-PyTorch memory, this proces"
fakeavceleb_03208_Caucasian(European)_men_id00055,genuine,fakeavceleb_03208_Caucasian(European)_men_id00055,"CUDA out of memory. Tried to allocate 914.00 MiB. GPU 0 has a total capacity of 11.81 GiB of which 230.31 MiB is free. Process 2255182 has 1.85 GiB memory in use. Including non-PyTorch memory, this pr"
fakeavceleb_03217_Caucasian(European)_men_id00063,genuine,fakeavceleb_03217_Caucasian(European)_men_id00063,"CUDA out of memory. Tried to allocate 872.00 MiB. GPU 0 has a total capacity of 11.81 GiB of which 230.31 MiB is free. Process 2255182 has 1.85 GiB memory in use. Including non-PyTorch memory, this pr"
fakeavceleb_03218_Caucasian(European)_men_id00063,genuine,fakeavceleb_03218_Caucasian(European)_men_id00063,"CUDA out of memory. Tried to allocate 866.00 MiB. GPU 0 has a total capacity of 11.81 GiB of which 230.31 MiB is free. Process 2255182 has 1.85 GiB memory in use. Including non-PyTorch memory, this pr"
fakeavceleb_03221_Caucasian(European)_men_id00171,genuine,fakeavceleb_03221_Caucasian(European)_men_id00171,"CUDA out of memory. Tried to allocate 1.15 GiB. GPU 0 has a total capacity of 11.81 GiB of which 1.17 GiB is free. Process 2255182 has 1.85 GiB memory in use. Including non-PyTorch memory, this proces"
fakeavceleb_03224_Caucasian(European)_men_id00171,genuine,fakeavceleb_03224_Caucasian(European)_men_id00171,"CUDA out of memory. Tried to allocate 830.00 MiB. GPU 0 has a total capacity of 11.81 GiB of which 370.69 MiB is free. Process 2255182 has 1.85 GiB memory in use. Including non-PyTorch memory, this pr"
fakeavceleb_03227_Caucasian(European)_men_id00171,genuine,fakeavceleb_03227_Caucasian(European)_men_id00171,"CUDA out of memory. Tried to allocate 978.00 MiB. GPU 0 has a total capacity of 11.81 GiB of which 222.44 MiB is free. Process 2255182 has 1.85 GiB memory in use. Including non-PyTorch memory, this pr"
fakeavceleb_03230_Caucasian(European)_men_id00171,genuine,fakeavceleb_03230_Caucasian(European)_men_id00171,"CUDA out of memory. Tried to allocate 750.00 MiB. GPU 0 has a total capacity of 11.81 GiB of which 222.44 MiB is free. Process 2255182 has 1.85 GiB memory in use. Including non-PyTorch memory, this pr"
fakeavceleb_03242_Caucasian(European)_men_id00185,genuine,fakeavceleb_03242_Caucasian(European)_men_id00185,"CUDA out of memory. Tried to allocate 1.40 GiB. GPU 0 has a total capacity of 11.81 GiB of which 1.17 GiB is free. Process 2255182 has 1.85 GiB memory in use. Including non-PyTorch memory, this proces"
fakeavceleb_03243_Caucasian(European)_men_id00185,genuine,fakeavceleb_03243_Caucasian(European)_men_id00185,"CUDA out of memory. Tried to allocate 684.00 MiB. GPU 0 has a total capacity of 11.81 GiB of which 517.00 MiB is free. Process 2255182 has 1.85 GiB memory in use. Including non-PyTorch memory, this pr"
fakeavceleb_03246_Caucasian(European)_men_id00185,genuine,fakeavceleb_03246_Caucasian(European)_men_id00185,"CUDA out of memory. Tried to allocate 1.21 GiB. GPU 0 has a total capacity of 11.81 GiB of which 1.17 GiB is free. Process 2255182 has 1.85 GiB memory in use. Including non-PyTorch memory, this proces"
fakeavceleb_03249_Caucasian(European)_men_id00186,genuine,fakeavceleb_03249_Caucasian(European)_men_id00186,"CUDA out of memory. Tried to allocate 378.00 MiB. GPU 0 has a total capacity of 11.81 GiB of which 463.56 MiB is free. Process 2255182 has 1.85 GiB memory in use. Including non-PyTorch memory, this pr"
fakeavceleb_03263_Caucasian(European)_men_id00187,genuine,fakeavceleb_03263_Caucasian(European)_men_id00187,"CUDA out of memory. Tried to allocate 1.65 GiB. GPU 0 has a total capacity of 11.81 GiB of which 1.62 GiB is free. Process 2255182 has 1.85 GiB memory in use. Including non-PyTorch memory, this proces"
fakeavceleb_03276_Caucasian(European)_men_id00241,genuine,fakeavceleb_03276_Caucasian(European)_men_id00241,"CUDA out of memory. Tried to allocate 1.78 GiB. GPU 0 has a total capacity of 11.81 GiB of which 1.91 GiB is free. Process 2255182 has 1.85 GiB memory in use. Including non-PyTorch memory, this proces"
fakeavceleb_03282_Caucasian(European)_men_id00253,genuine,fakeavceleb_03282_Caucasian(European)_men_id00253,"CUDA out of memory. Tried to allocate 1.46 GiB. GPU 0 has a total capacity of 11.81 GiB of which 1.60 GiB is free. Process 2255182 has 1.85 GiB memory in use. Including non-PyTorch memory, this proces"
fakeavceleb_03289_Caucasian(European)_men_id00253,genuine,fakeavceleb_03289_Caucasian(European)_men_id00253,"CUDA out of memory. Tried to allocate 1.51 GiB. GPU 0 has a total capacity of 11.81 GiB of which 1.54 GiB is free. Process 2255182 has 1.85 GiB memory in use. Including non-PyTorch memory, this proces"
fakeavceleb_03292_Caucasian(European)_men_id00265,genuine,fakeavceleb_03292_Caucasian(European)_men_id00265,"CUDA out of memory. Tried to allocate 1.52 GiB. GPU 0 has a total capacity of 11.81 GiB of which 1.41 GiB is free. Process 2255182 has 1.85 GiB memory in use. Including non-PyTorch memory, this proces"
fakeavceleb_03294_Caucasian(European)_men_id00265,genuine,fakeavceleb_03294_Caucasian(European)_men_id00265,"CUDA out of memory. Tried to allocate 1.88 GiB. GPU 0 has a total capacity of 11.81 GiB of which 510.56 MiB is free. Process 2255182 has 1.85 GiB memory in use. Including non-PyTorch memory, this proc"
fakeavceleb_03297_Caucasian(European)_men_id00265,genuine,fakeavceleb_03297_Caucasian(European)_men_id00265,"CUDA out of memory. Tried to allocate 1.55 GiB. GPU 0 has a total capacity of 11.81 GiB of which 188.56 MiB is free. Process 2255182 has 1.85 GiB memory in use. Including non-PyTorch memory, this proc"
fakeavceleb_03299_Caucasian(European)_men_id00265,genuine,fakeavceleb_03299_Caucasian(European)_men_id00265,"CUDA out of memory. Tried to allocate 1.82 GiB. GPU 0 has a total capacity of 11.81 GiB of which 927.31 MiB is free. Process 2255182 has 1.85 GiB memory in use. Including non-PyTorch memory, this proc"
fakeavceleb_03310_Caucasian(European)_men_id00282,genuine,fakeavceleb_03310_Caucasian(European)_men_id00282,"CUDA out of memory. Tried to allocate 4.39 GiB. GPU 0 has a total capacity of 11.81 GiB of which 2.08 GiB is free. Process 2255182 has 1.85 GiB memory in use. Including non-PyTorch memory, this proces"
fakeavceleb_03314_Caucasian(European)_men_id00292,genuine,fakeavceleb_03314_Caucasian(European)_men_id00292,"CUDA out of memory. Tried to allocate 2.12 GiB. GPU 0 has a total capacity of 11.81 GiB of which 329.06 MiB is free. Process 2255182 has 1.85 GiB memory in use. Including non-PyTorch memory, this proc"
fakeavceleb_03339_Caucasian(European)_men_id00415,genuine,fakeavceleb_03339_Caucasian(European)_men_id00415,"CUDA out of memory. Tried to allocate 4.61 GiB. GPU 0 has a total capacity of 11.81 GiB of which 2.55 GiB is free. Process 2255182 has 1.85 GiB memory in use. Including non-PyTorch memory, this proces"
fakeavceleb_03352_Caucasian(European)_men_id00519,genuine,fakeavceleb_03352_Caucasian(European)_men_id00519,"CUDA out of memory. Tried to allocate 938.00 MiB. GPU 0 has a total capacity of 11.81 GiB of which 302.44 MiB is free. Process 2255182 has 1.85 GiB memory in use. Including non-PyTorch memory, this pr"
fakeavceleb_03359_Caucasian(European)_men_id00519,genuine,fakeavceleb_03359_Caucasian(European)_men_id00519,"CUDA out of memory. Tried to allocate 1.63 GiB. GPU 0 has a total capacity of 11.81 GiB of which 945.00 MiB is free. Process 2255182 has 1.85 GiB memory in use. Including non-PyTorch memory, this proc"
fakeavceleb_03379_Caucasian(European)_men_id00548,genuine,fakeavceleb_03379_Caucasian(European)_men_id00548,"CUDA out of memory. Tried to allocate 4.34 GiB. GPU 0 has a total capacity of 11.81 GiB of which 2.00 GiB is free. Process 2255182 has 1.85 GiB memory in use. Including non-PyTorch memory, this proces"
fakeavceleb_03381_Caucasian(European)_men_id00554,genuine,fakeavceleb_03381_Caucasian(European)_men_id00554,"CUDA out of memory. Tried to allocate 1.69 GiB. GPU 0 has a total capacity of 11.81 GiB of which 773.94 MiB is free. Process 2255182 has 1.85 GiB memory in use. Including non-PyTorch memory, this proc"
fakeavceleb_03384_Caucasian(European)_men_id00554,genuine,fakeavceleb_03384_Caucasian(European)_men_id00554,"CUDA out of memory. Tried to allocate 1.34 GiB. GPU 0 has a total capacity of 11.81 GiB of which 250.62 MiB is free. Process 2255182 has 1.85 GiB memory in use. Including non-PyTorch memory, this proc"
fakeavceleb_03385_Caucasian(European)_men_id00554,genuine,fakeavceleb_03385_Caucasian(European)_men_id00554,"CUDA out of memory. Tried to allocate 1.73 GiB. GPU 0 has a total capacity of 11.81 GiB of which 1.48 GiB is free. Process 2255182 has 1.85 GiB memory in use. Including non-PyTorch memory, this proces"
fakeavceleb_03397_Caucasian(European)_men_id00694,genuine,fakeavceleb_03397_Caucasian(European)_men_id00694,"CUDA out of memory. Tried to allocate 2.12 GiB. GPU 0 has a total capacity of 11.81 GiB of which 2.15 GiB is free. Process 2255182 has 1.85 GiB memory in use. Including non-PyTorch memory, this proces"
fakeavceleb_03398_Caucasian(European)_men_id00694,genuine,fakeavceleb_03398_Caucasian(European)_men_id00694,"CUDA out of memory. Tried to allocate 1020.00 MiB. GPU 0 has a total capacity of 11.81 GiB of which 326.31 MiB is free. Process 2255182 has 1.85 GiB memory in use. Including non-PyTorch memory, this p"
fakeavceleb_03401_Caucasian(European)_men_id00694,genuine,fakeavceleb_03401_Caucasian(European)_men_id00694,"CUDA out of memory. Tried to allocate 2.12 GiB. GPU 0 has a total capacity of 11.81 GiB of which 681.06 MiB is free. Process 2255182 has 1.85 GiB memory in use. Including non-PyTorch memory, this proc"
fakeavceleb_03406_Caucasian(European)_men_id00909,genuine,fakeavceleb_03406_Caucasian(European)_men_id00909,"CUDA out of memory. Tried to allocate 2.14 GiB. GPU 0 has a total capacity of 11.81 GiB of which 661.00 MiB is free. Process 2255182 has 1.85 GiB memory in use. Including non-PyTorch memory, this proc"
fakeavceleb_03408_Caucasian(European)_men_id00909,genuine,fakeavceleb_03408_Caucasian(European)_men_id00909,"CUDA out of memory. Tried to allocate 2.77 GiB. GPU 0 has a total capacity of 11.81 GiB of which 2.79 GiB is free. Process 2255182 has 1.85 GiB memory in use. Including non-PyTorch memory, this proces"
fakeavceleb_03410_Caucasian(European)_men_id00909,genuine,fakeavceleb_03410_Caucasian(European)_men_id00909,"CUDA out of memory. Tried to allocate 2.59 GiB. GPU 0 has a total capacity of 11.81 GiB of which 1.13 GiB is free. Process 2255182 has 1.85 GiB memory in use. Including non-PyTorch memory, this proces"
fakeavceleb_03417_Caucasian(European)_men_id00919,genuine,fakeavceleb_03417_Caucasian(European)_men_id00919,"CUDA out of memory. Tried to allocate 1.45 GiB. GPU 0 has a total capacity of 11.81 GiB of which 1.05 GiB is free. Process 2255182 has 1.85 GiB memory in use. Including non-PyTorch memory, this proces"
fakeavceleb_03421_Caucasian(European)_men_id00919,genuine,fakeavceleb_03421_Caucasian(European)_men_id00919,"CUDA out of memory. Tried to allocate 1.78 GiB. GPU 0 has a total capacity of 11.81 GiB of which 697.88 MiB is free. Process 2255182 has 1.85 GiB memory in use. Including non-PyTorch memory, this proc"
fakeavceleb_03424_Caucasian(European)_men_id00946,genuine,fakeavceleb_03424_Caucasian(European)_men_id00946,"CUDA out of memory. Tried to allocate 1.45 GiB. GPU 0 has a total capacity of 11.81 GiB of which 603.88 MiB is free. Process 2255182 has 1.85 GiB memory in use. Including non-PyTorch memory, this proc"
fakeavceleb_03425_Caucasian(European)_men_id00946,genuine,fakeavceleb_03425_Caucasian(European)_men_id00946,"CUDA out of memory. Tried to allocate 1.54 GiB. GPU 0 has a total capacity of 11.81 GiB of which 1.12 GiB is free. Process 2255182 has 1.85 GiB memory in use. Including non-PyTorch memory, this proces"
fakeavceleb_03427_Caucasian(European)_men_id00946,genuine,fakeavceleb_03427_Caucasian(European)_men_id00946,"CUDA out of memory. Tried to allocate 1.85 GiB. GPU 0 has a total capacity of 11.81 GiB of which 722.12 MiB is free. Process 2255182 has 1.85 GiB memory in use. Including non-PyTorch memory, this proc"
fakeavceleb_03430_Caucasian(European)_men_id00946,genuine,fakeavceleb_03430_Caucasian(European)_men_id00946,"CUDA out of memory. Tried to allocate 1.63 GiB. GPU 0 has a total capacity of 11.81 GiB of which 514.12 MiB is free. Process 2255182 has 1.85 GiB memory in use. Including non-PyTorch memory, this proc"
fakeavceleb_03444_Caucasian(European)_men_id00990,genuine,fakeavceleb_03444_Caucasian(European)_men_id00990,"CUDA out of memory. Tried to allocate 2.50 GiB. GPU 0 has a total capacity of 11.81 GiB of which 366.06 MiB is free. Process 2255182 has 1.85 GiB memory in use. Including non-PyTorch memory, this proc"
fakeavceleb_03446_Caucasian(European)_men_id00990,genuine,fakeavceleb_03446_Caucasian(European)_men_id00990,"CUDA out of memory. Tried to allocate 2.57 GiB. GPU 0 has a total capacity of 11.81 GiB of which 242.06 MiB is free. Process 2255182 has 1.85 GiB memory in use. Including non-PyTorch memory, this proc"
fakeavceleb_03447_Caucasian(European)_men_id00999,genuine,fakeavceleb_03447_Caucasian(European)_men_id00999,"CUDA out of memory. Tried to allocate 1.40 GiB. GPU 0 has a total capacity of 11.81 GiB of which 832.25 MiB is free. Process 2255182 has 1.85 GiB memory in use. Including non-PyTorch memory, this proc"
fakeavceleb_03457_Caucasian(European)_men_id01052,genuine,fakeavceleb_03457_Caucasian(European)_men_id01052,"CUDA out of memory. Tried to allocate 1.22 GiB. GPU 0 has a total capacity of 11.81 GiB of which 832.25 MiB is free. Process 2255182 has 1.85 GiB memory in use. Including non-PyTorch memory, this proc"
fakeavceleb_03470_Caucasian(European)_men_id01098,genuine,fakeavceleb_03470_Caucasian(European)_men_id01098,"CUDA out of memory. Tried to allocate 1.31 GiB. GPU 0 has a total capacity of 11.81 GiB of which 314.25 MiB is free. Process 2255182 has 1.85 GiB memory in use. Including non-PyTorch memory, this proc"
fakeavceleb_03472_Caucasian(European)_men_id01098,genuine,fakeavceleb_03472_Caucasian(European)_men_id01098,"CUDA out of memory. Tried to allocate 1.37 GiB. GPU 0 has a total capacity of 11.81 GiB of which 278.50 MiB is free. Process 2255182 has 1.85 GiB memory in use. Including non-PyTorch memory, this proc"
fakeavceleb_03475_Caucasian(European)_men_id01099,genuine,fakeavceleb_03475_Caucasian(European)_men_id01099,"CUDA out of memory. Tried to allocate 2.94 GiB. GPU 0 has a total capacity of 11.81 GiB of which 265.44 MiB is free. Process 2255182 has 1.85 GiB memory in use. Including non-PyTorch memory, this proc"
fakeavceleb_03480_Caucasian(European)_men_id01102,genuine,fakeavceleb_03480_Caucasian(European)_men_id01102,"CUDA out of memory. Tried to allocate 1.65 GiB. GPU 0 has a total capacity of 11.81 GiB of which 223.44 MiB is free. Process 2255182 has 1.85 GiB memory in use. Including non-PyTorch memory, this proc"
fakeavceleb_03488_Caucasian(European)_men_id01123,genuine,fakeavceleb_03488_Caucasian(European)_men_id01123,"CUDA out of memory. Tried to allocate 1.58 GiB. GPU 0 has a total capacity of 11.81 GiB of which 301.12 MiB is free. Process 2255182 has 1.85 GiB memory in use. Including non-PyTorch memory, this proc"
fakeavceleb_03493_Caucasian(European)_men_id01154,genuine,fakeavceleb_03493_Caucasian(European)_men_id01154,"CUDA out of memory. Tried to allocate 2.29 GiB. GPU 0 has a total capacity of 11.81 GiB of which 361.31 MiB is free. Process 2255182 has 1.85 GiB memory in use. Including non-PyTorch memory, this proc"
fakeavceleb_03495_Caucasian(European)_men_id01154,genuine,fakeavceleb_03495_Caucasian(European)_men_id01154,"CUDA out of memory. Tried to allocate 1.65 GiB. GPU 0 has a total capacity of 11.81 GiB of which 211.31 MiB is free. Process 2255182 has 1.85 GiB memory in use. Including non-PyTorch memory, this proc"
fakeavceleb_03499_Caucasian(European)_men_id01154,genuine,fakeavceleb_03499_Caucasian(European)_men_id01154,"CUDA out of memory. Tried to allocate 2.27 GiB. GPU 0 has a total capacity of 11.81 GiB of which 391.12 MiB is free. Process 2255182 has 1.85 GiB memory in use. Including non-PyTorch memory, this proc"
fakeavceleb_03502_Caucasian(European)_men_id01154,genuine,fakeavceleb_03502_Caucasian(European)_men_id01154,"CUDA out of memory. Tried to allocate 1.64 GiB. GPU 0 has a total capacity of 11.81 GiB of which 281.12 MiB is free. Process 2255182 has 1.85 GiB memory in use. Including non-PyTorch memory, this proc"
fakeavceleb_03507_Caucasian(European)_men_id01157,genuine,fakeavceleb_03507_Caucasian(European)_men_id01157,"CUDA out of memory. Tried to allocate 2.99 GiB. GPU 0 has a total capacity of 11.81 GiB of which 3.11 GiB is free. Process 2255182 has 1.85 GiB memory in use. Including non-PyTorch memory, this proces"
fakeavceleb_03513_Caucasian(European)_men_id02567,genuine,fakeavceleb_03513_Caucasian(European)_men_id02567,"CUDA out of memory. Tried to allocate 1.92 GiB. GPU 0 has a total capacity of 11.81 GiB of which 1.75 GiB is free. Process 2255182 has 1.85 GiB memory in use. Including non-PyTorch memory, this proces"
fakeavceleb_03515_Caucasian(European)_men_id02567,genuine,fakeavceleb_03515_Caucasian(European)_men_id02567,"CUDA out of memory. Tried to allocate 2.77 GiB. GPU 0 has a total capacity of 11.81 GiB of which 1008.75 MiB is free. Process 2255182 has 1.85 GiB memory in use. Including non-PyTorch memory, this pro"
fakeavceleb_03518_Caucasian(European)_men_id03205,genuine,fakeavceleb_03518_Caucasian(European)_men_id03205,"CUDA out of memory. Tried to allocate 1.90 GiB. GPU 0 has a total capacity of 11.81 GiB of which 444.75 MiB is free. Process 2255182 has 1.85 GiB memory in use. Including non-PyTorch memory, this proc"
fakeavceleb_03520_Caucasian(European)_men_id03205,genuine,fakeavceleb_03520_Caucasian(European)_men_id03205,"CUDA out of memory. Tried to allocate 1.63 GiB. GPU 0 has a total capacity of 11.81 GiB of which 304.75 MiB is free. Process 2255182 has 1.85 GiB memory in use. Including non-PyTorch memory, this proc"
fakeavceleb_03521_Caucasian(European)_men_id03205,genuine,fakeavceleb_03521_Caucasian(European)_men_id03205,"CUDA out of memory. Tried to allocate 1.67 GiB. GPU 0 has a total capacity of 11.81 GiB of which 412.75 MiB is free. Process 2255182 has 1.85 GiB memory in use. Including non-PyTorch memory, this proc"
fakeavceleb_03522_Caucasian(European)_men_id03205,genuine,fakeavceleb_03522_Caucasian(European)_men_id03205,"CUDA out of memory. Tried to allocate 2.12 GiB. GPU 0 has a total capacity of 11.81 GiB of which 867.25 MiB is free. Process 2255182 has 1.85 GiB memory in use. Including non-PyTorch memory, this proc"
fakeavceleb_03523_Caucasian(European)_men_id03205,genuine,fakeavceleb_03523_Caucasian(European)_men_id03205,"CUDA out of memory. Tried to allocate 2.04 GiB. GPU 0 has a total capacity of 11.81 GiB of which 703.00 MiB is free. Process 2255182 has 1.85 GiB memory in use. Including non-PyTorch memory, this proc"
fakeavceleb_03526_Caucasian(European)_women_id00042,genuine,fakeavceleb_03526_Caucasian(European)_women_id00042,"CUDA out of memory. Tried to allocate 2.96 GiB. GPU 0 has a total capacity of 11.81 GiB of which 319.38 MiB is free. Process 2255182 has 1.85 GiB memory in use. Including non-PyTorch memory, this proc"
fakeavceleb_03535_Caucasian(European)_women_id00042,genuine,fakeavceleb_03535_Caucasian(European)_women_id00042,"CUDA out of memory. Tried to allocate 2.94 GiB. GPU 0 has a total capacity of 11.81 GiB of which 558.88 MiB is free. Process 2255182 has 1.85 GiB memory in use. Including non-PyTorch memory, this proc"
fakeavceleb_03542_Caucasian(European)_women_id00068,genuine,fakeavceleb_03542_Caucasian(European)_women_id00068,"CUDA out of memory. Tried to allocate 2.32 GiB. GPU 0 has a total capacity of 11.81 GiB of which 487.88 MiB is free. Process 2255182 has 1.85 GiB memory in use. Including non-PyTorch memory, this proc"
fakeavceleb_03547_Caucasian(European)_women_id00068,genuine,fakeavceleb_03547_Caucasian(European)_women_id00068,"CUDA out of memory. Tried to allocate 4.78 GiB. GPU 0 has a total capacity of 11.81 GiB of which 282.19 MiB is free. Process 2255182 has 1.85 GiB memory in use. Including non-PyTorch memory, this proc"
fakeavceleb_03576_Caucasian(European)_women_id00232,genuine,fakeavceleb_03576_Caucasian(European)_women_id00232,"CUDA out of memory. Tried to allocate 2.35 GiB. GPU 0 has a total capacity of 11.81 GiB of which 1.95 GiB is free. Process 2255182 has 1.85 GiB memory in use. Including non-PyTorch memory, this proces"
fakeavceleb_03599_Caucasian(European)_women_id00270,genuine,fakeavceleb_03599_Caucasian(European)_women_id00270,"CUDA out of memory. Tried to allocate 3.89 GiB. GPU 0 has a total capacity of 11.81 GiB of which 1005.88 MiB is free. Process 2255182 has 1.85 GiB memory in use. Including non-PyTorch memory, this pro"
fakeavceleb_03602_Caucasian(European)_women_id00271,genuine,fakeavceleb_03602_Caucasian(European)_women_id00271,"CUDA out of memory. Tried to allocate 1.67 GiB. GPU 0 has a total capacity of 11.81 GiB of which 825.88 MiB is free. Process 2255182 has 1.85 GiB memory in use. Including non-PyTorch memory, this proc"
fakeavceleb_03603_Caucasian(European)_women_id00271,genuine,fakeavceleb_03603_Caucasian(European)_women_id00271,"CUDA out of memory. Tried to allocate 1.79 GiB. GPU 0 has a total capacity of 11.81 GiB of which 251.75 MiB is free. Process 2255182 has 1.85 GiB memory in use. Including non-PyTorch memory, this proc"
fakeavceleb_03607_Caucasian(European)_women_id00271,genuine,fakeavceleb_03607_Caucasian(European)_women_id00271,"CUDA out of memory. Tried to allocate 1.62 GiB. GPU 0 has a total capacity of 11.81 GiB of which 231.88 MiB is free. Process 2255182 has 1.85 GiB memory in use. Including non-PyTorch memory, this proc"
fakeavceleb_03622_Caucasian(European)_women_id00325,genuine,fakeavceleb_03622_Caucasian(European)_women_id00325,"CUDA out of memory. Tried to allocate 1.28 GiB. GPU 0 has a total capacity of 11.81 GiB of which 335.88 MiB is free. Process 2255182 has 1.85 GiB memory in use. Including non-PyTorch memory, this proc"
fakeavceleb_03629_Caucasian(European)_women_id00328,genuine,fakeavceleb_03629_Caucasian(European)_women_id00328,"CUDA out of memory. Tried to allocate 2.79 GiB. GPU 0 has a total capacity of 11.81 GiB of which 335.88 MiB is free. Process 2255182 has 1.85 GiB memory in use. Including non-PyTorch memory, this proc"
fakeavceleb_03630_Caucasian(European)_women_id00328,genuine,fakeavceleb_03630_Caucasian(European)_women_id00328,"CUDA out of memory. Tried to allocate 1.73 GiB. GPU 0 has a total capacity of 11.81 GiB of which 335.88 MiB is free. Process 2255182 has 1.85 GiB memory in use. Including non-PyTorch memory, this proc"
fakeavceleb_03631_Caucasian(European)_women_id00328,genuine,fakeavceleb_03631_Caucasian(European)_women_id00328,"CUDA out of memory. Tried to allocate 1.93 GiB. GPU 0 has a total capacity of 11.81 GiB of which 335.88 MiB is free. Process 2255182 has 1.85 GiB memory in use. Including non-PyTorch memory, this proc"
fakeavceleb_03638_Caucasian(European)_women_id00330,genuine,fakeavceleb_03638_Caucasian(European)_women_id00330,"CUDA out of memory. Tried to allocate 1.26 GiB. GPU 0 has a total capacity of 11.81 GiB of which 336.25 MiB is free. Process 2255182 has 1.85 GiB memory in use. Including non-PyTorch memory, this proc"
fakeavceleb_03642_Caucasian(European)_women_id00332,genuine,fakeavceleb_03642_Caucasian(European)_women_id00332,"CUDA out of memory. Tried to allocate 1.46 GiB. GPU 0 has a total capacity of 11.81 GiB of which 250.12 MiB is free. Process 2255182 has 1.85 GiB memory in use. Including non-PyTorch memory, this proc"
fakeavceleb_03652_Caucasian(European)_women_id00365,genuine,fakeavceleb_03652_Caucasian(European)_women_id00365,"CUDA out of memory. Tried to allocate 2.54 GiB. GPU 0 has a total capacity of 11.81 GiB of which 222.06 MiB is free. Process 2255182 has 1.85 GiB memory in use. Including non-PyTorch memory, this proc"
fakeavceleb_03655_Caucasian(European)_women_id00373,genuine,fakeavceleb_03655_Caucasian(European)_women_id00373,"CUDA out of memory. Tried to allocate 1.27 GiB. GPU 0 has a total capacity of 11.81 GiB of which 276.06 MiB is free. Process 2255182 has 1.85 GiB memory in use. Including non-PyTorch memory, this proc"
fakeavceleb_03656_Caucasian(European)_women_id00373,genuine,fakeavceleb_03656_Caucasian(European)_women_id00373,"CUDA out of memory. Tried to allocate 2.89 GiB. GPU 0 has a total capacity of 11.81 GiB of which 1.37 GiB is free. Process 2255182 has 1.85 GiB memory in use. Including non-PyTorch memory, this proces"
fakeavceleb_03664_Caucasian(European)_women_id00374,genuine,fakeavceleb_03664_Caucasian(European)_women_id00374,"CUDA out of memory. Tried to allocate 3.81 GiB. GPU 0 has a total capacity of 11.81 GiB of which 543.81 MiB is free. Process 2255182 has 1.85 GiB memory in use. Including non-PyTorch memory, this proc"
fakeavceleb_03668_Caucasian(European)_women_id00379,genuine,fakeavceleb_03668_Caucasian(European)_women_id00379,"CUDA out of memory. Tried to allocate 2.87 GiB. GPU 0 has a total capacity of 11.81 GiB of which 185.75 MiB is free. Process 2255182 has 1.85 GiB memory in use. Including non-PyTorch memory, this proc"
fakeavceleb_03683_Caucasian(European)_women_id00403,genuine,fakeavceleb_03683_Caucasian(European)_women_id00403,"CUDA out of memory. Tried to allocate 4.45 GiB. GPU 0 has a total capacity of 11.81 GiB of which 2.45 GiB is free. Process 2255182 has 1.85 GiB memory in use. Including non-PyTorch memory, this proces"
fakeavceleb_03693_Caucasian(European)_women_id00484,genuine,fakeavceleb_03693_Caucasian(European)_women_id00484,"CUDA out of memory. Tried to allocate 2.42 GiB. GPU 0 has a total capacity of 11.81 GiB of which 2.54 GiB is free. Process 2255182 has 1.85 GiB memory in use. Including non-PyTorch memory, this proces"
fakeavceleb_03704_Caucasian(European)_women_id00491,genuine,fakeavceleb_03704_Caucasian(European)_women_id00491,"CUDA out of memory. Tried to allocate 2.21 GiB. GPU 0 has a total capacity of 11.81 GiB of which 2.12 GiB is free. Process 2255182 has 1.85 GiB memory in use. Including non-PyTorch memory, this proces"
fakeavceleb_03710_Caucasian(European)_women_id00495,genuine,fakeavceleb_03710_Caucasian(European)_women_id00495,"CUDA out of memory. Tried to allocate 1.51 GiB. GPU 0 has a total capacity of 11.81 GiB of which 341.25 MiB is free. Process 2255182 has 1.85 GiB memory in use. Including non-PyTorch memory, this proc"
fakeavceleb_03717_Caucasian(European)_women_id00495,genuine,fakeavceleb_03717_Caucasian(European)_women_id00495,"CUDA out of memory. Tried to allocate 1.97 GiB. GPU 0 has a total capacity of 11.81 GiB of which 1.71 GiB is free. Process 2255182 has 1.85 GiB memory in use. Including non-PyTorch memory, this proces"
fakeavceleb_03726_Caucasian(European)_women_id00569,genuine,fakeavceleb_03726_Caucasian(European)_women_id00569,"CUDA out of memory. Tried to allocate 2.25 GiB. GPU 0 has a total capacity of 11.81 GiB of which 2.11 GiB is free. Process 2255182 has 1.85 GiB memory in use. Including non-PyTorch memory, this proces"
fakeavceleb_03731_Caucasian(European)_women_id00569,genuine,fakeavceleb_03731_Caucasian(European)_women_id00569,"CUDA out of memory. Tried to allocate 1.27 GiB. GPU 0 has a total capacity of 11.81 GiB of which 338.69 MiB is free. Process 2255182 has 1.85 GiB memory in use. Including non-PyTorch memory, this proc"
fakeavceleb_03732_Caucasian(European)_women_id00581,genuine,fakeavceleb_03732_Caucasian(European)_women_id00581,"CUDA out of memory. Tried to allocate 2.05 GiB. GPU 0 has a total capacity of 11.81 GiB of which 727.12 MiB is free. Process 2255182 has 1.85 GiB memory in use. Including non-PyTorch memory, this proc"
fakeavceleb_03733_Caucasian(European)_women_id00581,genuine,fakeavceleb_03733_Caucasian(European)_women_id00581,"CUDA out of memory. Tried to allocate 1.11 GiB. GPU 0 has a total capacity of 11.81 GiB of which 1.17 GiB is free. Process 2255182 has 1.85 GiB memory in use. Including non-PyTorch memory, this proces"
fakeavceleb_03736_Caucasian(European)_women_id00589,genuine,fakeavceleb_03736_Caucasian(European)_women_id00589,"CUDA out of memory. Tried to allocate 1.15 GiB. GPU 0 has a total capacity of 11.81 GiB of which 1.17 GiB is free. Process 2255182 has 1.85 GiB memory in use. Including non-PyTorch memory, this proces"
fakeavceleb_03759_Caucasian(European)_women_id00634,genuine,fakeavceleb_03759_Caucasian(European)_women_id00634,"CUDA out of memory. Tried to allocate 1.42 GiB. GPU 0 has a total capacity of 11.81 GiB of which 581.81 MiB is free. Process 2255182 has 1.85 GiB memory in use. Including non-PyTorch memory, this proc"
fakeavceleb_03761_Caucasian(European)_women_id00735,genuine,fakeavceleb_03761_Caucasian(European)_women_id00735,"CUDA out of memory. Tried to allocate 1.03 GiB. GPU 0 has a total capacity of 11.81 GiB of which 575.81 MiB is free. Process 2255182 has 1.85 GiB memory in use. Including non-PyTorch memory, this proc"
fakeavceleb_03771_Caucasian(European)_women_id00813,genuine,fakeavceleb_03771_Caucasian(European)_women_id00813,"CUDA out of memory. Tried to allocate 1.26 GiB. GPU 0 has a total capacity of 11.81 GiB of which 1.22 GiB is free. Process 2255182 has 1.85 GiB memory in use. Including non-PyTorch memory, this proces"
fakeavceleb_03773_Caucasian(European)_women_id00823,genuine,fakeavceleb_03773_Caucasian(European)_women_id00823,"CUDA out of memory. Tried to allocate 748.00 MiB. GPU 0 has a total capacity of 11.81 GiB of which 491.75 MiB is free. Process 2255182 has 1.85 GiB memory in use. Including non-PyTorch memory, this pr"
fakeavceleb_03775_Caucasian(European)_women_id00823,genuine,fakeavceleb_03775_Caucasian(European)_women_id00823,"CUDA out of memory. Tried to allocate 1.47 GiB. GPU 0 has a total capacity of 11.81 GiB of which 1019.31 MiB is free. Process 2255182 has 1.85 GiB memory in use. Including non-PyTorch memory, this pro"
fakeavceleb_03776_Caucasian(European)_women_id00823,genuine,fakeavceleb_03776_Caucasian(European)_women_id00823,"CUDA out of memory. Tried to allocate 854.00 MiB. GPU 0 has a total capacity of 11.81 GiB of which 1019.31 MiB is free. Process 2255182 has 1.85 GiB memory in use. Including non-PyTorch memory, this p"
fakeavceleb_03786_Caucasian(European)_women_id00826,genuine,fakeavceleb_03786_Caucasian(European)_women_id00826,"CUDA out of memory. Tried to allocate 1.07 GiB. GPU 0 has a total capacity of 11.81 GiB of which 223.75 MiB is free. Process 2255182 has 1.85 GiB memory in use. Including non-PyTorch memory, this proc"
fakeavceleb_03793_Caucasian(European)_women_id01001,genuine,fakeavceleb_03793_Caucasian(European)_women_id01001,"CUDA out of memory. Tried to allocate 974.00 MiB. GPU 0 has a total capacity of 11.81 GiB of which 732.38 MiB is free. Process 2255182 has 1.85 GiB memory in use. Including non-PyTorch memory, this pr"
fakeavceleb_03797_Caucasian(European)_women_id01001,genuine,fakeavceleb_03797_Caucasian(European)_women_id01001,"CUDA out of memory. Tried to allocate 872.00 MiB. GPU 0 has a total capacity of 11.81 GiB of which 459.75 MiB is free. Process 2255182 has 1.85 GiB memory in use. Including non-PyTorch memory, this pr"
fakeavceleb_03801_Caucasian(European)_women_id01002,genuine,fakeavceleb_03801_Caucasian(European)_women_id01002,"CUDA out of memory. Tried to allocate 602.00 MiB. GPU 0 has a total capacity of 11.81 GiB of which 459.75 MiB is free. Process 2255182 has 1.85 GiB memory in use. Including non-PyTorch memory, this pr"
fakeavceleb_03804_Caucasian(European)_women_id01002,genuine,fakeavceleb_03804_Caucasian(European)_women_id01002,"CUDA out of memory. Tried to allocate 682.00 MiB. GPU 0 has a total capacity of 11.81 GiB of which 733.75 MiB is free. Process 2255182 has 1.85 GiB memory in use. Including non-PyTorch memory, this pr"
fakeavceleb_03805_Caucasian(European)_women_id01002,genuine,fakeavceleb_03805_Caucasian(European)_women_id01002,"CUDA out of memory. Tried to allocate 524.00 MiB. GPU 0 has a total capacity of 11.81 GiB of which 307.44 MiB is free. Process 2255182 has 1.85 GiB memory in use. Including non-PyTorch memory, this pr"
fakeavceleb_03829_Caucasian(European)_women_id03651,genuine,fakeavceleb_03829_Caucasian(European)_women_id03651,"CUDA out of memory. Tried to allocate 700.00 MiB. GPU 0 has a total capacity of 11.81 GiB of which 676.25 MiB is free. Process 2255182 has 1.85 GiB memory in use. Including non-PyTorch memory, this pr"
fakeavceleb_03830_Caucasian(European)_women_id03651,genuine,fakeavceleb_03830_Caucasian(European)_women_id03651,"CUDA out of memory. Tried to allocate 766.00 MiB. GPU 0 has a total capacity of 11.81 GiB of which 676.25 MiB is free. Process 2255182 has 1.85 GiB memory in use. Including non-PyTorch memory, this pr"
fakeavceleb_03831_Caucasian(European)_women_id03651,genuine,fakeavceleb_03831_Caucasian(European)_women_id03651,"CUDA out of memory. Tried to allocate 698.00 MiB. GPU 0 has a total capacity of 11.81 GiB of which 676.25 MiB is free. Process 2255182 has 1.85 GiB memory in use. Including non-PyTorch memory, this pr"
fakeavceleb_03834_Caucasian(European)_women_id03651,genuine,fakeavceleb_03834_Caucasian(European)_women_id03651,"CUDA out of memory. Tried to allocate 714.00 MiB. GPU 0 has a total capacity of 11.81 GiB of which 676.25 MiB is free. Process 2255182 has 1.85 GiB memory in use. Including non-PyTorch memory, this pr"
fakeavceleb_03842_Caucasian(European)_women_id03816,genuine,fakeavceleb_03842_Caucasian(European)_women_id03816,"CUDA out of memory. Tried to allocate 2.42 GiB. GPU 0 has a total capacity of 11.81 GiB of which 2.56 GiB is free. Process 2255182 has 1.85 GiB memory in use. Including non-PyTorch memory, this proces"
fakeavceleb_03849_Caucasian(European)_women_id03844,genuine,fakeavceleb_03849_Caucasian(European)_women_id03844,"CUDA out of memory. Tried to allocate 2.29 GiB. GPU 0 has a total capacity of 11.81 GiB of which 294.69 MiB is free. Process 2255182 has 1.85 GiB memory in use. Including non-PyTorch memory, this proc"
fakeavceleb_03853_Caucasian(European)_women_id03844,genuine,fakeavceleb_03853_Caucasian(European)_women_id03844,"CUDA out of memory. Tried to allocate 2.37 GiB. GPU 0 has a total capacity of 11.81 GiB of which 222.50 MiB is free. Process 2255182 has 1.85 GiB memory in use. Including non-PyTorch memory, this proc"
fakeavceleb_03861_Caucasian(European)_women_id03941,genuine,fakeavceleb_03861_Caucasian(European)_women_id03941,"CUDA out of memory. Tried to allocate 2.06 GiB. GPU 0 has a total capacity of 11.81 GiB of which 227.25 MiB is free. Process 2255182 has 1.85 GiB memory in use. Including non-PyTorch memory, this proc"
librispeech_0022,genuine,librispeech_0022,"CUDA out of memory. Tried to allocate 1.54 GiB. GPU 0 has a total capacity of 11.81 GiB of which 276.94 MiB is free. Process 2255182 has 1.85 GiB memory in use. Including non-PyTorch memory, this proc"
librispeech_0084,genuine,librispeech_0084,"CUDA out of memory. Tried to allocate 2.51 GiB. GPU 0 has a total capacity of 11.81 GiB of which 2.58 GiB is free. Process 2255182 has 1.85 GiB memory in use. Including non-PyTorch memory, this proces"
librispeech_0087,genuine,librispeech_0087,"CUDA out of memory. Tried to allocate 1.44 GiB. GPU 0 has a total capacity of 11.81 GiB of which 1.18 GiB is free. Process 2255182 has 1.85 GiB memory in use. Including non-PyTorch memory, this proces"
librispeech_0096,genuine,librispeech_0096,"CUDA out of memory. Tried to allocate 1.73 GiB. GPU 0 has a total capacity of 11.81 GiB of which 689.81 MiB is free. Process 2255182 has 1.85 GiB memory in use. Including non-PyTorch memory, this proc"
librispeech_0116,genuine,librispeech_0116,"CUDA out of memory. Tried to allocate 820.00 MiB. GPU 0 has a total capacity of 11.81 GiB of which 398.69 MiB is free. Process 2255182 has 1.85 GiB memory in use. Including non-PyTorch memory, this pr"
librispeech_0155,genuine,librispeech_0155,"CUDA out of memory. Tried to allocate 1.08 GiB. GPU 0 has a total capacity of 11.81 GiB of which 1.20 GiB is free. Process 2255182 has 1.85 GiB memory in use. Including non-PyTorch memory, this proces"
librispeech_0169,genuine,librispeech_0169,"CUDA out of memory. Tried to allocate 3.40 GiB. GPU 0 has a total capacity of 11.81 GiB of which 1.63 GiB is free. Process 2255182 has 1.85 GiB memory in use. Including non-PyTorch memory, this proces"
librispeech_0176,genuine,librispeech_0176,"CUDA out of memory. Tried to allocate 744.00 MiB. GPU 0 has a total capacity of 11.81 GiB of which 631.00 MiB is free. Process 2255182 has 1.85 GiB memory in use. Including non-PyTorch memory, this pr"
librispeech_0178,genuine,librispeech_0178,"CUDA out of memory. Tried to allocate 886.00 MiB. GPU 0 has a total capacity of 11.81 GiB of which 629.00 MiB is free. Process 2255182 has 1.85 GiB memory in use. Including non-PyTorch memory, this pr"
librispeech_0192,genuine,librispeech_0192,"CUDA out of memory. Tried to allocate 718.00 MiB. GPU 0 has a total capacity of 11.81 GiB of which 300.69 MiB is free. Process 2255182 has 1.85 GiB memory in use. Including non-PyTorch memory, this pr"
librispeech_0232,genuine,librispeech_0232,"CUDA out of memory. Tried to allocate 1.37 GiB. GPU 0 has a total capacity of 11.81 GiB of which 920.56 MiB is free. Process 2255182 has 1.85 GiB memory in use. Including non-PyTorch memory, this proc"
librispeech_0323,genuine,librispeech_0323,"CUDA out of memory. Tried to allocate 2.19 GiB. GPU 0 has a total capacity of 11.81 GiB of which 2.03 GiB is free. Process 2255182 has 1.85 GiB memory in use. Including non-PyTorch memory, this proces"
librispeech_0354,genuine,librispeech_0354,"CUDA out of memory. Tried to allocate 1.46 GiB. GPU 0 has a total capacity of 11.81 GiB of which 1.13 GiB is free. Process 2255182 has 1.85 GiB memory in use. Including non-PyTorch memory, this proces"
librispeech_0375,genuine,librispeech_0375,"CUDA out of memory. Tried to allocate 1.46 GiB. GPU 0 has a total capacity of 11.81 GiB of which 387.88 MiB is free. Process 2255182 has 1.85 GiB memory in use. Including non-PyTorch memory, this proc"
librispeech_0408,genuine,librispeech_0408,"CUDA out of memory. Tried to allocate 1.33 GiB. GPU 0 has a total capacity of 11.81 GiB of which 331.88 MiB is free. Process 2255182 has 1.85 GiB memory in use. Including non-PyTorch memory, this proc"
librispeech_0423,genuine,librispeech_0423,"CUDA out of memory. Tried to allocate 1.63 GiB. GPU 0 has a total capacity of 11.81 GiB of which 1.65 GiB is free. Process 2255182 has 1.85 GiB memory in use. Including non-PyTorch memory, this proces"
librispeech_0433,genuine,librispeech_0433,"CUDA out of memory. Tried to allocate 1.15 GiB. GPU 0 has a total capacity of 11.81 GiB of which 510.94 MiB is free. Process 2255182 has 1.85 GiB memory in use. Including non-PyTorch memory, this proc"
librispeech_0441,genuine,librispeech_0441,"CUDA out of memory. Tried to allocate 1.17 GiB. GPU 0 has a total capacity of 11.81 GiB of which 488.94 MiB is free. Process 2255182 has 1.85 GiB memory in use. Including non-PyTorch memory, this proc"
librispeech_0460,genuine,librispeech_0460,"CUDA out of memory. Tried to allocate 2.25 GiB. GPU 0 has a total capacity of 11.81 GiB of which 1.59 GiB is free. Process 2255182 has 1.85 GiB memory in use. Including non-PyTorch memory, this proces"
