score,label,group,stem,trial,ref_stem,sampling
0.823877,1,,librispeech_0060,genuine,librispeech_0060,per-clip-v1
0.046244,0,,librispeech_0060,impostor_1,librispeech_0436,per-clip-v1
-0.014655,0,,librispeech_0060,impostor_2,librispeech_0195,per-clip-v1
0.204151,0,,librispeech_0060,impostor_3,fakeavceleb_01750_Asian(East)_women_id06427,per-clip-v1
0.031251,0,,librispeech_0060,impostor_4,librispeech_0114,per-clip-v1
0.005925,0,,librispeech_0060,impostor_5,fakeavceleb_00680_African_men_id01530,per-clip-v1
-0.040522,0,,librispeech_0060,impostor_6,fakeavceleb_02106_Asian(South)_men_id07165,per-clip-v1
-0.012468,0,,librispeech_0060,impostor_7,fakeavceleb_03428_Caucasian(European)_men_id00946,per-clip-v1
-0.055121,0,,librispeech_0060,impostor_8,fakeavceleb_00752_African_men_id01856,per-clip-v1
0.061038,0,,librispeech_0060,impostor_9,fakeavceleb_00445_Caucasian(European)_men_id01154,per-clip-v1
-0.002974,0,,librispeech_0060,impostor_10,fakeavceleb_03612_Caucasian(European)_women_id00287,per-clip-v1
0.881633,1,,librispeech_0061,genuine,librispeech_0061,per-clip-v1
0.353563,0,,librispeech_0061,impostor_1,fakeavceleb_00840_African_men_id02494,per-clip-v1
0.072237,0,,librispeech_0061,impostor_2,fakeavceleb_02531_Caucasian(American)_men_id00020,per-clip-v1
0.063410,0,,librispeech_0061,impostor_3,fakeavceleb_01096_African_women_id03747,per-clip-v1
-0.071808,0,,librispeech_0061,impostor_4,fakeavceleb_01597_Asian(East)_women_id01451,per-clip-v1
-0.007271,0,,librispeech_0061,impostor_5,asvspoof_0011,per-clip-v1
0.187380,0,,librispeech_0061,impostor_6,librispeech_0363,per-clip-v1
0.123067,0,,librispeech_0061,impostor_7,fakeavceleb_02579_Caucasian(American)_men_id00062,per-clip-v1
0.050975,0,,librispeech_0061,impostor_8,fakeavceleb_03559_Caucasian(European)_women_id00188,per-clip-v1
-0.183884,0,,librispeech_0061,impostor_9,fakeavceleb_01270_Asian(East)_men_id01212,per-clip-v1
0.055491,0,,librispeech_0061,impostor_10,fakeavceleb_01610_Asian(East)_women_id02807,per-clip-v1
0.850691,1,,librispeech_0062,genuine,librispeech_0062,per-clip-v1
-0.089428,0,,librispeech_0062,impostor_1,fakeavceleb_03396_Caucasian(European)_men_id00694,per-clip-v1
-0.016019,0,,librispeech_0062,impostor_2,fakeavceleb_01128_African_women_id04540,per-clip-v1
0.104895,0,,librispeech_0062,impostor_3,fakeavceleb_00575_African_men_id00701,per-clip-v1
-0.067779,0,,librispeech_0062,impostor_4,fakeavceleb_03624_Caucasian(European)_women_id00325,per-clip-v1
0.025504,0,,librispeech_0062,impostor_5,fakeavceleb_01912_Asian(South)_men_id00414,per-clip-v1
0.078927,0,,librispeech_0062,impostor_6,asvspoof_0450,per-clip-v1
0.030552,0,,librispeech_0062,impostor_7,fakeavceleb_01051_African_women_id02838,per-clip-v1
0.011605,0,,librispeech_0062,impostor_8,fakeavceleb_02570_Caucasian(American)_men_id00060,per-clip-v1
-0.054160,0,,librispeech_0062,impostor_9,fakeavceleb_00595_African_men_id00944,per-clip-v1
-0.101984,0,,librispeech_0062,impostor_10,fakeavceleb_03639_Caucasian(European)_women_id00330,per-clip-v1
0.858330,1,,librispeech_0063,genuine,librispeech_0063,per-clip-v1
-0.027387,0,,librispeech_0063,impostor_1,fakeavceleb_03320_Caucasian(European)_men_id00292,per-clip-v1
-0.044979,0,,librispeech_0063,impostor_2,fakeavceleb_01784_Asian(East)_women_id07901,per-clip-v1
0.099559,0,,librispeech_0063,impostor_3,librispeech_0038,per-clip-v1
-0.000061,0,,librispeech_0063,impostor_4,fakeavceleb_01548_Asian(East)_women_id00579,per-clip-v1
-0.001072,0,,librispeech_0063,impostor_5,fakeavceleb_01030_African_women_id02617,per-clip-v1
0.062150,0,,librispeech_0063,impostor_6,librispeech_0351,per-clip-v1
0.024293,0,,librispeech_0063,impostor_7,fakeavceleb_03478_Caucasian(European)_men_id01099,per-clip-v1
0.076357,0,,librispeech_0063,impostor_8,asvspoof_0188,per-clip-v1
-0.075752,0,,librispeech_0063,impostor_9,fakeavceleb_00118_Asian(East)_men_id03889,per-clip-v1
0.090149,0,,librispeech_0063,impostor_10,librispeech_0437,per-clip-v1
0.846740,1,,librispeech_0064,genuine,librispeech_0064,per-clip-v1
-0.064375,0,,librispeech_0064,impostor_1,librispeech_0040,per-clip-v1
0.039489,0,,librispeech_0064,impostor_2,fakeavceleb_02789_Caucasian(American)_men_id01210,per-clip-v1
-0.213555,0,,librispeech_0064,impostor_3,fakeavceleb_00412_Caucasian(European)_men_id00266,per-clip-v1
0.046869,0,,librispeech_0064,impostor_4,fakeavceleb_03026_Caucasian(American)_women_id00555,per-clip-v1
-0.038819,0,,librispeech_0064,impostor_5,fakeavceleb_01735_Asian(East)_women_id06225,per-clip-v1
0.066671,0,,librispeech_0064,impostor_6,librispeech_0412,per-clip-v1
0.112981,0,,librispeech_0064,impostor_7,fakeavceleb_01664_Asian(East)_women_id04701,per-clip-v1
-0.026370,0,,librispeech_0064,impostor_8,librispeech_0227,per-clip-v1
-0.097559,0,,librispeech_0064,impostor_9,fakeavceleb_03074_Caucasian(American)_women_id00842,per-clip-v1
-0.076773,0,,librispeech_0064,impostor_10,fakeavceleb_00249_Asian(South)_men_id08457,per-clip-v1
0.847183,1,,librispeech_0065,genuine,librispeech_0065,per-clip-v1
0.111928,0,,librispeech_0065,impostor_1,fakeavceleb_01357_Asian(East)_men_id04726,per-clip-v1
0.050227,0,,librispeech_0065,impostor_2,fakeavceleb_02579_Caucasian(American)_men_id00062,per-clip-v1
0.139418,0,,librispeech_0065,impostor_3,fakeavceleb_02726_Caucasian(American)_men_id01096,per-clip-v1
0.099057,0,,librispeech_0065,impostor_4,fakeavceleb_02345_Asian(South)_women_id04583,per-clip-v1
0.035527,0,,librispeech_0065,impostor_5,librispeech_0044,per-clip-v1
0.021377,0,,librispeech_0065,impostor_6,fakeavceleb_01248_Asian(East)_men_id00863,per-clip-v1
-0.005933,0,,librispeech_0065,impostor_7,fakeavceleb_01446_Asian(East)_men_id07102,per-clip-v1
0.091071,0,,librispeech_0065,impostor_8,fakeavceleb_01838_Asian(East)_women_id09174,per-clip-v1
-0.041312,0,,librispeech_0065,impostor_9,fakeavceleb_02298_Asian(South)_women_id03985,per-clip-v1
-0.007135,0,,librispeech_0065,impostor_10,librispeech_0175,per-clip-v1
0.828245,1,,librispeech_0066,genuine,librispeech_0066,per-clip-v1
0.159660,0,,librispeech_0066,impostor_1,librispeech_0296,per-clip-v1
-0.118303,0,,librispeech_0066,impostor_2,fakeavceleb_00611_African_men_id01170,per-clip-v1
0.012752,0,,librispeech_0066,impostor_3,fakeavceleb_00625_African_men_id01179,per-clip-v1
0.058306,0,,librispeech_0066,impostor_4,fakeavceleb_02501_Asian(South)_women_id07236,per-clip-v1
0.072043,0,,librispeech_0066,impostor_5,fakeavceleb_02450_Asian(South)_women_id06438,per-clip-v1
0.005158,0,,librispeech_0066,impostor_6,fakeavceleb_03840_Caucasian(European)_women_id03716,per-clip-v1
-0.001450,0,,librispeech_0066,impostor_7,fakeavceleb_02640_Caucasian(American)_men_id00345,per-clip-v1
0.049273,0,,librispeech_0066,impostor_8,librispeech_0387,per-clip-v1
0.025813,0,,librispeech_0066,impostor_9,fakeavceleb_03280_Caucasian(European)_men_id00241,per-clip-v1
-0.094787,0,,librispeech_0066,impostor_10,fakeavceleb_03298_Caucasian(European)_men_id00265,per-clip-v1
0.861304,1,,librispeech_0067,genuine,librispeech_0067,per-clip-v1
0.030984,0,,librispeech_0067,impostor_1,fakeavceleb_01216_Asian(East)_men_id00126,per-clip-v1
-0.152876,0,,librispeech_0067,impostor_2,fakeavceleb_01473_Asian(East)_men_id08652,per-clip-v1
0.113087,0,,librispeech_0067,impostor_3,fakeavceleb_03771_Caucasian(European)_women_id00813,per-clip-v1
0.220116,0,,librispeech_0067,impostor_4,librispeech_0020,per-clip-v1
-0.014729,0,,librispeech_0067,impostor_5,fakeavceleb_01769_Asian(East)_women_id07039,per-clip-v1
-0.058481,0,,librispeech_0067,impostor_6,fakeavceleb_02059_Asian(South)_men_id06354,per-clip-v1
0.184353,0,,librispeech_0067,impostor_7,librispeech_0444,per-clip-v1
0.049233,0,,librispeech_0067,impostor_8,librispeech_0342,per-clip-v1
0.032677,0,,librispeech_0067,impostor_9,fakeavceleb_02904_Caucasian(American)_women_id00145,per-clip-v1
-0.001533,0,,librispeech_0067,impostor_10,fakeavceleb_00206_Asian(South)_men_id00414,per-clip-v1
0.839951,1,,librispeech_0068,genuine,librispeech_0068,per-clip-v1
-0.086452,0,,librispeech_0068,impostor_1,fakeavceleb_03503_Caucasian(European)_men_id01156,per-clip-v1
-0.053479,0,,librispeech_0068,impostor_2,fakeavceleb_00070_African_women_id02617,per-clip-v1
0.040507,0,,librispeech_0068,impostor_3,fakeavceleb_02218_Asian(South)_women_id00417,per-clip-v1
0.002956,0,,librispeech_0068,impostor_4,fakeavceleb_01411_Asian(East)_men_id06467,per-clip-v1
0.036318,0,,librispeech_0068,impostor_5,fakeavceleb_01915_Asian(South)_men_id00414,per-clip-v1
-0.017958,0,,librispeech_0068,impostor_6,fakeavceleb_03751_Caucasian(European)_women_id00633,per-clip-v1
0.211964,0,,librispeech_0068,impostor_7,fakeavceleb_00248_Asian(South)_men_id08314,per-clip-v1
0.098698,0,,librispeech_0068,impostor_8,fakeavceleb_00764_African_men_id01933,per-clip-v1
0.009269,0,,librispeech_0068,impostor_9,asvspoof_0443,per-clip-v1
0.036696,0,,librispeech_0068,impostor_10,fakeavceleb_02307_Asian(South)_women_id04070,per-clip-v1
0.901661,1,,librispeech_0069,genuine,librispeech_0069,per-clip-v1
-0.041388,0,,librispeech_0069,impostor_1,librispeech_0336,per-clip-v1
0.166748,0,,librispeech_0069,impostor_2,asvspoof_0130,per-clip-v1
-0.052867,0,,librispeech_0069,impostor_3,librispeech_0011,per-clip-v1
0.121335,0,,librispeech_0069,impostor_4,librispeech_0311,per-clip-v1
0.112164,0,,librispeech_0069,impostor_5,librispeech_0107,per-clip-v1
0.060858,0,,librispeech_0069,impostor_6,fakeavceleb_03376_Caucasian(European)_men_id00548,per-clip-v1
0.028734,0,,librispeech_0069,impostor_7,fakeavceleb_01931_Asian(South)_men_id00732,per-clip-v1
0.191256,0,,librispeech_0069,impostor_8,librispeech_0475,per-clip-v1
0.027125,0,,librispeech_0069,impostor_9,librispeech_0304,per-clip-v1
-0.077012,0,,librispeech_0069,impostor_10,librispeech_0044,per-clip-v1
0.735005,1,,librispeech_0070,genuine,librispeech_0070,per-clip-v1
0.093348,0,,librispeech_0070,impostor_1,fakeavceleb_03224_Caucasian(European)_men_id00171,per-clip-v1
0.117243,0,,librispeech_0070,impostor_2,fakeavceleb_02495_Asian(South)_women_id07236,per-clip-v1
0.095848,0,,librispeech_0070,impostor_3,librispeech_0459,per-clip-v1
0.088798,0,,librispeech_0070,impostor_4,librispeech_0285,per-clip-v1
0.033643,0,,librispeech_0070,impostor_5,fakeavceleb_01988_Asian(South)_men_id03344,per-clip-v1
0.269239,0,,librispeech_0070,impostor_6,librispeech_0482,per-clip-v1
-0.037722,0,,librispeech_0070,impostor_7,fakeavceleb_01309_Asian(East)_men_id02493,per-clip-v1
-0.104352,0,,librispeech_0070,impostor_8,fakeavceleb_00463_Caucasian(European)_women_id00332,per-clip-v1
0.026558,0,,librispeech_0070,impostor_9,fakeavceleb_03660_Caucasian(European)_women_id00373,per-clip-v1
0.041404,0,,librispeech_0070,impostor_10,fakeavceleb_02044_Asian(South)_men_id04601,per-clip-v1
0.874462,1,,librispeech_0071,genuine,librispeech_0071,per-clip-v1
-0.164177,0,,librispeech_0071,impostor_1,fakeavceleb_01173_African_women_id05231,per-clip-v1
0.210142,0,,librispeech_0071,impostor_2,fakeavceleb_01848_Asian(East)_women_id09181,per-clip-v1
-0.013742,0,,librispeech_0071,impostor_3,fakeavceleb_01684_Asian(East)_women_id05631,per-clip-v1
0.063317,0,,librispeech_0071,impostor_4,fakeavceleb_02144_Asian(South)_men_id07210,per-clip-v1
0.016737,0,,librispeech_0071,impostor_5,fakeavceleb_00081_African_women_id03747,per-clip-v1
0.128251,0,,librispeech_0071,impostor_6,fakeavceleb_02538_Caucasian(American)_men_id00021,per-clip-v1
-0.010037,0,,librispeech_0071,impostor_7,fakeavceleb_02849_Caucasian(American)_men_id04219,per-clip-v1
0.084221,0,,librispeech_0071,impostor_8,fakeavceleb_00635_African_men_id01207,per-clip-v1
0.011425,0,,librispeech_0071,impostor_9,fakeavceleb_02066_Asian(South)_men_id06355,per-clip-v1
-0.208046,0,,librispeech_0071,impostor_10,fakeavceleb_00706_African_men_id01598,per-clip-v1
0.892095,1,,librispeech_0072,genuine,librispeech_0072,per-clip-v1
0.172439,0,,librispeech_0072,impostor_1,librispeech_0095,per-clip-v1
-0.137281,0,,librispeech_0072,impostor_2,fakeavceleb_03187_Caucasian(American)_women_id03696,per-clip-v1
0.167974,0,,librispeech_0072,impostor_3,librispeech_0202,per-clip-v1
0.146814,0,,librispeech_0072,impostor_4,librispeech_0044,per-clip-v1
-0.022125,0,,librispeech_0072,impostor_5,fakeavceleb_02539_Caucasian(American)_men_id00021,per-clip-v1
0.103394,0,,librispeech_0072,impostor_6,fakeavceleb_00633_African_men_id01207,per-clip-v1
-0.090922,0,,librispeech_0072,impostor_7,fakeavceleb_01486_Asian(East)_men_id09053,per-clip-v1
0.370398,0,,librispeech_0072,impostor_8,asvspoof_0309,per-clip-v1
-0.036509,0,,librispeech_0072,impostor_9,fakeavceleb_01348_Asian(East)_men_id04222,per-clip-v1
0.159849,0,,librispeech_0072,impostor_10,fakeavceleb_02726_Caucasian(American)_men_id01096,per-clip-v1
0.809206,1,,librispeech_0073,genuine,librispeech_0073,per-clip-v1
-0.010821,0,,librispeech_0073,impostor_1,fakeavceleb_03314_Caucasian(European)_men_id00292,per-clip-v1
0.186924,0,,librispeech_0073,impostor_2,librispeech_0397,per-clip-v1
0.151083,0,,librispeech_0073,impostor_3,librispeech_0299,per-clip-v1
0.108319,0,,librispeech_0073,impostor_4,librispeech_0354,per-clip-v1
0.179610,0,,librispeech_0073,impostor_5,librispeech_0191,per-clip-v1
0.132807,0,,librispeech_0073,impostor_6,fakeavceleb_03652_Caucasian(European)_women_id00365,per-clip-v1
0.074068,0,,librispeech_0073,impostor_7,librispeech_0214,per-clip-v1
-0.050486,0,,librispeech_0073,impostor_8,fakeavceleb_00140_Asian(East)_men_id06776,per-clip-v1
0.044992,0,,librispeech_0073,impostor_9,fakeavceleb_03756_Caucasian(European)_women_id00634,per-clip-v1
-0.030337,0,,librispeech_0073,impostor_10,fakeavceleb_01232_Asian(East)_men_id00597,per-clip-v1
0.802056,1,,librispeech_0074,genuine,librispeech_0074,per-clip-v1
0.017361,0,,librispeech_0074,impostor_1,asvspoof_0000,per-clip-v1
-0.114193,0,,librispeech_0074,impostor_2,fakeavceleb_02009_Asian(South)_men_id04537,per-clip-v1
-0.023688,0,,librispeech_0074,impostor_3,librispeech_0022,per-clip-v1
0.095755,0,,librispeech_0074,impostor_4,fakeavceleb_02646_Caucasian(American)_men_id00345,per-clip-v1
0.010345,0,,librispeech_0074,impostor_5,fakeavceleb_01685_Asian(East)_women_id05631,per-clip-v1
-0.069082,0,,librispeech_0074,impostor_6,librispeech_0059,per-clip-v1
0.062665,0,,librispeech_0074,impostor_7,fakeavceleb_02974_Caucasian(American)_women_id00383,per-clip-v1
0.045558,0,,librispeech_0074,impostor_8,librispeech_0407,per-clip-v1
0.123281,0,,librispeech_0074,impostor_9,librispeech_0349,per-clip-v1
-0.035602,0,,librispeech_0074,impostor_10,fakeavceleb_02110_Asian(South)_men_id07179,per-clip-v1
0.854276,1,,librispeech_0075,genuine,librispeech_0075,per-clip-v1
0.093186,0,,librispeech_0075,impostor_1,librispeech_0402,per-clip-v1
0.023385,0,,librispeech_0075,impostor_2,fakeavceleb_00510_African_men_id00076,per-clip-v1
0.001568,0,,librispeech_0075,impostor_3,librispeech_0141,per-clip-v1
-0.047559,0,,librispeech_0075,impostor_4,asvspoof_0440,per-clip-v1
0.120293,0,,librispeech_0075,impostor_5,librispeech_0207,per-clip-v1
-0.070713,0,,librispeech_0075,impostor_6,fakeavceleb_00115_Asian(East)_men_id02561,per-clip-v1
0.090892,0,,librispeech_0075,impostor_7,librispeech_0426,per-clip-v1
0.159808,0,,librispeech_0075,impostor_8,fakeavceleb_03108_Caucasian(American)_women_id01217,per-clip-v1
-0.041439,0,,librispeech_0075,impostor_9,fakeavceleb_03547_Caucasian(European)_women_id00068,per-clip-v1
0.036300,0,,librispeech_0075,impostor_10,fakeavceleb_02718_Caucasian(American)_men_id01048,per-clip-v1
0.801846,1,,librispeech_0076,genuine,librispeech_0076,per-clip-v1
0.075302,0,,librispeech_0076,impostor_1,fakeavceleb_00027_African_men_id01544,per-clip-v1
-0.052162,0,,librispeech_0076,impostor_2,fakeavceleb_00751_African_men_id01856,per-clip-v1
0.046840,0,,librispeech_0076,impostor_3,fakeavceleb_02063_Asian(South)_men_id06355,per-clip-v1
-0.056476,0,,librispeech_0076,impostor_4,fakeavceleb_00741_African_men_id01779,per-clip-v1
0.287222,0,,librispeech_0076,impostor_5,fakeavceleb_03473_Caucasian(European)_men_id01099,per-clip-v1
0.043495,0,,librispeech_0076,impostor_6,fakeavceleb_03391_Caucasian(European)_men_id00594,per-clip-v1
-0.069704,0,,librispeech_0076,impostor_7,fakeavceleb_01352_Asian(East)_men_id04687,per-clip-v1
0.096337,0,,librispeech_0076,impostor_8,librispeech_0438,per-clip-v1
-0.070997,0,,librispeech_0076,impostor_9,fakeavceleb_02730_Caucasian(American)_men_id01105,per-clip-v1
-0.009407,0,,librispeech_0076,impostor_10,fakeavceleb_03430_Caucasian(European)_men_id00946,per-clip-v1
0.743092,1,,librispeech_0077,genuine,librispeech_0077,per-clip-v1
0.088377,0,,librispeech_0077,impostor_1,fakeavceleb_01644_Asian(East)_women_id04066,per-clip-v1
0.008603,0,,librispeech_0077,impostor_2,fakeavceleb_03667_Caucasian(European)_women_id00374,per-clip-v1
0.124333,0,,librispeech_0077,impostor_3,fakeavceleb_02647_Caucasian(American)_men_id00345,per-clip-v1
0.008176,0,,librispeech_0077,impostor_4,librispeech_0199,per-clip-v1
0.136420,0,,librispeech_0077,impostor_5,librispeech_0275,per-clip-v1
0.003825,0,,librispeech_0077,impostor_6,fakeavceleb_02466_Asian(South)_women_id06445,per-clip-v1
0.036271,0,,librispeech_0077,impostor_7,fakeavceleb_02209_Asian(South)_women_id00235,per-clip-v1
-0.043935,0,,librispeech_0077,impostor_8,fakeavceleb_01082_African_women_id03656,per-clip-v1
0.079046,0,,librispeech_0077,impostor_9,librispeech_0157,per-clip-v1
-0.076898,0,,librispeech_0077,impostor_10,fakeavceleb_00369_Caucasian(American)_women_id00462,per-clip-v1
0.866491,1,,librispeech_0078,genuine,librispeech_0078,per-clip-v1
0.064585,0,,librispeech_0078,impostor_1,librispeech_0114,per-clip-v1
-0.059192,0,,librispeech_0078,impostor_2,fakeavceleb_00600_African_men_id01036,per-clip-v1
-0.033758,0,,librispeech_0078,impostor_3,fakeavceleb_01597_Asian(East)_women_id01451,per-clip-v1
0.221032,0,,librispeech_0078,impostor_4,fakeavceleb_01926_Asian(South)_men_id00685,per-clip-v1
-0.002144,0,,librispeech_0078,impostor_5,librispeech_0138,per-clip-v1
0.027581,0,,librispeech_0078,impostor_6,fakeavceleb_01392_Asian(East)_men_id05383,per-clip-v1
0.035837,0,,librispeech_0078,impostor_7,fakeavceleb_03105_Caucasian(American)_women_id01216,per-clip-v1
0.031991,0,,librispeech_0078,impostor_8,fakeavceleb_02591_Caucasian(American)_men_id00088,per-clip-v1
-0.158469,0,,librispeech_0078,impostor_9,fakeavceleb_01015_African_women_id02508,per-clip-v1
0.052674,0,,librispeech_0078,impostor_10,fakeavceleb_01480_Asian(East)_men_id08652,per-clip-v1
0.825448,1,,librispeech_0079,genuine,librispeech_0079,per-clip-v1
0.014901,0,,librispeech_0079,impostor_1,librispeech_0261,per-clip-v1
0.121033,0,,librispeech_0079,impostor_2,librispeech_0098,per-clip-v1
-0.006228,0,,librispeech_0079,impostor_3,fakeavceleb_01602_Asian(East)_women_id02587,per-clip-v1
-0.160706,0,,librispeech_0079,impostor_4,fakeavceleb_03202_Caucasian(European)_men_id00055,per-clip-v1
-0.027474,0,,librispeech_0079,impostor_5,fakeavceleb_02827_Caucasian(American)_men_id03757,per-clip-v1
0.116534,0,,librispeech_0079,impostor_6,librispeech_0124,per-clip-v1
0.005153,0,,librispeech_0079,impostor_7,fakeavceleb_00673_African_men_id01528,per-clip-v1
0.099366,0,,librispeech_0079,impostor_8,librispeech_0193,per-clip-v1
-0.059478,0,,librispeech_0079,impostor_9,fakeavceleb_02084_Asian(South)_men_id07108,per-clip-v1
0.155041,0,,librispeech_0079,impostor_10,librispeech_0309,per-clip-v1
0.745051,1,,librispeech_0080,genuine,librispeech_0080,per-clip-v1
0.034010,0,,librispeech_0080,impostor_1,fakeavceleb_02079_Asian(South)_men_id07058,per-clip-v1
0.072920,0,,librispeech_0080,impostor_2,librispeech_0261,per-clip-v1
0.007744,0,,librispeech_0080,impostor_3,librispeech_0466,per-clip-v1
-0.005190,0,,librispeech_0080,impostor_4,fakeavceleb_02908_Caucasian(American)_women_id00145,per-clip-v1
0.092392,0,,librispeech_0080,impostor_5,fakeavceleb_03088_Caucasian(American)_women_id01004,per-clip-v1
-0.011453,0,,librispeech_0080,impostor_6,librispeech_0422,per-clip-v1
-0.006547,0,,librispeech_0080,impostor_7,fakeavceleb_02258_Asian(South)_women_id02089,per-clip-v1
0.022229,0,,librispeech_0080,impostor_8,fakeavceleb_03627_Caucasian(European)_women_id00325,per-clip-v1
-0.067941,0,,librispeech_0080,impostor_9,librispeech_0373,per-clip-v1
0.059881,0,,librispeech_0080,impostor_10,librispeech_0234,per-clip-v1
0.858294,1,,librispeech_0081,genuine,librispeech_0081,per-clip-v1
0.088274,0,,librispeech_0081,impostor_1,fakeavceleb_01066_African_women_id03103,per-clip-v1
-0.029425,0,,librispeech_0081,impostor_2,fakeavceleb_00463_Caucasian(European)_women_id00332,per-clip-v1
0.229968,0,,librispeech_0081,impostor_3,fakeavceleb_02135_Asian(South)_men_id07200,per-clip-v1
0.137932,0,,librispeech_0081,impostor_4,librispeech_0256,per-clip-v1
0.089792,0,,librispeech_0081,impostor_5,fakeavceleb_01610_Asian(East)_women_id02807,per-clip-v1
0.068270,0,,librispeech_0081,impostor_6,asvspoof_0045,per-clip-v1
0.173646,0,,librispeech_0081,impostor_7,asvspoof_0395,per-clip-v1
0.015292,0,,librispeech_0081,impostor_8,librispeech_0465,per-clip-v1
0.237783,0,,librispeech_0081,impostor_9,librispeech_0175,per-clip-v1
0.066681,0,,librispeech_0081,impostor_10,fakeavceleb_00260_Asian(South)_women_id02089,per-clip-v1
0.869202,1,,librispeech_0082,genuine,librispeech_0082,per-clip-v1
0.086752,0,,librispeech_0082,impostor_1,fakeavceleb_01422_Asian(East)_men_id06470,per-clip-v1
0.390152,0,,librispeech_0082,impostor_2,librispeech_0200,per-clip-v1
-0.183626,0,,librispeech_0082,impostor_3,fakeavceleb_00775_African_men_id01972,per-clip-v1
0.005529,0,,librispeech_0082,impostor_4,fakeavceleb_02696_Caucasian(American)_men_id00971,per-clip-v1
0.124723,0,,librispeech_0082,impostor_5,asvspoof_0294,per-clip-v1
0.077414,0,,librispeech_0082,impostor_6,librispeech_0462,per-clip-v1
0.010601,0,,librispeech_0082,impostor_7,fakeavceleb_03339_Caucasian(European)_men_id00415,per-clip-v1
-0.001126,0,,librispeech_0082,impostor_8,fakeavceleb_00394_Caucasian(American)_women_id02466,per-clip-v1
0.046356,0,,librispeech_0082,impostor_9,fakeavceleb_02012_Asian(South)_men_id04554,per-clip-v1
0.016423,0,,librispeech_0082,impostor_10,fakeavceleb_00143_Asian(East)_men_id07102,per-clip-v1
0.843681,1,,librispeech_0083,genuine,librispeech_0083,per-clip-v1
-0.015411,0,,librispeech_0083,impostor_1,fakeavceleb_00219_Asian(South)_men_id03945,per-clip-v1
0.060565,0,,librispeech_0083,impostor_2,fakeavceleb_03341_Caucasian(European)_men_id00498,per-clip-v1
-0.001298,0,,librispeech_0083,impostor_3,fakeavceleb_02445_Asian(South)_women_id06428,per-clip-v1
0.150868,0,,librispeech_0083,impostor_4,fakeavceleb_00250_Asian(South)_women_id00043,per-clip-v1
0.097555,0,,librispeech_0083,impostor_5,librispeech_0297,per-clip-v1
-0.000649,0,,librispeech_0083,impostor_6,librispeech_0283,per-clip-v1
0.091611,0,,librispeech_0083,impostor_7,fakeavceleb_03503_Caucasian(European)_men_id01156,per-clip-v1
0.162446,0,,librispeech_0083,impostor_8,librispeech_0084,per-clip-v1
0.132758,0,,librispeech_0083,impostor_9,asvspoof_0070,per-clip-v1
0.015661,0,,librispeech_0083,impostor_10,fakeavceleb_03706_Caucasian(European)_women_id00491,per-clip-v1
0.676669,1,,librispeech_0084,genuine,librispeech_0084,per-clip-v1
-0.066402,0,,librispeech_0084,impostor_1,fakeavceleb_00465_Caucasian(European)_women_id00373,per-clip-v1
-0.030934,0,,librispeech_0084,impostor_2,fakeavceleb_01751_Asian(East)_women_id06443,per-clip-v1
-0.007989,0,,librispeech_0084,impostor_3,fakeavceleb_00329_Caucasian(American)_men_id01105,per-clip-v1
0.002932,0,,librispeech_0084,impostor_4,librispeech_0007,per-clip-v1
0.051579,0,,librispeech_0084,impostor_5,librispeech_0191,per-clip-v1
0.351937,0,,librispeech_0084,impostor_6,librispeech_0431,per-clip-v1
0.011560,0,,librispeech_0084,impostor_7,fakeavceleb_02777_Caucasian(American)_men_id01192,per-clip-v1
0.020628,0,,librispeech_0084,impostor_8,fakeavceleb_01495_Asian(East)_men_id09143,per-clip-v1
0.066063,0,,librispeech_0084,impostor_9,fakeavceleb_02516_Caucasian(American)_men_id00018,per-clip-v1
0.347767,0,,librispeech_0084,impostor_10,asvspoof_0053,per-clip-v1
0.826370,1,,librispeech_0085,genuine,librispeech_0085,per-clip-v1
-0.003660,0,,librispeech_0085,impostor_1,fakeavceleb_01745_Asian(East)_women_id06427,per-clip-v1
0.105394,0,,librispeech_0085,impostor_2,fakeavceleb_00661_African_men_id01452,per-clip-v1
0.061386,0,,librispeech_0085,impostor_3,fakeavceleb_02570_Caucasian(American)_men_id00060,per-clip-v1
0.058659,0,,librispeech_0085,impostor_4,fakeavceleb_01724_Asian(East)_women_id06066,per-clip-v1
-0.002628,0,,librispeech_0085,impostor_5,librispeech_0042,per-clip-v1
-0.004518,0,,librispeech_0085,impostor_6,librispeech_0097,per-clip-v1
0.060522,0,,librispeech_0085,impostor_7,fakeavceleb_03252_Caucasian(European)_men_id00186,per-clip-v1
0.276925,0,,librispeech_0085,impostor_8,librispeech_0240,per-clip-v1
0.012986,0,,librispeech_0085,impostor_9,librispeech_0174,per-clip-v1
0.070064,0,,librispeech_0085,impostor_10,librispeech_0317,per-clip-v1
0.794190,1,,librispeech_0086,genuine,librispeech_0086,per-clip-v1
0.070932,0,,librispeech_0086,impostor_1,librispeech_0198,per-clip-v1
-0.047893,0,,librispeech_0086,impostor_2,fakeavceleb_03331_Caucasian(European)_men_id00358,per-clip-v1
0.184550,0,,librispeech_0086,impostor_3,librispeech_0168,per-clip-v1
0.060314,0,,librispeech_0086,impostor_4,librispeech_0408,per-clip-v1
0.091406,0,,librispeech_0086,impostor_5,fakeavceleb_02398_Asian(South)_women_id05920,per-clip-v1
0.242013,0,,librispeech_0086,impostor_6,asvspoof_0319,per-clip-v1
0.081069,0,,librispeech_0086,impostor_7,asvspoof_0436,per-clip-v1
0.140987,0,,librispeech_0086,impostor_8,fakeavceleb_01363_Asian(East)_men_id04774,per-clip-v1
0.280577,0,,librispeech_0086,impostor_9,librispeech_0012,per-clip-v1
0.009466,0,,librispeech_0086,impostor_10,fakeavceleb_02236_Asian(South)_women_id00739,per-clip-v1
0.840137,1,,librispeech_0087,genuine,librispeech_0087,per-clip-v1
0.047010,0,,librispeech_0087,impostor_1,fakeavceleb_03705_Caucasian(European)_women_id00491,per-clip-v1
-0.026662,0,,librispeech_0087,impostor_2,fakeavceleb_00289_Asian(South)_women_id06445,per-clip-v1
-0.081639,0,,librispeech_0087,impostor_3,fakeavceleb_02012_Asian(South)_men_id04554,per-clip-v1
-0.151361,0,,librispeech_0087,impostor_4,fakeavceleb_01973_Asian(South)_men_id00857,per-clip-v1
0.052899,0,,librispeech_0087,impostor_5,librispeech_0494,per-clip-v1
0.107254,0,,librispeech_0087,impostor_6,librispeech_0303,per-clip-v1
0.118310,0,,librispeech_0087,impostor_7,librispeech_0109,per-clip-v1
0.026326,0,,librispeech_0087,impostor_8,asvspoof_0383,per-clip-v1
-0.008640,0,,librispeech_0087,impostor_9,fakeavceleb_01048_African_women_id02824,per-clip-v1
0.061708,0,,librispeech_0087,impostor_10,librispeech_0288,per-clip-v1
0.888017,1,,librispeech_0088,genuine,librispeech_0088,per-clip-v1
-0.042678,0,,librispeech_0088,impostor_1,fakeavceleb_03707_Caucasian(European)_women_id00491,per-clip-v1
0.067936,0,,librispeech_0088,impostor_2,asvspoof_0453,per-clip-v1
-0.024945,0,,librispeech_0088,impostor_3,fakeavceleb_00511_African_men_id00166,per-clip-v1
0.319808,0,,librispeech_0088,impostor_4,fakeavceleb_03125_Caucasian(American)_women_id01227,per-clip-v1
-0.065605,0,,librispeech_0088,impostor_5,fakeavceleb_03077_Caucasian(American)_women_id00848,per-clip-v1
0.051946,0,,librispeech_0088,impostor_6,fakeavceleb_03188_Caucasian(American)_women_id03696,per-clip-v1
0.083818,0,,librispeech_0088,impostor_7,fakeavceleb_01104_African_women_id04055,per-clip-v1
-0.063578,0,,librispeech_0088,impostor_8,fakeavceleb_02444_Asian(South)_women_id06428,per-clip-v1
0.034433,0,,librispeech_0088,impostor_9,asvspoof_0467,per-clip-v1
0.023383,0,,librispeech_0088,impostor_10,fakeavceleb_00653_African_men_id01392,per-clip-v1
0.799955,1,,librispeech_0089,genuine,librispeech_0089,per-clip-v1
0.161943,0,,librispeech_0089,impostor_1,asvspoof_0446,per-clip-v1
0.123454,0,,librispeech_0089,impostor_2,librispeech_0167,per-clip-v1
0.151445,0,,librispeech_0089,impostor_3,librispeech_0341,per-clip-v1
0.093365,0,,librispeech_0089,impostor_4,asvspoof_0096,per-clip-v1
0.077757,0,,librispeech_0089,impostor_5,librispeech_0304,per-clip-v1
0.124390,0,,librispeech_0089,impostor_6,librispeech_0042,per-clip-v1
-0.066408,0,,librispeech_0089,impostor_7,fakeavceleb_03786_Caucasian(European)_women_id00826,per-clip-v1
0.011131,0,,librispeech_0089,impostor_8,fakeavceleb_03802_Caucasian(European)_women_id01002,per-clip-v1
-0.013242,0,,librispeech_0089,impostor_9,fakeavceleb_02779_Caucasian(American)_men_id01192,per-clip-v1
-0.006214,0,,librispeech_0089,impostor_10,fakeavceleb_03374_Caucasian(European)_men_id00535,per-clip-v1
0.755921,1,,librispeech_0090,genuine,librispeech_0090,per-clip-v1
-0.048658,0,,librispeech_0090,impostor_1,librispeech_0338,per-clip-v1
0.069743,0,,librispeech_0090,impostor_2,fakeavceleb_03229_Caucasian(European)_men_id00171,per-clip-v1
0.229224,0,,librispeech_0090,impostor_3,librispeech_0266,per-clip-v1
0.095594,0,,librispeech_0090,impostor_4,fakeavceleb_00935_African_women_id00829,per-clip-v1
-0.059285,0,,librispeech_0090,impostor_5,fakeavceleb_03668_Caucasian(European)_women_id00379,per-clip-v1
0.108914,0,,librispeech_0090,impostor_6,fakeavceleb_01432_Asian(East)_men_id06594,per-clip-v1
0.080937,0,,librispeech_0090,impostor_7,librispeech_0454,per-clip-v1
-0.007631,0,,librispeech_0090,impostor_8,fakeavceleb_02466_Asian(South)_women_id06445,per-clip-v1
0.363619,0,,librispeech_0090,impostor_9,asvspoof_0320,per-clip-v1
0.193825,0,,librispeech_0090,impostor_10,librispeech_0047,per-clip-v1
0.852056,1,,librispeech_0091,genuine,librispeech_0091,per-clip-v1
0.159859,0,,librispeech_0091,impostor_1,asvspoof_0192,per-clip-v1
0.071676,0,,librispeech_0091,impostor_2,fakeavceleb_02500_Asian(South)_women_id07236,per-clip-v1
-0.065308,0,,librispeech_0091,impostor_3,fakeavceleb_03140_Caucasian(American)_women_id01238,per-clip-v1
-0.109240,0,,librispeech_0091,impostor_4,fakeavceleb_02404_Asian(South)_women_id05931,per-clip-v1
0.006942,0,,librispeech_0091,impostor_5,fakeavceleb_02749_Caucasian(American)_men_id01168,per-clip-v1
0.010461,0,,librispeech_0091,impostor_6,fakeavceleb_01184_African_women_id05251,per-clip-v1
0.121106,0,,librispeech_0091,impostor_7,librispeech_0422,per-clip-v1
-0.003201,0,,librispeech_0091,impostor_8,fakeavceleb_00684_African_men_id01530,per-clip-v1
0.080608,0,,librispeech_0091,impostor_9,fakeavceleb_01102_African_women_id04055,per-clip-v1
0.058582,0,,librispeech_0091,impostor_10,asvspoof_0273,per-clip-v1
0.787847,1,,librispeech_0092,genuine,librispeech_0092,per-clip-v1
0.004021,0,,librispeech_0092,impostor_1,fakeavceleb_00126_Asian(East)_men_id04789,per-clip-v1
0.000870,0,,librispeech_0092,impostor_2,fakeavceleb_00777_African_men_id01995,per-clip-v1
-0.038816,0,,librispeech_0092,impostor_3,fakeavceleb_01484_Asian(East)_men_id09053,per-clip-v1
0.030899,0,,librispeech_0092,impostor_4,fakeavceleb_02624_Caucasian(American)_men_id00243,per-clip-v1
-0.024086,0,,librispeech_0092,impostor_5,fakeavceleb_00622_African_men_id01171,per-clip-v1
0.051004,0,,librispeech_0092,impostor_6,fakeavceleb_02732_Caucasian(American)_men_id01105,per-clip-v1
-0.126209,0,,librispeech_0092,impostor_7,fakeavceleb_02401_Asian(South)_women_id05920,per-clip-v1
0.031954,0,,librispeech_0092,impostor_8,fakeavceleb_03592_Caucasian(European)_women_id00262,per-clip-v1
-0.097746,0,,librispeech_0092,impostor_9,fakeavceleb_00366_Caucasian(American)_women_id00428,per-clip-v1
0.104293,0,,librispeech_0092,impostor_10,fakeavceleb_01160_African_women_id05106,per-clip-v1
0.686869,1,,librispeech_0093,genuine,librispeech_0093,per-clip-v1
0.063441,0,,librispeech_0093,impostor_1,fakeavceleb_01259_Asian(East)_men_id01204,per-clip-v1
0.009263,0,,librispeech_0093,impostor_2,fakeavceleb_00587_African_men_id00830,per-clip-v1
0.115902,0,,librispeech_0093,impostor_3,asvspoof_0313,per-clip-v1
0.007499,0,,librispeech_0093,impostor_4,librispeech_0349,per-clip-v1
0.011617,0,,librispeech_0093,impostor_5,asvspoof_0463,per-clip-v1
0.042776,0,,librispeech_0093,impostor_6,fakeavceleb_00246_Asian(South)_men_id07768,per-clip-v1
-0.013828,0,,librispeech_0093,impostor_7,fakeavceleb_03449_Caucasian(European)_men_id00999,per-clip-v1
0.159313,0,,librispeech_0093,impostor_8,fakeavceleb_01289_Asian(East)_men_id01683,per-clip-v1
0.021975,0,,librispeech_0093,impostor_9,fakeavceleb_00725_African_men_id01637,per-clip-v1
0.031608,0,,librispeech_0093,impostor_10,librispeech_0178,per-clip-v1
0.641076,1,,librispeech_0094,genuine,librispeech_0094,per-clip-v1
0.043588,0,,librispeech_0094,impostor_1,asvspoof_0357,per-clip-v1
-0.036779,0,,librispeech_0094,impostor_2,librispeech_0341,per-clip-v1
0.090369,0,,librispeech_0094,impostor_3,librispeech_0185,per-clip-v1
-0.023891,0,,librispeech_0094,impostor_4,librispeech_0046,per-clip-v1
0.029758,0,,librispeech_0094,impostor_5,fakeavceleb_00429_Caucasian(European)_men_id00709,per-clip-v1
0.325813,0,,librispeech_0094,impostor_6,librispeech_0496,per-clip-v1
0.097980,0,,librispeech_0094,impostor_7,librispeech_0209,per-clip-v1
0.174393,0,,librispeech_0094,impostor_8,librispeech_0078,per-clip-v1
0.017532,0,,librispeech_0094,impostor_9,fakeavceleb_02467_Asian(South)_women_id06445,per-clip-v1
0.020423,0,,librispeech_0094,impostor_10,fakeavceleb_02169_Asian(South)_men_id08457,per-clip-v1
0.795612,1,,librispeech_0095,genuine,librispeech_0095,per-clip-v1
0.152297,0,,librispeech_0095,impostor_1,librispeech_0352,per-clip-v1
-0.031593,0,,librispeech_0095,impostor_2,fakeavceleb_02678_Caucasian(American)_men_id00775,per-clip-v1
0.138350,0,,librispeech_0095,impostor_3,asvspoof_0048,per-clip-v1
-0.012099,0,,librispeech_0095,impostor_4,librispeech_0090,per-clip-v1
0.101383,0,,librispeech_0095,impostor_5,fakeavceleb_03151_Caucasian(American)_women_id01248,per-clip-v1
0.075751,0,,librispeech_0095,impostor_6,fakeavceleb_02140_Asian(South)_men_id07200,per-clip-v1
-0.014561,0,,librispeech_0095,impostor_7,fakeavceleb_00970_African_women_id01661,per-clip-v1
0.139082,0,,librispeech_0095,impostor_8,librispeech_0429,per-clip-v1
-0.090778,0,,librispeech_0095,impostor_9,librispeech_0326,per-clip-v1
0.030195,0,,librispeech_0095,impostor_10,librispeech_0159,per-clip-v1
0.831279,1,,librispeech_0096,genuine,librispeech_0096,per-clip-v1
0.020490,0,,librispeech_0096,impostor_1,librispeech_0035,per-clip-v1
0.112886,0,,librispeech_0096,impostor_2,fakeavceleb_03476_Caucasian(European)_men_id01099,per-clip-v1
-0.146815,0,,librispeech_0096,impostor_3,fakeavceleb_02287_Asian(South)_women_id03815,per-clip-v1
0.203096,0,,librispeech_0096,impostor_4,librispeech_0070,per-clip-v1
0.004298,0,,librispeech_0096,impostor_5,fakeavceleb_02769_Caucasian(American)_men_id01175,per-clip-v1
-0.021490,0,,librispeech_0096,impostor_6,fakeavceleb_03770_Caucasian(European)_women_id00806,per-clip-v1
0.016105,0,,librispeech_0096,impostor_7,librispeech_0130,per-clip-v1
0.186359,0,,librispeech_0096,impostor_8,librispeech_0160,per-clip-v1
0.016791,0,,librispeech_0096,impostor_9,fakeavceleb_03747_Caucasian(European)_women_id00591,per-clip-v1
0.054006,0,,librispeech_0096,impostor_10,librispeech_0032,per-clip-v1
0.661025,1,,librispeech_0097,genuine,librispeech_0097,per-clip-v1
0.041996,0,,librispeech_0097,impostor_1,fakeavceleb_03172_Caucasian(American)_women_id03556,per-clip-v1
0.015971,0,,librispeech_0097,impostor_2,fakeavceleb_01913_Asian(South)_men_id00414,per-clip-v1
0.032469,0,,librispeech_0097,impostor_3,fakeavceleb_03392_Caucasian(European)_men_id00594,per-clip-v1
0.067224,0,,librispeech_0097,impostor_4,fakeavceleb_00285_Asian(South)_women_id06428,per-clip-v1
-0.009454,0,,librispeech_0097,impostor_5,librispeech_0225,per-clip-v1
0.068703,0,,librispeech_0097,impostor_6,librispeech_0311,per-clip-v1
0.126391,0,,librispeech_0097,impostor_7,asvspoof_0229,per-clip-v1
0.070051,0,,librispeech_0097,impostor_8,fakeavceleb_03438_Caucasian(European)_men_id00981,per-clip-v1
0.023535,0,,librispeech_0097,impostor_9,fakeavceleb_03227_Caucasian(European)_men_id00171,per-clip-v1
0.097213,0,,librispeech_0097,impostor_10,fakeavceleb_03050_Caucasian(American)_women_id00752,per-clip-v1
0.828649,1,,librispeech_0098,genuine,librispeech_0098,per-clip-v1
-0.089393,0,,librispeech_0098,impostor_1,fakeavceleb_00808_African_men_id02051,per-clip-v1
0.052998,0,,librispeech_0098,impostor_2,fakeavceleb_03491_Caucasian(European)_men_id01126,per-clip-v1
0.116002,0,,librispeech_0098,impostor_3,fakeavceleb_00386_Caucasian(American)_women_id01223,per-clip-v1
0.189398,0,,librispeech_0098,impostor_4,fakeavceleb_03601_Caucasian(European)_women_id00271,per-clip-v1
-0.060103,0,,librispeech_0098,impostor_5,fakeavceleb_02244_Asian(South)_women_id00747,per-clip-v1
0.080649,0,,librispeech_0098,impostor_6,librispeech_0360,per-clip-v1
-0.065628,0,,librispeech_0098,impostor_7,fakeavceleb_02151_Asian(South)_men_id07233,per-clip-v1
0.027968,0,,librispeech_0098,impostor_8,librispeech_0373,per-clip-v1
0.199128,0,,librispeech_0098,impostor_9,fakeavceleb_01578_Asian(East)_women_id00935,per-clip-v1
0.038925,0,,librispeech_0098,impostor_10,fakeavceleb_02048_Asian(South)_men_id04928,per-clip-v1
0.817443,1,,librispeech_0099,genuine,librispeech_0099,per-clip-v1
0.096796,0,,librispeech_0099,impostor_1,librispeech_0101,per-clip-v1
0.139278,0,,librispeech_0099,impostor_2,librispeech_0157,per-clip-v1
0.076969,0,,librispeech_0099,impostor_3,asvspoof_0403,per-clip-v1
-0.073955,0,,librispeech_0099,impostor_4,fakeavceleb_02475_Asian(South)_women_id07049,per-clip-v1
-0.095548,0,,librispeech_0099,impostor_5,fakeavceleb_00871_African_women_id00359,per-clip-v1
0.175375,0,,librispeech_0099,impostor_6,fakeavceleb_01204_Asian(East)_men_id00056,per-clip-v1
-0.066179,0,,librispeech_0099,impostor_7,fakeavceleb_02228_Asian(South)_women_id00488,per-clip-v1
0.043980,0,,librispeech_0099,impostor_8,librispeech_0367,per-clip-v1
0.081597,0,,librispeech_0099,impostor_9,fakeavceleb_02002_Asian(South)_men_id04537,per-clip-v1
0.280384,0,,librispeech_0099,impostor_10,librispeech_0336,per-clip-v1
0.855120,1,,librispeech_0100,genuine,librispeech_0100,per-clip-v1
0.106527,0,,librispeech_0100,impostor_1,fakeavceleb_02770_Caucasian(American)_men_id01182,per-clip-v1
0.075022,0,,librispeech_0100,impostor_2,librispeech_0357,per-clip-v1
0.078674,0,,librispeech_0100,impostor_3,librispeech_0049,per-clip-v1
-0.010665,0,,librispeech_0100,impostor_4,fakeavceleb_03120_Caucasian(American)_women_id01225,per-clip-v1
-0.007939,0,,librispeech_0100,impostor_5,fakeavceleb_02207_Asian(South)_women_id00235,per-clip-v1
-0.065856,0,,librispeech_0100,impostor_6,librispeech_0344,per-clip-v1
0.023466,0,,librispeech_0100,impostor_7,fakeavceleb_00725_African_men_id01637,per-clip-v1
-0.002185,0,,librispeech_0100,impostor_8,fakeavceleb_00453_Caucasian(European)_women_id00188,per-clip-v1
0.026928,0,,librispeech_0100,impostor_9,fakeavceleb_03768_Caucasian(European)_women_id00806,per-clip-v1
0.077925,0,,librispeech_0100,impostor_10,asvspoof_0005,per-clip-v1
0.884141,1,,librispeech_0101,genuine,librispeech_0101,per-clip-v1
0.005006,0,,librispeech_0101,impostor_1,librispeech_0415,per-clip-v1
0.135189,0,,librispeech_0101,impostor_2,fakeavceleb_00755_African_men_id01856,per-clip-v1
0.150006,0,,librispeech_0101,impostor_3,asvspoof_0157,per-clip-v1
0.095338,0,,librispeech_0101,impostor_4,fakeavceleb_00552_African_men_id00475,per-clip-v1
0.003182,0,,librispeech_0101,impostor_5,fakeavceleb_00158_Asian(East)_women_id01281,per-clip-v1
-0.100188,0,,librispeech_0101,impostor_6,fakeavceleb_03171_Caucasian(American)_women_id03556,per-clip-v1
-0.067587,0,,librispeech_0101,impostor_7,fakeavceleb_03532_Caucasian(European)_women_id00042,per-clip-v1
0.117705,0,,librispeech_0101,impostor_8,fakeavceleb_02371_Asian(South)_women_id05435,per-clip-v1
0.061946,0,,librispeech_0101,impostor_9,librispeech_0364,per-clip-v1
0.093395,0,,librispeech_0101,impostor_10,fakeavceleb_03128_Caucasian(American)_women_id01231,per-clip-v1
0.708610,1,,librispeech_0102,genuine,librispeech_0102,per-clip-v1
-0.095632,0,,librispeech_0102,impostor_1,fakeavceleb_00029_African_men_id01598,per-clip-v1
-0.037539,0,,librispeech_0102,impostor_2,fakeavceleb_01953_Asian(South)_men_id00773,per-clip-v1
0.124039,0,,librispeech_0102,impostor_3,librispeech_0247,per-clip-v1
-0.069747,0,,librispeech_0102,impostor_4,fakeavceleb_02375_Asian(South)_women_id05435,per-clip-v1
-0.010719,0,,librispeech_0102,impostor_5,asvspoof_0491,per-clip-v1
0.130605,0,,librispeech_0102,impostor_6,librispeech_0087,per-clip-v1
-0.215715,0,,librispeech_0102,impostor_7,fakeavceleb_02715_Caucasian(American)_men_id01048,per-clip-v1
0.003793,0,,librispeech_0102,impostor_8,fakeavceleb_03153_Caucasian(American)_women_id01248,per-clip-v1
0.048772,0,,librispeech_0102,impostor_9,asvspoof_0104,per-clip-v1
-0.073137,0,,librispeech_0102,impostor_10,fakeavceleb_00557_African_men_id00476,per-clip-v1
0.865966,1,,librispeech_0103,genuine,librispeech_0103,per-clip-v1
0.007143,0,,librispeech_0103,impostor_1,fakeavceleb_01711_Asian(East)_women_id06061,per-clip-v1
-0.046497,0,,librispeech_0103,impostor_2,fakeavceleb_02435_Asian(South)_women_id06343,per-clip-v1
0.026365,0,,librispeech_0103,impostor_3,librispeech_0424,per-clip-v1
-0.019381,0,,librispeech_0103,impostor_4,fakeavceleb_01899_Asian(South)_men_id00103,per-clip-v1
0.163359,0,,librispeech_0103,impostor_5,fakeavceleb_00130_Asian(East)_men_id05383,per-clip-v1
0.042864,0,,librispeech_0103,impostor_6,librispeech_0315,per-clip-v1
0.240741,0,,librispeech_0103,impostor_7,fakeavceleb_02967_Caucasian(American)_women_id00381,per-clip-v1
0.052446,0,,librispeech_0103,impostor_8,fakeavceleb_01719_Asian(East)_women_id06065,per-clip-v1
0.123949,0,,librispeech_0103,impostor_9,librispeech_0106,per-clip-v1
0.002640,0,,librispeech_0103,impostor_10,fakeavceleb_00826_African_men_id02316,per-clip-v1
0.872282,1,,librispeech_0104,genuine,librispeech_0104,per-clip-v1
0.097742,0,,librispeech_0104,impostor_1,fakeavceleb_03326_Caucasian(European)_men_id00306,per-clip-v1
0.188476,0,,librispeech_0104,impostor_2,librispeech_0491,per-clip-v1
-0.006017,0,,librispeech_0104,impostor_3,asvspoof_0021,per-clip-v1
-0.110419,0,,librispeech_0104,impostor_4,fakeavceleb_03861_Caucasian(European)_women_id03941,per-clip-v1
0.168483,0,,librispeech_0104,impostor_5,librispeech_0447,per-clip-v1
0.047622,0,,librispeech_0104,impostor_6,asvspoof_0111,per-clip-v1
-0.106101,0,,librispeech_0104,impostor_7,fakeavceleb_00661_African_men_id01452,per-clip-v1
-0.011028,0,,librispeech_0104,impostor_8,fakeavceleb_03191_Caucasian(American)_women_id03781,per-clip-v1
0.051122,0,,librispeech_0104,impostor_9,fakeavceleb_01978_Asian(South)_men_id00860,per-clip-v1
0.062553,0,,librispeech_0104,impostor_10,fakeavceleb_03715_Caucasian(European)_women_id00495,per-clip-v1
0.809203,1,,librispeech_0105,genuine,librispeech_0105,per-clip-v1
-0.002205,0,,librispeech_0105,impostor_1,librispeech_0469,per-clip-v1
-0.018305,0,,librispeech_0105,impostor_2,fakeavceleb_03177_Caucasian(American)_women_id03605,per-clip-v1
-0.167587,0,,librispeech_0105,impostor_3,fakeavceleb_00600_African_men_id01036,per-clip-v1
0.056310,0,,librispeech_0105,impostor_4,librispeech_0468,per-clip-v1
-0.014125,0,,librispeech_0105,impostor_5,fakeavceleb_03422_Caucasian(European)_men_id00919,per-clip-v1
-0.041207,0,,librispeech_0105,impostor_6,fakeavceleb_00199_Asian(East)_women_id09181,per-clip-v1
0.085893,0,,librispeech_0105,impostor_7,asvspoof_0434,per-clip-v1
-0.040185,0,,librispeech_0105,impostor_8,fakeavceleb_00053_African_women_id00460,per-clip-v1
0.027034,0,,librispeech_0105,impostor_9,fakeavceleb_01331_Asian(East)_men_id03168,per-clip-v1
-0.131301,0,,librispeech_0105,impostor_10,fakeavceleb_01402_Asian(East)_men_id06269,per-clip-v1
0.750758,1,,librispeech_0106,genuine,librispeech_0106,per-clip-v1
-0.060625,0,,librispeech_0106,impostor_1,fakeavceleb_00795_African_men_id02040,per-clip-v1
0.034955,0,,librispeech_0106,impostor_2,fakeavceleb_02282_Asian(South)_women_id03559,per-clip-v1
-0.014434,0,,librispeech_0106,impostor_3,asvspoof_0318,per-clip-v1
-0.055582,0,,librispeech_0106,impostor_4,fakeavceleb_02793_Caucasian(American)_men_id01210,per-clip-v1
-0.024497,0,,librispeech_0106,impostor_5,librispeech_0212,per-clip-v1
-0.023317,0,,librispeech_0106,impostor_6,librispeech_0296,per-clip-v1
0.109979,0,,librispeech_0106,impostor_7,fakeavceleb_01356_Asian(East)_men_id04691,per-clip-v1
0.197300,0,,librispeech_0106,impostor_8,librispeech_0370,per-clip-v1
0.029012,0,,librispeech_0106,impostor_9,librispeech_0396,per-clip-v1
-0.012962,0,,librispeech_0106,impostor_10,fakeavceleb_00128_Asian(East)_men_id05268,per-clip-v1
0.875849,1,,librispeech_0107,genuine,librispeech_0107,per-clip-v1
-0.027848,0,,librispeech_0107,impostor_1,fakeavceleb_01950_Asian(South)_men_id00773,per-clip-v1
-0.150011,0,,librispeech_0107,impostor_2,librispeech_0317,per-clip-v1
0.120484,0,,librispeech_0107,impostor_3,asvspoof_0025,per-clip-v1
0.018984,0,,librispeech_0107,impostor_4,fakeavceleb_02140_Asian(South)_men_id07200,per-clip-v1
0.164320,0,,librispeech_0107,impostor_5,fakeavceleb_00098_African_women_id05252,per-clip-v1
0.110170,0,,librispeech_0107,impostor_6,librispeech_0499,per-clip-v1
-0.043867,0,,librispeech_0107,impostor_7,fakeavceleb_01610_Asian(East)_women_id02807,per-clip-v1
0.041336,0,,librispeech_0107,impostor_8,fakeavceleb_01094_African_women_id03747,per-clip-v1
0.047448,0,,librispeech_0107,impostor_9,asvspoof_0148,per-clip-v1
-0.013112,0,,librispeech_0107,impostor_10,fakeavceleb_01118_African_women_id04376,per-clip-v1
0.732652,1,,librispeech_0108,genuine,librispeech_0108,per-clip-v1
0.039116,0,,librispeech_0108,impostor_1,librispeech_0050,per-clip-v1
-0.020338,0,,librispeech_0108,impostor_2,fakeavceleb_01899_Asian(South)_men_id00103,per-clip-v1
0.018035,0,,librispeech_0108,impostor_3,fakeavceleb_01387_Asian(East)_men_id05332,per-clip-v1
-0.047292,0,,librispeech_0108,impostor_4,fakeavceleb_01110_African_women_id04374,per-clip-v1
0.020781,0,,librispeech_0108,impostor_5,librispeech_0016,per-clip-v1
0.018097,0,,librispeech_0108,impostor_6,librispeech_0156,per-clip-v1
0.205483,0,,librispeech_0108,impostor_7,librispeech_0303,per-clip-v1
0.113112,0,,librispeech_0108,impostor_8,fakeavceleb_02700_Caucasian(American)_men_id01035,per-clip-v1
-0.042602,0,,librispeech_0108,impostor_9,fakeavceleb_01138_African_women_id04705,per-clip-v1
-0.016034,0,,librispeech_0108,impostor_10,asvspoof_0424,per-clip-v1
0.827440,1,,librispeech_0109,genuine,librispeech_0109,per-clip-v1
0.030531,0,,librispeech_0109,impostor_1,fakeavceleb_03565_Caucasian(European)_women_id00188,per-clip-v1
-0.123426,0,,librispeech_0109,impostor_2,fakeavceleb_01107_African_women_id04245,per-clip-v1
-0.058720,0,,librispeech_0109,impostor_3,fakeavceleb_03331_Caucasian(European)_men_id00358,per-clip-v1
-0.062981,0,,librispeech_0109,impostor_4,fakeavceleb_03072_Caucasian(American)_women_id00842,per-clip-v1
0.046339,0,,librispeech_0109,impostor_5,asvspoof_0056,per-clip-v1
-0.087032,0,,librispeech_0109,impostor_6,fakeavceleb_02755_Caucasian(American)_men_id01172,per-clip-v1
0.101672,0,,librispeech_0109,impostor_7,fakeavceleb_00379_Caucasian(American)_women_id00848,per-clip-v1
-0.014413,0,,librispeech_0109,impostor_8,librispeech_0347,per-clip-v1
-0.006819,0,,librispeech_0109,impostor_9,librispeech_0021,per-clip-v1
-0.109529,0,,librispeech_0109,impostor_10,fakeavceleb_03049_Caucasian(American)_women_id00680,per-clip-v1
0.783113,1,,librispeech_0110,genuine,librispeech_0110,per-clip-v1
0.057596,0,,librispeech_0110,impostor_1,fakeavceleb_03129_Caucasian(American)_women_id01231,per-clip-v1
-0.009658,0,,librispeech_0110,impostor_2,fakeavceleb_02688_Caucasian(American)_men_id00945,per-clip-v1
-0.032165,0,,librispeech_0110,impostor_3,fakeavceleb_02822_Caucasian(American)_men_id03757,per-clip-v1
0.190034,0,,librispeech_0110,impostor_4,fakeavceleb_02620_Caucasian(American)_men_id00243,per-clip-v1
0.091657,0,,librispeech_0110,impostor_5,asvspoof_0118,per-clip-v1
0.070219,0,,librispeech_0110,impostor_6,fakeavceleb_00479_Caucasian(European)_women_id00633,per-clip-v1
-0.025824,0,,librispeech_0110,impostor_7,librispeech_0473,per-clip-v1
0.127223,0,,librispeech_0110,impostor_8,librispeech_0072,per-clip-v1
0.159793,0,,librispeech_0110,impostor_9,librispeech_0233,per-clip-v1
0.080527,0,,librispeech_0110,impostor_10,fakeavceleb_00195_Asian(East)_women_id09125,per-clip-v1
0.752619,1,,librispeech_0111,genuine,librispeech_0111,per-clip-v1
0.061099,0,,librispeech_0111,impostor_1,fakeavceleb_01106_African_women_id04245,per-clip-v1
0.135703,0,,librispeech_0111,impostor_2,librispeech_0312,per-clip-v1
0.049569,0,,librispeech_0111,impostor_3,librispeech_0269,per-clip-v1
0.079386,0,,librispeech_0111,impostor_4,fakeavceleb_00222_Asian(South)_men_id04554,per-clip-v1
0.060279,0,,librispeech_0111,impostor_5,librispeech_0294,per-clip-v1
0.027337,0,,librispeech_0111,impostor_6,fakeavceleb_02846_Caucasian(American)_men_id04219,per-clip-v1
0.122404,0,,librispeech_0111,impostor_7,librispeech_0135,per-clip-v1
0.144023,0,,librispeech_0111,impostor_8,librispeech_0066,per-clip-v1
0.000263,0,,librispeech_0111,impostor_9,asvspoof_0353,per-clip-v1
-0.102696,0,,librispeech_0111,impostor_10,fakeavceleb_01084_African_women_id03658,per-clip-v1
0.831613,1,,librispeech_0112,genuine,librispeech_0112,per-clip-v1
-0.062374,0,,librispeech_0112,impostor_1,librispeech_0353,per-clip-v1
0.184929,0,,librispeech_0112,impostor_2,fakeavceleb_02833_Caucasian(American)_men_id04034,per-clip-v1
0.018835,0,,librispeech_0112,impostor_3,librispeech_0028,per-clip-v1
-0.101209,0,,librispeech_0112,impostor_4,fakeavceleb_00028_African_men_id01597,per-clip-v1
0.247082,0,,librispeech_0112,impostor_5,librispeech_0292,per-clip-v1
0.044391,0,,librispeech_0112,impostor_6,librispeech_0461,per-clip-v1
0.019756,0,,librispeech_0112,impostor_7,fakeavceleb_01443_Asian(East)_men_id06878,per-clip-v1
0.003807,0,,librispeech_0112,impostor_8,fakeavceleb_03682_Caucasian(European)_women_id00403,per-clip-v1
0.098566,0,,librispeech_0112,impostor_9,fakeavceleb_02247_Asian(South)_women_id01026,per-clip-v1
0.081227,0,,librispeech_0112,impostor_10,fakeavceleb_01714_Asian(East)_women_id06061,per-clip-v1
0.873863,1,,librispeech_0113,genuine,librispeech_0113,per-clip-v1
0.117968,0,,librispeech_0113,impostor_1,asvspoof_0315,per-clip-v1
0.077873,0,,librispeech_0113,impostor_2,fakeavceleb_01600_Asian(East)_women_id02587,per-clip-v1
0.109765,0,,librispeech_0113,impostor_3,fakeavceleb_02586_Caucasian(American)_men_id00087,per-clip-v1
-0.037404,0,,librispeech_0113,impostor_4,librispeech_0111,per-clip-v1
0.068512,0,,librispeech_0113,impostor_5,librispeech_0496,per-clip-v1
-0.021793,0,,librispeech_0113,impostor_6,fakeavceleb_01242_Asian(East)_men_id00740,per-clip-v1
0.019648,0,,librispeech_0113,impostor_7,fakeavceleb_02658_Caucasian(American)_men_id00696,per-clip-v1
0.078163,0,,librispeech_0113,impostor_8,fakeavceleb_00138_Asian(East)_men_id06591,per-clip-v1
0.076081,0,,librispeech_0113,impostor_9,fakeavceleb_01880_Asian(South)_men_id00078,per-clip-v1
0.006002,0,,librispeech_0113,impostor_10,librispeech_0442,per-clip-v1
0.716780,1,,librispeech_0114,genuine,librispeech_0114,per-clip-v1
-0.023794,0,,librispeech_0114,impostor_1,fakeavceleb_02486_Asian(South)_women_id07078,per-clip-v1
-0.033392,0,,librispeech_0114,impostor_2,librispeech_0332,per-clip-v1
0.148739,0,,librispeech_0114,impostor_3,fakeavceleb_02567_Caucasian(American)_men_id00052,per-clip-v1
0.006406,0,,librispeech_0114,impostor_4,fakeavceleb_03108_Caucasian(American)_women_id01217,per-clip-v1
-0.009197,0,,librispeech_0114,impostor_5,librispeech_0364,per-clip-v1
-0.055460,0,,librispeech_0114,impostor_6,fakeavceleb_00179_Asian(East)_women_id06158,per-clip-v1
0.025409,0,,librispeech_0114,impostor_7,asvspoof_0071,per-clip-v1
0.129069,0,,librispeech_0114,impostor_8,asvspoof_0477,per-clip-v1
0.105825,0,,librispeech_0114,impostor_9,fakeavceleb_01163_African_women_id05106,per-clip-v1
-0.065498,0,,librispeech_0114,impostor_10,fakeavceleb_03844_Caucasian(European)_women_id03816,per-clip-v1
0.751837,1,,librispeech_0115,genuine,librispeech_0115,per-clip-v1
0.070282,0,,librispeech_0115,impostor_1,librispeech_0338,per-clip-v1
-0.168853,0,,librispeech_0115,impostor_2,fakeavceleb_03656_Caucasian(European)_women_id00373,per-clip-v1
0.048328,0,,librispeech_0115,impostor_3,fakeavceleb_00137_Asian(East)_men_id06535,per-clip-v1
-0.039267,0,,librispeech_0115,impostor_4,fakeavceleb_00478_Caucasian(European)_women_id00591,per-clip-v1
-0.060886,0,,librispeech_0115,impostor_5,fakeavceleb_00256_Asian(South)_women_id00488,per-clip-v1
-0.010692,0,,librispeech_0115,impostor_6,fakeavceleb_00762_African_men_id01933,per-clip-v1
0.097254,0,,librispeech_0115,impostor_7,librispeech_0411,per-clip-v1
-0.102464,0,,librispeech_0115,impostor_8,asvspoof_0446,per-clip-v1
0.025763,0,,librispeech_0115,impostor_9,librispeech_0303,per-clip-v1
-0.188011,0,,librispeech_0115,impostor_10,fakeavceleb_01346_Asian(East)_men_id04111,per-clip-v1
0.805803,1,,librispeech_0116,genuine,librispeech_0116,per-clip-v1
0.065940,0,,librispeech_0116,impostor_1,librispeech_0356,per-clip-v1
0.063252,0,,librispeech_0116,impostor_2,fakeavceleb_03235_Caucasian(European)_men_id00183,per-clip-v1
-0.015031,0,,librispeech_0116,impostor_3,fakeavceleb_01697_Asian(East)_women_id06054,per-clip-v1
-0.066439,0,,librispeech_0116,impostor_4,fakeavceleb_01131_African_women_id04547,per-clip-v1
0.082022,0,,librispeech_0116,impostor_5,fakeavceleb_00150_Asian(East)_women_id00137,per-clip-v1
-0.013718,0,,librispeech_0116,impostor_6,asvspoof_0241,per-clip-v1
0.158153,0,,librispeech_0116,impostor_7,librispeech_0018,per-clip-v1
0.058981,0,,librispeech_0116,impostor_8,fakeavceleb_01404_Asian(East)_men_id06269,per-clip-v1
0.104103,0,,librispeech_0116,impostor_9,fakeavceleb_03264_Caucasian(European)_men_id00192,per-clip-v1
0.244822,0,,librispeech_0116,impostor_10,librispeech_0412,per-clip-v1
0.837322,1,,librispeech_0117,genuine,librispeech_0117,per-clip-v1
-0.005390,0,,librispeech_0117,impostor_1,librispeech_0392,per-clip-v1
-0.043633,0,,librispeech_0117,impostor_2,fakeavceleb_01933_Asian(South)_men_id00745,per-clip-v1
-0.015422,0,,librispeech_0117,impostor_3,fakeavceleb_03835_Caucasian(European)_women_id03651,per-clip-v1
0.166856,0,,librispeech_0117,impostor_4,asvspoof_0130,per-clip-v1
-0.022798,0,,librispeech_0117,impostor_5,librispeech_0157,per-clip-v1
0.036604,0,,librispeech_0117,impostor_6,asvspoof_0096,per-clip-v1
0.195093,0,,librispeech_0117,impostor_7,fakeavceleb_00127_Asian(East)_men_id04884,per-clip-v1
-0.008991,0,,librispeech_0117,impostor_8,fakeavceleb_02504_Asian(South)_women_id07377,per-clip-v1
0.080816,0,,librispeech_0117,impostor_9,fakeavceleb_00547_African_men_id00391,per-clip-v1
0.094961,0,,librispeech_0117,impostor_10,librispeech_0185,per-clip-v1
0.818642,1,,librispeech_0118,genuine,librispeech_0118,per-clip-v1
0.024172,0,,librispeech_0118,impostor_1,fakeavceleb_03518_Caucasian(European)_men_id03205,per-clip-v1
0.099076,0,,librispeech_0118,impostor_2,librispeech_0303,per-clip-v1
-0.056356,0,,librispeech_0118,impostor_3,fakeavceleb_00416_Caucasian(European)_men_id00306,per-clip-v1
-0.008661,0,,librispeech_0118,impostor_4,fakeavceleb_01667_Asian(East)_women_id04701,per-clip-v1
0.018109,0,,librispeech_0118,impostor_5,fakeavceleb_01746_Asian(East)_women_id06427,per-clip-v1
0.007754,0,,librispeech_0118,impostor_6,fakeavceleb_01532_Asian(East)_women_id00430,per-clip-v1
-0.109927,0,,librispeech_0118,impostor_7,fakeavceleb_01284_Asian(East)_men_id01589,per-clip-v1
0.258544,0,,librispeech_0118,impostor_8,librispeech_0194,per-clip-v1
0.066367,0,,librispeech_0118,impostor_9,librispeech_0306,per-clip-v1
0.039881,0,,librispeech_0118,impostor_10,fakeavceleb_03291_Caucasian(European)_men_id00253,per-clip-v1
0.872386,1,,librispeech_0119,genuine,librispeech_0119,per-clip-v1
0.104551,0,,librispeech_0119,impostor_1,fakeavceleb_00956_African_women_id01532,per-clip-v1
-0.022111,0,,librispeech_0119,impostor_2,fakeavceleb_02616_Caucasian(American)_men_id00184,per-clip-v1
0.050154,0,,librispeech_0119,impostor_3,librispeech_0135,per-clip-v1
0.169374,0,,librispeech_0119,impostor_4,librispeech_0065,per-clip-v1
0.086807,0,,librispeech_0119,impostor_5,fakeavceleb_02122_Asian(South)_men_id07194,per-clip-v1
0.150192,0,,librispeech_0119,impostor_6,fakeavceleb_03036_Caucasian(American)_women_id00616,per-clip-v1
-0.005536,0,,librispeech_0119,impostor_7,fakeavceleb_01814_Asian(East)_women_id09116,per-clip-v1
0.005121,0,,librispeech_0119,impostor_8,fakeavceleb_03177_Caucasian(American)_women_id03605,per-clip-v1
0.041139,0,,librispeech_0119,impostor_9,fakeavceleb_01477_Asian(East)_men_id08652,per-clip-v1
0.134190,0,,librispeech_0119,impostor_10,fakeavceleb_02392_Asian(South)_women_id05845,per-clip-v1
0.855472,1,,librispeech_0120,genuine,librispeech_0120,per-clip-v1
0.023186,0,,librispeech_0120,impostor_1,asvspoof_0445,per-clip-v1
-0.007872,0,,librispeech_0120,impostor_2,fakeavceleb_02184_Asian(South)_women_id00080,per-clip-v1
-0.066629,0,,librispeech_0120,impostor_3,fakeavceleb_02688_Caucasian(American)_men_id00945,per-clip-v1
0.127626,0,,librispeech_0120,impostor_4,fakeavceleb_03636_Caucasian(European)_women_id00330,per-clip-v1
0.010647,0,,librispeech_0120,impostor_5,fakeavceleb_00380_Caucasian(American)_women_id01004,per-clip-v1
0.010878,0,,librispeech_0120,impostor_6,fakeavceleb_02320_Asian(South)_women_id04490,per-clip-v1
0.048670,0,,librispeech_0120,impostor_7,asvspoof_0326,per-clip-v1
0.179582,0,,librispeech_0120,impostor_8,librispeech_0299,per-clip-v1
-0.030912,0,,librispeech_0120,impostor_9,fakeavceleb_00429_Caucasian(European)_men_id00709,per-clip-v1
-0.051299,0,,librispeech_0120,impostor_10,fakeavceleb_03190_Caucasian(American)_women_id03707,per-clip-v1
0.855244,1,,librispeech_0121,genuine,librispeech_0121,per-clip-v1
0.086343,0,,librispeech_0121,impostor_1,fakeavceleb_03213_Caucasian(European)_men_id00063,per-clip-v1
0.096314,0,,librispeech_0121,impostor_2,fakeavceleb_03290_Caucasian(European)_men_id00253,per-clip-v1
-0.023010,0,,librispeech_0121,impostor_3,fakeavceleb_03626_Caucasian(European)_women_id00325,per-clip-v1
0.071512,0,,librispeech_0121,impostor_4,asvspoof_0326,per-clip-v1
-0.025917,0,,librispeech_0121,impostor_5,fakeavceleb_02314_Asian(South)_women_id04490,per-clip-v1
-0.118425,0,,librispeech_0121,impostor_6,fakeavceleb_03768_Caucasian(European)_women_id00806,per-clip-v1
0.032468,0,,librispeech_0121,impostor_7,asvspoof_0025,per-clip-v1
-0.013805,0,,librispeech_0121,impostor_8,fakeavceleb_00931_African_women_id00829,per-clip-v1
0.090159,0,,librispeech_0121,impostor_9,librispeech_0332,per-clip-v1
0.003912,0,,librispeech_0121,impostor_10,fakeavceleb_03387_Caucasian(European)_men_id00559,per-clip-v1
0.861989,1,,librispeech_0122,genuine,librispeech_0122,per-clip-v1
0.105770,0,,librispeech_0122,impostor_1,asvspoof_0208,per-clip-v1
0.085755,0,,librispeech_0122,impostor_2,fakeavceleb_03170_Caucasian(American)_women_id03556,per-clip-v1
-0.134954,0,,librispeech_0122,impostor_3,fakeavceleb_00785_African_men_id02005,per-clip-v1
0.051216,0,,librispeech_0122,impostor_4,librispeech_0089,per-clip-v1
-0.104484,0,,librispeech_0122,impostor_5,fakeavceleb_00412_Caucasian(European)_men_id00266,per-clip-v1
0.094336,0,,librispeech_0122,impostor_6,librispeech_0336,per-clip-v1
0.085275,0,,librispeech_0122,impostor_7,librispeech_0388,per-clip-v1
0.044727,0,,librispeech_0122,impostor_8,fakeavceleb_03408_Caucasian(European)_men_id00909,per-clip-v1
-0.050780,0,,librispeech_0122,impostor_9,fakeavceleb_00490_Caucasian(European)_women_id03371,per-clip-v1
0.052139,0,,librispeech_0122,impostor_10,fakeavceleb_02711_Caucasian(American)_men_id01044,per-clip-v1
0.880828,1,,librispeech_0123,genuine,librispeech_0123,per-clip-v1
0.041461,0,,librispeech_0123,impostor_1,fakeavceleb_02092_Asian(South)_men_id07161,per-clip-v1
-0.004100,0,,librispeech_0123,impostor_2,librispeech_0296,per-clip-v1
0.142134,0,,librispeech_0123,impostor_3,librispeech_0314,per-clip-v1
0.223808,0,,librispeech_0123,impostor_4,librispeech_0032,per-clip-v1
0.186838,0,,librispeech_0123,impostor_5,librispeech_0427,per-clip-v1
0.045651,0,,librispeech_0123,impostor_6,fakeavceleb_01796_Asian(East)_women_id08139,per-clip-v1
-0.052591,0,,librispeech_0123,impostor_7,librispeech_0199,per-clip-v1
0.014245,0,,librispeech_0123,impostor_8,fakeavceleb_01339_Asian(East)_men_id03965,per-clip-v1
0.057948,0,,librispeech_0123,impostor_9,asvspoof_0467,per-clip-v1
0.113395,0,,librispeech_0123,impostor_10,fakeavceleb_00419_Caucasian(European)_men_id00415,per-clip-v1
0.829797,1,,librispeech_0124,genuine,librispeech_0124,per-clip-v1
-0.008652,0,,librispeech_0124,impostor_1,fakeavceleb_03388_Caucasian(European)_men_id00559,per-clip-v1
-0.052279,0,,librispeech_0124,impostor_2,librispeech_0345,per-clip-v1
-0.001873,0,,librispeech_0124,impostor_3,fakeavceleb_01051_African_women_id02838,per-clip-v1
0.037318,0,,librispeech_0124,impostor_4,librispeech_0187,per-clip-v1
-0.052663,0,,librispeech_0124,impostor_5,fakeavceleb_00709_African_men_id01598,per-clip-v1
-0.031409,0,,librispeech_0124,impostor_6,librispeech_0443,per-clip-v1
0.038278,0,,librispeech_0124,impostor_7,asvspoof_0216,per-clip-v1
0.020613,0,,librispeech_0124,impostor_8,fakeavceleb_03654_Caucasian(European)_women_id00373,per-clip-v1
0.118891,0,,librispeech_0124,impostor_9,librispeech_0068,per-clip-v1
0.165644,0,,librispeech_0124,impostor_10,fakeavceleb_02383_Asian(South)_women_id05478,per-clip-v1
0.762398,1,,librispeech_0125,genuine,librispeech_0125,per-clip-v1
0.052093,0,,librispeech_0125,impostor_1,fakeavceleb_03088_Caucasian(American)_women_id01004,per-clip-v1
0.050314,0,,librispeech_0125,impostor_2,fakeavceleb_01190_African_women_id05252,per-clip-v1
0.158073,0,,librispeech_0125,impostor_3,asvspoof_0389,per-clip-v1
-0.004493,0,,librispeech_0125,impostor_4,librispeech_0180,per-clip-v1
0.110986,0,,librispeech_0125,impostor_5,librispeech_0446,per-clip-v1
-0.050218,0,,librispeech_0125,impostor_6,fakeavceleb_02700_Caucasian(American)_men_id01035,per-clip-v1
0.027135,0,,librispeech_0125,impostor_7,fakeavceleb_02440_Asian(South)_women_id06428,per-clip-v1
0.038765,0,,librispeech_0125,impostor_8,fakeavceleb_01302_Asian(East)_men_id02365,per-clip-v1
-0.045482,0,,librispeech_0125,impostor_9,fakeavceleb_00326_Caucasian(American)_men_id01044,per-clip-v1
0.140631,0,,librispeech_0125,impostor_10,asvspoof_0128,per-clip-v1
0.836015,1,,librispeech_0126,genuine,librispeech_0126,per-clip-v1
-0.026144,0,,librispeech_0126,impostor_1,asvspoof_0010,per-clip-v1
0.121345,0,,librispeech_0126,impostor_2,fakeavceleb_01508_Asian(East)_women_id00137,per-clip-v1
0.085867,0,,librispeech_0126,impostor_3,librispeech_0248,per-clip-v1
0.175530,0,,librispeech_0126,impostor_4,librispeech_0234,per-clip-v1
-0.046826,0,,librispeech_0126,impostor_5,fakeavceleb_02483_Asian(South)_women_id07078,per-clip-v1
0.098897,0,,librispeech_0126,impostor_6,librispeech_0408,per-clip-v1
-0.068301,0,,librispeech_0126,impostor_7,fakeavceleb_00070_African_women_id02617,per-clip-v1
0.018825,0,,librispeech_0126,impostor_8,fakeavceleb_01444_Asian(East)_men_id06878,per-clip-v1
0.079877,0,,librispeech_0126,impostor_9,librispeech_0279,per-clip-v1
0.074332,0,,librispeech_0126,impostor_10,fakeavceleb_00291_Asian(South)_women_id07008,per-clip-v1
0.844355,1,,librispeech_0127,genuine,librispeech_0127,per-clip-v1
0.031414,0,,librispeech_0127,impostor_1,librispeech_0360,per-clip-v1
-0.078341,0,,librispeech_0127,impostor_2,fakeavceleb_03326_Caucasian(European)_men_id00306,per-clip-v1
-0.022403,0,,librispeech_0127,impostor_3,fakeavceleb_03487_Caucasian(European)_men_id01123,per-clip-v1
0.076978,0,,librispeech_0127,impostor_4,fakeavceleb_03114_Caucasian(American)_women_id01225,per-clip-v1
0.081049,0,,librispeech_0127,impostor_5,fakeavceleb_02135_Asian(South)_men_id07200,per-clip-v1
0.107975,0,,librispeech_0127,impostor_6,asvspoof_0103,per-clip-v1
0.041352,0,,librispeech_0127,impostor_7,fakeavceleb_01311_Asian(East)_men_id02493,per-clip-v1
-0.075625,0,,librispeech_0127,impostor_8,librispeech_0103,per-clip-v1
0.056209,0,,librispeech_0127,impostor_9,fakeavceleb_02983_Caucasian(American)_women_id00398,per-clip-v1
0.044615,0,,librispeech_0127,impostor_10,librispeech_0492,per-clip-v1
0.853836,1,,librispeech_0128,genuine,librispeech_0128,per-clip-v1
0.138082,0,,librispeech_0128,impostor_1,asvspoof_0387,per-clip-v1
-0.070676,0,,librispeech_0128,impostor_2,fakeavceleb_03334_Caucasian(European)_men_id00368,per-clip-v1
0.051666,0,,librispeech_0128,impostor_3,asvspoof_0337,per-clip-v1
0.124905,0,,librispeech_0128,impostor_4,librispeech_0268,per-clip-v1
0.040077,0,,librispeech_0128,impostor_5,fakeavceleb_02290_Asian(South)_women_id03815,per-clip-v1
0.098289,0,,librispeech_0128,impostor_6,fakeavceleb_02355_Asian(South)_women_id04927,per-clip-v1
0.054613,0,,librispeech_0128,impostor_7,fakeavceleb_03029_Caucasian(American)_women_id00555,per-clip-v1
0.080878,0,,librispeech_0128,impostor_8,librispeech_0251,per-clip-v1
0.151702,0,,librispeech_0128,impostor_9,fakeavceleb_01588_Asian(East)_women_id01281,per-clip-v1
0.130334,0,,librispeech_0128,impostor_10,asvspoof_0125,per-clip-v1
0.793595,1,,librispeech_0129,genuine,librispeech_0129,per-clip-v1
0.131983,0,,librispeech_0129,impostor_1,fakeavceleb_00726_African_men_id01691,per-clip-v1
0.166925,0,,librispeech_0129,impostor_2,librispeech_0412,per-clip-v1
0.043140,0,,librispeech_0129,impostor_3,fakeavceleb_02797_Caucasian(American)_men_id01210,per-clip-v1
-0.034455,0,,librispeech_0129,impostor_4,fakeavceleb_02986_Caucasian(American)_women_id00398,per-clip-v1
0.092524,0,,librispeech_0129,impostor_5,fakeavceleb_01263_Asian(East)_men_id01204,per-clip-v1
0.151582,0,,librispeech_0129,impostor_6,asvspoof_0464,per-clip-v1
-0.142239,0,,librispeech_0129,impostor_7,fakeavceleb_00029_African_men_id01598,per-clip-v1
-0.045071,0,,librispeech_0129,impostor_8,fakeavceleb_01907_Asian(South)_men_id00350,per-clip-v1
0.071296,0,,librispeech_0129,impostor_9,fakeavceleb_02651_Caucasian(American)_men_id00529,per-clip-v1
0.233333,0,,librispeech_0129,impostor_10,librispeech_0260,per-clip-v1
0.732225,1,,librispeech_0130,genuine,librispeech_0130,per-clip-v1
-0.010358,0,,librispeech_0130,impostor_1,fakeavceleb_02819_Caucasian(American)_men_id03678,per-clip-v1
0.066641,0,,librispeech_0130,impostor_2,fakeavceleb_01474_Asian(East)_men_id08652,per-clip-v1
0.127776,0,,librispeech_0130,impostor_3,librispeech_0016,per-clip-v1
-0.009804,0,,librispeech_0130,impostor_4,fakeavceleb_03473_Caucasian(European)_men_id01099,per-clip-v1
0.052573,0,,librispeech_0130,impostor_5,fakeavceleb_02036_Asian(South)_men_id04599,per-clip-v1
0.105198,0,,librispeech_0130,impostor_6,fakeavceleb_00834_African_men_id02494,per-clip-v1
-0.043746,0,,librispeech_0130,impostor_7,librispeech_0138,per-clip-v1
-0.033382,0,,librispeech_0130,impostor_8,fakeavceleb_00072_African_women_id02808,per-clip-v1
0.358862,0,,librispeech_0130,impostor_9,librispeech_0154,per-clip-v1
0.110784,0,,librispeech_0130,impostor_10,librispeech_0354,per-clip-v1
0.905624,1,,librispeech_0131,genuine,librispeech_0131,per-clip-v1
0.081454,0,,librispeech_0131,impostor_1,fakeavceleb_00166_Asian(East)_women_id04066,per-clip-v1
0.095216,0,,librispeech_0131,impostor_2,librispeech_0408,per-clip-v1
0.184684,0,,librispeech_0131,impostor_3,asvspoof_0134,per-clip-v1
-0.059276,0,,librispeech_0131,impostor_4,fakeavceleb_00242_Asian(South)_men_id07200,per-clip-v1
0.119913,0,,librispeech_0131,impostor_5,fakeavceleb_00081_African_women_id03747,per-clip-v1
0.281676,0,,librispeech_0131,impostor_6,librispeech_0302,per-clip-v1
0.020998,0,,librispeech_0131,impostor_7,librispeech_0192,per-clip-v1
-0.004250,0,,librispeech_0131,impostor_8,fakeavceleb_00021_African_men_id01236,per-clip-v1
0.063989,0,,librispeech_0131,impostor_9,fakeavceleb_00483_Caucasian(European)_women_id00813,per-clip-v1
0.001695,0,,librispeech_0131,impostor_10,librispeech_0449,per-clip-v1
0.664815,1,,librispeech_0132,genuine,librispeech_0132,per-clip-v1
0.221230,0,,librispeech_0132,impostor_1,fakeavceleb_00220_Asian(South)_men_id04526,per-clip-v1
-0.011299,0,,librispeech_0132,impostor_2,librispeech_0042,per-clip-v1
0.032908,0,,librispeech_0132,impostor_3,fakeavceleb_02030_Asian(South)_men_id04562,per-clip-v1
-0.150992,0,,librispeech_0132,impostor_4,fakeavceleb_03291_Caucasian(European)_men_id00253,per-clip-v1
0.163294,0,,librispeech_0132,impostor_5,asvspoof_0355,per-clip-v1
-0.094325,0,,librispeech_0132,impostor_6,fakeavceleb_00210_Asian(South)_men_id00745,per-clip-v1
0.135478,0,,librispeech_0132,impostor_7,librispeech_0422,per-clip-v1
0.138603,0,,librispeech_0132,impostor_8,librispeech_0200,per-clip-v1
0.104478,0,,librispeech_0132,impostor_9,asvspoof_0004,per-clip-v1
-0.022751,0,,librispeech_0132,impostor_10,fakeavceleb_00024_African_men_id01521,per-clip-v1
0.877717,1,,librispeech_0133,genuine,librispeech_0133,per-clip-v1
-0.001361,0,,librispeech_0133,impostor_1,fakeavceleb_01583_Asian(East)_women_id00935,per-clip-v1
0.014554,0,,librispeech_0133,impostor_2,librispeech_0493,per-clip-v1
0.113694,0,,librispeech_0133,impostor_3,librispeech_0329,per-clip-v1
-0.151996,0,,librispeech_0133,impostor_4,fakeavceleb_00514_African_men_id00166,per-clip-v1
0.048297,0,,librispeech_0133,impostor_5,librispeech_0464,per-clip-v1
0.090952,0,,librispeech_0133,impostor_6,fakeavceleb_02861_Caucasian(American)_women_id00025,per-clip-v1
0.122948,0,,librispeech_0133,impostor_7,asvspoof_0466,per-clip-v1
0.031297,0,,librispeech_0133,impostor_8,fakeavceleb_01238_Asian(East)_men_id00597,per-clip-v1
0.038912,0,,librispeech_0133,impostor_9,fakeavceleb_01017_African_women_id02508,per-clip-v1
0.037809,0,,librispeech_0133,impostor_10,fakeavceleb_01023_African_women_id02586,per-clip-v1
0.810240,1,,librispeech_0134,genuine,librispeech_0134,per-clip-v1
0.016769,0,,librispeech_0134,impostor_1,librispeech_0262,per-clip-v1
0.076784,0,,librispeech_0134,impostor_2,librispeech_0007,per-clip-v1
-0.085382,0,,librispeech_0134,impostor_3,fakeavceleb_00805_African_men_id02051,per-clip-v1
-0.002855,0,,librispeech_0134,impostor_4,fakeavceleb_00230_Asian(South)_men_id06354,per-clip-v1
-0.042821,0,,librispeech_0134,impostor_5,fakeavceleb_01881_Asian(South)_men_id00082,per-clip-v1
-0.009470,0,,librispeech_0134,impostor_6,fakeavceleb_00176_Asian(East)_women_id06061,per-clip-v1
0.010184,0,,librispeech_0134,impostor_7,fakeavceleb_01064_African_women_id03103,per-clip-v1
-0.036571,0,,librispeech_0134,impostor_8,fakeavceleb_03846_Caucasian(European)_women_id03816,per-clip-v1
0.000403,0,,librispeech_0134,impostor_9,fakeavceleb_02176_Asian(South)_women_id00043,per-clip-v1
-0.003858,0,,librispeech_0134,impostor_10,asvspoof_0037,per-clip-v1
0.893923,1,,librispeech_0135,genuine,librispeech_0135,per-clip-v1
0.069553,0,,librispeech_0135,impostor_1,librispeech_0478,per-clip-v1
0.062798,0,,librispeech_0135,impostor_2,fakeavceleb_02445_Asian(South)_women_id06428,per-clip-v1
-0.038783,0,,librispeech_0135,impostor_3,asvspoof_0073,per-clip-v1
0.006385,0,,librispeech_0135,impostor_4,fakeavceleb_01972_Asian(South)_men_id00857,per-clip-v1
0.020645,0,,librispeech_0135,impostor_5,fakeavceleb_03080_Caucasian(American)_women_id01004,per-clip-v1
-0.076136,0,,librispeech_0135,impostor_6,fakeavceleb_01141_African_women_id04736,per-clip-v1
-0.022623,0,,librispeech_0135,impostor_7,fakeavceleb_03736_Caucasian(European)_women_id00589,per-clip-v1
0.022748,0,,librispeech_0135,impostor_8,fakeavceleb_00964_African_women_id01661,per-clip-v1
0.081431,0,,librispeech_0135,impostor_9,fakeavceleb_02890_Caucasian(American)_women_id00098,per-clip-v1
0.087759,0,,librispeech_0135,impostor_10,fakeavceleb_00603_African_men_id01076,per-clip-v1
0.873001,1,,librispeech_0136,genuine,librispeech_0136,per-clip-v1
-0.069385,0,,librispeech_0136,impostor_1,fakeavceleb_03400_Caucasian(European)_men_id00694,per-clip-v1
0.174763,0,,librispeech_0136,impostor_2,fakeavceleb_02622_Caucasian(American)_men_id00243,per-clip-v1
-0.005683,0,,librispeech_0136,impostor_3,fakeavceleb_02383_Asian(South)_women_id05478,per-clip-v1
-0.103454,0,,librispeech_0136,impostor_4,fakeavceleb_03484_Caucasian(European)_men_id01102,per-clip-v1
0.098174,0,,librispeech_0136,impostor_5,asvspoof_0197,per-clip-v1
0.095136,0,,librispeech_0136,impostor_6,fakeavceleb_02429_Asian(South)_women_id06343,per-clip-v1
0.031006,0,,librispeech_0136,impostor_7,fakeavceleb_03866_Caucasian(European)_women_id03941,per-clip-v1
0.052702,0,,librispeech_0136,impostor_8,librispeech_0392,per-clip-v1
0.032138,0,,librispeech_0136,impostor_9,fakeavceleb_02979_Caucasian(American)_women_id00385,per-clip-v1
0.079319,0,,librispeech_0136,impostor_10,fakeavceleb_00470_Caucasian(European)_women_id00434,per-clip-v1
0.827440,1,,librispeech_0137,genuine,librispeech_0137,per-clip-v1
-0.032969,0,,librispeech_0137,impostor_1,fakeavceleb_00232_Asian(South)_men_id06753,per-clip-v1
-0.037941,0,,librispeech_0137,impostor_2,fakeavceleb_01294_Asian(East)_men_id02332,per-clip-v1
0.046723,0,,librispeech_0137,impostor_3,librispeech_0062,per-clip-v1
0.024248,0,,librispeech_0137,impostor_4,fakeavceleb_00159_Asian(East)_women_id01451,per-clip-v1
-0.046901,0,,librispeech_0137,impostor_5,fakeavceleb_02059_Asian(South)_men_id06354,per-clip-v1
0.150369,0,,librispeech_0137,impostor_6,fakeavceleb_00204_Asian(South)_men_id00103,per-clip-v1
0.066855,0,,librispeech_0137,impostor_7,librispeech_0408,per-clip-v1
0.154263,0,,librispeech_0137,impostor_8,librispeech_0427,per-clip-v1
-0.036063,0,,librispeech_0137,impostor_9,fakeavceleb_01878_Asian(South)_men_id00078,per-clip-v1
0.059159,0,,librispeech_0137,impostor_10,librispeech_0321,per-clip-v1
0.818719,1,,librispeech_0138,genuine,librispeech_0138,per-clip-v1
0.219855,0,,librispeech_0138,impostor_1,librispeech_0212,per-clip-v1
-0.077310,0,,librispeech_0138,impostor_2,fakeavceleb_00297_Asian(South)_women_id07377,per-clip-v1
-0.019002,0,,librispeech_0138,impostor_3,fakeavceleb_01242_Asian(East)_men_id00740,per-clip-v1
-0.021889,0,,librispeech_0138,impostor_4,fakeavceleb_00290_Asian(South)_women_id06752,per-clip-v1
0.107650,0,,librispeech_0138,impostor_5,fakeavceleb_03301_Caucasian(European)_men_id00266,per-clip-v1
0.029533,0,,librispeech_0138,impostor_6,librispeech_0274,per-clip-v1
0.151222,0,,librispeech_0138,impostor_7,fakeavceleb_03777_Caucasian(European)_women_id00823,per-clip-v1
0.024068,0,,librispeech_0138,impostor_8,fakeavceleb_01368_Asian(East)_men_id04774,per-clip-v1
0.130361,0,,librispeech_0138,impostor_9,librispeech_0289,per-clip-v1
0.165715,0,,librispeech_0138,impostor_10,librispeech_0001,per-clip-v1
0.889196,1,,librispeech_0139,genuine,librispeech_0139,per-clip-v1
0.120912,0,,librispeech_0139,impostor_1,fakeavceleb_01992_Asian(South)_men_id03599,per-clip-v1
-0.044011,0,,librispeech_0139,impostor_2,librispeech_0134,per-clip-v1
0.100327,0,,librispeech_0139,impostor_3,fakeavceleb_02669_Caucasian(American)_men_id00708,per-clip-v1
-0.072826,0,,librispeech_0139,impostor_4,fakeavceleb_02216_Asian(South)_women_id00417,per-clip-v1
0.089742,0,,librispeech_0139,impostor_5,fakeavceleb_03069_Caucasian(American)_women_id00841,per-clip-v1
0.132933,0,,librispeech_0139,impostor_6,librispeech_0093,per-clip-v1
0.213965,0,,librispeech_0139,impostor_7,asvspoof_0364,per-clip-v1
0.152582,0,,librispeech_0139,impostor_8,librispeech_0222,per-clip-v1
0.123228,0,,librispeech_0139,impostor_9,fakeavceleb_00215_Asian(South)_men_id00860,per-clip-v1
-0.030821,0,,librispeech_0139,impostor_10,fakeavceleb_02096_Asian(South)_men_id07161,per-clip-v1
0.828678,1,,librispeech_0140,genuine,librispeech_0140,per-clip-v1
-0.076587,0,,librispeech_0140,impostor_1,fakeavceleb_02874_Caucasian(American)_women_id00097,per-clip-v1
0.043707,0,,librispeech_0140,impostor_2,librispeech_0399,per-clip-v1
0.038859,0,,librispeech_0140,impostor_3,librispeech_0159,per-clip-v1
0.024640,0,,librispeech_0140,impostor_4,librispeech_0322,per-clip-v1
0.057516,0,,librispeech_0140,impostor_5,fakeavceleb_00436_Caucasian(European)_men_id00999,per-clip-v1
0.063947,0,,librispeech_0140,impostor_6,fakeavceleb_03445_Caucasian(European)_men_id00990,per-clip-v1
0.063562,0,,librispeech_0140,impostor_7,librispeech_0409,per-clip-v1
-0.031527,0,,librispeech_0140,impostor_8,fakeavceleb_02412_Asian(South)_women_id06232,per-clip-v1
0.057077,0,,librispeech_0140,impostor_9,librispeech_0044,per-clip-v1
0.026886,0,,librispeech_0140,impostor_10,fakeavceleb_00931_African_women_id00829,per-clip-v1
0.925468,1,,librispeech_0141,genuine,librispeech_0141,per-clip-v1
0.173611,0,,librispeech_0141,impostor_1,fakeavceleb_02975_Caucasian(American)_women_id00383,per-clip-v1
-0.053998,0,,librispeech_0141,impostor_2,fakeavceleb_02500_Asian(South)_women_id07236,per-clip-v1
-0.129080,0,,librispeech_0141,impostor_3,fakeavceleb_00076_African_women_id03103,per-clip-v1
-0.012934,0,,librispeech_0141,impostor_4,fakeavceleb_02878_Caucasian(American)_women_id00097,per-clip-v1
0.242428,0,,librispeech_0141,impostor_5,librispeech_0183,per-clip-v1
0.089896,0,,librispeech_0141,impostor_6,librispeech_0255,per-clip-v1
-0.051150,0,,librispeech_0141,impostor_7,fakeavceleb_01713_Asian(East)_women_id06061,per-clip-v1
0.326607,0,,librispeech_0141,impostor_8,librispeech_0160,per-clip-v1
-0.027307,0,,librispeech_0141,impostor_9,fakeavceleb_03426_Caucasian(European)_men_id00946,per-clip-v1
0.081051,0,,librispeech_0141,impostor_10,fakeavceleb_00123_Asian(East)_men_id04691,per-clip-v1
0.886055,1,,librispeech_0142,genuine,librispeech_0142,per-clip-v1
0.028332,0,,librispeech_0142,impostor_1,fakeavceleb_03256_Caucasian(European)_men_id00186,per-clip-v1
0.150749,0,,librispeech_0142,impostor_2,fakeavceleb_02833_Caucasian(American)_men_id04034,per-clip-v1
0.275581,0,,librispeech_0142,impostor_3,librispeech_0187,per-clip-v1
0.166325,0,,librispeech_0142,impostor_4,librispeech_0274,per-clip-v1
0.142325,0,,librispeech_0142,impostor_5,librispeech_0013,per-clip-v1
0.151271,0,,librispeech_0142,impostor_6,asvspoof_0160,per-clip-v1
0.083420,0,,librispeech_0142,impostor_7,librispeech_0065,per-clip-v1
-0.124790,0,,librispeech_0142,impostor_8,fakeavceleb_02656_Caucasian(American)_men_id00696,per-clip-v1
0.039448,0,,librispeech_0142,impostor_9,fakeavceleb_01292_Asian(East)_men_id01683,per-clip-v1
-0.062412,0,,librispeech_0142,impostor_10,fakeavceleb_01409_Asian(East)_men_id06467,per-clip-v1
0.869854,1,,librispeech_0143,genuine,librispeech_0143,per-clip-v1
0.123832,0,,librispeech_0143,impostor_1,librispeech_0063,per-clip-v1
0.025959,0,,librispeech_0143,impostor_2,fakeavceleb_02019_Asian(South)_men_id04560,per-clip-v1
0.090671,0,,librispeech_0143,impostor_3,fakeavceleb_00090_African_women_id04705,per-clip-v1
-0.103986,0,,librispeech_0143,impostor_4,fakeavceleb_01796_Asian(East)_women_id08139,per-clip-v1
0.143077,0,,librispeech_0143,impostor_5,librispeech_0037,per-clip-v1
0.083837,0,,librispeech_0143,impostor_6,librispeech_0374,per-clip-v1
0.219686,0,,librispeech_0143,impostor_7,librispeech_0085,per-clip-v1
0.051167,0,,librispeech_0143,impostor_8,fakeavceleb_02256_Asian(South)_women_id02089,per-clip-v1
0.077152,0,,librispeech_0143,impostor_9,fakeavceleb_02004_Asian(South)_men_id04537,per-clip-v1
0.066244,0,,librispeech_0143,impostor_10,asvspoof_0106,per-clip-v1
0.857892,1,,librispeech_0144,genuine,librispeech_0144,per-clip-v1
-0.023913,0,,librispeech_0144,impostor_1,fakeavceleb_02167_Asian(South)_men_id08457,per-clip-v1
-0.048936,0,,librispeech_0144,impostor_2,fakeavceleb_03696_Caucasian(European)_women_id00484,per-clip-v1
0.025745,0,,librispeech_0144,impostor_3,fakeavceleb_02981_Caucasian(American)_women_id00398,per-clip-v1
0.137561,0,,librispeech_0144,impostor_4,fakeavceleb_01296_Asian(East)_men_id02332,per-clip-v1
0.135069,0,,librispeech_0144,impostor_5,librispeech_0282,per-clip-v1
0.228535,0,,librispeech_0144,impostor_6,asvspoof_0390,per-clip-v1
-0.003719,0,,librispeech_0144,impostor_7,fakeavceleb_01988_Asian(South)_men_id03344,per-clip-v1
0.072541,0,,librispeech_0144,impostor_8,fakeavceleb_02061_Asian(South)_men_id06355,per-clip-v1
0.057510,0,,librispeech_0144,impostor_9,librispeech_0037,per-clip-v1
0.184387,0,,librispeech_0144,impostor_10,fakeavceleb_00106_Asian(East)_men_id01204,per-clip-v1
0.775563,1,,librispeech_0145,genuine,librispeech_0145,per-clip-v1
0.100159,0,,librispeech_0145,impostor_1,librispeech_0463,per-clip-v1
-0.124218,0,,librispeech_0145,impostor_2,fakeavceleb_02549_Caucasian(American)_men_id00029,per-clip-v1
0.064104,0,,librispeech_0145,impostor_3,fakeavceleb_02721_Caucasian(American)_men_id01048,per-clip-v1
0.153714,0,,librispeech_0145,impostor_4,librispeech_0235,per-clip-v1
0.078899,0,,librispeech_0145,impostor_5,fakeavceleb_00508_African_men_id00076,per-clip-v1
0.114332,0,,librispeech_0145,impostor_6,asvspoof_0347,per-clip-v1
0.023871,0,,librispeech_0145,impostor_7,fakeavceleb_03433_Caucasian(European)_men_id00963,per-clip-v1
0.021723,0,,librispeech_0145,impostor_8,librispeech_0355,per-clip-v1
-0.046990,0,,librispeech_0145,impostor_9,fakeavceleb_01091_African_women_id03713,per-clip-v1
0.179499,0,,librispeech_0145,impostor_10,librispeech_0261,per-clip-v1
0.891261,1,,librispeech_0146,genuine,librispeech_0146,per-clip-v1
0.203933,0,,librispeech_0146,impostor_1,librispeech_0077,per-clip-v1
0.153577,0,,librispeech_0146,impostor_2,librispeech_0154,per-clip-v1
0.153031,0,,librispeech_0146,impostor_3,librispeech_0104,per-clip-v1
0.043873,0,,librispeech_0146,impostor_4,fakeavceleb_03865_Caucasian(European)_women_id03941,per-clip-v1
0.198567,0,,librispeech_0146,impostor_5,fakeavceleb_02983_Caucasian(American)_women_id00398,per-clip-v1
0.012068,0,,librispeech_0146,impostor_6,asvspoof_0261,per-clip-v1
0.087501,0,,librispeech_0146,impostor_7,fakeavceleb_01822_Asian(East)_women_id09116,per-clip-v1
0.184246,0,,librispeech_0146,impostor_8,librispeech_0013,per-clip-v1
0.019712,0,,librispeech_0146,impostor_9,fakeavceleb_03748_Caucasian(European)_women_id00591,per-clip-v1
-0.008682,0,,librispeech_0146,impostor_10,fakeavceleb_01811_Asian(East)_women_id08819,per-clip-v1
0.870905,1,,librispeech_0147,genuine,librispeech_0147,per-clip-v1
0.040367,0,,librispeech_0147,impostor_1,fakeavceleb_01142_African_women_id04736,per-clip-v1
-0.095377,0,,librispeech_0147,impostor_2,fakeavceleb_03816_Caucasian(European)_women_id03589,per-clip-v1
-0.039138,0,,librispeech_0147,impostor_3,fakeavceleb_00288_Asian(South)_women_id06439,per-clip-v1
0.110228,0,,librispeech_0147,impostor_4,fakeavceleb_02622_Caucasian(American)_men_id00243,per-clip-v1
0.065227,0,,librispeech_0147,impostor_5,fakeavceleb_00673_African_men_id01528,per-clip-v1
0.034820,0,,librispeech_0147,impostor_6,fakeavceleb_02954_Caucasian(American)_women_id00291,per-clip-v1
0.053783,0,,librispeech_0147,impostor_7,fakeavceleb_02835_Caucasian(American)_men_id04073,per-clip-v1
-0.069101,0,,librispeech_0147,impostor_8,fakeavceleb_02236_Asian(South)_women_id00739,per-clip-v1
0.115341,0,,librispeech_0147,impostor_9,librispeech_0323,per-clip-v1
0.079898,0,,librispeech_0147,impostor_10,fakeavceleb_02697_Caucasian(American)_men_id01035,per-clip-v1
0.831465,1,,librispeech_0148,genuine,librispeech_0148,per-clip-v1
0.000336,0,,librispeech_0148,impostor_1,fakeavceleb_03393_Caucasian(European)_men_id00594,per-clip-v1
0.106681,0,,librispeech_0148,impostor_2,librispeech_0091,per-clip-v1
0.027729,0,,librispeech_0148,impostor_3,asvspoof_0260,per-clip-v1
0.086934,0,,librispeech_0148,impostor_4,librispeech_0287,per-clip-v1
0.071711,0,,librispeech_0148,impostor_5,fakeavceleb_03791_Caucasian(European)_women_id00897,per-clip-v1
-0.038070,0,,librispeech_0148,impostor_6,fakeavceleb_03667_Caucasian(European)_women_id00374,per-clip-v1
-0.064461,0,,librispeech_0148,impostor_7,fakeavceleb_02740_Caucasian(American)_men_id01163,per-clip-v1
0.055430,0,,librispeech_0148,impostor_8,asvspoof_0140,per-clip-v1
-0.139504,0,,librispeech_0148,impostor_9,asvspoof_0218,per-clip-v1
0.172686,0,,librispeech_0148,impostor_10,librispeech_0357,per-clip-v1
0.806933,1,,librispeech_0149,genuine,librispeech_0149,per-clip-v1
-0.136716,0,,librispeech_0149,impostor_1,fakeavceleb_03487_Caucasian(European)_men_id01123,per-clip-v1
-0.007982,0,,librispeech_0149,impostor_2,fakeavceleb_02464_Asian(South)_women_id06445,per-clip-v1
0.035853,0,,librispeech_0149,impostor_3,fakeavceleb_01995_Asian(South)_men_id03945,per-clip-v1
-0.136196,0,,librispeech_0149,impostor_4,librispeech_0011,per-clip-v1
0.033448,0,,librispeech_0149,impostor_5,fakeavceleb_01954_Asian(South)_men_id00773,per-clip-v1
-0.063491,0,,librispeech_0149,impostor_6,fakeavceleb_02621_Caucasian(American)_men_id00243,per-clip-v1
0.096786,0,,librispeech_0149,impostor_7,librispeech_0139,per-clip-v1
-0.000191,0,,librispeech_0149,impostor_8,fakeavceleb_01796_Asian(East)_women_id08139,per-clip-v1
0.054851,0,,librispeech_0149,impostor_9,fakeavceleb_01512_Asian(East)_women_id00363,per-clip-v1
0.039626,0,,librispeech_0149,impostor_10,fakeavceleb_01984_Asian(South)_men_id03180,per-clip-v1
0.808383,1,,librispeech_0150,genuine,librispeech_0150,per-clip-v1
-0.107709,0,,librispeech_0150,impostor_1,fakeavceleb_03643_Caucasian(European)_women_id00332,per-clip-v1
0.099655,0,,librispeech_0150,impostor_2,fakeavceleb_03438_Caucasian(European)_men_id00981,per-clip-v1
0.167050,0,,librispeech_0150,impostor_3,fakeavceleb_02516_Caucasian(American)_men_id00018,per-clip-v1
0.114945,0,,librispeech_0150,impostor_4,fakeavceleb_02322_Asian(South)_women_id04529,per-clip-v1
0.162126,0,,librispeech_0150,impostor_5,fakeavceleb_03563_Caucasian(European)_women_id00188,per-clip-v1
0.090740,0,,librispeech_0150,impostor_6,fakeavceleb_03615_Caucasian(European)_women_id00287,per-clip-v1
0.005479,0,,librispeech_0150,impostor_7,fakeavceleb_00505_African_men_id00076,per-clip-v1
0.164831,0,,librispeech_0150,impostor_8,asvspoof_0307,per-clip-v1
0.003936,0,,librispeech_0150,impostor_9,fakeavceleb_00886_African_women_id00460,per-clip-v1
-0.067591,0,,librispeech_0150,impostor_10,fakeavceleb_03103_Caucasian(American)_women_id01091,per-clip-v1
0.781530,1,,librispeech_0151,genuine,librispeech_0151,per-clip-v1
0.199717,0,,librispeech_0151,impostor_1,librispeech_0115,per-clip-v1
0.047573,0,,librispeech_0151,impostor_2,librispeech_0479,per-clip-v1
0.078348,0,,librispeech_0151,impostor_3,librispeech_0239,per-clip-v1
0.244980,0,,librispeech_0151,impostor_4,fakeavceleb_00124_Asian(East)_men_id04726,per-clip-v1
0.014317,0,,librispeech_0151,impostor_5,asvspoof_0385,per-clip-v1
0.130280,0,,librispeech_0151,impostor_6,fakeavceleb_02163_Asian(South)_men_id08314,per-clip-v1
0.087788,0,,librispeech_0151,impostor_7,fakeavceleb_03539_Caucasian(European)_women_id00068,per-clip-v1
0.080346,0,,librispeech_0151,impostor_8,fakeavceleb_02171_Asian(South)_women_id00043,per-clip-v1
0.009772,0,,librispeech_0151,impostor_9,fakeavceleb_00940_African_women_id00832,per-clip-v1
-0.054524,0,,librispeech_0151,impostor_10,fakeavceleb_00262_Asian(South)_women_id02619,per-clip-v1
0.880782,1,,librispeech_0152,genuine,librispeech_0152,per-clip-v1
0.014606,0,,librispeech_0152,impostor_1,librispeech_0123,per-clip-v1
0.315628,0,,librispeech_0152,impostor_2,librispeech_0360,per-clip-v1
0.212743,0,,librispeech_0152,impostor_3,librispeech_0046,per-clip-v1
0.009828,0,,librispeech_0152,impostor_4,asvspoof_0390,per-clip-v1
0.191633,0,,librispeech_0152,impostor_5,librispeech_0064,per-clip-v1
0.068032,0,,librispeech_0152,impostor_6,asvspoof_0340,per-clip-v1
0.157794,0,,librispeech_0152,impostor_7,librispeech_0414,per-clip-v1
-0.064524,0,,librispeech_0152,impostor_8,fakeavceleb_02483_Asian(South)_women_id07078,per-clip-v1
0.001019,0,,librispeech_0152,impostor_9,librispeech_0169,per-clip-v1
0.128922,0,,librispeech_0152,impostor_10,librispeech_0461,per-clip-v1
0.823888,1,,librispeech_0153,genuine,librispeech_0153,per-clip-v1
0.103364,0,,librispeech_0153,impostor_1,librispeech_0459,per-clip-v1
0.037623,0,,librispeech_0153,impostor_2,fakeavceleb_02451_Asian(South)_women_id06438,per-clip-v1
-0.181274,0,,librispeech_0153,impostor_3,fakeavceleb_03065_Caucasian(American)_women_id00841,per-clip-v1
0.151820,0,,librispeech_0153,impostor_4,librispeech_0282,per-clip-v1
0.032050,0,,librispeech_0153,impostor_5,fakeavceleb_02582_Caucasian(American)_men_id00062,per-clip-v1
0.086721,0,,librispeech_0153,impostor_6,fakeavceleb_02960_Caucasian(American)_women_id00291,per-clip-v1
0.093130,0,,librispeech_0153,impostor_7,fakeavceleb_03382_Caucasian(European)_men_id00554,per-clip-v1
0.168030,0,,librispeech_0153,impostor_8,fakeavceleb_03230_Caucasian(European)_men_id00171,per-clip-v1
0.260799,0,,librispeech_0153,impostor_9,librispeech_0048,per-clip-v1
-0.033465,0,,librispeech_0153,impostor_10,fakeavceleb_02907_Caucasian(American)_women_id00145,per-clip-v1
0.842404,1,,librispeech_0154,genuine,librispeech_0154,per-clip-v1
-0.006518,0,,librispeech_0154,impostor_1,librispeech_0473,per-clip-v1
-0.019900,0,,librispeech_0154,impostor_2,fakeavceleb_01911_Asian(South)_men_id00414,per-clip-v1
0.165613,0,,librispeech_0154,impostor_3,fakeavceleb_00730_African_men_id01691,per-clip-v1
-0.026910,0,,librispeech_0154,impostor_4,fakeavceleb_01839_Asian(East)_women_id09174,per-clip-v1
0.113609,0,,librispeech_0154,impostor_5,librispeech_0194,per-clip-v1
0.157042,0,,librispeech_0154,impostor_6,fakeavceleb_01118_African_women_id04376,per-clip-v1
0.008520,0,,librispeech_0154,impostor_7,fakeavceleb_02686_Caucasian(American)_men_id00943,per-clip-v1
-0.005226,0,,librispeech_0154,impostor_8,asvspoof_0207,per-clip-v1
0.278592,0,,librispeech_0154,impostor_9,fakeavceleb_01039_African_women_id02808,per-clip-v1
0.012326,0,,librispeech_0154,impostor_10,fakeavceleb_03507_Caucasian(European)_men_id01157,per-clip-v1
0.842850,1,,librispeech_0155,genuine,librispeech_0155,per-clip-v1
0.070019,0,,librispeech_0155,impostor_1,librispeech_0498,per-clip-v1
0.046822,0,,librispeech_0155,impostor_2,fakeavceleb_00358_Caucasian(American)_women_id00261,per-clip-v1
0.260766,0,,librispeech_0155,impostor_3,librispeech_0119,per-clip-v1
0.018999,0,,librispeech_0155,impostor_4,fakeavceleb_01428_Asian(East)_men_id06591,per-clip-v1
0.134277,0,,librispeech_0155,impostor_5,fakeavceleb_03771_Caucasian(European)_women_id00813,per-clip-v1
0.286416,0,,librispeech_0155,impostor_6,librispeech_0312,per-clip-v1
0.012460,0,,librispeech_0155,impostor_7,fakeavceleb_01721_Asian(East)_women_id06065,per-clip-v1
-0.074327,0,,librispeech_0155,impostor_8,fakeavceleb_01964_Asian(South)_men_id00816,per-clip-v1
0.011902,0,,librispeech_0155,impostor_9,fakeavceleb_03398_Caucasian(European)_men_id00694,per-clip-v1
0.070954,0,,librispeech_0155,impostor_10,librispeech_0014,per-clip-v1
0.840504,1,,librispeech_0156,genuine,librispeech_0156,per-clip-v1
0.052356,0,,librispeech_0156,impostor_1,fakeavceleb_02995_Caucasian(American)_women_id00418,per-clip-v1
0.007485,0,,librispeech_0156,impostor_2,fakeavceleb_00088_African_women_id04547,per-clip-v1
-0.013055,0,,librispeech_0156,impostor_3,fakeavceleb_03175_Caucasian(American)_women_id03605,per-clip-v1
0.074499,0,,librispeech_0156,impostor_4,librispeech_0029,per-clip-v1
0.076397,0,,librispeech_0156,impostor_5,fakeavceleb_00147_Asian(East)_men_id08652,per-clip-v1
0.152414,0,,librispeech_0156,impostor_6,fakeavceleb_03660_Caucasian(European)_women_id00373,per-clip-v1
0.069346,0,,librispeech_0156,impostor_7,fakeavceleb_01381_Asian(East)_men_id05268,per-clip-v1
0.042319,0,,librispeech_0156,impostor_8,fakeavceleb_03711_Caucasian(European)_women_id00495,per-clip-v1
0.055763,0,,librispeech_0156,impostor_9,fakeavceleb_03335_Caucasian(European)_men_id00368,per-clip-v1
0.195580,0,,librispeech_0156,impostor_10,fakeavceleb_02731_Caucasian(American)_men_id01105,per-clip-v1
0.836155,1,,librispeech_0157,genuine,librispeech_0157,per-clip-v1
0.057614,0,,librispeech_0157,impostor_1,librispeech_0187,per-clip-v1
-0.004373,0,,librispeech_0157,impostor_2,fakeavceleb_02128_Asian(South)_men_id07195,per-clip-v1
-0.101503,0,,librispeech_0157,impostor_3,fakeavceleb_02192_Asian(South)_women_id00080,per-clip-v1
0.013379,0,,librispeech_0157,impostor_4,fakeavceleb_03038_Caucasian(American)_women_id00616,per-clip-v1
-0.135624,0,,librispeech_0157,impostor_5,fakeavceleb_03825_Caucasian(European)_women_id03649,per-clip-v1
0.196624,0,,librispeech_0157,impostor_6,asvspoof_0223,per-clip-v1
0.018114,0,,librispeech_0157,impostor_7,fakeavceleb_02012_Asian(South)_men_id04554,per-clip-v1
-0.028026,0,,librispeech_0157,impostor_8,fakeavceleb_00015_African_men_id01036,per-clip-v1
-0.121176,0,,librispeech_0157,impostor_9,fakeavceleb_00463_Caucasian(European)_women_id00332,per-clip-v1
-0.075996,0,,librispeech_0157,impostor_10,fakeavceleb_03137_Caucasian(American)_women_id01238,per-clip-v1
0.840747,1,,librispeech_0158,genuine,librispeech_0158,per-clip-v1
-0.006127,0,,librispeech_0158,impostor_1,asvspoof_0277,per-clip-v1
0.008947,0,,librispeech_0158,impostor_2,fakeavceleb_00261_Asian(South)_women_id02310,per-clip-v1
0.047270,0,,librispeech_0158,impostor_3,fakeavceleb_00232_Asian(South)_men_id06753,per-clip-v1
0.083658,0,,librispeech_0158,impostor_4,librispeech_0049,per-clip-v1
0.048123,0,,librispeech_0158,impostor_5,fakeavceleb_02836_Caucasian(American)_men_id04073,per-clip-v1
0.034861,0,,librispeech_0158,impostor_6,librispeech_0039,per-clip-v1
0.141261,0,,librispeech_0158,impostor_7,librispeech_0462,per-clip-v1
0.062947,0,,librispeech_0158,impostor_8,fakeavceleb_00068_African_women_id02508,per-clip-v1
-0.005706,0,,librispeech_0158,impostor_9,fakeavceleb_03233_Caucasian(European)_men_id00183,per-clip-v1
0.088564,0,,librispeech_0158,impostor_10,librispeech_0059,per-clip-v1
0.862221,1,,librispeech_0159,genuine,librispeech_0159,per-clip-v1
0.013638,0,,librispeech_0159,impostor_1,fakeavceleb_00964_African_women_id01661,per-clip-v1
-0.044569,0,,librispeech_0159,impostor_2,fakeavceleb_02306_Asian(South)_women_id03985,per-clip-v1
0.020381,0,,librispeech_0159,impostor_3,fakeavceleb_01376_Asian(East)_men_id04884,per-clip-v1
-0.140697,0,,librispeech_0159,impostor_4,fakeavceleb_00339_Caucasian(American)_men_id01211,per-clip-v1
0.129270,0,,librispeech_0159,impostor_5,librispeech_0288,per-clip-v1
-0.038835,0,,librispeech_0159,impostor_6,librispeech_0243,per-clip-v1
0.066428,0,,librispeech_0159,impostor_7,librispeech_0303,per-clip-v1
-0.018630,0,,librispeech_0159,impostor_8,fakeavceleb_02691_Caucasian(American)_men_id00945,per-clip-v1
-0.133050,0,,librispeech_0159,impostor_9,fakeavceleb_02749_Caucasian(American)_men_id01168,per-clip-v1
-0.012492,0,,librispeech_0159,impostor_10,asvspoof_0042,per-clip-v1
0.803319,1,,librispeech_0160,genuine,librispeech_0160,per-clip-v1
0.076735,0,,librispeech_0160,impostor_1,fakeavceleb_03809_Caucasian(European)_women_id01002,per-clip-v1
0.023076,0,,librispeech_0160,impostor_2,fakeavceleb_00422_Caucasian(European)_men_id00520,per-clip-v1
0.395727,0,,librispeech_0160,impostor_3,librispeech_0004,per-clip-v1
-0.110827,0,,librispeech_0160,impostor_4,fakeavceleb_03244_Caucasian(European)_men_id00185,per-clip-v1
0.098361,0,,librispeech_0160,impostor_5,fakeavceleb_02918_Caucasian(American)_women_id00180,per-clip-v1
0.035302,0,,librispeech_0160,impostor_6,fakeavceleb_00833_African_men_id02342,per-clip-v1
0.086720,0,,librispeech_0160,impostor_7,fakeavceleb_00135_Asian(East)_men_id06467,per-clip-v1
-0.043861,0,,librispeech_0160,impostor_8,fakeavceleb_01091_African_women_id03713,per-clip-v1
0.164465,0,,librispeech_0160,impostor_9,librispeech_0262,per-clip-v1
0.054015,0,,librispeech_0160,impostor_10,fakeavceleb_02152_Asian(South)_men_id07463,per-clip-v1
0.877940,1,,librispeech_0161,genuine,librispeech_0161,per-clip-v1
-0.031326,0,,librispeech_0161,impostor_1,librispeech_0422,per-clip-v1
-0.000162,0,,librispeech_0161,impostor_2,fakeavceleb_01462_Asian(East)_men_id08299,per-clip-v1
0.006029,0,,librispeech_0161,impostor_3,fakeavceleb_03818_Caucasian(European)_women_id03620,per-clip-v1
-0.045190,0,,librispeech_0161,impostor_4,fakeavceleb_03653_Caucasian(European)_women_id00365,per-clip-v1
0.108444,0,,librispeech_0161,impostor_5,fakeavceleb_01877_Asian(South)_men_id00078,per-clip-v1
0.089769,0,,librispeech_0161,impostor_6,librispeech_0393,per-clip-v1
0.092959,0,,librispeech_0161,impostor_7,fakeavceleb_02591_Caucasian(American)_men_id00088,per-clip-v1
0.078191,0,,librispeech_0161,impostor_8,librispeech_0400,per-clip-v1
0.032800,0,,librispeech_0161,impostor_9,fakeavceleb_00180_Asian(East)_women_id06225,per-clip-v1
-0.056429,0,,librispeech_0161,impostor_10,librispeech_0485,per-clip-v1
0.880075,1,,librispeech_0162,genuine,librispeech_0162,per-clip-v1
-0.118997,0,,librispeech_0162,impostor_1,fakeavceleb_03443_Caucasian(European)_men_id00990,per-clip-v1
0.206549,0,,librispeech_0162,impostor_2,asvspoof_0083,per-clip-v1
0.107048,0,,librispeech_0162,impostor_3,fakeavceleb_01064_African_women_id03103,per-clip-v1
0.067593,0,,librispeech_0162,impostor_4,asvspoof_0330,per-clip-v1
0.063288,0,,librispeech_0162,impostor_5,fakeavceleb_00786_African_men_id02005,per-clip-v1
0.024771,0,,librispeech_0162,impostor_6,librispeech_0165,per-clip-v1
0.077472,0,,librispeech_0162,impostor_7,fakeavceleb_01396_Asian(East)_men_id05479,per-clip-v1
0.047600,0,,librispeech_0162,impostor_8,librispeech_0361,per-clip-v1
0.048314,0,,librispeech_0162,impostor_9,librispeech_0187,per-clip-v1
0.061092,0,,librispeech_0162,impostor_10,fakeavceleb_01398_Asian(East)_men_id05743,per-clip-v1
0.859741,1,,librispeech_0163,genuine,librispeech_0163,per-clip-v1
0.058249,0,,librispeech_0163,impostor_1,fakeavceleb_03276_Caucasian(European)_men_id00241,per-clip-v1
0.045234,0,,librispeech_0163,impostor_2,fakeavceleb_02384_Asian(South)_women_id05478,per-clip-v1
-0.072804,0,,librispeech_0163,impostor_3,fakeavceleb_01420_Asian(East)_men_id06470,per-clip-v1
0.013455,0,,librispeech_0163,impostor_4,librispeech_0107,per-clip-v1
-0.079298,0,,librispeech_0163,impostor_5,fakeavceleb_00093_African_women_id04939,per-clip-v1
0.020788,0,,librispeech_0163,impostor_6,fakeavceleb_03332_Caucasian(European)_men_id00368,per-clip-v1
0.062215,0,,librispeech_0163,impostor_7,librispeech_0363,per-clip-v1
0.033309,0,,librispeech_0163,impostor_8,fakeavceleb_00084_African_women_id04374,per-clip-v1
0.012632,0,,librispeech_0163,impostor_9,librispeech_0129,per-clip-v1
-0.033765,0,,librispeech_0163,impostor_10,fakeavceleb_03345_Caucasian(European)_men_id00498,per-clip-v1
0.888861,1,,librispeech_0164,genuine,librispeech_0164,per-clip-v1
0.073025,0,,librispeech_0164,impostor_1,librispeech_0431,per-clip-v1
0.060617,0,,librispeech_0164,impostor_2,asvspoof_0210,per-clip-v1
0.232275,0,,librispeech_0164,impostor_3,librispeech_0191,per-clip-v1
-0.098066,0,,librispeech_0164,impostor_4,fakeavceleb_00812_African_men_id02268,per-clip-v1
0.042891,0,,librispeech_0164,impostor_5,fakeavceleb_02153_Asian(South)_men_id07463,per-clip-v1
0.067649,0,,librispeech_0164,impostor_6,fakeavceleb_00102_Asian(East)_men_id00560,per-clip-v1
0.067039,0,,librispeech_0164,impostor_7,fakeavceleb_02998_Caucasian(American)_women_id00428,per-clip-v1
0.272030,0,,librispeech_0164,impostor_8,fakeavceleb_02415_Asian(South)_women_id06254,per-clip-v1
0.007207,0,,librispeech_0164,impostor_9,fakeavceleb_00552_African_men_id00475,per-clip-v1
0.024177,0,,librispeech_0164,impostor_10,fakeavceleb_01946_Asian(South)_men_id00769,per-clip-v1
0.723196,1,,librispeech_0165,genuine,librispeech_0165,per-clip-v1
0.016969,0,,librispeech_0165,impostor_1,fakeavceleb_03483_Caucasian(European)_men_id01102,per-clip-v1
0.097258,0,,librispeech_0165,impostor_2,fakeavceleb_00330_Caucasian(American)_men_id01124,per-clip-v1
0.125659,0,,librispeech_0165,impostor_3,fakeavceleb_00004_African_men_id00391,per-clip-v1
0.024081,0,,librispeech_0165,impostor_4,fakeavceleb_03815_Caucasian(European)_women_id03589,per-clip-v1
-0.039583,0,,librispeech_0165,impostor_5,librispeech_0279,per-clip-v1
0.109155,0,,librispeech_0165,impostor_6,fakeavceleb_03631_Caucasian(European)_women_id00328,per-clip-v1
0.302910,0,,librispeech_0165,impostor_7,librispeech_0490,per-clip-v1
0.163918,0,,librispeech_0165,impostor_8,librispeech_0400,per-clip-v1
0.187044,0,,librispeech_0165,impostor_9,librispeech_0354,per-clip-v1
0.032846,0,,librispeech_0165,impostor_10,fakeavceleb_00492_Caucasian(European)_women_id03620,per-clip-v1
0.884706,1,,librispeech_0166,genuine,librispeech_0166,per-clip-v1
0.052830,0,,librispeech_0166,impostor_1,librispeech_0149,per-clip-v1
-0.042554,0,,librispeech_0166,impostor_2,librispeech_0304,per-clip-v1
0.035284,0,,librispeech_0166,impostor_3,librispeech_0431,per-clip-v1
0.196561,0,,librispeech_0166,impostor_4,fakeavceleb_00347_Caucasian(American)_men_id04216,per-clip-v1
-0.094612,0,,librispeech_0166,impostor_5,fakeavceleb_03832_Caucasian(European)_women_id03651,per-clip-v1
-0.057458,0,,librispeech_0166,impostor_6,fakeavceleb_01448_Asian(East)_men_id07338,per-clip-v1
0.221844,0,,librispeech_0166,impostor_7,asvspoof_0313,per-clip-v1
-0.032956,0,,librispeech_0166,impostor_8,fakeavceleb_00095_African_women_id05231,per-clip-v1
0.128257,0,,librispeech_0166,impostor_9,librispeech_0120,per-clip-v1
-0.003817,0,,librispeech_0166,impostor_10,fakeavceleb_00423_Caucasian(European)_men_id00535,per-clip-v1
0.919273,1,,librispeech_0167,genuine,librispeech_0167,per-clip-v1
0.003866,0,,librispeech_0167,impostor_1,fakeavceleb_03433_Caucasian(European)_men_id00963,per-clip-v1
-0.018095,0,,librispeech_0167,impostor_2,fakeavceleb_01770_Asian(East)_women_id07039,per-clip-v1
0.002378,0,,librispeech_0167,impostor_3,fakeavceleb_02969_Caucasian(American)_women_id00381,per-clip-v1
-0.010664,0,,librispeech_0167,impostor_4,librispeech_0064,per-clip-v1
0.082042,0,,librispeech_0167,impostor_5,fakeavceleb_01451_Asian(East)_men_id07338,per-clip-v1
-0.097189,0,,librispeech_0167,impostor_6,fakeavceleb_02437_Asian(South)_women_id06343,per-clip-v1
-0.044514,0,,librispeech_0167,impostor_7,fakeavceleb_00856_African_women_id00220,per-clip-v1
-0.024411,0,,librispeech_0167,impostor_8,fakeavceleb_00556_African_men_id00476,per-clip-v1
0.008208,0,,librispeech_0167,impostor_9,fakeavceleb_01776_Asian(East)_women_id07739,per-clip-v1
-0.086121,0,,librispeech_0167,impostor_10,fakeavceleb_00868_African_women_id00359,per-clip-v1
0.882701,1,,librispeech_0168,genuine,librispeech_0168,per-clip-v1
0.011993,0,,librispeech_0168,impostor_1,fakeavceleb_00609_African_men_id01076,per-clip-v1
0.113230,0,,librispeech_0168,impostor_2,librispeech_0252,per-clip-v1
0.203613,0,,librispeech_0168,impostor_3,librispeech_0048,per-clip-v1
0.044080,0,,librispeech_0168,impostor_4,fakeavceleb_01050_African_women_id02824,per-clip-v1
0.000170,0,,librispeech_0168,impostor_5,fakeavceleb_01674_Asian(East)_women_id05576,per-clip-v1
-0.054065,0,,librispeech_0168,impostor_6,fakeavceleb_02811_Caucasian(American)_men_id01239,per-clip-v1
0.057057,0,,librispeech_0168,impostor_7,librispeech_0157,per-clip-v1
0.019684,0,,librispeech_0168,impostor_8,asvspoof_0081,per-clip-v1
-0.004796,0,,librispeech_0168,impostor_9,fakeavceleb_01170_African_women_id05231,per-clip-v1
0.135690,0,,librispeech_0168,impostor_10,librispeech_0248,per-clip-v1
0.888619,1,,librispeech_0169,genuine,librispeech_0169,per-clip-v1
0.045240,0,,librispeech_0169,impostor_1,fakeavceleb_01116_African_women_id04376,per-clip-v1
0.038418,0,,librispeech_0169,impostor_2,fakeavceleb_00551_African_men_id00475,per-clip-v1
-0.009682,0,,librispeech_0169,impostor_3,fakeavceleb_02498_Asian(South)_women_id07236,per-clip-v1
-0.085884,0,,librispeech_0169,impostor_4,fakeavceleb_01619_Asian(East)_women_id03211,per-clip-v1
-0.061981,0,,librispeech_0169,impostor_5,fakeavceleb_03062_Caucasian(American)_women_id00835,per-clip-v1
0.045679,0,,librispeech_0169,impostor_6,fakeavceleb_03498_Caucasian(European)_men_id01154,per-clip-v1
-0.104717,0,,librispeech_0169,impostor_7,fakeavceleb_03796_Caucasian(European)_women_id01001,per-clip-v1
0.003350,0,,librispeech_0169,impostor_8,fakeavceleb_01129_African_women_id04540,per-clip-v1
0.122802,0,,librispeech_0169,impostor_9,fakeavceleb_01358_Asian(East)_men_id04726,per-clip-v1
-0.106426,0,,librispeech_0169,impostor_10,fakeavceleb_03825_Caucasian(European)_women_id03649,per-clip-v1
0.858838,1,,librispeech_0170,genuine,librispeech_0170,per-clip-v1
0.119735,0,,librispeech_0170,impostor_1,librispeech_0280,per-clip-v1
0.123798,0,,librispeech_0170,impostor_2,librispeech_0338,per-clip-v1
0.058985,0,,librispeech_0170,impostor_3,fakeavceleb_01743_Asian(East)_women_id06388,per-clip-v1
0.043935,0,,librispeech_0170,impostor_4,fakeavceleb_00375_Caucasian(American)_women_id00752,per-clip-v1
-0.130347,0,,librispeech_0170,impostor_5,librispeech_0135,per-clip-v1
0.025390,0,,librispeech_0170,impostor_6,fakeavceleb_03369_Caucasian(European)_men_id00535,per-clip-v1
0.008899,0,,librispeech_0170,impostor_7,librispeech_0365,per-clip-v1
0.027433,0,,librispeech_0170,impostor_8,librispeech_0312,per-clip-v1
0.015427,0,,librispeech_0170,impostor_9,fakeavceleb_00459_Caucasian(European)_women_id00287,per-clip-v1
-0.034874,0,,librispeech_0170,impostor_10,asvspoof_0417,per-clip-v1
0.902063,1,,librispeech_0171,genuine,librispeech_0171,per-clip-v1
-0.069975,0,,librispeech_0171,impostor_1,fakeavceleb_00358_Caucasian(American)_women_id00261,per-clip-v1
-0.079116,0,,librispeech_0171,impostor_2,librispeech_0191,per-clip-v1
0.058390,0,,librispeech_0171,impostor_3,fakeavceleb_03397_Caucasian(European)_men_id00694,per-clip-v1
0.155163,0,,librispeech_0171,impostor_4,fakeavceleb_02853_Caucasian(American)_men_id04221,per-clip-v1
-0.013413,0,,librispeech_0171,impostor_5,fakeavceleb_01503_Asian(East)_women_id00137,per-clip-v1
-0.044960,0,,librispeech_0171,impostor_6,fakeavceleb_03475_Caucasian(European)_men_id01099,per-clip-v1
0.162178,0,,librispeech_0171,impostor_7,librispeech_0173,per-clip-v1
-0.099031,0,,librispeech_0171,impostor_8,fakeavceleb_00853_African_men_id04727,per-clip-v1
-0.023427,0,,librispeech_0171,impostor_9,fakeavceleb_03541_Caucasian(European)_women_id00068,per-clip-v1
0.056262,0,,librispeech_0171,impostor_10,asvspoof_0412,per-clip-v1
0.790028,1,,librispeech_0172,genuine,librispeech_0172,per-clip-v1
0.142199,0,,librispeech_0172,impostor_1,fakeavceleb_03243_Caucasian(European)_men_id00185,per-clip-v1
0.097457,0,,librispeech_0172,impostor_2,fakeavceleb_00321_Caucasian(American)_men_id00943,per-clip-v1
0.058097,0,,librispeech_0172,impostor_3,fakeavceleb_03450_Caucasian(European)_men_id00999,per-clip-v1
-0.040640,0,,librispeech_0172,impostor_4,fakeavceleb_00750_African_men_id01856,per-clip-v1
0.021170,0,,librispeech_0172,impostor_5,fakeavceleb_01113_African_women_id04374,per-clip-v1
0.004875,0,,librispeech_0172,impostor_6,librispeech_0413,per-clip-v1
0.022752,0,,librispeech_0172,impostor_7,fakeavceleb_01434_Asian(East)_men_id06594,per-clip-v1
-0.140762,0,,librispeech_0172,impostor_8,fakeavceleb_00143_Asian(East)_men_id07102,per-clip-v1
-0.021647,0,,librispeech_0172,impostor_9,fakeavceleb_00597_African_men_id00987,per-clip-v1
0.026608,0,,librispeech_0172,impostor_10,fakeavceleb_01801_Asian(East)_women_id08397,per-clip-v1
0.875934,1,,librispeech_0173,genuine,librispeech_0173,per-clip-v1
0.058792,0,,librispeech_0173,impostor_1,librispeech_0451,per-clip-v1
-0.022605,0,,librispeech_0173,impostor_2,fakeavceleb_02336_Asian(South)_women_id04564,per-clip-v1
-0.074096,0,,librispeech_0173,impostor_3,fakeavceleb_02657_Caucasian(American)_men_id00696,per-clip-v1
-0.050728,0,,librispeech_0173,impostor_4,fakeavceleb_02923_Caucasian(American)_women_id00190,per-clip-v1
0.243159,0,,librispeech_0173,impostor_5,librispeech_0363,per-clip-v1
-0.119075,0,,librispeech_0173,impostor_6,fakeavceleb_01129_African_women_id04540,per-clip-v1
0.023272,0,,librispeech_0173,impostor_7,fakeavceleb_01696_Asian(East)_women_id06054,per-clip-v1
0.062556,0,,librispeech_0173,impostor_8,asvspoof_0285,per-clip-v1
-0.012663,0,,librispeech_0173,impostor_9,fakeavceleb_00648_African_men_id01236,per-clip-v1
-0.063179,0,,librispeech_0173,impostor_10,fakeavceleb_01428_Asian(East)_men_id06591,per-clip-v1
0.868553,1,,librispeech_0174,genuine,librispeech_0174,per-clip-v1
0.070998,0,,librispeech_0174,impostor_1,fakeavceleb_01185_African_women_id05251,per-clip-v1
0.113692,0,,librispeech_0174,impostor_2,librispeech_0110,per-clip-v1
0.013109,0,,librispeech_0174,impostor_3,librispeech_0121,per-clip-v1
0.098666,0,,librispeech_0174,impostor_4,librispeech_0017,per-clip-v1
0.085227,0,,librispeech_0174,impostor_5,asvspoof_0291,per-clip-v1
0.048856,0,,librispeech_0174,impostor_6,fakeavceleb_02135_Asian(South)_men_id07200,per-clip-v1
0.164953,0,,librispeech_0174,impostor_7,librispeech_0225,per-clip-v1
0.029812,0,,librispeech_0174,impostor_8,librispeech_0397,per-clip-v1
0.127973,0,,librispeech_0174,impostor_9,librispeech_0024,per-clip-v1
0.211995,0,,librispeech_0174,impostor_10,fakeavceleb_01616_Asian(East)_women_id03211,per-clip-v1
0.781288,1,,librispeech_0175,genuine,librispeech_0175,per-clip-v1
0.198806,0,,librispeech_0175,impostor_1,fakeavceleb_01424_Asian(East)_men_id06535,per-clip-v1
0.013305,0,,librispeech_0175,impostor_2,fakeavceleb_01066_African_women_id03103,per-clip-v1
0.073718,0,,librispeech_0175,impostor_3,librispeech_0123,per-clip-v1
0.181408,0,,librispeech_0175,impostor_4,fakeavceleb_01956_Asian(South)_men_id00773,per-clip-v1
-0.086096,0,,librispeech_0175,impostor_5,fakeavceleb_01082_African_women_id03656,per-clip-v1
-0.099044,0,,librispeech_0175,impostor_6,fakeavceleb_00317_Caucasian(American)_men_id00696,per-clip-v1
-0.093132,0,,librispeech_0175,impostor_7,fakeavceleb_03772_Caucasian(European)_women_id00813,per-clip-v1
0.131067,0,,librispeech_0175,impostor_8,librispeech_0219,per-clip-v1
0.152786,0,,librispeech_0175,impostor_9,asvspoof_0412,per-clip-v1
0.111951,0,,librispeech_0175,impostor_10,fakeavceleb_01191_African_women_id05252,per-clip-v1
0.862662,1,,librispeech_0176,genuine,librispeech_0176,per-clip-v1
-0.021933,0,,librispeech_0176,impostor_1,librispeech_0032,per-clip-v1
0.072525,0,,librispeech_0176,impostor_2,librispeech_0095,per-clip-v1
0.039837,0,,librispeech_0176,impostor_3,fakeavceleb_01637_Asian(East)_women_id04057,per-clip-v1
0.061722,0,,librispeech_0176,impostor_4,librispeech_0052,per-clip-v1
-0.008620,0,,librispeech_0176,impostor_5,fakeavceleb_02720_Caucasian(American)_men_id01048,per-clip-v1
0.063430,0,,librispeech_0176,impostor_6,librispeech_0212,per-clip-v1
0.228038,0,,librispeech_0176,impostor_7,librispeech_0028,per-clip-v1
0.090255,0,,librispeech_0176,impostor_8,fakeavceleb_03695_Caucasian(European)_women_id00484,per-clip-v1
0.075972,0,,librispeech_0176,impostor_9,fakeavceleb_03842_Caucasian(European)_women_id03816,per-clip-v1
-0.082093,0,,librispeech_0176,impostor_10,fakeavceleb_00528_African_men_id00173,per-clip-v1
0.911127,1,,librispeech_0177,genuine,librispeech_0177,per-clip-v1
-0.003304,0,,librispeech_0177,impostor_1,librispeech_0320,per-clip-v1
-0.030547,0,,librispeech_0177,impostor_2,fakeavceleb_03837_Caucasian(European)_women_id03716,per-clip-v1
-0.077979,0,,librispeech_0177,impostor_3,fakeavceleb_03030_Caucasian(American)_women_id00575,per-clip-v1
0.124646,0,,librispeech_0177,impostor_4,fakeavceleb_03105_Caucasian(American)_women_id01216,per-clip-v1
0.035778,0,,librispeech_0177,impostor_5,fakeavceleb_01243_Asian(East)_men_id00740,per-clip-v1
-0.167944,0,,librispeech_0177,impostor_6,librispeech_0462,per-clip-v1
0.094738,0,,librispeech_0177,impostor_7,fakeavceleb_03222_Caucasian(European)_men_id00171,per-clip-v1
0.116769,0,,librispeech_0177,impostor_8,fakeavceleb_03169_Caucasian(American)_women_id02466,per-clip-v1
0.343886,0,,librispeech_0177,impostor_9,librispeech_0389,per-clip-v1
-0.037938,0,,librispeech_0177,impostor_10,fakeavceleb_02465_Asian(South)_women_id06445,per-clip-v1
0.673133,1,,librispeech_0178,genuine,librispeech_0178,per-clip-v1
0.247745,0,,librispeech_0178,impostor_1,librispeech_0147,per-clip-v1
-0.018208,0,,librispeech_0178,impostor_2,fakeavceleb_00932_African_women_id00829,per-clip-v1
-0.120197,0,,librispeech_0178,impostor_3,asvspoof_0024,per-clip-v1
-0.082018,0,,librispeech_0178,impostor_4,fakeavceleb_01160_African_women_id05106,per-clip-v1
0.150245,0,,librispeech_0178,impostor_5,librispeech_0191,per-clip-v1
-0.088926,0,,librispeech_0178,impostor_6,librispeech_0317,per-clip-v1
0.112222,0,,librispeech_0178,impostor_7,asvspoof_0132,per-clip-v1
0.049261,0,,librispeech_0178,impostor_8,asvspoof_0471,per-clip-v1
0.263567,0,,librispeech_0178,impostor_9,fakeavceleb_03169_Caucasian(American)_women_id02466,per-clip-v1
-0.036809,0,,librispeech_0178,impostor_10,fakeavceleb_00546_African_men_id00366,per-clip-v1
0.819836,1,,librispeech_0179,genuine,librispeech_0179,per-clip-v1
-0.073471,0,,librispeech_0179,impostor_1,fakeavceleb_01623_Asian(East)_women_id03379,per-clip-v1
-0.048438,0,,librispeech_0179,impostor_2,fakeavceleb_03504_Caucasian(European)_men_id01157,per-clip-v1
-0.103322,0,,librispeech_0179,impostor_3,fakeavceleb_00600_African_men_id01036,per-clip-v1
-0.007066,0,,librispeech_0179,impostor_4,fakeavceleb_01047_African_women_id02824,per-clip-v1
-0.022300,0,,librispeech_0179,impostor_5,fakeavceleb_00090_African_women_id04705,per-clip-v1
-0.004450,0,,librispeech_0179,impostor_6,fakeavceleb_00193_Asian(East)_women_id08819,per-clip-v1
0.100417,0,,librispeech_0179,impostor_7,fakeavceleb_01090_African_women_id03713,per-clip-v1
-0.058770,0,,librispeech_0179,impostor_8,fakeavceleb_02179_Asian(South)_women_id00043,per-clip-v1
0.028466,0,,librispeech_0179,impostor_9,librispeech_0303,per-clip-v1
0.012357,0,,librispeech_0179,impostor_10,fakeavceleb_00421_Caucasian(European)_men_id00519,per-clip-v1
0.832432,1,,librispeech_0180,genuine,librispeech_0180,per-clip-v1
0.004306,0,,librispeech_0180,impostor_1,fakeavceleb_02250_Asian(South)_women_id01026,per-clip-v1
0.126167,0,,librispeech_0180,impostor_2,fakeavceleb_03862_Caucasian(European)_women_id03941,per-clip-v1
0.004988,0,,librispeech_0180,impostor_3,fakeavceleb_03254_Caucasian(European)_men_id00186,per-clip-v1
0.080839,0,,librispeech_0180,impostor_4,fakeavceleb_02803_Caucasian(American)_men_id01211,per-clip-v1
0.154868,0,,librispeech_0180,impostor_5,fakeavceleb_02121_Asian(South)_men_id07194,per-clip-v1
-0.028984,0,,librispeech_0180,impostor_6,fakeavceleb_02187_Asian(South)_women_id00080,per-clip-v1
0.038211,0,,librispeech_0180,impostor_7,fakeavceleb_00359_Caucasian(American)_women_id00272,per-clip-v1
0.032772,0,,librispeech_0180,impostor_8,fakeavceleb_02696_Caucasian(American)_men_id00971,per-clip-v1
0.072279,0,,librispeech_0180,impostor_9,librispeech_0287,per-clip-v1
0.125611,0,,librispeech_0180,impostor_10,librispeech_0292,per-clip-v1
0.687226,1,,librispeech_0181,genuine,librispeech_0181,per-clip-v1
0.021032,0,,librispeech_0181,impostor_1,fakeavceleb_03672_Caucasian(European)_women_id00379,per-clip-v1
-0.043790,0,,librispeech_0181,impostor_2,asvspoof_0124,per-clip-v1
-0.011797,0,,librispeech_0181,impostor_3,librispeech_0040,per-clip-v1
0.110278,0,,librispeech_0181,impostor_4,librispeech_0009,per-clip-v1
-0.079161,0,,librispeech_0181,impostor_5,fakeavceleb_01346_Asian(East)_men_id04111,per-clip-v1
0.073054,0,,librispeech_0181,impostor_6,fakeavceleb_01673_Asian(East)_women_id05576,per-clip-v1
0.036518,0,,librispeech_0181,impostor_7,fakeavceleb_03625_Caucasian(European)_women_id00325,per-clip-v1
0.003012,0,,librispeech_0181,impostor_8,fakeavceleb_03183_Caucasian(American)_women_id03696,per-clip-v1
-0.003467,0,,librispeech_0181,impostor_9,librispeech_0022,per-clip-v1
0.091968,0,,librispeech_0181,impostor_10,librispeech_0437,per-clip-v1
0.845344,1,,librispeech_0182,genuine,librispeech_0182,per-clip-v1
0.041569,0,,librispeech_0182,impostor_1,librispeech_0040,per-clip-v1
0.032671,0,,librispeech_0182,impostor_2,fakeavceleb_02557_Caucasian(American)_men_id00049,per-clip-v1
0.044395,0,,librispeech_0182,impostor_3,fakeavceleb_01020_African_women_id02508,per-clip-v1
0.185737,0,,librispeech_0182,impostor_4,librispeech_0460,per-clip-v1
-0.035848,0,,librispeech_0182,impostor_5,fakeavceleb_00313_Caucasian(American)_men_id00243,per-clip-v1
0.089137,0,,librispeech_0182,impostor_6,fakeavceleb_00031_African_men_id01637,per-clip-v1
-0.014873,0,,librispeech_0182,impostor_7,fakeavceleb_01332_Asian(East)_men_id03889,per-clip-v1
-0.021191,0,,librispeech_0182,impostor_8,librispeech_0114,per-clip-v1
-0.060584,0,,librispeech_0182,impostor_9,fakeavceleb_02855_Caucasian(American)_men_id04221,per-clip-v1
0.174460,0,,librispeech_0182,impostor_10,librispeech_0147,per-clip-v1
0.881023,1,,librispeech_0183,genuine,librispeech_0183,per-clip-v1
0.127593,0,,librispeech_0183,impostor_1,fakeavceleb_03380_Caucasian(European)_men_id00548,per-clip-v1
-0.009986,0,,librispeech_0183,impostor_2,fakeavceleb_03830_Caucasian(European)_women_id03651,per-clip-v1
0.027933,0,,librispeech_0183,impostor_3,fakeavceleb_03433_Caucasian(European)_men_id00963,per-clip-v1
-0.015886,0,,librispeech_0183,impostor_4,librispeech_0487,per-clip-v1
0.000846,0,,librispeech_0183,impostor_5,fakeavceleb_02012_Asian(South)_men_id04554,per-clip-v1
0.178068,0,,librispeech_0183,impostor_6,fakeavceleb_02000_Asian(South)_men_id04526,per-clip-v1
-0.028503,0,,librispeech_0183,impostor_7,fakeavceleb_01314_Asian(East)_men_id02553,per-clip-v1
0.110621,0,,librispeech_0183,impostor_8,librispeech_0065,per-clip-v1
-0.062434,0,,librispeech_0183,impostor_9,fakeavceleb_00984_African_women_id01838,per-clip-v1
0.108117,0,,librispeech_0183,impostor_10,fakeavceleb_02975_Caucasian(American)_women_id00383,per-clip-v1
0.849623,1,,librispeech_0184,genuine,librispeech_0184,per-clip-v1
0.084631,0,,librispeech_0184,impostor_1,fakeavceleb_01799_Asian(East)_women_id08397,per-clip-v1
0.026875,0,,librispeech_0184,impostor_2,fakeavceleb_03219_Caucasian(European)_men_id00063,per-clip-v1
0.058083,0,,librispeech_0184,impostor_3,asvspoof_0185,per-clip-v1
0.156362,0,,librispeech_0184,impostor_4,librispeech_0288,per-clip-v1
0.087536,0,,librispeech_0184,impostor_5,fakeavceleb_00164_Asian(East)_women_id03940,per-clip-v1
-0.051138,0,,librispeech_0184,impostor_6,asvspoof_0403,per-clip-v1
0.217297,0,,librispeech_0184,impostor_7,librispeech_0200,per-clip-v1
0.082241,0,,librispeech_0184,impostor_8,asvspoof_0418,per-clip-v1
0.183493,0,,librispeech_0184,impostor_9,fakeavceleb_00543_African_men_id00366,per-clip-v1
0.061007,0,,librispeech_0184,impostor_10,fakeavceleb_02391_Asian(South)_women_id05845,per-clip-v1
0.888086,1,,librispeech_0185,genuine,librispeech_0185,per-clip-v1
-0.085780,0,,librispeech_0185,impostor_1,fakeavceleb_01069_African_women_id03569,per-clip-v1
-0.037048,0,,librispeech_0185,impostor_2,fakeavceleb_03334_Caucasian(European)_men_id00368,per-clip-v1
0.149700,0,,librispeech_0185,impostor_3,librispeech_0132,per-clip-v1
0.118517,0,,librispeech_0185,impostor_4,fakeavceleb_02488_Asian(South)_women_id07078,per-clip-v1
0.104720,0,,librispeech_0185,impostor_5,fakeavceleb_02150_Asian(South)_men_id07233,per-clip-v1
-0.012624,0,,librispeech_0185,impostor_6,fakeavceleb_00363_Caucasian(American)_women_id00385,per-clip-v1
0.096561,0,,librispeech_0185,impostor_7,fakeavceleb_02214_Asian(South)_women_id00417,per-clip-v1
0.025832,0,,librispeech_0185,impostor_8,librispeech_0408,per-clip-v1
-0.033438,0,,librispeech_0185,impostor_9,fakeavceleb_03832_Caucasian(European)_women_id03651,per-clip-v1
-0.033717,0,,librispeech_0185,impostor_10,fakeavceleb_02540_Caucasian(American)_men_id00021,per-clip-v1
0.817833,1,,librispeech_0186,genuine,librispeech_0186,per-clip-v1
-0.079484,0,,librispeech_0186,impostor_1,fakeavceleb_01861_Asian(South)_men_id00033,per-clip-v1
-0.085480,0,,librispeech_0186,impostor_2,fakeavceleb_02695_Caucasian(American)_men_id00971,per-clip-v1
0.098214,0,,librispeech_0186,impostor_3,librispeech_0197,per-clip-v1
0.020180,0,,librispeech_0186,impostor_4,fakeavceleb_02283_Asian(South)_women_id03559,per-clip-v1
0.090214,0,,librispeech_0186,impostor_5,librispeech_0274,per-clip-v1
0.016052,0,,librispeech_0186,impostor_6,fakeavceleb_00403_Caucasian(European)_men_id00183,per-clip-v1
0.017504,0,,librispeech_0186,impostor_7,fakeavceleb_01104_African_women_id04055,per-clip-v1
-0.023481,0,,librispeech_0186,impostor_8,fakeavceleb_00963_African_women_id01532,per-clip-v1
0.030363,0,,librispeech_0186,impostor_9,fakeavceleb_03796_Caucasian(European)_women_id01001,per-clip-v1
-0.008716,0,,librispeech_0186,impostor_10,fakeavceleb_02833_Caucasian(American)_men_id04034,per-clip-v1
0.863264,1,,librispeech_0187,genuine,librispeech_0187,per-clip-v1
-0.130736,0,,librispeech_0187,impostor_1,fakeavceleb_03273_Caucasian(European)_men_id00225,per-clip-v1
0.262077,0,,librispeech_0187,impostor_2,fakeavceleb_03277_Caucasian(European)_men_id00241,per-clip-v1
-0.181972,0,,librispeech_0187,impostor_3,fakeavceleb_03380_Caucasian(European)_men_id00548,per-clip-v1
-0.002674,0,,librispeech_0187,impostor_4,fakeavceleb_01201_Asian(East)_men_id00056,per-clip-v1
-0.007105,0,,librispeech_0187,impostor_5,fakeavceleb_00225_Asian(South)_men_id04562,per-clip-v1
0.038896,0,,librispeech_0187,impostor_6,fakeavceleb_02954_Caucasian(American)_women_id00291,per-clip-v1
-0.029749,0,,librispeech_0187,impostor_7,fakeavceleb_00894_African_women_id00460,per-clip-v1
-0.030476,0,,librispeech_0187,impostor_8,fakeavceleb_03331_Caucasian(European)_men_id00358,per-clip-v1
0.035720,0,,librispeech_0187,impostor_9,asvspoof_0133,per-clip-v1
0.272733,0,,librispeech_0187,impostor_10,librispeech_0341,per-clip-v1
0.859395,1,,librispeech_0188,genuine,librispeech_0188,per-clip-v1
0.104081,0,,librispeech_0188,impostor_1,fakeavceleb_03015_Caucasian(American)_women_id00458,per-clip-v1
-0.014351,0,,librispeech_0188,impostor_2,fakeavceleb_03391_Caucasian(European)_men_id00594,per-clip-v1
0.369988,0,,librispeech_0188,impostor_3,librispeech_0137,per-clip-v1
0.303498,0,,librispeech_0188,impostor_4,librispeech_0418,per-clip-v1
0.008416,0,,librispeech_0188,impostor_5,librispeech_0277,per-clip-v1
-0.017366,0,,librispeech_0188,impostor_6,fakeavceleb_01104_African_women_id04055,per-clip-v1
0.029438,0,,librispeech_0188,impostor_7,fakeavceleb_03143_Caucasian(American)_women_id01245,per-clip-v1
0.079228,0,,librispeech_0188,impostor_8,fakeavceleb_01268_Asian(East)_men_id01212,per-clip-v1
0.242866,0,,librispeech_0188,impostor_9,librispeech_0337,per-clip-v1
-0.024070,0,,librispeech_0188,impostor_10,fakeavceleb_02369_Asian(South)_women_id05434,per-clip-v1
0.629405,1,,librispeech_0189,genuine,librispeech_0189,per-clip-v1
-0.000054,0,,librispeech_0189,impostor_1,asvspoof_0208,per-clip-v1
0.012516,0,,librispeech_0189,impostor_2,fakeavceleb_03819_Caucasian(European)_women_id03620,per-clip-v1
0.054844,0,,librispeech_0189,impostor_3,fakeavceleb_02979_Caucasian(American)_women_id00385,per-clip-v1
-0.069654,0,,librispeech_0189,impostor_4,fakeavceleb_02142_Asian(South)_men_id07210,per-clip-v1
0.039420,0,,librispeech_0189,impostor_5,fakeavceleb_01769_Asian(East)_women_id07039,per-clip-v1
-0.081768,0,,librispeech_0189,impostor_6,fakeavceleb_02137_Asian(South)_men_id07200,per-clip-v1
-0.007479,0,,librispeech_0189,impostor_7,fakeavceleb_00877_African_women_id00371,per-clip-v1
0.139241,0,,librispeech_0189,impostor_8,fakeavceleb_01226_Asian(East)_men_id00560,per-clip-v1
0.045098,0,,librispeech_0189,impostor_9,fakeavceleb_02303_Asian(South)_women_id03985,per-clip-v1
0.156296,0,,librispeech_0189,impostor_10,librispeech_0219,per-clip-v1
0.888613,1,,librispeech_0190,genuine,librispeech_0190,per-clip-v1
0.023405,0,,librispeech_0190,impostor_1,fakeavceleb_02935_Caucasian(American)_women_id00231,per-clip-v1
0.027283,0,,librispeech_0190,impostor_2,fakeavceleb_01685_Asian(East)_women_id05631,per-clip-v1
0.089276,0,,librispeech_0190,impostor_3,fakeavceleb_00789_African_men_id02005,per-clip-v1
-0.105741,0,,librispeech_0190,impostor_4,fakeavceleb_02229_Asian(South)_women_id00488,per-clip-v1
-0.025043,0,,librispeech_0190,impostor_5,fakeavceleb_03003_Caucasian(American)_women_id00431,per-clip-v1
0.163759,0,,librispeech_0190,impostor_6,fakeavceleb_02363_Asian(South)_women_id05434,per-clip-v1
-0.035887,0,,librispeech_0190,impostor_7,fakeavceleb_01264_Asian(East)_men_id01212,per-clip-v1
0.151453,0,,librispeech_0190,impostor_8,fakeavceleb_02447_Asian(South)_women_id06437,per-clip-v1
0.104822,0,,librispeech_0190,impostor_9,fakeavceleb_03816_Caucasian(European)_women_id03589,per-clip-v1
0.227417,0,,librispeech_0190,impostor_10,fakeavceleb_00325_Caucasian(American)_men_id01042,per-clip-v1
0.809531,1,,librispeech_0191,genuine,librispeech_0191,per-clip-v1
-0.073550,0,,librispeech_0191,impostor_1,fakeavceleb_02338_Asian(South)_women_id04564,per-clip-v1
0.177916,0,,librispeech_0191,impostor_2,librispeech_0285,per-clip-v1
0.021970,0,,librispeech_0191,impostor_3,fakeavceleb_03700_Caucasian(European)_women_id00484,per-clip-v1
0.011957,0,,librispeech_0191,impostor_4,fakeavceleb_01672_Asian(East)_women_id05576,per-clip-v1
-0.192167,0,,librispeech_0191,impostor_5,fakeavceleb_01079_African_women_id03656,per-clip-v1
0.154448,0,,librispeech_0191,impostor_6,librispeech_0365,per-clip-v1
0.011252,0,,librispeech_0191,impostor_7,librispeech_0148,per-clip-v1
-0.009243,0,,librispeech_0191,impostor_8,librispeech_0153,per-clip-v1
-0.106458,0,,librispeech_0191,impostor_9,fakeavceleb_02450_Asian(South)_women_id06438,per-clip-v1
0.038169,0,,librispeech_0191,impostor_10,librispeech_0293,per-clip-v1
0.506677,1,,librispeech_0192,genuine,librispeech_0192,per-clip-v1
0.085457,0,,librispeech_0192,impostor_1,fakeavceleb_01118_African_women_id04376,per-clip-v1
0.042631,0,,librispeech_0192,impostor_2,librispeech_0233,per-clip-v1
-0.021412,0,,librispeech_0192,impostor_3,fakeavceleb_03520_Caucasian(European)_men_id03205,per-clip-v1
0.002791,0,,librispeech_0192,impostor_4,fakeavceleb_01848_Asian(East)_women_id09181,per-clip-v1
-0.033482,0,,librispeech_0192,impostor_5,fakeavceleb_02281_Asian(South)_women_id03559,per-clip-v1
0.025050,0,,librispeech_0192,impostor_6,fakeavceleb_03618_Caucasian(European)_women_id00287,per-clip-v1
-0.003819,0,,librispeech_0192,impostor_7,fakeavceleb_03768_Caucasian(European)_women_id00806,per-clip-v1
-0.132555,0,,librispeech_0192,impostor_8,fakeavceleb_00991_African_women_id01907,per-clip-v1
0.095382,0,,librispeech_0192,impostor_9,librispeech_0320,per-clip-v1
-0.017707,0,,librispeech_0192,impostor_10,fakeavceleb_01296_Asian(East)_men_id02332,per-clip-v1
0.781539,1,,librispeech_0193,genuine,librispeech_0193,per-clip-v1
-0.010140,0,,librispeech_0193,impostor_1,librispeech_0457,per-clip-v1
0.077258,0,,librispeech_0193,impostor_2,fakeavceleb_01345_Asian(East)_men_id04111,per-clip-v1
-0.027972,0,,librispeech_0193,impostor_3,fakeavceleb_02906_Caucasian(American)_women_id00145,per-clip-v1
-0.040328,0,,librispeech_0193,impostor_4,librispeech_0135,per-clip-v1
0.050632,0,,librispeech_0193,impostor_5,asvspoof_0392,per-clip-v1
0.021337,0,,librispeech_0193,impostor_6,librispeech_0220,per-clip-v1
0.044853,0,,librispeech_0193,impostor_7,librispeech_0408,per-clip-v1
0.080824,0,,librispeech_0193,impostor_8,librispeech_0004,per-clip-v1
0.279344,0,,librispeech_0193,impostor_9,librispeech_0332,per-clip-v1
-0.021875,0,,librispeech_0193,impostor_10,fakeavceleb_02783_Caucasian(American)_men_id01201,per-clip-v1
0.755976,1,,librispeech_0194,genuine,librispeech_0194,per-clip-v1
-0.000415,0,,librispeech_0194,impostor_1,librispeech_0432,per-clip-v1
0.134815,0,,librispeech_0194,impostor_2,librispeech_0253,per-clip-v1
0.066567,0,,librispeech_0194,impostor_3,fakeavceleb_03513_Caucasian(European)_men_id02567,per-clip-v1
-0.102661,0,,librispeech_0194,impostor_4,asvspoof_0206,per-clip-v1
0.018938,0,,librispeech_0194,impostor_5,fakeavceleb_01136_African_women_id04689,per-clip-v1
0.051113,0,,librispeech_0194,impostor_6,fakeavceleb_02015_Asian(South)_men_id04560,per-clip-v1
-0.067007,0,,librispeech_0194,impostor_7,fakeavceleb_01633_Asian(East)_women_id03940,per-clip-v1
0.246469,0,,librispeech_0194,impostor_8,librispeech_0139,per-clip-v1
0.090823,0,,librispeech_0194,impostor_9,asvspoof_0173,per-clip-v1
0.147550,0,,librispeech_0194,impostor_10,fakeavceleb_00123_Asian(East)_men_id04691,per-clip-v1
0.807680,1,,librispeech_0195,genuine,librispeech_0195,per-clip-v1
-0.072914,0,,librispeech_0195,impostor_1,fakeavceleb_03364_Caucasian(European)_men_id00520,per-clip-v1
-0.100507,0,,librispeech_0195,impostor_2,fakeavceleb_02581_Caucasian(American)_men_id00062,per-clip-v1
0.195633,0,,librispeech_0195,impostor_3,asvspoof_0195,per-clip-v1
0.029859,0,,librispeech_0195,impostor_4,librispeech_0344,per-clip-v1
0.246185,0,,librispeech_0195,impostor_5,fakeavceleb_01160_African_women_id05106,per-clip-v1
0.016276,0,,librispeech_0195,impostor_6,fakeavceleb_03544_Caucasian(European)_women_id00068,per-clip-v1
-0.029032,0,,librispeech_0195,impostor_7,fakeavceleb_00663_African_men_id01521,per-clip-v1
-0.007315,0,,librispeech_0195,impostor_8,librispeech_0358,per-clip-v1
-0.003863,0,,librispeech_0195,impostor_9,librispeech_0002,per-clip-v1
0.152826,0,,librispeech_0195,impostor_10,fakeavceleb_03632_Caucasian(European)_women_id00328,per-clip-v1
0.849456,1,,librispeech_0196,genuine,librispeech_0196,per-clip-v1
0.029880,0,,librispeech_0196,impostor_1,fakeavceleb_01652_Asian(East)_women_id04414,per-clip-v1
0.115658,0,,librispeech_0196,impostor_2,librispeech_0207,per-clip-v1
0.010856,0,,librispeech_0196,impostor_3,fakeavceleb_00575_African_men_id00701,per-clip-v1
0.041556,0,,librispeech_0196,impostor_4,librispeech_0089,per-clip-v1
0.061396,0,,librispeech_0196,impostor_5,librispeech_0197,per-clip-v1
0.146245,0,,librispeech_0196,impostor_6,fakeavceleb_00207_Asian(South)_men_id00459,per-clip-v1
-0.022799,0,,librispeech_0196,impostor_7,fakeavceleb_03109_Caucasian(American)_women_id01223,per-clip-v1
0.035032,0,,librispeech_0196,impostor_8,fakeavceleb_03736_Caucasian(European)_women_id00589,per-clip-v1
0.007759,0,,librispeech_0196,impostor_9,fakeavceleb_02386_Asian(South)_women_id05478,per-clip-v1
0.139444,0,,librispeech_0196,impostor_10,librispeech_0431,per-clip-v1
0.821624,1,,librispeech_0197,genuine,librispeech_0197,per-clip-v1
-0.037850,0,,librispeech_0197,impostor_1,fakeavceleb_00723_African_men_id01637,per-clip-v1
0.014054,0,,librispeech_0197,impostor_2,fakeavceleb_01346_Asian(East)_men_id04111,per-clip-v1
0.036168,0,,librispeech_0197,impostor_3,fakeavceleb_00449_Caucasian(European)_men_id03205,per-clip-v1
0.019602,0,,librispeech_0197,impostor_4,fakeavceleb_01457_Asian(East)_men_id08299,per-clip-v1
0.068312,0,,librispeech_0197,impostor_5,asvspoof_0136,per-clip-v1
0.017924,0,,librispeech_0197,impostor_6,librispeech_0320,per-clip-v1
0.054972,0,,librispeech_0197,impostor_7,librispeech_0062,per-clip-v1
-0.063017,0,,librispeech_0197,impostor_8,fakeavceleb_03314_Caucasian(European)_men_id00292,per-clip-v1
-0.053278,0,,librispeech_0197,impostor_9,fakeavceleb_03597_Caucasian(European)_women_id00270,per-clip-v1
0.162170,0,,librispeech_0197,impostor_10,librispeech_0194,per-clip-v1
0.856686,1,,librispeech_0198,genuine,librispeech_0198,per-clip-v1
0.151360,0,,librispeech_0198,impostor_1,librispeech_0124,per-clip-v1
0.046851,0,,librispeech_0198,impostor_2,librispeech_0488,per-clip-v1
-0.113603,0,,librispeech_0198,impostor_3,fakeavceleb_01970_Asian(South)_men_id00857,per-clip-v1
0.011971,0,,librispeech_0198,impostor_4,fakeavceleb_02015_Asian(South)_men_id04560,per-clip-v1
0.301224,0,,librispeech_0198,impostor_5,librispeech_0349,per-clip-v1
0.004705,0,,librispeech_0198,impostor_6,fakeavceleb_01994_Asian(South)_men_id03945,per-clip-v1
0.141809,0,,librispeech_0198,impostor_7,librispeech_0211,per-clip-v1
0.081552,0,,librispeech_0198,impostor_8,fakeavceleb_01604_Asian(East)_women_id02587,per-clip-v1
0.149683,0,,librispeech_0198,impostor_9,librispeech_0303,per-clip-v1
-0.082545,0,,librispeech_0198,impostor_10,fakeavceleb_00415_Caucasian(European)_men_id00305,per-clip-v1
0.871407,1,,librispeech_0199,genuine,librispeech_0199,per-clip-v1
0.069619,0,,librispeech_0199,impostor_1,fakeavceleb_02390_Asian(South)_women_id05845,per-clip-v1
0.042290,0,,librispeech_0199,impostor_2,fakeavceleb_03013_Caucasian(American)_women_id00458,per-clip-v1
-0.075324,0,,librispeech_0199,impostor_3,fakeavceleb_02682_Caucasian(American)_men_id00777,per-clip-v1
0.129447,0,,librispeech_0199,impostor_4,asvspoof_0064,per-clip-v1
0.087821,0,,librispeech_0199,impostor_5,fakeavceleb_02447_Asian(South)_women_id06437,per-clip-v1
0.331135,0,,librispeech_0199,impostor_6,librispeech_0315,per-clip-v1
0.129679,0,,librispeech_0199,impostor_7,librispeech_0161,per-clip-v1
-0.045281,0,,librispeech_0199,impostor_8,fakeavceleb_00654_African_men_id01452,per-clip-v1
0.092509,0,,librispeech_0199,impostor_9,fakeavceleb_03079_Caucasian(American)_women_id00848,per-clip-v1
0.161886,0,,librispeech_0199,impostor_10,fakeavceleb_00818_African_men_id02296,per-clip-v1
0.858838,1,,librispeech_0200,genuine,librispeech_0200,per-clip-v1
0.058826,0,,librispeech_0200,impostor_1,fakeavceleb_00853_African_men_id04727,per-clip-v1
-0.057629,0,,librispeech_0200,impostor_2,fakeavceleb_00518_African_men_id00166,per-clip-v1
0.102128,0,,librispeech_0200,impostor_3,fakeavceleb_00587_African_men_id00830,per-clip-v1
0.005934,0,,librispeech_0200,impostor_4,fakeavceleb_02937_Caucasian(American)_women_id00231,per-clip-v1
0.194571,0,,librispeech_0200,impostor_5,librispeech_0311,per-clip-v1
0.102001,0,,librispeech_0200,impostor_6,fakeavceleb_03473_Caucasian(European)_men_id01099,per-clip-v1
0.220193,0,,librispeech_0200,impostor_7,librispeech_0046,per-clip-v1
-0.006816,0,,librispeech_0200,impostor_8,librispeech_0488,per-clip-v1
0.117215,0,,librispeech_0200,impostor_9,librispeech_0257,per-clip-v1
0.146381,0,,librispeech_0200,impostor_10,librispeech_0412,per-clip-v1
0.878567,1,,librispeech_0201,genuine,librispeech_0201,per-clip-v1
-0.095913,0,,librispeech_0201,impostor_1,fakeavceleb_02286_Asian(South)_women_id03815,per-clip-v1
-0.033950,0,,librispeech_0201,impostor_2,fakeavceleb_03578_Caucasian(European)_women_id00232,per-clip-v1
0.127553,0,,librispeech_0201,impostor_3,fakeavceleb_01653_Asian(East)_women_id04414,per-clip-v1
0.027727,0,,librispeech_0201,impostor_4,librispeech_0364,per-clip-v1
0.105687,0,,librispeech_0201,impostor_5,asvspoof_0297,per-clip-v1
0.173141,0,,librispeech_0201,impostor_6,fakeavceleb_01431_Asian(East)_men_id06594,per-clip-v1
0.174746,0,,librispeech_0201,impostor_7,librispeech_0474,per-clip-v1
0.101378,0,,librispeech_0201,impostor_8,fakeavceleb_02589_Caucasian(American)_men_id00087,per-clip-v1
0.035992,0,,librispeech_0201,impostor_9,fakeavceleb_02283_Asian(South)_women_id03559,per-clip-v1
0.058749,0,,librispeech_0201,impostor_10,fakeavceleb_00419_Caucasian(European)_men_id00415,per-clip-v1
0.850595,1,,librispeech_0202,genuine,librispeech_0202,per-clip-v1
0.064074,0,,librispeech_0202,impostor_1,fakeavceleb_02591_Caucasian(American)_men_id00088,per-clip-v1
-0.019906,0,,librispeech_0202,impostor_2,fakeavceleb_00236_Asian(South)_men_id07163,per-clip-v1
-0.008850,0,,librispeech_0202,impostor_3,librispeech_0268,per-clip-v1
0.047004,0,,librispeech_0202,impostor_4,librispeech_0022,per-clip-v1
0.082793,0,,librispeech_0202,impostor_5,asvspoof_0097,per-clip-v1
-0.005936,0,,librispeech_0202,impostor_6,fakeavceleb_02986_Caucasian(American)_women_id00398,per-clip-v1
0.211942,0,,librispeech_0202,impostor_7,librispeech_0397,per-clip-v1
-0.035111,0,,librispeech_0202,impostor_8,fakeavceleb_03743_Caucasian(European)_women_id00591,per-clip-v1
-0.076650,0,,librispeech_0202,impostor_9,librispeech_0334,per-clip-v1
-0.018446,0,,librispeech_0202,impostor_10,fakeavceleb_02297_Asian(South)_women_id03985,per-clip-v1
0.842365,1,,librispeech_0203,genuine,librispeech_0203,per-clip-v1
0.083814,0,,librispeech_0203,impostor_1,librispeech_0123,per-clip-v1
0.098740,0,,librispeech_0203,impostor_2,fakeavceleb_03169_Caucasian(American)_women_id02466,per-clip-v1
-0.087366,0,,librispeech_0203,impostor_3,fakeavceleb_02162_Asian(South)_men_id08313,per-clip-v1
0.069326,0,,librispeech_0203,impostor_4,fakeavceleb_02968_Caucasian(American)_women_id00381,per-clip-v1
-0.022862,0,,librispeech_0203,impostor_5,fakeavceleb_03333_Caucasian(European)_men_id00368,per-clip-v1
-0.115016,0,,librispeech_0203,impostor_6,fakeavceleb_03350_Caucasian(European)_men_id00498,per-clip-v1
0.076394,0,,librispeech_0203,impostor_7,librispeech_0411,per-clip-v1
-0.075273,0,,librispeech_0203,impostor_8,fakeavceleb_01339_Asian(East)_men_id03965,per-clip-v1
0.040921,0,,librispeech_0203,impostor_9,fakeavceleb_00195_Asian(East)_women_id09125,per-clip-v1
-0.025672,0,,librispeech_0203,impostor_10,fakeavceleb_00557_African_men_id00476,per-clip-v1
0.895545,1,,librispeech_0204,genuine,librispeech_0204,per-clip-v1
-0.095447,0,,librispeech_0204,impostor_1,librispeech_0399,per-clip-v1
-0.004735,0,,librispeech_0204,impostor_2,fakeavceleb_03600_Caucasian(European)_women_id00271,per-clip-v1
0.144170,0,,librispeech_0204,impostor_3,librispeech_0217,per-clip-v1
-0.035643,0,,librispeech_0204,impostor_4,asvspoof_0055,per-clip-v1
0.161406,0,,librispeech_0204,impostor_5,librispeech_0454,per-clip-v1
0.139569,0,,librispeech_0204,impostor_6,librispeech_0229,per-clip-v1
-0.052857,0,,librispeech_0204,impostor_7,fakeavceleb_01999_Asian(South)_men_id04526,per-clip-v1
0.109529,0,,librispeech_0204,impostor_8,fakeavceleb_03389_Caucasian(European)_men_id00559,per-clip-v1
-0.037881,0,,librispeech_0204,impostor_9,fakeavceleb_01539_Asian(East)_women_id00566,per-clip-v1
0.103180,0,,librispeech_0204,impostor_10,asvspoof_0108,per-clip-v1
0.832382,1,,librispeech_0205,genuine,librispeech_0205,per-clip-v1
0.107455,0,,librispeech_0205,impostor_1,librispeech_0197,per-clip-v1
0.111454,0,,librispeech_0205,impostor_2,librispeech_0355,per-clip-v1
0.030084,0,,librispeech_0205,impostor_3,fakeavceleb_00060_African_women_id01178,per-clip-v1
0.075203,0,,librispeech_0205,impostor_4,fakeavceleb_00199_Asian(East)_women_id09181,per-clip-v1
0.071366,0,,librispeech_0205,impostor_5,librispeech_0074,per-clip-v1
-0.018602,0,,librispeech_0205,impostor_6,fakeavceleb_01422_Asian(East)_men_id06470,per-clip-v1
0.266692,0,,librispeech_0205,impostor_7,librispeech_0400,per-clip-v1
0.024449,0,,librispeech_0205,impostor_8,fakeavceleb_01690_Asian(East)_women_id05844,per-clip-v1
0.124074,0,,librispeech_0205,impostor_9,librispeech_0285,per-clip-v1
0.134664,0,,librispeech_0205,impostor_10,librispeech_0224,per-clip-v1
0.660905,1,,librispeech_0206,genuine,librispeech_0206,per-clip-v1
0.004160,0,,librispeech_0206,impostor_1,fakeavceleb_02839_Caucasian(American)_men_id04216,per-clip-v1
-0.011205,0,,librispeech_0206,impostor_2,librispeech_0021,per-clip-v1
-0.030504,0,,librispeech_0206,impostor_3,fakeavceleb_03190_Caucasian(American)_women_id03707,per-clip-v1
-0.066281,0,,librispeech_0206,impostor_4,fakeavceleb_00762_African_men_id01933,per-clip-v1
-0.094514,0,,librispeech_0206,impostor_5,librispeech_0039,per-clip-v1
0.246853,0,,librispeech_0206,impostor_6,fakeavceleb_03101_Caucasian(American)_women_id01091,per-clip-v1
0.071639,0,,librispeech_0206,impostor_7,fakeavceleb_00183_Asian(East)_women_id06443,per-clip-v1
0.071388,0,,librispeech_0206,impostor_8,fakeavceleb_00267_Asian(South)_women_id04070,per-clip-v1
0.012511,0,,librispeech_0206,impostor_9,fakeavceleb_03237_Caucasian(European)_men_id00183,per-clip-v1
0.061338,0,,librispeech_0206,impostor_10,fakeavceleb_00570_African_men_id00518,per-clip-v1
0.873559,1,,librispeech_0207,genuine,librispeech_0207,per-clip-v1
0.150822,0,,librispeech_0207,impostor_1,asvspoof_0171,per-clip-v1
-0.004264,0,,librispeech_0207,impostor_2,fakeavceleb_03116_Caucasian(American)_women_id01225,per-clip-v1
-0.009170,0,,librispeech_0207,impostor_3,fakeavceleb_01382_Asian(East)_men_id05268,per-clip-v1
0.083708,0,,librispeech_0207,impostor_4,librispeech_0226,per-clip-v1
0.006788,0,,librispeech_0207,impostor_5,fakeavceleb_00758_African_men_id01920,per-clip-v1
0.035628,0,,librispeech_0207,impostor_6,librispeech_0279,per-clip-v1
0.075409,0,,librispeech_0207,impostor_7,librispeech_0326,per-clip-v1
0.042677,0,,librispeech_0207,impostor_8,librispeech_0254,per-clip-v1
0.024318,0,,librispeech_0207,impostor_9,fakeavceleb_01075_African_women_id03569,per-clip-v1
0.124312,0,,librispeech_0207,impostor_10,fakeavceleb_01261_Asian(East)_men_id01204,per-clip-v1
0.860092,1,,librispeech_0208,genuine,librispeech_0208,per-clip-v1
0.017146,0,,librispeech_0208,impostor_1,fakeavceleb_00115_Asian(East)_men_id02561,per-clip-v1
0.088631,0,,librispeech_0208,impostor_2,fakeavceleb_01736_Asian(East)_women_id06225,per-clip-v1
0.014351,0,,librispeech_0208,impostor_3,fakeavceleb_02792_Caucasian(American)_men_id01210,per-clip-v1
0.217537,0,,librispeech_0208,impostor_4,fakeavceleb_01803_Asian(East)_women_id08397,per-clip-v1
-0.045594,0,,librispeech_0208,impostor_5,fakeavceleb_03303_Caucasian(European)_men_id00266,per-clip-v1
0.163807,0,,librispeech_0208,impostor_6,asvspoof_0411,per-clip-v1
-0.010253,0,,librispeech_0208,impostor_7,fakeavceleb_00679_African_men_id01530,per-clip-v1
0.167244,0,,librispeech_0208,impostor_8,fakeavceleb_01852_Asian(South)_men_id00032,per-clip-v1
0.048047,0,,librispeech_0208,impostor_9,fakeavceleb_00834_African_men_id02494,per-clip-v1
-0.059419,0,,librispeech_0208,impostor_10,fakeavceleb_02464_Asian(South)_women_id06445,per-clip-v1
0.747056,1,,librispeech_0209,genuine,librispeech_0209,per-clip-v1
-0.085346,0,,librispeech_0209,impostor_1,fakeavceleb_00126_Asian(East)_men_id04789,per-clip-v1
-0.085807,0,,librispeech_0209,impostor_2,librispeech_0326,per-clip-v1
-0.033969,0,,librispeech_0209,impostor_3,librispeech_0469,per-clip-v1
0.156361,0,,librispeech_0209,impostor_4,fakeavceleb_02511_Asian(South)_women_id07686,per-clip-v1
0.033756,0,,librispeech_0209,impostor_5,fakeavceleb_03544_Caucasian(European)_women_id00068,per-clip-v1
0.014240,0,,librispeech_0209,impostor_6,fakeavceleb_01061_African_women_id02948,per-clip-v1
-0.043528,0,,librispeech_0209,impostor_7,librispeech_0442,per-clip-v1
0.071197,0,,librispeech_0209,impostor_8,fakeavceleb_00291_Asian(South)_women_id07008,per-clip-v1
0.092049,0,,librispeech_0209,impostor_9,librispeech_0370,per-clip-v1
-0.024442,0,,librispeech_0209,impostor_10,fakeavceleb_01107_African_women_id04245,per-clip-v1
0.865993,1,,librispeech_0210,genuine,librispeech_0210,per-clip-v1
0.147602,0,,librispeech_0210,impostor_1,librispeech_0400,per-clip-v1
0.076900,0,,librispeech_0210,impostor_2,fakeavceleb_02396_Asian(South)_women_id05920,per-clip-v1
0.066581,0,,librispeech_0210,impostor_3,fakeavceleb_00025_African_men_id01528,per-clip-v1
0.047347,0,,librispeech_0210,impostor_4,librispeech_0315,per-clip-v1
0.023245,0,,librispeech_0210,impostor_5,librispeech_0344,per-clip-v1
0.214884,0,,librispeech_0210,impostor_6,librispeech_0061,per-clip-v1
0.019457,0,,librispeech_0210,impostor_7,fakeavceleb_03456_Caucasian(European)_men_id01052,per-clip-v1
-0.012438,0,,librispeech_0210,impostor_8,fakeavceleb_01999_Asian(South)_men_id04526,per-clip-v1
0.007394,0,,librispeech_0210,impostor_9,asvspoof_0296,per-clip-v1
0.029719,0,,librispeech_0210,impostor_10,fakeavceleb_03169_Caucasian(American)_women_id02466,per-clip-v1
0.874279,1,,librispeech_0211,genuine,librispeech_0211,per-clip-v1
0.149603,0,,librispeech_0211,impostor_1,fakeavceleb_02383_Asian(South)_women_id05478,per-clip-v1
0.079562,0,,librispeech_0211,impostor_2,librispeech_0084,per-clip-v1
-0.042265,0,,librispeech_0211,impostor_3,fakeavceleb_00195_Asian(East)_women_id09125,per-clip-v1
0.187602,0,,librispeech_0211,impostor_4,fakeavceleb_00193_Asian(East)_women_id08819,per-clip-v1
0.348164,0,,librispeech_0211,impostor_5,librispeech_0420,per-clip-v1
0.087268,0,,librispeech_0211,impostor_6,librispeech_0438,per-clip-v1
-0.035279,0,,librispeech_0211,impostor_7,librispeech_0143,per-clip-v1
0.026298,0,,librispeech_0211,impostor_8,librispeech_0396,per-clip-v1
0.181318,0,,librispeech_0211,impostor_9,fakeavceleb_01096_African_women_id03747,per-clip-v1
0.109994,0,,librispeech_0211,impostor_10,asvspoof_0328,per-clip-v1
0.822264,1,,librispeech_0212,genuine,librispeech_0212,per-clip-v1
0.121011,0,,librispeech_0212,impostor_1,librispeech_0021,per-clip-v1
-0.150408,0,,librispeech_0212,impostor_2,fakeavceleb_02816_Caucasian(American)_men_id03668,per-clip-v1
0.032109,0,,librispeech_0212,impostor_3,fakeavceleb_01401_Asian(East)_men_id06152,per-clip-v1
0.151018,0,,librispeech_0212,impostor_4,librispeech_0400,per-clip-v1
0.107156,0,,librispeech_0212,impostor_5,fakeavceleb_00518_African_men_id00166,per-clip-v1
0.035502,0,,librispeech_0212,impostor_6,asvspoof_0451,per-clip-v1
0.014069,0,,librispeech_0212,impostor_7,fakeavceleb_00910_African_women_id00592,per-clip-v1
0.094858,0,,librispeech_0212,impostor_8,fakeavceleb_01099_African_women_id04055,per-clip-v1
-0.061290,0,,librispeech_0212,impostor_9,librispeech_0409,per-clip-v1
0.116272,0,,librispeech_0212,impostor_10,librispeech_0300,per-clip-v1
0.843115,1,,librispeech_0213,genuine,librispeech_0213,per-clip-v1
-0.072204,0,,librispeech_0213,impostor_1,asvspoof_0446,per-clip-v1
-0.006366,0,,librispeech_0213,impostor_2,fakeavceleb_01152_African_women_id04939,per-clip-v1
-0.032587,0,,librispeech_0213,impostor_3,fakeavceleb_01717_Asian(East)_women_id06065,per-clip-v1
0.021274,0,,librispeech_0213,impostor_4,fakeavceleb_02757_Caucasian(American)_men_id01172,per-clip-v1
0.040884,0,,librispeech_0213,impostor_5,fakeavceleb_00021_African_men_id01236,per-clip-v1
0.067305,0,,librispeech_0213,impostor_6,asvspoof_0403,per-clip-v1
0.023824,0,,librispeech_0213,impostor_7,fakeavceleb_02737_Caucasian(American)_men_id01124,per-clip-v1
0.021305,0,,librispeech_0213,impostor_8,fakeavceleb_01987_Asian(South)_men_id03344,per-clip-v1
0.000671,0,,librispeech_0213,impostor_9,asvspoof_0118,per-clip-v1
0.036108,0,,librispeech_0213,impostor_10,fakeavceleb_01438_Asian(East)_men_id06776,per-clip-v1
0.849220,1,,librispeech_0214,genuine,librispeech_0214,per-clip-v1
-0.051064,0,,librispeech_0214,impostor_1,fakeavceleb_02058_Asian(South)_men_id06354,per-clip-v1
0.372817,0,,librispeech_0214,impostor_2,librispeech_0044,per-clip-v1
0.083725,0,,librispeech_0214,impostor_3,fakeavceleb_01598_Asian(East)_women_id01451,per-clip-v1
0.112200,0,,librispeech_0214,impostor_4,librispeech_0353,per-clip-v1
0.097055,0,,librispeech_0214,impostor_5,fakeavceleb_02230_Asian(South)_women_id00488,per-clip-v1
-0.016238,0,,librispeech_0214,impostor_6,fakeavceleb_03457_Caucasian(European)_men_id01052,per-clip-v1
0.167042,0,,librispeech_0214,impostor_7,librispeech_0137,per-clip-v1
-0.000713,0,,librispeech_0214,impostor_8,fakeavceleb_03518_Caucasian(European)_men_id03205,per-clip-v1
-0.047041,0,,librispeech_0214,impostor_9,librispeech_0321,per-clip-v1
0.065100,0,,librispeech_0214,impostor_10,fakeavceleb_01683_Asian(East)_women_id05631,per-clip-v1
0.883257,1,,librispeech_0215,genuine,librispeech_0215,per-clip-v1
0.042971,0,,librispeech_0215,impostor_1,fakeavceleb_01347_Asian(East)_men_id04222,per-clip-v1
0.113113,0,,librispeech_0215,impostor_2,librispeech_0440,per-clip-v1
0.070235,0,,librispeech_0215,impostor_3,asvspoof_0450,per-clip-v1
-0.071840,0,,librispeech_0215,impostor_4,fakeavceleb_03123_Caucasian(American)_women_id01227,per-clip-v1
0.024282,0,,librispeech_0215,impostor_5,librispeech_0227,per-clip-v1
-0.035109,0,,librispeech_0215,impostor_6,librispeech_0326,per-clip-v1
-0.158757,0,,librispeech_0215,impostor_7,fakeavceleb_02905_Caucasian(American)_women_id00145,per-clip-v1
-0.012490,0,,librispeech_0215,impostor_8,asvspoof_0093,per-clip-v1
0.020377,0,,librispeech_0215,impostor_9,fakeavceleb_01982_Asian(South)_men_id03180,per-clip-v1
0.042781,0,,librispeech_0215,impostor_10,librispeech_0241,per-clip-v1
0.825893,1,,librispeech_0216,genuine,librispeech_0216,per-clip-v1
0.049253,0,,librispeech_0216,impostor_1,librispeech_0329,per-clip-v1
0.017314,0,,librispeech_0216,impostor_2,fakeavceleb_00455_Caucasian(European)_women_id00234,per-clip-v1
-0.051687,0,,librispeech_0216,impostor_3,librispeech_0373,per-clip-v1
-0.010061,0,,librispeech_0216,impostor_4,fakeavceleb_00844_African_men_id02494,per-clip-v1
-0.060991,0,,librispeech_0216,impostor_5,fakeavceleb_00728_African_men_id01691,per-clip-v1
0.130021,0,,librispeech_0216,impostor_6,librispeech_0396,per-clip-v1
0.043806,0,,librispeech_0216,impostor_7,fakeavceleb_03248_Caucasian(European)_men_id00186,per-clip-v1
-0.018440,0,,librispeech_0216,impostor_8,fakeavceleb_03415_Caucasian(European)_men_id00919,per-clip-v1
-0.112732,0,,librispeech_0216,impostor_9,fakeavceleb_02429_Asian(South)_women_id06343,per-clip-v1
0.021076,0,,librispeech_0216,impostor_10,fakeavceleb_03325_Caucasian(European)_men_id00305,per-clip-v1
0.833766,1,,librispeech_0217,genuine,librispeech_0217,per-clip-v1
-0.025550,0,,librispeech_0217,impostor_1,fakeavceleb_03355_Caucasian(European)_men_id00519,per-clip-v1
0.036962,0,,librispeech_0217,impostor_2,fakeavceleb_01839_Asian(East)_women_id09174,per-clip-v1
0.017913,0,,librispeech_0217,impostor_3,fakeavceleb_02494_Asian(South)_women_id07136,per-clip-v1
0.026167,0,,librispeech_0217,impostor_4,asvspoof_0147,per-clip-v1
0.110291,0,,librispeech_0217,impostor_5,fakeavceleb_01116_African_women_id04376,per-clip-v1
-0.024620,0,,librispeech_0217,impostor_6,fakeavceleb_00588_African_men_id00830,per-clip-v1
0.088791,0,,librispeech_0217,impostor_7,librispeech_0427,per-clip-v1
0.025696,0,,librispeech_0217,impostor_8,fakeavceleb_01871_Asian(South)_men_id00078,per-clip-v1
-0.141963,0,,librispeech_0217,impostor_9,fakeavceleb_02750_Caucasian(American)_men_id01168,per-clip-v1
0.061646,0,,librispeech_0217,impostor_10,fakeavceleb_01675_Asian(East)_women_id05620,per-clip-v1
0.776827,1,,librispeech_0218,genuine,librispeech_0218,per-clip-v1
0.043873,0,,librispeech_0218,impostor_1,fakeavceleb_02591_Caucasian(American)_men_id00088,per-clip-v1
0.069450,0,,librispeech_0218,impostor_2,fakeavceleb_01982_Asian(South)_men_id03180,per-clip-v1
0.009597,0,,librispeech_0218,impostor_3,librispeech_0387,per-clip-v1
0.154060,0,,librispeech_0218,impostor_4,librispeech_0367,per-clip-v1
0.043190,0,,librispeech_0218,impostor_5,fakeavceleb_01966_Asian(South)_men_id00857,per-clip-v1
0.113719,0,,librispeech_0218,impostor_6,fakeavceleb_01763_Asian(East)_women_id06462,per-clip-v1
-0.129949,0,,librispeech_0218,impostor_7,fakeavceleb_02887_Caucasian(American)_women_id00098,per-clip-v1
0.050037,0,,librispeech_0218,impostor_8,asvspoof_0407,per-clip-v1
0.182048,0,,librispeech_0218,impostor_9,librispeech_0446,per-clip-v1
0.056637,0,,librispeech_0218,impostor_10,fakeavceleb_00531_African_men_id00366,per-clip-v1
0.888860,1,,librispeech_0219,genuine,librispeech_0219,per-clip-v1
-0.066418,0,,librispeech_0219,impostor_1,fakeavceleb_01390_Asian(East)_men_id05332,per-clip-v1
0.043764,0,,librispeech_0219,impostor_2,fakeavceleb_01430_Asian(East)_men_id06594,per-clip-v1
0.092327,0,,librispeech_0219,impostor_3,librispeech_0348,per-clip-v1
-0.053201,0,,librispeech_0219,impostor_4,fakeavceleb_01952_Asian(South)_men_id00773,per-clip-v1
0.022639,0,,librispeech_0219,impostor_5,fakeavceleb_00585_African_men_id00781,per-clip-v1
-0.005149,0,,librispeech_0219,impostor_6,fakeavceleb_02839_Caucasian(American)_men_id04216,per-clip-v1
-0.046086,0,,librispeech_0219,impostor_7,fakeavceleb_02431_Asian(South)_women_id06343,per-clip-v1
0.029462,0,,librispeech_0219,impostor_8,librispeech_0411,per-clip-v1
0.098075,0,,librispeech_0219,impostor_9,librispeech_0148,per-clip-v1
0.126350,0,,librispeech_0219,impostor_10,librispeech_0163,per-clip-v1
0.863214,1,,librispeech_0220,genuine,librispeech_0220,per-clip-v1
0.076175,0,,librispeech_0220,impostor_1,fakeavceleb_00528_African_men_id00173,per-clip-v1
0.253897,0,,librispeech_0220,impostor_2,librispeech_0065,per-clip-v1
0.035622,0,,librispeech_0220,impostor_3,asvspoof_0427,per-clip-v1
-0.077180,0,,librispeech_0220,impostor_4,fakeavceleb_00134_Asian(East)_men_id06269,per-clip-v1
0.117887,0,,librispeech_0220,impostor_5,fakeavceleb_01910_Asian(South)_men_id00414,per-clip-v1
0.041733,0,,librispeech_0220,impostor_6,librispeech_0438,per-clip-v1
0.059040,0,,librispeech_0220,impostor_7,fakeavceleb_01193_African_women_id05252,per-clip-v1
-0.093795,0,,librispeech_0220,impostor_8,fakeavceleb_01079_African_women_id03656,per-clip-v1
0.082283,0,,librispeech_0220,impostor_9,fakeavceleb_02485_Asian(South)_women_id07078,per-clip-v1
0.140888,0,,librispeech_0220,impostor_10,librispeech_0286,per-clip-v1
0.829464,1,,librispeech_0221,genuine,librispeech_0221,per-clip-v1
0.105624,0,,librispeech_0221,impostor_1,fakeavceleb_01344_Asian(East)_men_id04111,per-clip-v1
0.220954,0,,librispeech_0221,impostor_2,asvspoof_0182,per-clip-v1
0.125960,0,,librispeech_0221,impostor_3,librispeech_0102,per-clip-v1
0.086761,0,,librispeech_0221,impostor_4,fakeavceleb_03593_Caucasian(European)_women_id00270,per-clip-v1
0.053038,0,,librispeech_0221,impostor_5,fakeavceleb_01286_Asian(East)_men_id01589,per-clip-v1
0.100793,0,,librispeech_0221,impostor_6,fakeavceleb_02104_Asian(South)_men_id07163,per-clip-v1
0.082937,0,,librispeech_0221,impostor_7,fakeavceleb_01085_African_women_id03713,per-clip-v1
0.148254,0,,librispeech_0221,impostor_8,librispeech_0028,per-clip-v1
0.073379,0,,librispeech_0221,impostor_9,librispeech_0064,per-clip-v1
-0.203870,0,,librispeech_0221,impostor_10,fakeavceleb_02332_Asian(South)_women_id04530,per-clip-v1
0.808031,1,,librispeech_0222,genuine,librispeech_0222,per-clip-v1
0.055342,0,,librispeech_0222,impostor_1,fakeavceleb_02508_Asian(South)_women_id07686,per-clip-v1
0.081661,0,,librispeech_0222,impostor_2,fakeavceleb_01646_Asian(East)_women_id04144,per-clip-v1
0.174420,0,,librispeech_0222,impostor_3,librispeech_0348,per-clip-v1
0.074374,0,,librispeech_0222,impostor_4,fakeavceleb_01354_Asian(East)_men_id04687,per-clip-v1
-0.053635,0,,librispeech_0222,impostor_5,fakeavceleb_03489_Caucasian(European)_men_id01123,per-clip-v1
0.119124,0,,librispeech_0222,impostor_6,fakeavceleb_00137_Asian(East)_men_id06535,per-clip-v1
0.213578,0,,librispeech_0222,impostor_7,librispeech_0221,per-clip-v1
0.076897,0,,librispeech_0222,impostor_8,fakeavceleb_02874_Caucasian(American)_women_id00097,per-clip-v1
0.100278,0,,librispeech_0222,impostor_9,librispeech_0360,per-clip-v1
0.052922,0,,librispeech_0222,impostor_10,fakeavceleb_02150_Asian(South)_men_id07233,per-clip-v1
0.831385,1,,librispeech_0223,genuine,librispeech_0223,per-clip-v1
0.015440,0,,librispeech_0223,impostor_1,fakeavceleb_01011_African_women_id02301,per-clip-v1
0.086864,0,,librispeech_0223,impostor_2,fakeavceleb_00142_Asian(East)_men_id06878,per-clip-v1
0.160656,0,,librispeech_0223,impostor_3,librispeech_0329,per-clip-v1
0.153433,0,,librispeech_0223,impostor_4,librispeech_0390,per-clip-v1
0.047010,0,,librispeech_0223,impostor_5,librispeech_0104,per-clip-v1
-0.003697,0,,librispeech_0223,impostor_6,fakeavceleb_01786_Asian(East)_women_id07901,per-clip-v1
0.056570,0,,librispeech_0223,impostor_7,fakeavceleb_03836_Caucasian(European)_women_id03651,per-clip-v1
0.092864,0,,librispeech_0223,impostor_8,fakeavceleb_02115_Asian(South)_men_id07182,per-clip-v1
0.112539,0,,librispeech_0223,impostor_9,asvspoof_0420,per-clip-v1
0.116751,0,,librispeech_0223,impostor_10,librispeech_0186,per-clip-v1
0.836111,1,,librispeech_0224,genuine,librispeech_0224,per-clip-v1
0.091494,0,,librispeech_0224,impostor_1,librispeech_0042,per-clip-v1
0.452781,0,,librispeech_0224,impostor_2,librispeech_0355,per-clip-v1
0.008770,0,,librispeech_0224,impostor_3,fakeavceleb_01804_Asian(East)_women_id08397,per-clip-v1
0.042176,0,,librispeech_0224,impostor_4,fakeavceleb_01811_Asian(East)_women_id08819,per-clip-v1
0.013866,0,,librispeech_0224,impostor_5,fakeavceleb_02833_Caucasian(American)_men_id04034,per-clip-v1
-0.045230,0,,librispeech_0224,impostor_6,fakeavceleb_03229_Caucasian(European)_men_id00171,per-clip-v1
0.068744,0,,librispeech_0224,impostor_7,fakeavceleb_00553_African_men_id00475,per-clip-v1
0.054052,0,,librispeech_0224,impostor_8,fakeavceleb_02522_Caucasian(American)_men_id00018,per-clip-v1
-0.105608,0,,librispeech_0224,impostor_9,fakeavceleb_00417_Caucasian(European)_men_id00358,per-clip-v1
0.003462,0,,librispeech_0224,impostor_10,fakeavceleb_02012_Asian(South)_men_id04554,per-clip-v1
0.873423,1,,librispeech_0225,genuine,librispeech_0225,per-clip-v1
0.004972,0,,librispeech_0225,impostor_1,fakeavceleb_03610_Caucasian(European)_women_id00271,per-clip-v1
-0.078488,0,,librispeech_0225,impostor_2,fakeavceleb_00845_African_men_id02494,per-clip-v1
0.067409,0,,librispeech_0225,impostor_3,fakeavceleb_01761_Asian(East)_women_id06462,per-clip-v1
0.006136,0,,librispeech_0225,impostor_4,fakeavceleb_01178_African_women_id05235,per-clip-v1
0.084153,0,,librispeech_0225,impostor_5,fakeavceleb_01223_Asian(East)_men_id00560,per-clip-v1
-0.107424,0,,librispeech_0225,impostor_6,fakeavceleb_00093_African_women_id04939,per-clip-v1
0.094942,0,,librispeech_0225,impostor_7,fakeavceleb_02626_Caucasian(American)_men_id00264,per-clip-v1
-0.084751,0,,librispeech_0225,impostor_8,fakeavceleb_00135_Asian(East)_men_id06467,per-clip-v1
0.029386,0,,librispeech_0225,impostor_9,fakeavceleb_01341_Asian(East)_men_id03965,per-clip-v1
-0.047842,0,,librispeech_0225,impostor_10,fakeavceleb_00686_African_men_id01530,per-clip-v1
0.868026,1,,librispeech_0226,genuine,librispeech_0226,per-clip-v1
0.094620,0,,librispeech_0226,impostor_1,fakeavceleb_00490_Caucasian(European)_women_id03371,per-clip-v1
-0.020092,0,,librispeech_0226,impostor_2,librispeech_0217,per-clip-v1
-0.063982,0,,librispeech_0226,impostor_3,fakeavceleb_00899_African_women_id00568,per-clip-v1
0.052689,0,,librispeech_0226,impostor_4,fakeavceleb_03650_Caucasian(European)_women_id00365,per-clip-v1
-0.019059,0,,librispeech_0226,impostor_5,librispeech_0362,per-clip-v1
0.117661,0,,librispeech_0226,impostor_6,asvspoof_0229,per-clip-v1
0.148865,0,,librispeech_0226,impostor_7,librispeech_0096,per-clip-v1
-0.037763,0,,librispeech_0226,impostor_8,librispeech_0235,per-clip-v1
0.036828,0,,librispeech_0226,impostor_9,fakeavceleb_01743_Asian(East)_women_id06388,per-clip-v1
-0.045729,0,,librispeech_0226,impostor_10,fakeavceleb_00025_African_men_id01528,per-clip-v1
0.860026,1,,librispeech_0227,genuine,librispeech_0227,per-clip-v1
0.103311,0,,librispeech_0227,impostor_1,fakeavceleb_02484_Asian(South)_women_id07078,per-clip-v1
0.174718,0,,librispeech_0227,impostor_2,librispeech_0002,per-clip-v1
0.018351,0,,librispeech_0227,impostor_3,fakeavceleb_00805_African_men_id02051,per-clip-v1
-0.024118,0,,librispeech_0227,impostor_4,fakeavceleb_03383_Caucasian(European)_men_id00554,per-clip-v1
0.065760,0,,librispeech_0227,impostor_5,fakeavceleb_02357_Asian(South)_women_id04927,per-clip-v1
-0.164407,0,,librispeech_0227,impostor_6,fakeavceleb_03074_Caucasian(American)_women_id00842,per-clip-v1
-0.027010,0,,librispeech_0227,impostor_7,fakeavceleb_00667_African_men_id01521,per-clip-v1
0.079493,0,,librispeech_0227,impostor_8,fakeavceleb_01252_Asian(East)_men_id00863,per-clip-v1
0.137227,0,,librispeech_0227,impostor_9,librispeech_0009,per-clip-v1
0.024454,0,,librispeech_0227,impostor_10,fakeavceleb_02202_Asian(South)_women_id00235,per-clip-v1
0.871485,1,,librispeech_0228,genuine,librispeech_0228,per-clip-v1
0.319119,0,,librispeech_0228,impostor_1,librispeech_0052,per-clip-v1
0.021959,0,,librispeech_0228,impostor_2,fakeavceleb_00681_African_men_id01530,per-clip-v1
-0.118770,0,,librispeech_0228,impostor_3,fakeavceleb_00885_African_women_id00371,per-clip-v1
-0.071423,0,,librispeech_0228,impostor_4,fakeavceleb_03451_Caucasian(European)_men_id00999,per-clip-v1
0.112535,0,,librispeech_0228,impostor_5,librispeech_0336,per-clip-v1
0.109423,0,,librispeech_0228,impostor_6,librispeech_0059,per-clip-v1
0.218809,0,,librispeech_0228,impostor_7,fakeavceleb_02605_Caucasian(American)_men_id00169,per-clip-v1
0.069691,0,,librispeech_0228,impostor_8,fakeavceleb_00208_Asian(South)_men_id00685,per-clip-v1
-0.054847,0,,librispeech_0228,impostor_9,fakeavceleb_00845_African_men_id02494,per-clip-v1
0.010114,0,,librispeech_0228,impostor_10,asvspoof_0165,per-clip-v1
0.883926,1,,librispeech_0229,genuine,librispeech_0229,per-clip-v1
0.045235,0,,librispeech_0229,impostor_1,librispeech_0057,per-clip-v1
-0.063180,0,,librispeech_0229,impostor_2,fakeavceleb_03718_Caucasian(European)_women_id00495,per-clip-v1
0.147260,0,,librispeech_0229,impostor_3,fakeavceleb_01097_African_women_id04055,per-clip-v1
0.135308,0,,librispeech_0229,impostor_4,fakeavceleb_03515_Caucasian(European)_men_id02567,per-clip-v1
0.104128,0,,librispeech_0229,impostor_5,librispeech_0356,per-clip-v1
0.016761,0,,librispeech_0229,impostor_6,fakeavceleb_02706_Caucasian(American)_men_id01042,per-clip-v1
0.007521,0,,librispeech_0229,impostor_7,fakeavceleb_03146_Caucasian(American)_women_id01245,per-clip-v1
-0.032523,0,,librispeech_0229,impostor_8,fakeavceleb_02198_Asian(South)_women_id00149,per-clip-v1
0.017622,0,,librispeech_0229,impostor_9,fakeavceleb_02589_Caucasian(American)_men_id00087,per-clip-v1
0.014344,0,,librispeech_0229,impostor_10,fakeavceleb_00435_Caucasian(European)_men_id00990,per-clip-v1
0.766115,1,,librispeech_0230,genuine,librispeech_0230,per-clip-v1
0.027122,0,,librispeech_0230,impostor_1,asvspoof_0335,per-clip-v1
0.004203,0,,librispeech_0230,impostor_2,fakeavceleb_00090_African_women_id04705,per-clip-v1
-0.029822,0,,librispeech_0230,impostor_3,fakeavceleb_03175_Caucasian(American)_women_id03605,per-clip-v1
0.018120,0,,librispeech_0230,impostor_4,asvspoof_0099,per-clip-v1
0.106742,0,,librispeech_0230,impostor_5,asvspoof_0133,per-clip-v1
0.123289,0,,librispeech_0230,impostor_6,fakeavceleb_02069_Asian(South)_men_id06753,per-clip-v1
-0.018809,0,,librispeech_0230,impostor_7,fakeavceleb_03509_Caucasian(European)_men_id01157,per-clip-v1
0.127653,0,,librispeech_0230,impostor_8,fakeavceleb_01252_Asian(East)_men_id00863,per-clip-v1
-0.065528,0,,librispeech_0230,impostor_9,fakeavceleb_01303_Asian(East)_men_id02365,per-clip-v1
0.007992,0,,librispeech_0230,impostor_10,fakeavceleb_02428_Asian(South)_women_id06268,per-clip-v1
0.821446,1,,librispeech_0231,genuine,librispeech_0231,per-clip-v1
0.029945,0,,librispeech_0231,impostor_1,librispeech_0370,per-clip-v1
0.118258,0,,librispeech_0231,impostor_2,fakeavceleb_00368_Caucasian(American)_women_id00458,per-clip-v1
0.083659,0,,librispeech_0231,impostor_3,fakeavceleb_01735_Asian(East)_women_id06225,per-clip-v1
0.107984,0,,librispeech_0231,impostor_4,librispeech_0148,per-clip-v1
0.075016,0,,librispeech_0231,impostor_5,librispeech_0141,per-clip-v1
0.104115,0,,librispeech_0231,impostor_6,fakeavceleb_01765_Asian(East)_women_id06462,per-clip-v1
-0.022581,0,,librispeech_0231,impostor_7,fakeavceleb_03432_Caucasian(European)_men_id00963,per-clip-v1
0.023055,0,,librispeech_0231,impostor_8,fakeavceleb_03108_Caucasian(American)_women_id01217,per-clip-v1
0.215363,0,,librispeech_0231,impostor_9,fakeavceleb_02779_Caucasian(American)_men_id01192,per-clip-v1
0.269608,0,,librispeech_0231,impostor_10,librispeech_0441,per-clip-v1
0.823794,1,,librispeech_0232,genuine,librispeech_0232,per-clip-v1
0.058593,0,,librispeech_0232,impostor_1,asvspoof_0211,per-clip-v1
0.003489,0,,librispeech_0232,impostor_2,fakeavceleb_01143_African_women_id04820,per-clip-v1
-0.005519,0,,librispeech_0232,impostor_3,fakeavceleb_03492_Caucasian(European)_men_id01126,per-clip-v1
0.103161,0,,librispeech_0232,impostor_4,fakeavceleb_01727_Asian(East)_women_id06066,per-clip-v1
0.103237,0,,librispeech_0232,impostor_5,librispeech_0370,per-clip-v1
0.076675,0,,librispeech_0232,impostor_6,librispeech_0065,per-clip-v1
0.049472,0,,librispeech_0232,impostor_7,fakeavceleb_01368_Asian(East)_men_id04774,per-clip-v1
0.016798,0,,librispeech_0232,impostor_8,fakeavceleb_02749_Caucasian(American)_men_id01168,per-clip-v1
0.054991,0,,librispeech_0232,impostor_9,fakeavceleb_02259_Asian(South)_women_id02089,per-clip-v1
0.074546,0,,librispeech_0232,impostor_10,fakeavceleb_03819_Caucasian(European)_women_id03620,per-clip-v1
0.861848,1,,librispeech_0234,genuine,librispeech_0234,per-clip-v1
0.058674,0,,librispeech_0234,impostor_1,fakeavceleb_01410_Asian(East)_men_id06467,per-clip-v1
0.137723,0,,librispeech_0234,impostor_2,librispeech_0138,per-clip-v1
0.138546,0,,librispeech_0234,impostor_3,fakeavceleb_01737_Asian(East)_women_id06225,per-clip-v1
0.053218,0,,librispeech_0234,impostor_4,fakeavceleb_03862_Caucasian(European)_women_id03941,per-clip-v1
0.116941,0,,librispeech_0234,impostor_5,fakeavceleb_01176_African_women_id05235,per-clip-v1
0.051139,0,,librispeech_0234,impostor_6,fakeavceleb_03126_Caucasian(American)_women_id01227,per-clip-v1
0.053688,0,,librispeech_0234,impostor_7,fakeavceleb_03563_Caucasian(European)_women_id00188,per-clip-v1
-0.016918,0,,librispeech_0234,impostor_8,fakeavceleb_01135_African_women_id04689,per-clip-v1
-0.031769,0,,librispeech_0234,impostor_9,fakeavceleb_00017_African_men_id01170,per-clip-v1
0.062440,0,,librispeech_0234,impostor_10,fakeavceleb_00709_African_men_id01598,per-clip-v1
0.778320,1,,librispeech_0235,genuine,librispeech_0235,per-clip-v1
-0.149687,0,,librispeech_0235,impostor_1,fakeavceleb_03629_Caucasian(European)_women_id00328,per-clip-v1
0.039850,0,,librispeech_0235,impostor_2,fakeavceleb_00133_Asian(East)_men_id06152,per-clip-v1
0.093651,0,,librispeech_0235,impostor_3,fakeavceleb_02002_Asian(South)_men_id04537,per-clip-v1
-0.101531,0,,librispeech_0235,impostor_4,fakeavceleb_02825_Caucasian(American)_men_id03757,per-clip-v1
-0.113183,0,,librispeech_0235,impostor_5,fakeavceleb_02817_Caucasian(American)_men_id03668,per-clip-v1
0.055986,0,,librispeech_0235,impostor_6,fakeavceleb_00430_Caucasian(European)_men_id00909,per-clip-v1
0.111729,0,,librispeech_0235,impostor_7,fakeavceleb_01672_Asian(East)_women_id05576,per-clip-v1
0.011522,0,,librispeech_0235,impostor_8,fakeavceleb_01361_Asian(East)_men_id04774,per-clip-v1
-0.025265,0,,librispeech_0235,impostor_9,asvspoof_0274,per-clip-v1
0.018753,0,,librispeech_0235,impostor_10,fakeavceleb_00856_African_women_id00220,per-clip-v1
0.868624,1,,librispeech_0236,genuine,librispeech_0236,per-clip-v1
0.027843,0,,librispeech_0236,impostor_1,librispeech_0375,per-clip-v1
0.072052,0,,librispeech_0236,impostor_2,librispeech_0487,per-clip-v1
0.065108,0,,librispeech_0236,impostor_3,fakeavceleb_03018_Caucasian(American)_women_id00462,per-clip-v1
0.137392,0,,librispeech_0236,impostor_4,asvspoof_0062,per-clip-v1
0.075583,0,,librispeech_0236,impostor_5,fakeavceleb_03141_Caucasian(American)_women_id01238,per-clip-v1
0.018864,0,,librispeech_0236,impostor_6,fakeavceleb_01438_Asian(East)_men_id06776,per-clip-v1
-0.074896,0,,librispeech_0236,impostor_7,fakeavceleb_00377_Caucasian(American)_women_id00841,per-clip-v1
0.099881,0,,librispeech_0236,impostor_8,asvspoof_0028,per-clip-v1
0.071955,0,,librispeech_0236,impostor_9,fakeavceleb_03726_Caucasian(European)_women_id00569,per-clip-v1
-0.138455,0,,librispeech_0236,impostor_10,fakeavceleb_01127_African_women_id04540,per-clip-v1
0.880739,1,,librispeech_0237,genuine,librispeech_0237,per-clip-v1
-0.074458,0,,librispeech_0237,impostor_1,fakeavceleb_02968_Caucasian(American)_women_id00381,per-clip-v1
0.047354,0,,librispeech_0237,impostor_2,fakeavceleb_03148_Caucasian(American)_women_id01248,per-clip-v1
-0.001091,0,,librispeech_0237,impostor_3,fakeavceleb_01489_Asian(East)_men_id09053,per-clip-v1
0.059563,0,,librispeech_0237,impostor_4,fakeavceleb_01212_Asian(East)_men_id00126,per-clip-v1
0.011589,0,,librispeech_0237,impostor_5,fakeavceleb_00778_African_men_id01995,per-clip-v1
0.275125,0,,librispeech_0237,impostor_6,librispeech_0154,per-clip-v1
0.040232,0,,librispeech_0237,impostor_7,fakeavceleb_01446_Asian(East)_men_id07102,per-clip-v1
0.040085,0,,librispeech_0237,impostor_8,fakeavceleb_03070_Caucasian(American)_women_id00842,per-clip-v1
-0.032973,0,,librispeech_0237,impostor_9,fakeavceleb_00601_African_men_id01036,per-clip-v1
-0.083202,0,,librispeech_0237,impostor_10,fakeavceleb_01281_Asian(East)_men_id01215,per-clip-v1
0.895368,1,,librispeech_0238,genuine,librispeech_0238,per-clip-v1
0.114064,0,,librispeech_0238,impostor_1,fakeavceleb_00181_Asian(East)_women_id06388,per-clip-v1
-0.066642,0,,librispeech_0238,impostor_2,fakeavceleb_03541_Caucasian(European)_women_id00068,per-clip-v1
-0.126752,0,,librispeech_0238,impostor_3,fakeavceleb_03731_Caucasian(European)_women_id00569,per-clip-v1
0.010571,0,,librispeech_0238,impostor_4,fakeavceleb_02699_Caucasian(American)_men_id01035,per-clip-v1
-0.033563,0,,librispeech_0238,impostor_5,fakeavceleb_01471_Asian(East)_men_id08613,per-clip-v1
-0.065500,0,,librispeech_0238,impostor_6,fakeavceleb_02801_Caucasian(American)_men_id01211,per-clip-v1
0.043606,0,,librispeech_0238,impostor_7,librispeech_0109,per-clip-v1
-0.126896,0,,librispeech_0238,impostor_8,librispeech_0188,per-clip-v1
0.070660,0,,librispeech_0238,impostor_9,asvspoof_0412,per-clip-v1
0.002867,0,,librispeech_0238,impostor_10,fakeavceleb_03790_Caucasian(European)_women_id00897,per-clip-v1
0.861110,1,,librispeech_0239,genuine,librispeech_0239,per-clip-v1
0.126057,0,,librispeech_0239,impostor_1,librispeech_0032,per-clip-v1
0.070345,0,,librispeech_0239,impostor_2,fakeavceleb_02786_Caucasian(American)_men_id01201,per-clip-v1
-0.052996,0,,librispeech_0239,impostor_3,fakeavceleb_00302_Caucasian(American)_men_id00021,per-clip-v1
-0.012254,0,,librispeech_0239,impostor_4,librispeech_0204,per-clip-v1
0.147418,0,,librispeech_0239,impostor_5,librispeech_0048,per-clip-v1
0.093122,0,,librispeech_0239,impostor_6,fakeavceleb_01327_Asian(East)_men_id03168,per-clip-v1
-0.036292,0,,librispeech_0239,impostor_7,fakeavceleb_03566_Caucasian(European)_women_id00188,per-clip-v1
0.081221,0,,librispeech_0239,impostor_8,librispeech_0435,per-clip-v1
-0.002357,0,,librispeech_0239,impostor_9,fakeavceleb_02681_Caucasian(American)_men_id00777,per-clip-v1
0.013647,0,,librispeech_0239,impostor_10,librispeech_0109,per-clip-v1
0.847517,1,,librispeech_0240,genuine,librispeech_0240,per-clip-v1
0.176334,0,,librispeech_0240,impostor_1,librispeech_0157,per-clip-v1
0.258046,0,,librispeech_0240,impostor_2,librispeech_0154,per-clip-v1
-0.025830,0,,librispeech_0240,impostor_3,fakeavceleb_00729_African_men_id01691,per-clip-v1
0.104239,0,,librispeech_0240,impostor_4,fakeavceleb_00324_Caucasian(American)_men_id01035,per-clip-v1
-0.004417,0,,librispeech_0240,impostor_5,fakeavceleb_01445_Asian(East)_men_id07102,per-clip-v1
-0.041727,0,,librispeech_0240,impostor_6,fakeavceleb_03331_Caucasian(European)_men_id00358,per-clip-v1
-0.014758,0,,librispeech_0240,impostor_7,fakeavceleb_00783_African_men_id02005,per-clip-v1
-0.161147,0,,librispeech_0240,impostor_8,fakeavceleb_00178_Asian(East)_women_id06066,per-clip-v1
0.045752,0,,librispeech_0240,impostor_9,fakeavceleb_02685_Caucasian(American)_men_id00777,per-clip-v1
-0.162884,0,,librispeech_0240,impostor_10,fakeavceleb_03183_Caucasian(American)_women_id03696,per-clip-v1
0.790918,1,,librispeech_0241,genuine,librispeech_0241,per-clip-v1
-0.066216,0,,librispeech_0241,impostor_1,fakeavceleb_02681_Caucasian(American)_men_id00777,per-clip-v1
0.084892,0,,librispeech_0241,impostor_2,fakeavceleb_02802_Caucasian(American)_men_id01211,per-clip-v1
-0.095125,0,,librispeech_0241,impostor_3,fakeavceleb_00695_African_men_id01544,per-clip-v1
0.253929,0,,librispeech_0241,impostor_4,librispeech_0310,per-clip-v1
0.104291,0,,librispeech_0241,impostor_5,fakeavceleb_01196_African_women_id05980,per-clip-v1
-0.063064,0,,librispeech_0241,impostor_6,librispeech_0336,per-clip-v1
0.363503,0,,librispeech_0241,impostor_7,librispeech_0073,per-clip-v1
0.117508,0,,librispeech_0241,impostor_8,librispeech_0299,per-clip-v1
0.185938,0,,librispeech_0241,impostor_9,librispeech_0325,per-clip-v1
0.190955,0,,librispeech_0241,impostor_10,librispeech_0210,per-clip-v1
0.815716,1,,librispeech_0242,genuine,librispeech_0242,per-clip-v1
-0.014484,0,,librispeech_0242,impostor_1,fakeavceleb_01342_Asian(East)_men_id04111,per-clip-v1
0.024294,0,,librispeech_0242,impostor_2,fakeavceleb_03210_Caucasian(European)_men_id00063,per-clip-v1
0.031709,0,,librispeech_0242,impostor_3,fakeavceleb_03387_Caucasian(European)_men_id00559,per-clip-v1
0.046545,0,,librispeech_0242,impostor_4,asvspoof_0421,per-clip-v1
0.114653,0,,librispeech_0242,impostor_5,fakeavceleb_00277_Asian(South)_women_id05478,per-clip-v1
0.209175,0,,librispeech_0242,impostor_6,librispeech_0360,per-clip-v1
0.063589,0,,librispeech_0242,impostor_7,librispeech_0321,per-clip-v1
0.034907,0,,librispeech_0242,impostor_8,fakeavceleb_01413_Asian(East)_men_id06470,per-clip-v1
0.013912,0,,librispeech_0242,impostor_9,librispeech_0320,per-clip-v1
0.091577,0,,librispeech_0242,impostor_10,librispeech_0303,per-clip-v1
0.585053,1,,librispeech_0243,genuine,librispeech_0243,per-clip-v1
0.147949,0,,librispeech_0243,impostor_1,fakeavceleb_02073_Asian(South)_men_id06753,per-clip-v1
0.059974,0,,librispeech_0243,impostor_2,fakeavceleb_03578_Caucasian(European)_women_id00232,per-clip-v1
0.082463,0,,librispeech_0243,impostor_3,fakeavceleb_01126_African_women_id04540,per-clip-v1
0.004633,0,,librispeech_0243,impostor_4,fakeavceleb_03091_Caucasian(American)_women_id01005,per-clip-v1
0.001519,0,,librispeech_0243,impostor_5,fakeavceleb_02384_Asian(South)_women_id05478,per-clip-v1
-0.160279,0,,librispeech_0243,impostor_6,fakeavceleb_02223_Asian(South)_women_id00461,per-clip-v1
0.053900,0,,librispeech_0243,impostor_7,librispeech_0127,per-clip-v1
-0.017786,0,,librispeech_0243,impostor_8,fakeavceleb_01145_African_women_id04820,per-clip-v1
-0.025834,0,,librispeech_0243,impostor_9,fakeavceleb_03051_Caucasian(American)_women_id00752,per-clip-v1
-0.016660,0,,librispeech_0243,impostor_10,librispeech_0262,per-clip-v1
0.858053,1,,librispeech_0244,genuine,librispeech_0244,per-clip-v1
0.026682,0,,librispeech_0244,impostor_1,asvspoof_0250,per-clip-v1
-0.000308,0,,librispeech_0244,impostor_2,librispeech_0012,per-clip-v1
-0.041899,0,,librispeech_0244,impostor_3,fakeavceleb_00710_African_men_id01598,per-clip-v1
0.000874,0,,librispeech_0244,impostor_4,fakeavceleb_01796_Asian(East)_women_id08139,per-clip-v1
0.007531,0,,librispeech_0244,impostor_5,fakeavceleb_00040_African_men_id01995,per-clip-v1
-0.067299,0,,librispeech_0244,impostor_6,asvspoof_0025,per-clip-v1
-0.028506,0,,librispeech_0244,impostor_7,fakeavceleb_01659_Asian(East)_women_id04414,per-clip-v1
-0.048183,0,,librispeech_0244,impostor_8,fakeavceleb_02491_Asian(South)_women_id07078,per-clip-v1
-0.089417,0,,librispeech_0244,impostor_9,fakeavceleb_02878_Caucasian(American)_women_id00097,per-clip-v1
-0.012286,0,,librispeech_0244,impostor_10,fakeavceleb_02149_Asian(South)_men_id07233,per-clip-v1
0.833720,1,,librispeech_0245,genuine,librispeech_0245,per-clip-v1
0.108903,0,,librispeech_0245,impostor_1,librispeech_0409,per-clip-v1
-0.085953,0,,librispeech_0245,impostor_2,fakeavceleb_03444_Caucasian(European)_men_id00990,per-clip-v1
0.135184,0,,librispeech_0245,impostor_3,fakeavceleb_01455_Asian(East)_men_id07338,per-clip-v1
-0.108237,0,,librispeech_0245,impostor_4,fakeavceleb_00950_African_women_id01178,per-clip-v1
0.072745,0,,librispeech_0245,impostor_5,fakeavceleb_00936_African_women_id00829,per-clip-v1
-0.011063,0,,librispeech_0245,impostor_6,fakeavceleb_00009_African_men_id00701,per-clip-v1
0.155781,0,,librispeech_0245,impostor_7,fakeavceleb_00481_Caucasian(European)_women_id00735,per-clip-v1
0.017820,0,,librispeech_0245,impostor_8,fakeavceleb_00763_African_men_id01933,per-clip-v1
-0.018597,0,,librispeech_0245,impostor_9,fakeavceleb_02922_Caucasian(American)_women_id00190,per-clip-v1
-0.088388,0,,librispeech_0245,impostor_10,fakeavceleb_00563_African_men_id00518,per-clip-v1
0.877986,1,,librispeech_0246,genuine,librispeech_0246,per-clip-v1
0.023581,0,,librispeech_0246,impostor_1,fakeavceleb_02470_Asian(South)_women_id06752,per-clip-v1
0.050409,0,,librispeech_0246,impostor_2,librispeech_0284,per-clip-v1
-0.048300,0,,librispeech_0246,impostor_3,librispeech_0306,per-clip-v1
0.014791,0,,librispeech_0246,impostor_4,fakeavceleb_01098_African_women_id04055,per-clip-v1
0.015101,0,,librispeech_0246,impostor_5,fakeavceleb_00291_Asian(South)_women_id07008,per-clip-v1
-0.027572,0,,librispeech_0246,impostor_6,fakeavceleb_01715_Asian(East)_women_id06061,per-clip-v1
0.128335,0,,librispeech_0246,impostor_7,librispeech_0183,per-clip-v1
0.064646,0,,librispeech_0246,impostor_8,librispeech_0349,per-clip-v1
0.103952,0,,librispeech_0246,impostor_9,fakeavceleb_02196_Asian(South)_women_id00149,per-clip-v1
0.222836,0,,librispeech_0246,impostor_10,librispeech_0147,per-clip-v1
0.891918,1,,librispeech_0247,genuine,librispeech_0247,per-clip-v1
0.057278,0,,librispeech_0247,impostor_1,fakeavceleb_02126_Asian(South)_men_id07195,per-clip-v1
0.133516,0,,librispeech_0247,impostor_2,fakeavceleb_00320_Caucasian(American)_men_id00777,per-clip-v1
0.029841,0,,librispeech_0247,impostor_3,fakeavceleb_01582_Asian(East)_women_id00935,per-clip-v1
0.008711,0,,librispeech_0247,impostor_4,fakeavceleb_00587_African_men_id00830,per-clip-v1
0.104166,0,,librispeech_0247,impostor_5,asvspoof_0218,per-clip-v1
-0.037818,0,,librispeech_0247,impostor_6,fakeavceleb_00564_African_men_id00518,per-clip-v1
0.128131,0,,librispeech_0247,impostor_7,fakeavceleb_03759_Caucasian(European)_women_id00634,per-clip-v1
-0.027476,0,,librispeech_0247,impostor_8,fakeavceleb_02944_Caucasian(American)_women_id00261,per-clip-v1
-0.000122,0,,librispeech_0247,impostor_9,fakeavceleb_01430_Asian(East)_men_id06594,per-clip-v1
0.207965,0,,librispeech_0247,impostor_10,librispeech_0188,per-clip-v1
0.862224,1,,librispeech_0248,genuine,librispeech_0248,per-clip-v1
-0.041483,0,,librispeech_0248,impostor_1,fakeavceleb_02578_Caucasian(American)_men_id00060,per-clip-v1
-0.053894,0,,librispeech_0248,impostor_2,librispeech_0231,per-clip-v1
0.116282,0,,librispeech_0248,impostor_3,fakeavceleb_02686_Caucasian(American)_men_id00943,per-clip-v1
0.020632,0,,librispeech_0248,impostor_4,fakeavceleb_02116_Asian(South)_men_id07182,per-clip-v1
-0.024279,0,,librispeech_0248,impostor_5,fakeavceleb_02198_Asian(South)_women_id00149,per-clip-v1
0.093694,0,,librispeech_0248,impostor_6,librispeech_0125,per-clip-v1
0.135032,0,,librispeech_0248,impostor_7,fakeavceleb_02104_Asian(South)_men_id07163,per-clip-v1
0.006217,0,,librispeech_0248,impostor_8,librispeech_0235,per-clip-v1
0.002793,0,,librispeech_0248,impostor_9,fakeavceleb_01466_Asian(East)_men_id08613,per-clip-v1
0.088793,0,,librispeech_0248,impostor_10,fakeavceleb_03809_Caucasian(European)_women_id01002,per-clip-v1
0.866232,1,,librispeech_0249,genuine,librispeech_0249,per-clip-v1
0.069935,0,,librispeech_0249,impostor_1,fakeavceleb_00089_African_women_id04689,per-clip-v1
-0.170590,0,,librispeech_0249,impostor_2,fakeavceleb_01686_Asian(East)_women_id05844,per-clip-v1
0.119132,0,,librispeech_0249,impostor_3,fakeavceleb_01908_Asian(South)_men_id00350,per-clip-v1
-0.059216,0,,librispeech_0249,impostor_4,fakeavceleb_01322_Asian(East)_men_id03028,per-clip-v1
0.223078,0,,librispeech_0249,impostor_5,fakeavceleb_03581_Caucasian(European)_women_id00234,per-clip-v1
0.029563,0,,librispeech_0249,impostor_6,fakeavceleb_00478_Caucasian(European)_women_id00591,per-clip-v1
0.046798,0,,librispeech_0249,impostor_7,fakeavceleb_01542_Asian(East)_women_id00566,per-clip-v1
-0.042053,0,,librispeech_0249,impostor_8,asvspoof_0147,per-clip-v1
-0.090982,0,,librispeech_0249,impostor_9,fakeavceleb_02621_Caucasian(American)_men_id00243,per-clip-v1
0.078640,0,,librispeech_0249,impostor_10,librispeech_0499,per-clip-v1
0.870752,1,,librispeech_0250,genuine,librispeech_0250,per-clip-v1
0.219244,0,,librispeech_0250,impostor_1,librispeech_0147,per-clip-v1
0.025321,0,,librispeech_0250,impostor_2,fakeavceleb_02701_Caucasian(American)_men_id01035,per-clip-v1
-0.112187,0,,librispeech_0250,impostor_3,fakeavceleb_00186_Asian(East)_women_id07383,per-clip-v1
-0.021070,0,,librispeech_0250,impostor_4,fakeavceleb_03640_Caucasian(European)_women_id00330,per-clip-v1
0.070406,0,,librispeech_0250,impostor_5,fakeavceleb_03688_Caucasian(European)_women_id00434,per-clip-v1
-0.016281,0,,librispeech_0250,impostor_6,fakeavceleb_00906_African_women_id00577,per-clip-v1
0.045365,0,,librispeech_0250,impostor_7,librispeech_0442,per-clip-v1
0.273845,0,,librispeech_0250,impostor_8,librispeech_0262,per-clip-v1
0.324889,0,,librispeech_0250,impostor_9,librispeech_0154,per-clip-v1
0.032683,0,,librispeech_0250,impostor_10,asvspoof_0463,per-clip-v1
0.824175,1,,librispeech_0251,genuine,librispeech_0251,per-clip-v1
-0.025484,0,,librispeech_0251,impostor_1,fakeavceleb_02776_Caucasian(American)_men_id01192,per-clip-v1
0.107194,0,,librispeech_0251,impostor_2,librispeech_0468,per-clip-v1
0.079435,0,,librispeech_0251,impostor_3,asvspoof_0155,per-clip-v1
0.182610,0,,librispeech_0251,impostor_4,fakeavceleb_00388_Caucasian(American)_women_id01227,per-clip-v1
0.017164,0,,librispeech_0251,impostor_5,fakeavceleb_02474_Asian(South)_women_id07008,per-clip-v1
0.081459,0,,librispeech_0251,impostor_6,librispeech_0157,per-clip-v1
0.143638,0,,librispeech_0251,impostor_7,fakeavceleb_03502_Caucasian(European)_men_id01154,per-clip-v1
0.007460,0,,librispeech_0251,impostor_8,fakeavceleb_01278_Asian(East)_men_id01215,per-clip-v1
0.160291,0,,librispeech_0251,impostor_9,asvspoof_0297,per-clip-v1
0.115977,0,,librispeech_0251,impostor_10,asvspoof_0186,per-clip-v1
0.864206,1,,librispeech_0252,genuine,librispeech_0252,per-clip-v1
0.112829,0,,librispeech_0252,impostor_1,fakeavceleb_01334_Asian(East)_men_id03889,per-clip-v1
0.078906,0,,librispeech_0252,impostor_2,fakeavceleb_03186_Caucasian(American)_women_id03696,per-clip-v1
0.087186,0,,librispeech_0252,impostor_3,asvspoof_0296,per-clip-v1
-0.044815,0,,librispeech_0252,impostor_4,fakeavceleb_02781_Caucasian(American)_men_id01192,per-clip-v1
-0.013031,0,,librispeech_0252,impostor_5,librispeech_0051,per-clip-v1
0.061801,0,,librispeech_0252,impostor_6,fakeavceleb_00381_Caucasian(American)_women_id01005,per-clip-v1
0.169411,0,,librispeech_0252,impostor_7,librispeech_0131,per-clip-v1
-0.013194,0,,librispeech_0252,impostor_8,fakeavceleb_00343_Caucasian(American)_men_id03678,per-clip-v1
0.039212,0,,librispeech_0252,impostor_9,fakeavceleb_02014_Asian(South)_men_id04560,per-clip-v1
0.104815,0,,librispeech_0252,impostor_10,librispeech_0499,per-clip-v1
0.774701,1,,librispeech_0253,genuine,librispeech_0253,per-clip-v1
0.051302,0,,librispeech_0253,impostor_1,fakeavceleb_02481_Asian(South)_women_id07051,per-clip-v1
0.065274,0,,librispeech_0253,impostor_2,librispeech_0056,per-clip-v1
0.065240,0,,librispeech_0253,impostor_3,fakeavceleb_01397_Asian(East)_men_id05479,per-clip-v1
-0.022928,0,,librispeech_0253,impostor_4,fakeavceleb_01058_African_women_id02948,per-clip-v1
0.005213,0,,librispeech_0253,impostor_5,librispeech_0285,per-clip-v1
-0.043924,0,,librispeech_0253,impostor_6,fakeavceleb_03359_Caucasian(European)_men_id00519,per-clip-v1
-0.009321,0,,librispeech_0253,impostor_7,fakeavceleb_01736_Asian(East)_women_id06225,per-clip-v1
0.023553,0,,librispeech_0253,impostor_8,fakeavceleb_00271_Asian(South)_women_id04564,per-clip-v1
0.024589,0,,librispeech_0253,impostor_9,asvspoof_0372,per-clip-v1
0.002830,0,,librispeech_0253,impostor_10,fakeavceleb_02276_Asian(South)_women_id02619,per-clip-v1
0.801099,1,,librispeech_0254,genuine,librispeech_0254,per-clip-v1
0.347676,0,,librispeech_0254,impostor_1,librispeech_0178,per-clip-v1
-0.054315,0,,librispeech_0254,impostor_2,fakeavceleb_01177_African_women_id05235,per-clip-v1
-0.042727,0,,librispeech_0254,impostor_3,fakeavceleb_00867_African_women_id00359,per-clip-v1
-0.054583,0,,librispeech_0254,impostor_4,fakeavceleb_03456_Caucasian(European)_men_id01052,per-clip-v1
0.028380,0,,librispeech_0254,impostor_5,librispeech_0087,per-clip-v1
-0.017177,0,,librispeech_0254,impostor_6,fakeavceleb_00814_African_men_id02296,per-clip-v1
0.107695,0,,librispeech_0254,impostor_7,librispeech_0408,per-clip-v1
0.037264,0,,librispeech_0254,impostor_8,librispeech_0062,per-clip-v1
0.245047,0,,librispeech_0254,impostor_9,librispeech_0075,per-clip-v1
0.035024,0,,librispeech_0254,impostor_10,fakeavceleb_02032_Asian(South)_men_id04599,per-clip-v1
0.792146,1,,librispeech_0255,genuine,librispeech_0255,per-clip-v1
0.128483,0,,librispeech_0255,impostor_1,librispeech_0185,per-clip-v1
0.137147,0,,librispeech_0255,impostor_2,fakeavceleb_02152_Asian(South)_men_id07463,per-clip-v1
0.140829,0,,librispeech_0255,impostor_3,librispeech_0183,per-clip-v1
0.010745,0,,librispeech_0255,impostor_4,fakeavceleb_00453_Caucasian(European)_women_id00188,per-clip-v1
0.016568,0,,librispeech_0255,impostor_5,fakeavceleb_01464_Asian(East)_men_id08299,per-clip-v1
0.013016,0,,librispeech_0255,impostor_6,fakeavceleb_03684_Caucasian(European)_women_id00403,per-clip-v1
0.015763,0,,librispeech_0255,impostor_7,librispeech_0349,per-clip-v1
0.138693,0,,librispeech_0255,impostor_8,librispeech_0267,per-clip-v1
0.228896,0,,librispeech_0255,impostor_9,librispeech_0324,per-clip-v1
0.114160,0,,librispeech_0255,impostor_10,fakeavceleb_03490_Caucasian(European)_men_id01126,per-clip-v1
0.902847,1,,librispeech_0256,genuine,librispeech_0256,per-clip-v1
0.033442,0,,librispeech_0256,impostor_1,librispeech_0169,per-clip-v1
-0.003855,0,,librispeech_0256,impostor_2,fakeavceleb_01804_Asian(East)_women_id08397,per-clip-v1
0.006896,0,,librispeech_0256,impostor_3,librispeech_0153,per-clip-v1
0.153680,0,,librispeech_0256,impostor_4,librispeech_0442,per-clip-v1
-0.025827,0,,librispeech_0256,impostor_5,fakeavceleb_02799_Caucasian(American)_men_id01211,per-clip-v1
0.158260,0,,librispeech_0256,impostor_6,librispeech_0035,per-clip-v1
0.015437,0,,librispeech_0256,impostor_7,librispeech_0170,per-clip-v1
0.126177,0,,librispeech_0256,impostor_8,librispeech_0494,per-clip-v1
-0.019351,0,,librispeech_0256,impostor_9,fakeavceleb_02953_Caucasian(American)_women_id00272,per-clip-v1
0.027394,0,,librispeech_0256,impostor_10,fakeavceleb_00076_African_women_id03103,per-clip-v1
0.780234,1,,librispeech_0257,genuine,librispeech_0257,per-clip-v1
0.061513,0,,librispeech_0257,impostor_1,fakeavceleb_02649_Caucasian(American)_men_id00529,per-clip-v1
0.046378,0,,librispeech_0257,impostor_2,fakeavceleb_01645_Asian(East)_women_id04144,per-clip-v1
-0.046765,0,,librispeech_0257,impostor_3,fakeavceleb_03279_Caucasian(European)_men_id00241,per-clip-v1
0.101865,0,,librispeech_0257,impostor_4,librispeech_0024,per-clip-v1
0.129377,0,,librispeech_0257,impostor_5,librispeech_0431,per-clip-v1
-0.022401,0,,librispeech_0257,impostor_6,asvspoof_0295,per-clip-v1
0.188793,0,,librispeech_0257,impostor_7,librispeech_0490,per-clip-v1
0.102827,0,,librispeech_0257,impostor_8,fakeavceleb_00742_African_men_id01779,per-clip-v1
-0.027046,0,,librispeech_0257,impostor_9,librispeech_0078,per-clip-v1
0.057669,0,,librispeech_0257,impostor_10,asvspoof_0383,per-clip-v1
0.786091,1,,librispeech_0258,genuine,librispeech_0258,per-clip-v1
0.073087,0,,librispeech_0258,impostor_1,fakeavceleb_01196_African_women_id05980,per-clip-v1
-0.029781,0,,librispeech_0258,impostor_2,fakeavceleb_02401_Asian(South)_women_id05920,per-clip-v1
0.223353,0,,librispeech_0258,impostor_3,librispeech_0395,per-clip-v1
0.040746,0,,librispeech_0258,impostor_4,librispeech_0271,per-clip-v1
-0.080358,0,,librispeech_0258,impostor_5,fakeavceleb_00946_African_women_id00832,per-clip-v1
0.026032,0,,librispeech_0258,impostor_6,fakeavceleb_00925_African_women_id00707,per-clip-v1
-0.072776,0,,librispeech_0258,impostor_7,fakeavceleb_02694_Caucasian(American)_men_id00945,per-clip-v1
0.055193,0,,librispeech_0258,impostor_8,librispeech_0119,per-clip-v1
-0.002767,0,,librispeech_0258,impostor_9,fakeavceleb_03085_Caucasian(American)_women_id01004,per-clip-v1
-0.059341,0,,librispeech_0258,impostor_10,fakeavceleb_00439_Caucasian(European)_men_id01058,per-clip-v1
0.671418,1,,librispeech_0259,genuine,librispeech_0259,per-clip-v1
-0.065526,0,,librispeech_0259,impostor_1,librispeech_0442,per-clip-v1
0.095586,0,,librispeech_0259,impostor_2,fakeavceleb_03132_Caucasian(American)_women_id01238,per-clip-v1
-0.028067,0,,librispeech_0259,impostor_3,fakeavceleb_03801_Caucasian(European)_women_id01002,per-clip-v1
-0.014566,0,,librispeech_0259,impostor_4,fakeavceleb_02890_Caucasian(American)_women_id00098,per-clip-v1
-0.012448,0,,librispeech_0259,impostor_5,fakeavceleb_00081_African_women_id03747,per-clip-v1
0.141865,0,,librispeech_0259,impostor_6,fakeavceleb_01533_Asian(East)_women_id00430,per-clip-v1
0.020240,0,,librispeech_0259,impostor_7,fakeavceleb_02577_Caucasian(American)_men_id00060,per-clip-v1
0.230160,0,,librispeech_0259,impostor_8,asvspoof_0286,per-clip-v1
0.091459,0,,librispeech_0259,impostor_9,librispeech_0330,per-clip-v1
-0.027536,0,,librispeech_0259,impostor_10,librispeech_0283,per-clip-v1
0.848130,1,,librispeech_0260,genuine,librispeech_0260,per-clip-v1
0.053808,0,,librispeech_0260,impostor_1,fakeavceleb_00799_African_men_id02040,per-clip-v1
0.013728,0,,librispeech_0260,impostor_2,fakeavceleb_03305_Caucasian(European)_men_id00266,per-clip-v1
-0.004783,0,,librispeech_0260,impostor_3,fakeavceleb_03504_Caucasian(European)_men_id01157,per-clip-v1
0.116896,0,,librispeech_0260,impostor_4,librispeech_0381,per-clip-v1
0.027285,0,,librispeech_0260,impostor_5,librispeech_0437,per-clip-v1
0.050623,0,,librispeech_0260,impostor_6,fakeavceleb_02491_Asian(South)_women_id07078,per-clip-v1
0.044540,0,,librispeech_0260,impostor_7,librispeech_0499,per-clip-v1
0.020901,0,,librispeech_0260,impostor_8,fakeavceleb_00367_Caucasian(American)_women_id00431,per-clip-v1
-0.045287,0,,librispeech_0260,impostor_9,fakeavceleb_02458_Asian(South)_women_id06438,per-clip-v1
-0.114910,0,,librispeech_0260,impostor_10,fakeavceleb_02940_Caucasian(American)_women_id00261,per-clip-v1
0.815200,1,,librispeech_0261,genuine,librispeech_0261,per-clip-v1
-0.066228,0,,librispeech_0261,impostor_1,fakeavceleb_02276_Asian(South)_women_id02619,per-clip-v1
0.144934,0,,librispeech_0261,impostor_2,fakeavceleb_01796_Asian(East)_women_id08139,per-clip-v1
0.087999,0,,librispeech_0261,impostor_3,librispeech_0370,per-clip-v1
0.168805,0,,librispeech_0261,impostor_4,librispeech_0250,per-clip-v1
0.049572,0,,librispeech_0261,impostor_5,fakeavceleb_02008_Asian(South)_men_id04537,per-clip-v1
0.001585,0,,librispeech_0261,impostor_6,fakeavceleb_01059_African_women_id02948,per-clip-v1
0.029847,0,,librispeech_0261,impostor_7,fakeavceleb_02967_Caucasian(American)_women_id00381,per-clip-v1
0.160149,0,,librispeech_0261,impostor_8,fakeavceleb_00166_Asian(East)_women_id04066,per-clip-v1
0.199897,0,,librispeech_0261,impostor_9,fakeavceleb_02786_Caucasian(American)_men_id01201,per-clip-v1
-0.020606,0,,librispeech_0261,impostor_10,librispeech_0386,per-clip-v1
0.845738,1,,librispeech_0262,genuine,librispeech_0262,per-clip-v1
-0.123931,0,,librispeech_0262,impostor_1,fakeavceleb_01671_Asian(East)_women_id05576,per-clip-v1
0.029228,0,,librispeech_0262,impostor_2,asvspoof_0364,per-clip-v1
0.028451,0,,librispeech_0262,impostor_3,librispeech_0071,per-clip-v1
0.065779,0,,librispeech_0262,impostor_4,librispeech_0062,per-clip-v1
0.037430,0,,librispeech_0262,impostor_5,fakeavceleb_02792_Caucasian(American)_men_id01210,per-clip-v1
0.276547,0,,librispeech_0262,impostor_6,librispeech_0296,per-clip-v1
0.053494,0,,librispeech_0262,impostor_7,fakeavceleb_00084_African_women_id04374,per-clip-v1
0.200593,0,,librispeech_0262,impostor_8,fakeavceleb_00954_African_women_id01178,per-clip-v1
0.113126,0,,librispeech_0262,impostor_9,fakeavceleb_03031_Caucasian(American)_women_id00575,per-clip-v1
0.097948,0,,librispeech_0262,impostor_10,fakeavceleb_03328_Caucasian(European)_men_id00306,per-clip-v1
0.909568,1,,librispeech_0263,genuine,librispeech_0263,per-clip-v1
-0.080256,0,,librispeech_0263,impostor_1,fakeavceleb_01299_Asian(East)_men_id02332,per-clip-v1
0.102864,0,,librispeech_0263,impostor_2,fakeavceleb_00978_African_women_id01783,per-clip-v1
0.075192,0,,librispeech_0263,impostor_3,fakeavceleb_03225_Caucasian(European)_men_id00171,per-clip-v1
0.188874,0,,librispeech_0263,impostor_4,asvspoof_0247,per-clip-v1
0.201126,0,,librispeech_0263,impostor_5,fakeavceleb_00936_African_women_id00829,per-clip-v1
0.025717,0,,librispeech_0263,impostor_6,fakeavceleb_03814_Caucasian(European)_women_id03371,per-clip-v1
0.064615,0,,librispeech_0263,impostor_7,fakeavceleb_03199_Caucasian(European)_men_id00055,per-clip-v1
0.048608,0,,librispeech_0263,impostor_8,fakeavceleb_01289_Asian(East)_men_id01683,per-clip-v1
0.038411,0,,librispeech_0263,impostor_9,fakeavceleb_01574_Asian(East)_women_id00935,per-clip-v1
0.028748,0,,librispeech_0263,impostor_10,asvspoof_0386,per-clip-v1
0.856292,1,,librispeech_0265,genuine,librispeech_0265,per-clip-v1
-0.117193,0,,librispeech_0265,impostor_1,fakeavceleb_01847_Asian(East)_women_id09175,per-clip-v1
-0.093985,0,,librispeech_0265,impostor_2,librispeech_0336,per-clip-v1
0.014196,0,,librispeech_0265,impostor_3,librispeech_0157,per-clip-v1
0.023191,0,,librispeech_0265,impostor_4,fakeavceleb_01204_Asian(East)_men_id00056,per-clip-v1
0.137522,0,,librispeech_0265,impostor_5,asvspoof_0379,per-clip-v1
0.090641,0,,librispeech_0265,impostor_6,fakeavceleb_01041_African_women_id02808,per-clip-v1
-0.092487,0,,librispeech_0265,impostor_7,fakeavceleb_00289_Asian(South)_women_id06445,per-clip-v1
0.053709,0,,librispeech_0265,impostor_8,fakeavceleb_00222_Asian(South)_men_id04554,per-clip-v1
-0.106338,0,,librispeech_0265,impostor_9,fakeavceleb_01685_Asian(East)_women_id05631,per-clip-v1
-0.088969,0,,librispeech_0265,impostor_10,fakeavceleb_03123_Caucasian(American)_women_id01227,per-clip-v1
0.840578,1,,librispeech_0266,genuine,librispeech_0266,per-clip-v1
-0.075689,0,,librispeech_0266,impostor_1,fakeavceleb_00648_African_men_id01236,per-clip-v1
-0.065622,0,,librispeech_0266,impostor_2,fakeavceleb_02729_Caucasian(American)_men_id01096,per-clip-v1
0.371846,0,,librispeech_0266,impostor_3,asvspoof_0079,per-clip-v1
0.405668,0,,librispeech_0266,impostor_4,librispeech_0271,per-clip-v1
0.042984,0,,librispeech_0266,impostor_5,fakeavceleb_02684_Caucasian(American)_men_id00777,per-clip-v1
0.172178,0,,librispeech_0266,impostor_6,librispeech_0249,per-clip-v1
0.078791,0,,librispeech_0266,impostor_7,fakeavceleb_01025_African_women_id02586,per-clip-v1
0.084303,0,,librispeech_0266,impostor_8,fakeavceleb_02819_Caucasian(American)_men_id03678,per-clip-v1
0.017747,0,,librispeech_0266,impostor_9,fakeavceleb_01907_Asian(South)_men_id00350,per-clip-v1
0.044867,0,,librispeech_0266,impostor_10,librispeech_0254,per-clip-v1
0.869962,1,,librispeech_0267,genuine,librispeech_0267,per-clip-v1
0.031777,0,,librispeech_0267,impostor_1,librispeech_0256,per-clip-v1
-0.005391,0,,librispeech_0267,impostor_2,asvspoof_0005,per-clip-v1
-0.071066,0,,librispeech_0267,impostor_3,librispeech_0091,per-clip-v1
-0.125307,0,,librispeech_0267,impostor_4,fakeavceleb_01141_African_women_id04736,per-clip-v1
0.180577,0,,librispeech_0267,impostor_5,fakeavceleb_03429_Caucasian(European)_men_id00946,per-clip-v1
0.016767,0,,librispeech_0267,impostor_6,fakeavceleb_03393_Caucasian(European)_men_id00594,per-clip-v1
0.050659,0,,librispeech_0267,impostor_7,asvspoof_0196,per-clip-v1
-0.037469,0,,librispeech_0267,impostor_8,fakeavceleb_01453_Asian(East)_men_id07338,per-clip-v1
-0.194251,0,,librispeech_0267,impostor_9,fakeavceleb_00085_African_women_id04376,per-clip-v1
-0.071699,0,,librispeech_0267,impostor_10,fakeavceleb_00080_African_women_id03713,per-clip-v1
0.751491,1,,librispeech_0268,genuine,librispeech_0268,per-clip-v1
0.010565,0,,librispeech_0268,impostor_1,librispeech_0359,per-clip-v1
0.156491,0,,librispeech_0268,impostor_2,librispeech_0155,per-clip-v1
0.005371,0,,librispeech_0268,impostor_3,fakeavceleb_03388_Caucasian(European)_men_id00559,per-clip-v1
-0.161963,0,,librispeech_0268,impostor_4,fakeavceleb_01244_Asian(East)_men_id00740,per-clip-v1
0.170374,0,,librispeech_0268,impostor_5,fakeavceleb_00466_Caucasian(European)_women_id00374,per-clip-v1
-0.024595,0,,librispeech_0268,impostor_6,fakeavceleb_01977_Asian(South)_men_id00860,per-clip-v1
0.146247,0,,librispeech_0268,impostor_7,fakeavceleb_02123_Asian(South)_men_id07194,per-clip-v1
0.103484,0,,librispeech_0268,impostor_8,librispeech_0312,per-clip-v1
-0.004264,0,,librispeech_0268,impostor_9,fakeavceleb_01807_Asian(East)_women_id08402,per-clip-v1
-0.073133,0,,librispeech_0268,impostor_10,fakeavceleb_01309_Asian(East)_men_id02493,per-clip-v1
0.826764,1,,librispeech_0269,genuine,librispeech_0269,per-clip-v1
-0.080950,0,,librispeech_0269,impostor_1,fakeavceleb_03335_Caucasian(European)_men_id00368,per-clip-v1
0.155456,0,,librispeech_0269,impostor_2,asvspoof_0303,per-clip-v1
0.019774,0,,librispeech_0269,impostor_3,fakeavceleb_01511_Asian(East)_women_id00137,per-clip-v1
0.048859,0,,librispeech_0269,impostor_4,fakeavceleb_01242_Asian(East)_men_id00740,per-clip-v1
0.003363,0,,librispeech_0269,impostor_5,librispeech_0009,per-clip-v1
0.179444,0,,librispeech_0269,impostor_6,fakeavceleb_01670_Asian(East)_women_id05576,per-clip-v1
0.013418,0,,librispeech_0269,impostor_7,fakeavceleb_03735_Caucasian(European)_women_id00581,per-clip-v1
0.096464,0,,librispeech_0269,impostor_8,librispeech_0272,per-clip-v1
-0.003110,0,,librispeech_0269,impostor_9,fakeavceleb_00954_African_women_id01178,per-clip-v1
-0.089152,0,,librispeech_0269,impostor_10,fakeavceleb_03104_Caucasian(American)_women_id01216,per-clip-v1
0.899032,1,,librispeech_0270,genuine,librispeech_0270,per-clip-v1
-0.023807,0,,librispeech_0270,impostor_1,fakeavceleb_00073_African_women_id02824,per-clip-v1
0.165093,0,,librispeech_0270,impostor_2,librispeech_0009,per-clip-v1
0.163856,0,,librispeech_0270,impostor_3,librispeech_0236,per-clip-v1
-0.031229,0,,librispeech_0270,impostor_4,fakeavceleb_03810_Caucasian(European)_women_id01018,per-clip-v1
0.105684,0,,librispeech_0270,impostor_5,fakeavceleb_03819_Caucasian(European)_women_id03620,per-clip-v1
0.117048,0,,librispeech_0270,impostor_6,librispeech_0488,per-clip-v1
-0.007134,0,,librispeech_0270,impostor_7,librispeech_0059,per-clip-v1
0.021754,0,,librispeech_0270,impostor_8,fakeavceleb_02199_Asian(South)_women_id00149,per-clip-v1
0.092043,0,,librispeech_0270,impostor_9,fakeavceleb_00123_Asian(East)_men_id04691,per-clip-v1
0.110301,0,,librispeech_0270,impostor_10,librispeech_0413,per-clip-v1
0.884207,1,,librispeech_0271,genuine,librispeech_0271,per-clip-v1
0.086962,0,,librispeech_0271,impostor_1,librispeech_0353,per-clip-v1
-0.068144,0,,librispeech_0271,impostor_2,fakeavceleb_00249_Asian(South)_men_id08457,per-clip-v1
-0.116083,0,,librispeech_0271,impostor_3,fakeavceleb_03392_Caucasian(European)_men_id00594,per-clip-v1
0.266151,0,,librispeech_0271,impostor_4,librispeech_0366,per-clip-v1
-0.065338,0,,librispeech_0271,impostor_5,fakeavceleb_00948_African_women_id01178,per-clip-v1
-0.045089,0,,librispeech_0271,impostor_6,fakeavceleb_01428_Asian(East)_men_id06591,per-clip-v1
0.091265,0,,librispeech_0271,impostor_7,librispeech_0233,per-clip-v1
0.010916,0,,librispeech_0271,impostor_8,fakeavceleb_00010_African_men_id00761,per-clip-v1
0.327703,0,,librispeech_0271,impostor_9,fakeavceleb_02634_Caucasian(American)_men_id00264,per-clip-v1
-0.029326,0,,librispeech_0271,impostor_10,fakeavceleb_00580_African_men_id00781,per-clip-v1
0.871541,1,,librispeech_0272,genuine,librispeech_0272,per-clip-v1
0.024398,0,,librispeech_0272,impostor_1,fakeavceleb_03305_Caucasian(European)_men_id00266,per-clip-v1
0.148978,0,,librispeech_0272,impostor_2,fakeavceleb_00614_African_men_id01170,per-clip-v1
0.030397,0,,librispeech_0272,impostor_3,fakeavceleb_00996_African_women_id01907,per-clip-v1
-0.037661,0,,librispeech_0272,impostor_4,fakeavceleb_02504_Asian(South)_women_id07377,per-clip-v1
-0.030566,0,,librispeech_0272,impostor_5,fakeavceleb_03299_Caucasian(European)_men_id00265,per-clip-v1
0.008925,0,,librispeech_0272,impostor_6,fakeavceleb_01348_Asian(East)_men_id04222,per-clip-v1
0.009265,0,,librispeech_0272,impostor_7,fakeavceleb_00560_African_men_id00478,per-clip-v1
-0.031999,0,,librispeech_0272,impostor_8,fakeavceleb_01493_Asian(East)_men_id09143,per-clip-v1
-0.039703,0,,librispeech_0272,impostor_9,asvspoof_0144,per-clip-v1
0.024527,0,,librispeech_0272,impostor_10,fakeavceleb_02000_Asian(South)_men_id04526,per-clip-v1
0.898960,1,,librispeech_0273,genuine,librispeech_0273,per-clip-v1
0.100494,0,,librispeech_0273,impostor_1,librispeech_0047,per-clip-v1
0.047174,0,,librispeech_0273,impostor_2,fakeavceleb_01376_Asian(East)_men_id04884,per-clip-v1
-0.023663,0,,librispeech_0273,impostor_3,fakeavceleb_00827_African_men_id02316,per-clip-v1
-0.136504,0,,librispeech_0273,impostor_4,fakeavceleb_01921_Asian(South)_men_id00685,per-clip-v1
-0.052637,0,,librispeech_0273,impostor_5,fakeavceleb_00808_African_men_id02051,per-clip-v1
-0.012590,0,,librispeech_0273,impostor_6,librispeech_0426,per-clip-v1
0.102872,0,,librispeech_0273,impostor_7,asvspoof_0190,per-clip-v1
0.120996,0,,librispeech_0273,impostor_8,librispeech_0135,per-clip-v1
0.109905,0,,librispeech_0273,impostor_9,librispeech_0072,per-clip-v1
-0.021022,0,,librispeech_0273,impostor_10,fakeavceleb_03795_Caucasian(European)_women_id01001,per-clip-v1
0.777186,1,,librispeech_0274,genuine,librispeech_0274,per-clip-v1
-0.030600,0,,librispeech_0274,impostor_1,fakeavceleb_00074_African_women_id02838,per-clip-v1
0.156908,0,,librispeech_0274,impostor_2,asvspoof_0412,per-clip-v1
0.100116,0,,librispeech_0274,impostor_3,fakeavceleb_02726_Caucasian(American)_men_id01096,per-clip-v1
0.070421,0,,librispeech_0274,impostor_4,fakeavceleb_01930_Asian(South)_men_id00732,per-clip-v1
0.098844,0,,librispeech_0274,impostor_5,asvspoof_0123,per-clip-v1
0.097540,0,,librispeech_0274,impostor_6,librispeech_0283,per-clip-v1
0.053027,0,,librispeech_0274,impostor_7,asvspoof_0434,per-clip-v1
0.078314,0,,librispeech_0274,impostor_8,fakeavceleb_03686_Caucasian(European)_women_id00434,per-clip-v1
-0.078280,0,,librispeech_0274,impostor_9,fakeavceleb_03640_Caucasian(European)_women_id00330,per-clip-v1
0.077410,0,,librispeech_0274,impostor_10,fakeavceleb_01995_Asian(South)_men_id03945,per-clip-v1
0.864570,1,,librispeech_0275,genuine,librispeech_0275,per-clip-v1
-0.011460,0,,librispeech_0275,impostor_1,fakeavceleb_01399_Asian(East)_men_id05743,per-clip-v1
-0.067774,0,,librispeech_0275,impostor_2,fakeavceleb_02590_Caucasian(American)_men_id00087,per-clip-v1
0.067738,0,,librispeech_0275,impostor_3,fakeavceleb_01051_African_women_id02838,per-clip-v1
-0.080757,0,,librispeech_0275,impostor_4,fakeavceleb_02295_Asian(South)_women_id03897,per-clip-v1
-0.034773,0,,librispeech_0275,impostor_5,fakeavceleb_01405_Asian(East)_men_id06269,per-clip-v1
0.077610,0,,librispeech_0275,impostor_6,librispeech_0158,per-clip-v1
-0.044356,0,,librispeech_0275,impostor_7,fakeavceleb_03554_Caucasian(European)_women_id00071,per-clip-v1
0.112989,0,,librispeech_0275,impostor_8,asvspoof_0408,per-clip-v1
0.028780,0,,librispeech_0275,impostor_9,fakeavceleb_03117_Caucasian(American)_women_id01225,per-clip-v1
-0.005374,0,,librispeech_0275,impostor_10,asvspoof_0230,per-clip-v1
0.872026,1,,librispeech_0276,genuine,librispeech_0276,per-clip-v1
0.075720,0,,librispeech_0276,impostor_1,fakeavceleb_03475_Caucasian(European)_men_id01099,per-clip-v1
-0.012867,0,,librispeech_0276,impostor_2,fakeavceleb_02145_Asian(South)_men_id07210,per-clip-v1
0.081163,0,,librispeech_0276,impostor_3,librispeech_0393,per-clip-v1
0.083664,0,,librispeech_0276,impostor_4,librispeech_0449,per-clip-v1
0.003396,0,,librispeech_0276,impostor_5,fakeavceleb_00767_African_men_id01933,per-clip-v1
0.025708,0,,librispeech_0276,impostor_6,fakeavceleb_01728_Asian(East)_women_id06158,per-clip-v1
0.018318,0,,librispeech_0276,impostor_7,librispeech_0143,per-clip-v1
0.063470,0,,librispeech_0276,impostor_8,fakeavceleb_01109_African_women_id04245,per-clip-v1
0.157002,0,,librispeech_0276,impostor_9,librispeech_0304,per-clip-v1
0.084015,0,,librispeech_0276,impostor_10,librispeech_0208,per-clip-v1
0.845334,1,,librispeech_0277,genuine,librispeech_0277,per-clip-v1
0.057751,0,,librispeech_0277,impostor_1,fakeavceleb_01705_Asian(East)_women_id06060,per-clip-v1
0.104914,0,,librispeech_0277,impostor_2,fakeavceleb_02672_Caucasian(American)_men_id00775,per-clip-v1
0.090652,0,,librispeech_0277,impostor_3,librispeech_0313,per-clip-v1
0.142391,0,,librispeech_0277,impostor_4,librispeech_0307,per-clip-v1
-0.064575,0,,librispeech_0277,impostor_5,fakeavceleb_00348_Caucasian(American)_men_id04219,per-clip-v1
0.041448,0,,librispeech_0277,impostor_6,librispeech_0276,per-clip-v1
0.093365,0,,librispeech_0277,impostor_7,librispeech_0244,per-clip-v1
0.050734,0,,librispeech_0277,impostor_8,fakeavceleb_02870_Caucasian(American)_women_id00097,per-clip-v1
-0.085302,0,,librispeech_0277,impostor_9,fakeavceleb_02987_Caucasian(American)_women_id00418,per-clip-v1
0.161307,0,,librispeech_0277,impostor_10,fakeavceleb_00831_African_men_id02342,per-clip-v1
0.636062,1,,librispeech_0278,genuine,librispeech_0278,per-clip-v1
0.135824,0,,librispeech_0278,impostor_1,fakeavceleb_02035_Asian(South)_men_id04599,per-clip-v1
0.105244,0,,librispeech_0278,impostor_2,librispeech_0260,per-clip-v1
-0.099442,0,,librispeech_0278,impostor_3,fakeavceleb_00040_African_men_id01995,per-clip-v1
0.002060,0,,librispeech_0278,impostor_4,fakeavceleb_01401_Asian(East)_men_id06152,per-clip-v1
0.183266,0,,librispeech_0278,impostor_5,librispeech_0469,per-clip-v1
0.143183,0,,librispeech_0278,impostor_6,fakeavceleb_01912_Asian(South)_men_id00414,per-clip-v1
-0.054915,0,,librispeech_0278,impostor_7,fakeavceleb_00863_African_women_id00220,per-clip-v1
0.126103,0,,librispeech_0278,impostor_8,librispeech_0047,per-clip-v1
-0.044929,0,,librispeech_0278,impostor_9,librispeech_0192,per-clip-v1
0.046982,0,,librispeech_0278,impostor_10,fakeavceleb_02532_Caucasian(American)_men_id00020,per-clip-v1
0.848340,1,,librispeech_0279,genuine,librispeech_0279,per-clip-v1
0.085799,0,,librispeech_0279,impostor_1,asvspoof_0052,per-clip-v1
0.025847,0,,librispeech_0279,impostor_2,fakeavceleb_02404_Asian(South)_women_id05931,per-clip-v1
0.111109,0,,librispeech_0279,impostor_3,fakeavceleb_00180_Asian(East)_women_id06225,per-clip-v1
-0.119050,0,,librispeech_0279,impostor_4,fakeavceleb_00915_African_women_id00592,per-clip-v1
-0.043761,0,,librispeech_0279,impostor_5,fakeavceleb_03670_Caucasian(European)_women_id00379,per-clip-v1
0.072602,0,,librispeech_0279,impostor_6,fakeavceleb_03324_Caucasian(European)_men_id00305,per-clip-v1
0.070361,0,,librispeech_0279,impostor_7,librispeech_0456,per-clip-v1
0.078701,0,,librispeech_0279,impostor_8,fakeavceleb_02184_Asian(South)_women_id00080,per-clip-v1
-0.008465,0,,librispeech_0279,impostor_9,fakeavceleb_03489_Caucasian(European)_men_id01123,per-clip-v1
0.105176,0,,librispeech_0279,impostor_10,fakeavceleb_02665_Caucasian(American)_men_id00708,per-clip-v1
0.860587,1,,librispeech_0280,genuine,librispeech_0280,per-clip-v1
0.138074,0,,librispeech_0280,impostor_1,asvspoof_0120,per-clip-v1
-0.037479,0,,librispeech_0280,impostor_2,fakeavceleb_02052_Asian(South)_men_id06334,per-clip-v1
0.047275,0,,librispeech_0280,impostor_3,librispeech_0405,per-clip-v1
-0.024511,0,,librispeech_0280,impostor_4,librispeech_0058,per-clip-v1
0.116707,0,,librispeech_0280,impostor_5,librispeech_0389,per-clip-v1
0.232147,0,,librispeech_0280,impostor_6,librispeech_0272,per-clip-v1
-0.006032,0,,librispeech_0280,impostor_7,fakeavceleb_03054_Caucasian(American)_women_id00835,per-clip-v1
0.032501,0,,librispeech_0280,impostor_8,fakeavceleb_02775_Caucasian(American)_men_id01182,per-clip-v1
0.002900,0,,librispeech_0280,impostor_9,fakeavceleb_02124_Asian(South)_men_id07194,per-clip-v1
-0.032840,0,,librispeech_0280,impostor_10,fakeavceleb_01048_African_women_id02824,per-clip-v1
0.605263,1,,librispeech_0281,genuine,librispeech_0281,per-clip-v1
0.050859,0,,librispeech_0281,impostor_1,fakeavceleb_03323_Caucasian(European)_men_id00292,per-clip-v1
0.034020,0,,librispeech_0281,impostor_2,fakeavceleb_01892_Asian(South)_men_id00103,per-clip-v1
0.156618,0,,librispeech_0281,impostor_3,librispeech_0124,per-clip-v1
0.083982,0,,librispeech_0281,impostor_4,fakeavceleb_03469_Caucasian(European)_men_id01098,per-clip-v1
-0.012649,0,,librispeech_0281,impostor_5,fakeavceleb_02353_Asian(South)_women_id04927,per-clip-v1
0.143963,0,,librispeech_0281,impostor_6,fakeavceleb_02891_Caucasian(American)_women_id00100,per-clip-v1
0.009376,0,,librispeech_0281,impostor_7,fakeavceleb_03246_Caucasian(European)_men_id00185,per-clip-v1
0.098684,0,,librispeech_0281,impostor_8,fakeavceleb_03035_Caucasian(American)_women_id00575,per-clip-v1
-0.002634,0,,librispeech_0281,impostor_9,fakeavceleb_00055_African_women_id00577,per-clip-v1
-0.138957,0,,librispeech_0281,impostor_10,fakeavceleb_02217_Asian(South)_women_id00417,per-clip-v1
0.846013,1,,librispeech_0282,genuine,librispeech_0282,per-clip-v1
-0.091513,0,,librispeech_0282,impostor_1,fakeavceleb_03674_Caucasian(European)_women_id00395,per-clip-v1
-0.159457,0,,librispeech_0282,impostor_2,fakeavceleb_01154_African_women_id04939,per-clip-v1
-0.016645,0,,librispeech_0282,impostor_3,fakeavceleb_00626_African_men_id01179,per-clip-v1
0.026805,0,,librispeech_0282,impostor_4,fakeavceleb_03813_Caucasian(European)_women_id03371,per-clip-v1
0.120609,0,,librispeech_0282,impostor_5,fakeavceleb_00375_Caucasian(American)_women_id00752,per-clip-v1
-0.050325,0,,librispeech_0282,impostor_6,fakeavceleb_03214_Caucasian(European)_men_id00063,per-clip-v1
0.011513,0,,librispeech_0282,impostor_7,asvspoof_0067,per-clip-v1
-0.095684,0,,librispeech_0282,impostor_8,fakeavceleb_00274_Asian(South)_women_id04927,per-clip-v1
0.117859,0,,librispeech_0282,impostor_9,fakeavceleb_02231_Asian(South)_women_id00488,per-clip-v1
0.052045,0,,librispeech_0282,impostor_10,fakeavceleb_00180_Asian(East)_women_id06225,per-clip-v1
0.855912,1,,librispeech_0283,genuine,librispeech_0283,per-clip-v1
0.011912,0,,librispeech_0283,impostor_1,librispeech_0459,per-clip-v1
0.171267,0,,librispeech_0283,impostor_2,librispeech_0071,per-clip-v1
0.072738,0,,librispeech_0283,impostor_3,asvspoof_0065,per-clip-v1
-0.075315,0,,librispeech_0283,impostor_4,fakeavceleb_02906_Caucasian(American)_women_id00145,per-clip-v1
0.030301,0,,librispeech_0283,impostor_5,fakeavceleb_03021_Caucasian(American)_women_id00462,per-clip-v1
0.026914,0,,librispeech_0283,impostor_6,fakeavceleb_02409_Asian(South)_women_id05931,per-clip-v1
0.265389,0,,librispeech_0283,impostor_7,librispeech_0494,per-clip-v1
0.232959,0,,librispeech_0283,impostor_8,fakeavceleb_01311_Asian(East)_men_id02493,per-clip-v1
0.037497,0,,librispeech_0283,impostor_9,fakeavceleb_03789_Caucasian(European)_women_id00897,per-clip-v1
-0.034963,0,,librispeech_0283,impostor_10,fakeavceleb_01457_Asian(East)_men_id08299,per-clip-v1
0.804242,1,,librispeech_0284,genuine,librispeech_0284,per-clip-v1
-0.027684,0,,librispeech_0284,impostor_1,fakeavceleb_02329_Asian(South)_women_id04529,per-clip-v1
0.017924,0,,librispeech_0284,impostor_2,librispeech_0402,per-clip-v1
-0.018462,0,,librispeech_0284,impostor_3,asvspoof_0474,per-clip-v1
0.148788,0,,librispeech_0284,impostor_4,fakeavceleb_02309_Asian(South)_women_id04070,per-clip-v1
-0.039206,0,,librispeech_0284,impostor_5,fakeavceleb_02686_Caucasian(American)_men_id00943,per-clip-v1
0.077874,0,,librispeech_0284,impostor_6,fakeavceleb_01768_Asian(East)_women_id07039,per-clip-v1
0.054518,0,,librispeech_0284,impostor_7,librispeech_0330,per-clip-v1
0.122466,0,,librispeech_0284,impostor_8,asvspoof_0103,per-clip-v1
0.002351,0,,librispeech_0284,impostor_9,fakeavceleb_03152_Caucasian(American)_women_id01248,per-clip-v1
-0.012586,0,,librispeech_0284,impostor_10,fakeavceleb_00825_African_men_id02316,per-clip-v1
0.883438,1,,librispeech_0285,genuine,librispeech_0285,per-clip-v1
0.065752,0,,librispeech_0285,impostor_1,librispeech_0039,per-clip-v1
0.085353,0,,librispeech_0285,impostor_2,fakeavceleb_02369_Asian(South)_women_id05434,per-clip-v1
0.108030,0,,librispeech_0285,impostor_3,librispeech_0429,per-clip-v1
-0.008167,0,,librispeech_0285,impostor_4,asvspoof_0423,per-clip-v1
0.063819,0,,librispeech_0285,impostor_5,fakeavceleb_01339_Asian(East)_men_id03965,per-clip-v1
-0.061982,0,,librispeech_0285,impostor_6,fakeavceleb_03786_Caucasian(European)_women_id00826,per-clip-v1
-0.054189,0,,librispeech_0285,impostor_7,fakeavceleb_01555_Asian(East)_women_id00579,per-clip-v1
0.049953,0,,librispeech_0285,impostor_8,fakeavceleb_03170_Caucasian(American)_women_id03556,per-clip-v1
-0.034416,0,,librispeech_0285,impostor_9,librispeech_0431,per-clip-v1
0.029551,0,,librispeech_0285,impostor_10,fakeavceleb_01954_Asian(South)_men_id00773,per-clip-v1
0.880391,1,,librispeech_0286,genuine,librispeech_0286,per-clip-v1
0.020263,0,,librispeech_0286,impostor_1,fakeavceleb_00166_Asian(East)_women_id04066,per-clip-v1
-0.158173,0,,librispeech_0286,impostor_2,fakeavceleb_00933_African_women_id00829,per-clip-v1
0.035586,0,,librispeech_0286,impostor_3,fakeavceleb_01833_Asian(East)_women_id09171,per-clip-v1
0.088035,0,,librispeech_0286,impostor_4,fakeavceleb_03335_Caucasian(European)_men_id00368,per-clip-v1
0.075482,0,,librispeech_0286,impostor_5,fakeavceleb_01348_Asian(East)_men_id04222,per-clip-v1
-0.109346,0,,librispeech_0286,impostor_6,fakeavceleb_00365_Caucasian(American)_women_id00418,per-clip-v1
0.034872,0,,librispeech_0286,impostor_7,fakeavceleb_02078_Asian(South)_men_id07058,per-clip-v1
-0.046601,0,,librispeech_0286,impostor_8,fakeavceleb_00261_Asian(South)_women_id02310,per-clip-v1
0.089794,0,,librispeech_0286,impostor_9,fakeavceleb_01507_Asian(East)_women_id00137,per-clip-v1
0.022388,0,,librispeech_0286,impostor_10,fakeavceleb_00398_Caucasian(American)_women_id03707,per-clip-v1
0.785544,1,,librispeech_0287,genuine,librispeech_0287,per-clip-v1
-0.102218,0,,librispeech_0287,impostor_1,fakeavceleb_01917_Asian(South)_men_id00459,per-clip-v1
0.016231,0,,librispeech_0287,impostor_2,librispeech_0180,per-clip-v1
0.231546,0,,librispeech_0287,impostor_3,librispeech_0341,per-clip-v1
-0.027768,0,,librispeech_0287,impostor_4,asvspoof_0100,per-clip-v1
0.060976,0,,librispeech_0287,impostor_5,fakeavceleb_02429_Asian(South)_women_id06343,per-clip-v1
0.240177,0,,librispeech_0287,impostor_6,librispeech_0412,per-clip-v1
0.046002,0,,librispeech_0287,impostor_7,fakeavceleb_00680_African_men_id01530,per-clip-v1
0.050552,0,,librispeech_0287,impostor_8,fakeavceleb_03591_Caucasian(European)_women_id00262,per-clip-v1
0.046763,0,,librispeech_0287,impostor_9,librispeech_0420,per-clip-v1
-0.086547,0,,librispeech_0287,impostor_10,fakeavceleb_00750_African_men_id01856,per-clip-v1
0.857344,1,,librispeech_0288,genuine,librispeech_0288,per-clip-v1
-0.012795,0,,librispeech_0288,impostor_1,fakeavceleb_00398_Caucasian(American)_women_id03707,per-clip-v1
-0.071545,0,,librispeech_0288,impostor_2,fakeavceleb_03141_Caucasian(American)_women_id01238,per-clip-v1
-0.050832,0,,librispeech_0288,impostor_3,fakeavceleb_00913_African_women_id00592,per-clip-v1
0.088804,0,,librispeech_0288,impostor_4,librispeech_0317,per-clip-v1
0.004999,0,,librispeech_0288,impostor_5,librispeech_0207,per-clip-v1
0.094957,0,,librispeech_0288,impostor_6,fakeavceleb_03036_Caucasian(American)_women_id00616,per-clip-v1
0.063146,0,,librispeech_0288,impostor_7,fakeavceleb_03222_Caucasian(European)_men_id00171,per-clip-v1
0.153826,0,,librispeech_0288,impostor_8,librispeech_0136,per-clip-v1
0.102727,0,,librispeech_0288,impostor_9,fakeavceleb_02589_Caucasian(American)_men_id00087,per-clip-v1
0.156263,0,,librispeech_0288,impostor_10,librispeech_0408,per-clip-v1
0.863363,1,,librispeech_0289,genuine,librispeech_0289,per-clip-v1
-0.017054,0,,librispeech_0289,impostor_1,fakeavceleb_02256_Asian(South)_women_id02089,per-clip-v1
0.070665,0,,librispeech_0289,impostor_2,fakeavceleb_02293_Asian(South)_women_id03897,per-clip-v1
0.106129,0,,librispeech_0289,impostor_3,librispeech_0389,per-clip-v1
0.166827,0,,librispeech_0289,impostor_4,fakeavceleb_02545_Caucasian(American)_men_id00021,per-clip-v1
0.019914,0,,librispeech_0289,impostor_5,librispeech_0004,per-clip-v1
0.192797,0,,librispeech_0289,impostor_6,librispeech_0167,per-clip-v1
-0.015525,0,,librispeech_0289,impostor_7,fakeavceleb_03114_Caucasian(American)_women_id01225,per-clip-v1
-0.016400,0,,librispeech_0289,impostor_8,fakeavceleb_00812_African_men_id02268,per-clip-v1
-0.018092,0,,librispeech_0289,impostor_9,fakeavceleb_02013_Asian(South)_men_id04560,per-clip-v1
0.111982,0,,librispeech_0289,impostor_10,fakeavceleb_02999_Caucasian(American)_women_id00428,per-clip-v1
0.838108,1,,librispeech_0290,genuine,librispeech_0290,per-clip-v1
0.142079,0,,librispeech_0290,impostor_1,asvspoof_0208,per-clip-v1
0.012138,0,,librispeech_0290,impostor_2,fakeavceleb_01800_Asian(East)_women_id08397,per-clip-v1
0.000468,0,,librispeech_0290,impostor_3,fakeavceleb_02733_Caucasian(American)_men_id01105,per-clip-v1
0.062504,0,,librispeech_0290,impostor_4,fakeavceleb_00626_African_men_id01179,per-clip-v1
0.040983,0,,librispeech_0290,impostor_5,fakeavceleb_01531_Asian(East)_women_id00430,per-clip-v1
-0.037876,0,,librispeech_0290,impostor_6,librispeech_0415,per-clip-v1
0.096909,0,,librispeech_0290,impostor_7,fakeavceleb_01865_Asian(South)_men_id00033,per-clip-v1
0.011258,0,,librispeech_0290,impostor_8,fakeavceleb_01137_African_women_id04689,per-clip-v1
0.068914,0,,librispeech_0290,impostor_9,fakeavceleb_02939_Caucasian(American)_women_id00261,per-clip-v1
-0.014376,0,,librispeech_0290,impostor_10,librispeech_0259,per-clip-v1
0.770349,1,,librispeech_0291,genuine,librispeech_0291,per-clip-v1
0.020873,0,,librispeech_0291,impostor_1,librispeech_0217,per-clip-v1
0.041057,0,,librispeech_0291,impostor_2,fakeavceleb_02865_Caucasian(American)_women_id00025,per-clip-v1
-0.041858,0,,librispeech_0291,impostor_3,fakeavceleb_00272_Asian(South)_women_id04582,per-clip-v1
0.051670,0,,librispeech_0291,impostor_4,librispeech_0134,per-clip-v1
-0.065123,0,,librispeech_0291,impostor_5,fakeavceleb_01000_African_women_id02071,per-clip-v1
0.091457,0,,librispeech_0291,impostor_6,librispeech_0207,per-clip-v1
-0.002611,0,,librispeech_0291,impostor_7,fakeavceleb_02724_Caucasian(American)_men_id01048,per-clip-v1
-0.120553,0,,librispeech_0291,impostor_8,fakeavceleb_00711_African_men_id01610,per-clip-v1
-0.036752,0,,librispeech_0291,impostor_9,fakeavceleb_01479_Asian(East)_men_id08652,per-clip-v1
0.138209,0,,librispeech_0291,impostor_10,fakeavceleb_02611_Caucasian(American)_men_id00179,per-clip-v1
0.836077,1,,librispeech_0292,genuine,librispeech_0292,per-clip-v1
-0.054459,0,,librispeech_0292,impostor_1,fakeavceleb_03314_Caucasian(European)_men_id00292,per-clip-v1
0.138684,0,,librispeech_0292,impostor_2,asvspoof_0055,per-clip-v1
0.151180,0,,librispeech_0292,impostor_3,fakeavceleb_01587_Asian(East)_women_id01281,per-clip-v1
0.074857,0,,librispeech_0292,impostor_4,fakeavceleb_02505_Asian(South)_women_id07377,per-clip-v1
0.022786,0,,librispeech_0292,impostor_5,librispeech_0076,per-clip-v1
0.019632,0,,librispeech_0292,impostor_6,fakeavceleb_02703_Caucasian(American)_men_id01042,per-clip-v1
0.262127,0,,librispeech_0292,impostor_7,librispeech_0077,per-clip-v1
0.021808,0,,librispeech_0292,impostor_8,fakeavceleb_01444_Asian(East)_men_id06878,per-clip-v1
0.030456,0,,librispeech_0292,impostor_9,fakeavceleb_03303_Caucasian(European)_men_id00266,per-clip-v1
0.098325,0,,librispeech_0292,impostor_10,fakeavceleb_02911_Caucasian(American)_women_id00180,per-clip-v1
0.731172,1,,librispeech_0293,genuine,librispeech_0293,per-clip-v1
0.321977,0,,librispeech_0293,impostor_1,librispeech_0251,per-clip-v1
-0.130531,0,,librispeech_0293,impostor_2,librispeech_0016,per-clip-v1
-0.077767,0,,librispeech_0293,impostor_3,fakeavceleb_02011_Asian(South)_men_id04554,per-clip-v1
0.033572,0,,librispeech_0293,impostor_4,fakeavceleb_00630_African_men_id01179,per-clip-v1
0.108677,0,,librispeech_0293,impostor_5,librispeech_0456,per-clip-v1
0.088190,0,,librispeech_0293,impostor_6,fakeavceleb_02799_Caucasian(American)_men_id01211,per-clip-v1
0.276975,0,,librispeech_0293,impostor_7,librispeech_0483,per-clip-v1
0.030902,0,,librispeech_0293,impostor_8,fakeavceleb_02618_Caucasian(American)_men_id00184,per-clip-v1
0.110286,0,,librispeech_0293,impostor_9,fakeavceleb_02014_Asian(South)_men_id04560,per-clip-v1
0.161414,0,,librispeech_0293,impostor_10,librispeech_0363,per-clip-v1
0.836029,1,,librispeech_0294,genuine,librispeech_0294,per-clip-v1
0.113613,0,,librispeech_0294,impostor_1,fakeavceleb_00232_Asian(South)_men_id06753,per-clip-v1
0.113533,0,,librispeech_0294,impostor_2,librispeech_0413,per-clip-v1
-0.108502,0,,librispeech_0294,impostor_3,asvspoof_0201,per-clip-v1
0.024377,0,,librispeech_0294,impostor_4,fakeavceleb_00710_African_men_id01598,per-clip-v1
0.147353,0,,librispeech_0294,impostor_5,fakeavceleb_00276_Asian(South)_women_id05435,per-clip-v1
0.177159,0,,librispeech_0294,impostor_6,librispeech_0209,per-clip-v1
0.195493,0,,librispeech_0294,impostor_7,librispeech_0427,per-clip-v1
0.012324,0,,librispeech_0294,impostor_8,fakeavceleb_01991_Asian(South)_men_id03599,per-clip-v1
-0.066580,0,,librispeech_0294,impostor_9,fakeavceleb_00872_African_women_id00359,per-clip-v1
-0.130637,0,,librispeech_0294,impostor_10,fakeavceleb_03019_Caucasian(American)_women_id00462,per-clip-v1
0.854786,1,,librispeech_0295,genuine,librispeech_0295,per-clip-v1
-0.021942,0,,librispeech_0295,impostor_1,fakeavceleb_00603_African_men_id01076,per-clip-v1
0.017664,0,,librispeech_0295,impostor_2,fakeavceleb_00917_African_women_id00592,per-clip-v1
0.061828,0,,librispeech_0295,impostor_3,fakeavceleb_02421_Asian(South)_women_id06254,per-clip-v1
0.075930,0,,librispeech_0295,impostor_4,fakeavceleb_01646_Asian(East)_women_id04144,per-clip-v1
0.070930,0,,librispeech_0295,impostor_5,fakeavceleb_01130_African_women_id04540,per-clip-v1
0.029990,0,,librispeech_0295,impostor_6,fakeavceleb_02083_Asian(South)_men_id07058,per-clip-v1
0.046148,0,,librispeech_0295,impostor_7,librispeech_0292,per-clip-v1
-0.045192,0,,librispeech_0295,impostor_8,fakeavceleb_00741_African_men_id01779,per-clip-v1
0.117926,0,,librispeech_0295,impostor_9,fakeavceleb_02505_Asian(South)_women_id07377,per-clip-v1
0.174369,0,,librispeech_0295,impostor_10,librispeech_0250,per-clip-v1
0.879356,1,,librispeech_0296,genuine,librispeech_0296,per-clip-v1
0.132475,0,,librispeech_0296,impostor_1,fakeavceleb_03823_Caucasian(European)_women_id03649,per-clip-v1
0.173745,0,,librispeech_0296,impostor_2,fakeavceleb_00391_Caucasian(American)_women_id01245,per-clip-v1
0.036690,0,,librispeech_0296,impostor_3,fakeavceleb_03399_Caucasian(European)_men_id00694,per-clip-v1
-0.026115,0,,librispeech_0296,impostor_4,fakeavceleb_02078_Asian(South)_men_id07058,per-clip-v1
0.051617,0,,librispeech_0296,impostor_5,fakeavceleb_02030_Asian(South)_men_id04562,per-clip-v1
0.148074,0,,librispeech_0296,impostor_6,librispeech_0474,per-clip-v1
0.089884,0,,librispeech_0296,impostor_7,fakeavceleb_03202_Caucasian(European)_men_id00055,per-clip-v1
0.247721,0,,librispeech_0296,impostor_8,asvspoof_0182,per-clip-v1
0.041324,0,,librispeech_0296,impostor_9,fakeavceleb_00228_Asian(South)_men_id04928,per-clip-v1
0.192337,0,,librispeech_0296,impostor_10,fakeavceleb_02469_Asian(South)_women_id06752,per-clip-v1
0.823886,1,,librispeech_0297,genuine,librispeech_0297,per-clip-v1
0.110956,0,,librispeech_0297,impostor_1,fakeavceleb_02377_Asian(South)_women_id05435,per-clip-v1
-0.002760,0,,librispeech_0297,impostor_2,fakeavceleb_00194_Asian(East)_women_id09116,per-clip-v1
0.109076,0,,librispeech_0297,impostor_3,fakeavceleb_02913_Caucasian(American)_women_id00180,per-clip-v1
-0.001196,0,,librispeech_0297,impostor_4,fakeavceleb_03435_Caucasian(European)_men_id00981,per-clip-v1
0.006628,0,,librispeech_0297,impostor_5,librispeech_0421,per-clip-v1
0.141686,0,,librispeech_0297,impostor_6,asvspoof_0470,per-clip-v1
-0.044171,0,,librispeech_0297,impostor_7,fakeavceleb_01963_Asian(South)_men_id00816,per-clip-v1
0.027683,0,,librispeech_0297,impostor_8,librispeech_0131,per-clip-v1
0.266572,0,,librispeech_0297,impostor_9,fakeavceleb_03552_Caucasian(European)_women_id00071,per-clip-v1
0.050675,0,,librispeech_0297,impostor_10,fakeavceleb_00028_African_men_id01597,per-clip-v1
0.825420,1,,librispeech_0298,genuine,librispeech_0298,per-clip-v1
0.038817,0,,librispeech_0298,impostor_1,librispeech_0149,per-clip-v1
0.055377,0,,librispeech_0298,impostor_2,fakeavceleb_00814_African_men_id02296,per-clip-v1
0.128903,0,,librispeech_0298,impostor_3,fakeavceleb_00068_African_women_id02508,per-clip-v1
0.115524,0,,librispeech_0298,impostor_4,fakeavceleb_02117_Asian(South)_men_id07182,per-clip-v1
-0.122576,0,,librispeech_0298,impostor_5,fakeavceleb_00943_African_women_id00832,per-clip-v1
0.098378,0,,librispeech_0298,impostor_6,fakeavceleb_00472_Caucasian(European)_women_id00491,per-clip-v1
0.164494,0,,librispeech_0298,impostor_7,fakeavceleb_01418_Asian(East)_men_id06470,per-clip-v1
-0.044192,0,,librispeech_0298,impostor_8,fakeavceleb_03788_Caucasian(European)_women_id00826,per-clip-v1
-0.094272,0,,librispeech_0298,impostor_9,fakeavceleb_00652_African_men_id01392,per-clip-v1
0.132698,0,,librispeech_0298,impostor_10,asvspoof_0011,per-clip-v1
0.791386,1,,librispeech_0299,genuine,librispeech_0299,per-clip-v1
0.012622,0,,librispeech_0299,impostor_1,fakeavceleb_02068_Asian(South)_men_id06355,per-clip-v1
0.157810,0,,librispeech_0299,impostor_2,fakeavceleb_03027_Caucasian(American)_women_id00555,per-clip-v1
0.024864,0,,librispeech_0299,impostor_3,fakeavceleb_00239_Asian(South)_men_id07182,per-clip-v1
0.162466,0,,librispeech_0299,impostor_4,asvspoof_0155,per-clip-v1
0.017104,0,,librispeech_0299,impostor_5,asvspoof_0346,per-clip-v1
-0.001461,0,,librispeech_0299,impostor_6,fakeavceleb_00667_African_men_id01521,per-clip-v1
0.119741,0,,librispeech_0299,impostor_7,librispeech_0336,per-clip-v1
0.123662,0,,librispeech_0299,impostor_8,fakeavceleb_03085_Caucasian(American)_women_id01004,per-clip-v1
0.122144,0,,librispeech_0299,impostor_9,fakeavceleb_03792_Caucasian(European)_women_id01001,per-clip-v1
0.036075,0,,librispeech_0299,impostor_10,fakeavceleb_01345_Asian(East)_men_id04111,per-clip-v1
0.758383,1,,librispeech_0300,genuine,librispeech_0300,per-clip-v1
0.123724,0,,librispeech_0300,impostor_1,fakeavceleb_00345_Caucasian(American)_men_id04034,per-clip-v1
0.164810,0,,librispeech_0300,impostor_2,librispeech_0470,per-clip-v1
0.067084,0,,librispeech_0300,impostor_3,librispeech_0339,per-clip-v1
0.103631,0,,librispeech_0300,impostor_4,librispeech_0297,per-clip-v1
-0.086393,0,,librispeech_0300,impostor_5,fakeavceleb_00528_African_men_id00173,per-clip-v1
0.047600,0,,librispeech_0300,impostor_6,fakeavceleb_02139_Asian(South)_men_id07200,per-clip-v1
0.131968,0,,librispeech_0300,impostor_7,fakeavceleb_02194_Asian(South)_women_id00149,per-clip-v1
0.116589,0,,librispeech_0300,impostor_8,librispeech_0135,per-clip-v1
0.012692,0,,librispeech_0300,impostor_9,fakeavceleb_03251_Caucasian(European)_men_id00186,per-clip-v1
-0.004199,0,,librispeech_0300,impostor_10,fakeavceleb_00661_African_men_id01452,per-clip-v1
0.744452,1,,librispeech_0301,genuine,librispeech_0301,per-clip-v1
0.140006,0,,librispeech_0301,impostor_1,fakeavceleb_02134_Asian(South)_men_id07195,per-clip-v1
0.017686,0,,librispeech_0301,impostor_2,fakeavceleb_00731_African_men_id01717,per-clip-v1
0.120831,0,,librispeech_0301,impostor_3,librispeech_0337,per-clip-v1
0.146386,0,,librispeech_0301,impostor_4,librispeech_0193,per-clip-v1
0.051716,0,,librispeech_0301,impostor_5,librispeech_0471,per-clip-v1
-0.036385,0,,librispeech_0301,impostor_6,fakeavceleb_00247_Asian(South)_men_id08313,per-clip-v1
0.072774,0,,librispeech_0301,impostor_7,fakeavceleb_03811_Caucasian(European)_women_id01018,per-clip-v1
0.063886,0,,librispeech_0301,impostor_8,librispeech_0288,per-clip-v1
-0.001453,0,,librispeech_0301,impostor_9,fakeavceleb_02327_Asian(South)_women_id04529,per-clip-v1
-0.013624,0,,librispeech_0301,impostor_10,fakeavceleb_00133_Asian(East)_men_id06152,per-clip-v1
0.798094,1,,librispeech_0302,genuine,librispeech_0302,per-clip-v1
-0.107214,0,,librispeech_0302,impostor_1,fakeavceleb_00345_Caucasian(American)_men_id04034,per-clip-v1
0.159218,0,,librispeech_0302,impostor_2,fakeavceleb_03014_Caucasian(American)_women_id00458,per-clip-v1
-0.014885,0,,librispeech_0302,impostor_3,fakeavceleb_01112_African_women_id04374,per-clip-v1
-0.052380,0,,librispeech_0302,impostor_4,fakeavceleb_00713_African_men_id01610,per-clip-v1
-0.053728,0,,librispeech_0302,impostor_5,fakeavceleb_00403_Caucasian(European)_men_id00183,per-clip-v1
-0.074042,0,,librispeech_0302,impostor_6,fakeavceleb_02902_Caucasian(American)_women_id00145,per-clip-v1
0.193190,0,,librispeech_0302,impostor_7,fakeavceleb_02980_Caucasian(American)_women_id00385,per-clip-v1
0.062882,0,,librispeech_0302,impostor_8,fakeavceleb_03738_Caucasian(European)_women_id00589,per-clip-v1
-0.147945,0,,librispeech_0302,impostor_9,fakeavceleb_03760_Caucasian(European)_women_id00735,per-clip-v1
0.092692,0,,librispeech_0302,impostor_10,fakeavceleb_00444_Caucasian(European)_men_id01126,per-clip-v1
0.858795,1,,librispeech_0303,genuine,librispeech_0303,per-clip-v1
-0.079947,0,,librispeech_0303,impostor_1,fakeavceleb_01937_Asian(South)_men_id00745,per-clip-v1
0.137253,0,,librispeech_0303,impostor_2,fakeavceleb_02696_Caucasian(American)_men_id00971,per-clip-v1
0.111306,0,,librispeech_0303,impostor_3,asvspoof_0349,per-clip-v1
0.094048,0,,librispeech_0303,impostor_4,fakeavceleb_00581_African_men_id00781,per-clip-v1
-0.020298,0,,librispeech_0303,impostor_5,fakeavceleb_00398_Caucasian(American)_women_id03707,per-clip-v1
0.069704,0,,librispeech_0303,impostor_6,fakeavceleb_01547_Asian(East)_women_id00579,per-clip-v1
-0.123150,0,,librispeech_0303,impostor_7,fakeavceleb_00777_African_men_id01995,per-clip-v1
0.112075,0,,librispeech_0303,impostor_8,fakeavceleb_02691_Caucasian(American)_men_id00945,per-clip-v1
-0.079582,0,,librispeech_0303,impostor_9,fakeavceleb_03597_Caucasian(European)_women_id00270,per-clip-v1
0.185507,0,,librispeech_0303,impostor_10,fakeavceleb_03044_Caucasian(American)_women_id00680,per-clip-v1
0.802567,1,,librispeech_0304,genuine,librispeech_0304,per-clip-v1
0.137743,0,,librispeech_0304,impostor_1,fakeavceleb_03774_Caucasian(European)_women_id00823,per-clip-v1
-0.057743,0,,librispeech_0304,impostor_2,librispeech_0291,per-clip-v1
-0.070567,0,,librispeech_0304,impostor_3,fakeavceleb_00192_Asian(East)_women_id08402,per-clip-v1
0.062466,0,,librispeech_0304,impostor_4,fakeavceleb_02965_Caucasian(American)_women_id00381,per-clip-v1
-0.037078,0,,librispeech_0304,impostor_5,fakeavceleb_02466_Asian(South)_women_id06445,per-clip-v1
0.027570,0,,librispeech_0304,impostor_6,fakeavceleb_03451_Caucasian(European)_men_id00999,per-clip-v1
0.010650,0,,librispeech_0304,impostor_7,fakeavceleb_02735_Caucasian(American)_men_id01105,per-clip-v1
-0.016245,0,,librispeech_0304,impostor_8,librispeech_0136,per-clip-v1
0.069538,0,,librispeech_0304,impostor_9,librispeech_0243,per-clip-v1
0.066519,0,,librispeech_0304,impostor_10,librispeech_0411,per-clip-v1
0.802831,1,,librispeech_0305,genuine,librispeech_0305,per-clip-v1
0.102692,0,,librispeech_0305,impostor_1,librispeech_0469,per-clip-v1
-0.040752,0,,librispeech_0305,impostor_2,librispeech_0291,per-clip-v1
0.193532,0,,librispeech_0305,impostor_3,librispeech_0213,per-clip-v1
0.026395,0,,librispeech_0305,impostor_4,fakeavceleb_01463_Asian(East)_men_id08299,per-clip-v1
0.198494,0,,librispeech_0305,impostor_5,librispeech_0124,per-clip-v1
-0.009125,0,,librispeech_0305,impostor_6,fakeavceleb_00665_African_men_id01521,per-clip-v1
0.003775,0,,librispeech_0305,impostor_7,fakeavceleb_01246_Asian(East)_men_id00740,per-clip-v1
0.105909,0,,librispeech_0305,impostor_8,fakeavceleb_01402_Asian(East)_men_id06269,per-clip-v1
0.366633,0,,librispeech_0305,impostor_9,librispeech_0147,per-clip-v1
-0.183158,0,,librispeech_0305,impostor_10,fakeavceleb_00899_African_women_id00568,per-clip-v1
0.845016,1,,librispeech_0306,genuine,librispeech_0306,per-clip-v1
-0.012934,0,,librispeech_0306,impostor_1,fakeavceleb_00005_African_men_id00475,per-clip-v1
0.246486,0,,librispeech_0306,impostor_2,fakeavceleb_01709_Asian(East)_women_id06060,per-clip-v1
-0.030803,0,,librispeech_0306,impostor_3,librispeech_0427,per-clip-v1
0.090052,0,,librispeech_0306,impostor_4,fakeavceleb_02815_Caucasian(American)_men_id03525,per-clip-v1
-0.044299,0,,librispeech_0306,impostor_5,fakeavceleb_00010_African_men_id00761,per-clip-v1
0.060368,0,,librispeech_0306,impostor_6,asvspoof_0014,per-clip-v1
0.279553,0,,librispeech_0306,impostor_7,fakeavceleb_00394_Caucasian(American)_women_id02466,per-clip-v1
0.120331,0,,librispeech_0306,impostor_8,fakeavceleb_02867_Caucasian(American)_women_id00025,per-clip-v1
-0.039157,0,,librispeech_0306,impostor_9,fakeavceleb_01156_African_women_id04939,per-clip-v1
-0.054579,0,,librispeech_0306,impostor_10,fakeavceleb_02661_Caucasian(American)_men_id00708,per-clip-v1
0.887829,1,,librispeech_0307,genuine,librispeech_0307,per-clip-v1
0.052731,0,,librispeech_0307,impostor_1,fakeavceleb_03714_Caucasian(European)_women_id00495,per-clip-v1
-0.023684,0,,librispeech_0307,impostor_2,fakeavceleb_01404_Asian(East)_men_id06269,per-clip-v1
-0.049457,0,,librispeech_0307,impostor_3,fakeavceleb_01065_African_women_id03103,per-clip-v1
0.102534,0,,librispeech_0307,impostor_4,fakeavceleb_03772_Caucasian(European)_women_id00813,per-clip-v1
0.053102,0,,librispeech_0307,impostor_5,fakeavceleb_00369_Caucasian(American)_women_id00462,per-clip-v1
-0.012076,0,,librispeech_0307,impostor_6,fakeavceleb_03623_Caucasian(European)_women_id00325,per-clip-v1
0.076576,0,,librispeech_0307,impostor_7,fakeavceleb_03287_Caucasian(European)_men_id00253,per-clip-v1
0.407922,0,,librispeech_0307,impostor_8,librispeech_0335,per-clip-v1
-0.010804,0,,librispeech_0307,impostor_9,fakeavceleb_00114_Asian(East)_men_id02553,per-clip-v1
0.146630,0,,librispeech_0307,impostor_10,librispeech_0020,per-clip-v1
0.813773,1,,librispeech_0308,genuine,librispeech_0308,per-clip-v1
0.037053,0,,librispeech_0308,impostor_1,librispeech_0187,per-clip-v1
0.214853,0,,librispeech_0308,impostor_2,librispeech_0323,per-clip-v1
0.081464,0,,librispeech_0308,impostor_3,asvspoof_0005,per-clip-v1
0.104598,0,,librispeech_0308,impostor_4,fakeavceleb_00800_African_men_id02040,per-clip-v1
0.141406,0,,librispeech_0308,impostor_5,librispeech_0195,per-clip-v1
-0.044082,0,,librispeech_0308,impostor_6,fakeavceleb_00227_Asian(South)_men_id04601,per-clip-v1
0.028691,0,,librispeech_0308,impostor_7,fakeavceleb_01925_Asian(South)_men_id00685,per-clip-v1
0.025271,0,,librispeech_0308,impostor_8,fakeavceleb_03388_Caucasian(European)_men_id00559,per-clip-v1
0.010769,0,,librispeech_0308,impostor_9,fakeavceleb_01758_Asian(East)_women_id06462,per-clip-v1
0.184793,0,,librispeech_0308,impostor_10,librispeech_0397,per-clip-v1
0.631944,1,,librispeech_0309,genuine,librispeech_0309,per-clip-v1
0.130374,0,,librispeech_0309,impostor_1,librispeech_0154,per-clip-v1
0.302439,0,,librispeech_0309,impostor_2,librispeech_0123,per-clip-v1
0.008715,0,,librispeech_0309,impostor_3,fakeavceleb_00183_Asian(East)_women_id06443,per-clip-v1
0.200986,0,,librispeech_0309,impostor_4,librispeech_0191,per-clip-v1
0.072807,0,,librispeech_0309,impostor_5,fakeavceleb_02232_Asian(South)_women_id00488,per-clip-v1
-0.027346,0,,librispeech_0309,impostor_6,librispeech_0241,per-clip-v1
0.304128,0,,librispeech_0309,impostor_7,librispeech_0038,per-clip-v1
0.013153,0,,librispeech_0309,impostor_8,fakeavceleb_01692_Asian(East)_women_id05844,per-clip-v1
-0.048913,0,,librispeech_0309,impostor_9,fakeavceleb_01030_African_women_id02617,per-clip-v1
-0.020981,0,,librispeech_0309,impostor_10,fakeavceleb_01269_Asian(East)_men_id01212,per-clip-v1
0.831017,1,,librispeech_0310,genuine,librispeech_0310,per-clip-v1
-0.006384,0,,librispeech_0310,impostor_1,librispeech_0296,per-clip-v1
0.075011,0,,librispeech_0310,impostor_2,librispeech_0192,per-clip-v1
0.077666,0,,librispeech_0310,impostor_3,fakeavceleb_01669_Asian(East)_women_id04701,per-clip-v1
0.055138,0,,librispeech_0310,impostor_4,fakeavceleb_02161_Asian(South)_men_id08313,per-clip-v1
0.000703,0,,librispeech_0310,impostor_5,fakeavceleb_00262_Asian(South)_women_id02619,per-clip-v1
-0.180969,0,,librispeech_0310,impostor_6,fakeavceleb_00463_Caucasian(European)_women_id00332,per-clip-v1
0.127967,0,,librispeech_0310,impostor_7,fakeavceleb_00345_Caucasian(American)_men_id04034,per-clip-v1
0.110349,0,,librispeech_0310,impostor_8,fakeavceleb_00394_Caucasian(American)_women_id02466,per-clip-v1
0.032243,0,,librispeech_0310,impostor_9,fakeavceleb_00615_African_men_id01171,per-clip-v1
-0.057607,0,,librispeech_0310,impostor_10,fakeavceleb_01684_Asian(East)_women_id05631,per-clip-v1
0.812955,1,,librispeech_0311,genuine,librispeech_0311,per-clip-v1
-0.061245,0,,librispeech_0311,impostor_1,fakeavceleb_02715_Caucasian(American)_men_id01048,per-clip-v1
0.050556,0,,librispeech_0311,impostor_2,fakeavceleb_03791_Caucasian(European)_women_id00897,per-clip-v1
-0.096216,0,,librispeech_0311,impostor_3,fakeavceleb_00413_Caucasian(European)_men_id00282,per-clip-v1
0.164766,0,,librispeech_0311,impostor_4,librispeech_0400,per-clip-v1
-0.038412,0,,librispeech_0311,impostor_5,librispeech_0431,per-clip-v1
-0.082576,0,,librispeech_0311,impostor_6,fakeavceleb_03203_Caucasian(European)_men_id00055,per-clip-v1
0.111976,0,,librispeech_0311,impostor_7,fakeavceleb_01890_Asian(South)_men_id00103,per-clip-v1
0.096656,0,,librispeech_0311,impostor_8,fakeavceleb_02955_Caucasian(American)_women_id00291,per-clip-v1
0.114020,0,,librispeech_0311,impostor_9,fakeavceleb_02140_Asian(South)_men_id07200,per-clip-v1
0.022367,0,,librispeech_0311,impostor_10,librispeech_0458,per-clip-v1
0.848882,1,,librispeech_0312,genuine,librispeech_0312,per-clip-v1
-0.023198,0,,librispeech_0312,impostor_1,fakeavceleb_01828_Asian(East)_women_id09171,per-clip-v1
0.058851,0,,librispeech_0312,impostor_2,librispeech_0068,per-clip-v1
0.195717,0,,librispeech_0312,impostor_3,librispeech_0271,per-clip-v1
0.004814,0,,librispeech_0312,impostor_4,librispeech_0049,per-clip-v1
0.031029,0,,librispeech_0312,impostor_5,fakeavceleb_01827_Asian(East)_women_id09125,per-clip-v1
0.135616,0,,librispeech_0312,impostor_6,asvspoof_0297,per-clip-v1
0.087685,0,,librispeech_0312,impostor_7,fakeavceleb_03079_Caucasian(American)_women_id00848,per-clip-v1
0.101064,0,,librispeech_0312,impostor_8,librispeech_0408,per-clip-v1
0.030166,0,,librispeech_0312,impostor_9,fakeavceleb_03360_Caucasian(European)_men_id00520,per-clip-v1
0.088275,0,,librispeech_0312,impostor_10,fakeavceleb_02150_Asian(South)_men_id07233,per-clip-v1
0.740065,1,,librispeech_0313,genuine,librispeech_0313,per-clip-v1
0.127514,0,,librispeech_0313,impostor_1,librispeech_0009,per-clip-v1
0.158929,0,,librispeech_0313,impostor_2,asvspoof_0367,per-clip-v1
0.064187,0,,librispeech_0313,impostor_3,fakeavceleb_01484_Asian(East)_men_id09053,per-clip-v1
-0.010297,0,,librispeech_0313,impostor_4,fakeavceleb_03515_Caucasian(European)_men_id02567,per-clip-v1
0.238078,0,,librispeech_0313,impostor_5,librispeech_0068,per-clip-v1
-0.015771,0,,librispeech_0313,impostor_6,fakeavceleb_03606_Caucasian(European)_women_id00271,per-clip-v1
0.037369,0,,librispeech_0313,impostor_7,asvspoof_0465,per-clip-v1
0.122979,0,,librispeech_0313,impostor_8,librispeech_0109,per-clip-v1
0.105090,0,,librispeech_0313,impostor_9,librispeech_0463,per-clip-v1
-0.119149,0,,librispeech_0313,impostor_10,fakeavceleb_00652_African_men_id01392,per-clip-v1
0.782817,1,,librispeech_0314,genuine,librispeech_0314,per-clip-v1
0.093255,0,,librispeech_0314,impostor_1,asvspoof_0427,per-clip-v1
0.012985,0,,librispeech_0314,impostor_2,fakeavceleb_00868_African_women_id00359,per-clip-v1
-0.003786,0,,librispeech_0314,impostor_3,fakeavceleb_02695_Caucasian(American)_men_id00971,per-clip-v1
0.064179,0,,librispeech_0314,impostor_4,fakeavceleb_01691_Asian(East)_women_id05844,per-clip-v1
-0.108464,0,,librispeech_0314,impostor_5,fakeavceleb_01403_Asian(East)_men_id06269,per-clip-v1
0.123565,0,,librispeech_0314,impostor_6,fakeavceleb_02032_Asian(South)_men_id04599,per-clip-v1
0.140256,0,,librispeech_0314,impostor_7,librispeech_0355,per-clip-v1
0.048964,0,,librispeech_0314,impostor_8,fakeavceleb_00127_Asian(East)_men_id04884,per-clip-v1
0.185734,0,,librispeech_0314,impostor_9,fakeavceleb_02980_Caucasian(American)_women_id00385,per-clip-v1
0.166845,0,,librispeech_0314,impostor_10,librispeech_0040,per-clip-v1
0.822039,1,,librispeech_0315,genuine,librispeech_0315,per-clip-v1
-0.096588,0,,librispeech_0315,impostor_1,fakeavceleb_02537_Caucasian(American)_men_id00021,per-clip-v1
-0.045433,0,,librispeech_0315,impostor_2,asvspoof_0318,per-clip-v1
0.000805,0,,librispeech_0315,impostor_3,fakeavceleb_00259_Asian(South)_women_id01026,per-clip-v1
0.069369,0,,librispeech_0315,impostor_4,librispeech_0461,per-clip-v1
0.106265,0,,librispeech_0315,impostor_5,fakeavceleb_02589_Caucasian(American)_men_id00087,per-clip-v1
0.041155,0,,librispeech_0315,impostor_6,librispeech_0097,per-clip-v1
0.028269,0,,librispeech_0315,impostor_7,fakeavceleb_03043_Caucasian(American)_women_id00680,per-clip-v1
-0.078123,0,,librispeech_0315,impostor_8,fakeavceleb_02329_Asian(South)_women_id04529,per-clip-v1
0.082795,0,,librispeech_0315,impostor_9,fakeavceleb_02262_Asian(South)_women_id02310,per-clip-v1
0.068940,0,,librispeech_0315,impostor_10,fakeavceleb_01309_Asian(East)_men_id02493,per-clip-v1
0.821911,1,,librispeech_0316,genuine,librispeech_0316,per-clip-v1
0.015992,0,,librispeech_0316,impostor_1,fakeavceleb_02067_Asian(South)_men_id06355,per-clip-v1
-0.121467,0,,librispeech_0316,impostor_2,fakeavceleb_01896_Asian(South)_men_id00103,per-clip-v1
0.095301,0,,librispeech_0316,impostor_3,librispeech_0020,per-clip-v1
-0.077920,0,,librispeech_0316,impostor_4,librispeech_0396,per-clip-v1
-0.113752,0,,librispeech_0316,impostor_5,asvspoof_0035,per-clip-v1
0.069869,0,,librispeech_0316,impostor_6,fakeavceleb_02562_Caucasian(American)_men_id00052,per-clip-v1
0.061403,0,,librispeech_0316,impostor_7,fakeavceleb_03446_Caucasian(European)_men_id00990,per-clip-v1
0.064380,0,,librispeech_0316,impostor_8,fakeavceleb_02393_Asian(South)_women_id05845,per-clip-v1
0.073898,0,,librispeech_0316,impostor_9,fakeavceleb_02248_Asian(South)_women_id01026,per-clip-v1
0.003792,0,,librispeech_0316,impostor_10,fakeavceleb_02736_Caucasian(American)_men_id01124,per-clip-v1
0.790104,1,,librispeech_0317,genuine,librispeech_0317,per-clip-v1
-0.034052,0,,librispeech_0317,impostor_1,fakeavceleb_00128_Asian(East)_men_id05268,per-clip-v1
0.135209,0,,librispeech_0317,impostor_2,fakeavceleb_03781_Caucasian(European)_women_id00823,per-clip-v1
0.074019,0,,librispeech_0317,impostor_3,librispeech_0337,per-clip-v1
0.156987,0,,librispeech_0317,impostor_4,librispeech_0352,per-clip-v1
-0.052292,0,,librispeech_0317,impostor_5,fakeavceleb_02245_Asian(South)_women_id00747,per-clip-v1
0.005893,0,,librispeech_0317,impostor_6,fakeavceleb_01423_Asian(East)_men_id06535,per-clip-v1
-0.055656,0,,librispeech_0317,impostor_7,fakeavceleb_00990_African_women_id01907,per-clip-v1
0.054292,0,,librispeech_0317,impostor_8,asvspoof_0116,per-clip-v1
0.096182,0,,librispeech_0317,impostor_9,librispeech_0408,per-clip-v1
0.099458,0,,librispeech_0317,impostor_10,fakeavceleb_00482_Caucasian(European)_women_id00806,per-clip-v1
0.796916,1,,librispeech_0318,genuine,librispeech_0318,per-clip-v1
-0.037836,0,,librispeech_0318,impostor_1,fakeavceleb_00015_African_men_id01036,per-clip-v1
-0.097822,0,,librispeech_0318,impostor_2,fakeavceleb_02389_Asian(South)_women_id05845,per-clip-v1
-0.055854,0,,librispeech_0318,impostor_3,fakeavceleb_01579_Asian(East)_women_id00935,per-clip-v1
0.035239,0,,librispeech_0318,impostor_4,fakeavceleb_02038_Asian(South)_men_id04601,per-clip-v1
0.126254,0,,librispeech_0318,impostor_5,fakeavceleb_03636_Caucasian(European)_women_id00330,per-clip-v1
0.135977,0,,librispeech_0318,impostor_6,librispeech_0178,per-clip-v1
0.032589,0,,librispeech_0318,impostor_7,fakeavceleb_02202_Asian(South)_women_id00235,per-clip-v1
-0.000853,0,,librispeech_0318,impostor_8,fakeavceleb_01837_Asian(East)_women_id09174,per-clip-v1
-0.017626,0,,librispeech_0318,impostor_9,fakeavceleb_02137_Asian(South)_men_id07200,per-clip-v1
0.082469,0,,librispeech_0318,impostor_10,fakeavceleb_00970_African_women_id01661,per-clip-v1
0.727558,1,,librispeech_0319,genuine,librispeech_0319,per-clip-v1
-0.003300,0,,librispeech_0319,impostor_1,fakeavceleb_02471_Asian(South)_women_id07008,per-clip-v1
-0.006607,0,,librispeech_0319,impostor_2,fakeavceleb_01996_Asian(South)_men_id03945,per-clip-v1
0.151596,0,,librispeech_0319,impostor_3,fakeavceleb_02551_Caucasian(American)_men_id00029,per-clip-v1
0.020760,0,,librispeech_0319,impostor_4,fakeavceleb_01123_African_women_id04437,per-clip-v1
-0.110581,0,,librispeech_0319,impostor_5,asvspoof_0100,per-clip-v1
0.051789,0,,librispeech_0319,impostor_6,librispeech_0045,per-clip-v1
-0.009743,0,,librispeech_0319,impostor_7,librispeech_0132,per-clip-v1
0.046760,0,,librispeech_0319,impostor_8,fakeavceleb_00126_Asian(East)_men_id04789,per-clip-v1
-0.035917,0,,librispeech_0319,impostor_9,fakeavceleb_02839_Caucasian(American)_men_id04216,per-clip-v1
0.058032,0,,librispeech_0319,impostor_10,fakeavceleb_02484_Asian(South)_women_id07078,per-clip-v1
0.821213,1,,librispeech_0320,genuine,librispeech_0320,per-clip-v1
0.066612,0,,librispeech_0320,impostor_1,asvspoof_0453,per-clip-v1
-0.002156,0,,librispeech_0320,impostor_2,fakeavceleb_02031_Asian(South)_men_id04562,per-clip-v1
0.102074,0,,librispeech_0320,impostor_3,asvspoof_0024,per-clip-v1
-0.045859,0,,librispeech_0320,impostor_4,asvspoof_0406,per-clip-v1
0.106335,0,,librispeech_0320,impostor_5,fakeavceleb_00704_African_men_id01598,per-clip-v1
0.142773,0,,librispeech_0320,impostor_6,librispeech_0191,per-clip-v1
-0.090947,0,,librispeech_0320,impostor_7,fakeavceleb_00202_Asian(South)_men_id00078,per-clip-v1
0.004556,0,,librispeech_0320,impostor_8,fakeavceleb_01984_Asian(South)_men_id03180,per-clip-v1
-0.066534,0,,librispeech_0320,impostor_9,fakeavceleb_00973_African_women_id01661,per-clip-v1
-0.014486,0,,librispeech_0320,impostor_10,librispeech_0026,per-clip-v1
0.699056,1,,librispeech_0321,genuine,librispeech_0321,per-clip-v1
-0.071694,0,,librispeech_0321,impostor_1,fakeavceleb_03810_Caucasian(European)_women_id01018,per-clip-v1
0.173231,0,,librispeech_0321,impostor_2,fakeavceleb_02701_Caucasian(American)_men_id01035,per-clip-v1
0.043763,0,,librispeech_0321,impostor_3,fakeavceleb_00394_Caucasian(American)_women_id02466,per-clip-v1
0.007231,0,,librispeech_0321,impostor_4,fakeavceleb_01991_Asian(South)_men_id03599,per-clip-v1
0.066118,0,,librispeech_0321,impostor_5,fakeavceleb_03183_Caucasian(American)_women_id03696,per-clip-v1
0.098381,0,,librispeech_0321,impostor_6,librispeech_0028,per-clip-v1
-0.045023,0,,librispeech_0321,impostor_7,fakeavceleb_01164_African_women_id05106,per-clip-v1
-0.039904,0,,librispeech_0321,impostor_8,fakeavceleb_02199_Asian(South)_women_id00149,per-clip-v1
-0.020679,0,,librispeech_0321,impostor_9,fakeavceleb_02209_Asian(South)_women_id00235,per-clip-v1
0.021429,0,,librispeech_0321,impostor_10,fakeavceleb_01172_African_women_id05231,per-clip-v1
0.857300,1,,librispeech_0322,genuine,librispeech_0322,per-clip-v1
-0.002410,0,,librispeech_0322,impostor_1,fakeavceleb_01810_Asian(East)_women_id08819,per-clip-v1
0.147185,0,,librispeech_0322,impostor_2,fakeavceleb_00803_African_men_id02051,per-clip-v1
-0.093577,0,,librispeech_0322,impostor_3,fakeavceleb_00385_Caucasian(American)_women_id01217,per-clip-v1
0.093515,0,,librispeech_0322,impostor_4,asvspoof_0443,per-clip-v1
0.106027,0,,librispeech_0322,impostor_5,fakeavceleb_02396_Asian(South)_women_id05920,per-clip-v1
0.037197,0,,librispeech_0322,impostor_6,fakeavceleb_02868_Caucasian(American)_women_id00025,per-clip-v1
0.002061,0,,librispeech_0322,impostor_7,fakeavceleb_02786_Caucasian(American)_men_id01201,per-clip-v1
0.096965,0,,librispeech_0322,impostor_8,librispeech_0484,per-clip-v1
-0.068651,0,,librispeech_0322,impostor_9,fakeavceleb_01496_Asian(East)_men_id09143,per-clip-v1
-0.095878,0,,librispeech_0322,impostor_10,fakeavceleb_01442_Asian(East)_men_id06878,per-clip-v1
0.834604,1,,librispeech_0323,genuine,librispeech_0323,per-clip-v1
0.158613,0,,librispeech_0323,impostor_1,librispeech_0032,per-clip-v1
0.004202,0,,librispeech_0323,impostor_2,librispeech_0340,per-clip-v1
0.062731,0,,librispeech_0323,impostor_3,fakeavceleb_02174_Asian(South)_women_id00043,per-clip-v1
0.067818,0,,librispeech_0323,impostor_4,fakeavceleb_00724_African_men_id01637,per-clip-v1
0.152676,0,,librispeech_0323,impostor_5,fakeavceleb_01669_Asian(East)_women_id04701,per-clip-v1
0.102796,0,,librispeech_0323,impostor_6,librispeech_0135,per-clip-v1
0.304474,0,,librispeech_0323,impostor_7,librispeech_0295,per-clip-v1
0.184388,0,,librispeech_0323,impostor_8,librispeech_0167,per-clip-v1
-0.044464,0,,librispeech_0323,impostor_9,librispeech_0004,per-clip-v1
0.062530,0,,librispeech_0323,impostor_10,fakeavceleb_03602_Caucasian(European)_women_id00271,per-clip-v1
0.830171,1,,librispeech_0324,genuine,librispeech_0324,per-clip-v1
-0.053933,0,,librispeech_0324,impostor_1,fakeavceleb_01759_Asian(East)_women_id06462,per-clip-v1
-0.012822,0,,librispeech_0324,impostor_2,fakeavceleb_01745_Asian(East)_women_id06427,per-clip-v1
-0.145885,0,,librispeech_0324,impostor_3,fakeavceleb_03068_Caucasian(American)_women_id00841,per-clip-v1
0.128651,0,,librispeech_0324,impostor_4,fakeavceleb_00789_African_men_id02005,per-clip-v1
-0.027739,0,,librispeech_0324,impostor_5,fakeavceleb_00486_Caucasian(European)_women_id00897,per-clip-v1
-0.051037,0,,librispeech_0324,impostor_6,fakeavceleb_03029_Caucasian(American)_women_id00555,per-clip-v1
0.120676,0,,librispeech_0324,impostor_7,librispeech_0486,per-clip-v1
0.055535,0,,librispeech_0324,impostor_8,fakeavceleb_02237_Asian(South)_women_id00739,per-clip-v1
0.152591,0,,librispeech_0324,impostor_9,librispeech_0241,per-clip-v1
-0.061854,0,,librispeech_0324,impostor_10,fakeavceleb_01168_African_women_id05106,per-clip-v1
0.785183,1,,librispeech_0325,genuine,librispeech_0325,per-clip-v1
0.108009,0,,librispeech_0325,impostor_1,asvspoof_0057,per-clip-v1
0.108682,0,,librispeech_0325,impostor_2,fakeavceleb_02384_Asian(South)_women_id05478,per-clip-v1
-0.100223,0,,librispeech_0325,impostor_3,librispeech_0042,per-clip-v1
0.023449,0,,librispeech_0325,impostor_4,fakeavceleb_01599_Asian(East)_women_id02587,per-clip-v1
0.067457,0,,librispeech_0325,impostor_5,librispeech_0170,per-clip-v1
-0.050735,0,,librispeech_0325,impostor_6,librispeech_0230,per-clip-v1
0.161554,0,,librispeech_0325,impostor_7,librispeech_0475,per-clip-v1
0.160059,0,,librispeech_0325,impostor_8,asvspoof_0003,per-clip-v1
-0.105427,0,,librispeech_0325,impostor_9,fakeavceleb_03095_Caucasian(American)_women_id01075,per-clip-v1
-0.047074,0,,librispeech_0325,impostor_10,fakeavceleb_01996_Asian(South)_men_id03945,per-clip-v1
0.830143,1,,librispeech_0326,genuine,librispeech_0326,per-clip-v1
0.108098,0,,librispeech_0326,impostor_1,librispeech_0186,per-clip-v1
0.046028,0,,librispeech_0326,impostor_2,fakeavceleb_01643_Asian(East)_women_id04066,per-clip-v1
0.217952,0,,librispeech_0326,impostor_3,fakeavceleb_00423_Caucasian(European)_men_id00535,per-clip-v1
-0.019519,0,,librispeech_0326,impostor_4,asvspoof_0219,per-clip-v1
0.034658,0,,librispeech_0326,impostor_5,librispeech_0266,per-clip-v1
0.073497,0,,librispeech_0326,impostor_6,fakeavceleb_01423_Asian(East)_men_id06535,per-clip-v1
0.080399,0,,librispeech_0326,impostor_7,librispeech_0343,per-clip-v1
0.119889,0,,librispeech_0326,impostor_8,fakeavceleb_02890_Caucasian(American)_women_id00098,per-clip-v1
0.018565,0,,librispeech_0326,impostor_9,fakeavceleb_01084_African_women_id03658,per-clip-v1
0.009695,0,,librispeech_0326,impostor_10,fakeavceleb_00745_African_men_id01779,per-clip-v1
0.830953,1,,librispeech_0327,genuine,librispeech_0327,per-clip-v1
0.050660,0,,librispeech_0327,impostor_1,fakeavceleb_00151_Asian(East)_women_id00363,per-clip-v1
-0.014539,0,,librispeech_0327,impostor_2,fakeavceleb_02817_Caucasian(American)_men_id03668,per-clip-v1
0.069939,0,,librispeech_0327,impostor_3,fakeavceleb_03336_Caucasian(European)_men_id00415,per-clip-v1
0.141704,0,,librispeech_0327,impostor_4,librispeech_0373,per-clip-v1
0.057575,0,,librispeech_0327,impostor_5,librispeech_0198,per-clip-v1
-0.056985,0,,librispeech_0327,impostor_6,fakeavceleb_01210_Asian(East)_men_id00126,per-clip-v1
0.043781,0,,librispeech_0327,impostor_7,librispeech_0230,per-clip-v1
0.016719,0,,librispeech_0327,impostor_8,fakeavceleb_02672_Caucasian(American)_men_id00775,per-clip-v1
0.167546,0,,librispeech_0327,impostor_9,fakeavceleb_03040_Caucasian(American)_women_id00618,per-clip-v1
0.277841,0,,librispeech_0327,impostor_10,librispeech_0388,per-clip-v1
0.781584,1,,librispeech_0328,genuine,librispeech_0328,per-clip-v1
0.060996,0,,librispeech_0328,impostor_1,fakeavceleb_01370_Asian(East)_men_id04884,per-clip-v1
-0.125690,0,,librispeech_0328,impostor_2,fakeavceleb_01471_Asian(East)_men_id08613,per-clip-v1
-0.019892,0,,librispeech_0328,impostor_3,asvspoof_0296,per-clip-v1
0.187801,0,,librispeech_0328,impostor_4,librispeech_0343,per-clip-v1
0.326428,0,,librispeech_0328,impostor_5,librispeech_0146,per-clip-v1
-0.058329,0,,librispeech_0328,impostor_6,fakeavceleb_03424_Caucasian(European)_men_id00946,per-clip-v1
0.170738,0,,librispeech_0328,impostor_7,fakeavceleb_03479_Caucasian(European)_men_id01102,per-clip-v1
-0.031656,0,,librispeech_0328,impostor_8,fakeavceleb_02963_Caucasian(American)_women_id00291,per-clip-v1
0.048391,0,,librispeech_0328,impostor_9,fakeavceleb_03781_Caucasian(European)_women_id00823,per-clip-v1
0.160114,0,,librispeech_0328,impostor_10,librispeech_0119,per-clip-v1
0.867963,1,,librispeech_0329,genuine,librispeech_0329,per-clip-v1
0.089441,0,,librispeech_0329,impostor_1,fakeavceleb_03025_Caucasian(American)_women_id00462,per-clip-v1
0.131896,0,,librispeech_0329,impostor_2,fakeavceleb_01685_Asian(East)_women_id05631,per-clip-v1
-0.008641,0,,librispeech_0329,impostor_3,fakeavceleb_00692_African_men_id01544,per-clip-v1
0.094752,0,,librispeech_0329,impostor_4,librispeech_0495,per-clip-v1
-0.050466,0,,librispeech_0329,impostor_5,fakeavceleb_02773_Caucasian(American)_men_id01182,per-clip-v1
0.052042,0,,librispeech_0329,impostor_6,fakeavceleb_01782_Asian(East)_women_id07901,per-clip-v1
0.090634,0,,librispeech_0329,impostor_7,librispeech_0268,per-clip-v1
0.046851,0,,librispeech_0329,impostor_8,fakeavceleb_00264_Asian(South)_women_id03815,per-clip-v1
0.086715,0,,librispeech_0329,impostor_9,librispeech_0260,per-clip-v1
0.004788,0,,librispeech_0329,impostor_10,fakeavceleb_00775_African_men_id01972,per-clip-v1
0.658482,1,,librispeech_0330,genuine,librispeech_0330,per-clip-v1
0.094659,0,,librispeech_0330,impostor_1,librispeech_0444,per-clip-v1
0.042313,0,,librispeech_0330,impostor_2,librispeech_0255,per-clip-v1
0.022319,0,,librispeech_0330,impostor_3,fakeavceleb_02828_Caucasian(American)_men_id03757,per-clip-v1
-0.018180,0,,librispeech_0330,impostor_4,librispeech_0109,per-clip-v1
-0.039725,0,,librispeech_0330,impostor_5,fakeavceleb_00846_African_men_id02494,per-clip-v1
-0.134570,0,,librispeech_0330,impostor_6,fakeavceleb_02341_Asian(South)_women_id04582,per-clip-v1
0.104422,0,,librispeech_0330,impostor_7,fakeavceleb_03833_Caucasian(European)_women_id03651,per-clip-v1
-0.063509,0,,librispeech_0330,impostor_8,librispeech_0103,per-clip-v1
-0.007229,0,,librispeech_0330,impostor_9,fakeavceleb_01835_Asian(East)_women_id09174,per-clip-v1
0.052380,0,,librispeech_0330,impostor_10,librispeech_0286,per-clip-v1
0.829322,1,,librispeech_0331,genuine,librispeech_0331,per-clip-v1
0.067812,0,,librispeech_0331,impostor_1,fakeavceleb_01801_Asian(East)_women_id08397,per-clip-v1
-0.076022,0,,librispeech_0331,impostor_2,fakeavceleb_00132_Asian(East)_men_id05743,per-clip-v1
-0.048293,0,,librispeech_0331,impostor_3,fakeavceleb_02411_Asian(South)_women_id06232,per-clip-v1
0.098770,0,,librispeech_0331,impostor_4,fakeavceleb_02629_Caucasian(American)_men_id00264,per-clip-v1
0.044116,0,,librispeech_0331,impostor_5,librispeech_0351,per-clip-v1
0.047316,0,,librispeech_0331,impostor_6,librispeech_0119,per-clip-v1
0.003590,0,,librispeech_0331,impostor_7,librispeech_0377,per-clip-v1
0.034216,0,,librispeech_0331,impostor_8,fakeavceleb_00385_Caucasian(American)_women_id01217,per-clip-v1
0.070667,0,,librispeech_0331,impostor_9,fakeavceleb_01162_African_women_id05106,per-clip-v1
0.030909,0,,librispeech_0331,impostor_10,librispeech_0135,per-clip-v1
0.873232,1,,librispeech_0332,genuine,librispeech_0332,per-clip-v1
0.056323,0,,librispeech_0332,impostor_1,fakeavceleb_00164_Asian(East)_women_id03940,per-clip-v1
-0.064924,0,,librispeech_0332,impostor_2,fakeavceleb_03079_Caucasian(American)_women_id00848,per-clip-v1
-0.138559,0,,librispeech_0332,impostor_3,asvspoof_0412,per-clip-v1
0.020145,0,,librispeech_0332,impostor_4,fakeavceleb_02130_Asian(South)_men_id07195,per-clip-v1
0.004547,0,,librispeech_0332,impostor_5,fakeavceleb_03344_Caucasian(European)_men_id00498,per-clip-v1
-0.110215,0,,librispeech_0332,impostor_6,fakeavceleb_00502_African_men_id00076,per-clip-v1
-0.064352,0,,librispeech_0332,impostor_7,fakeavceleb_01616_Asian(East)_women_id03211,per-clip-v1
0.023655,0,,librispeech_0332,impostor_8,fakeavceleb_02983_Caucasian(American)_women_id00398,per-clip-v1
-0.076210,0,,librispeech_0332,impostor_9,fakeavceleb_01387_Asian(East)_men_id05332,per-clip-v1
0.059064,0,,librispeech_0332,impostor_10,asvspoof_0425,per-clip-v1
0.850538,1,,librispeech_0333,genuine,librispeech_0333,per-clip-v1
0.078509,0,,librispeech_0333,impostor_1,fakeavceleb_01278_Asian(East)_men_id01215,per-clip-v1
0.212405,0,,librispeech_0333,impostor_2,librispeech_0014,per-clip-v1
0.020628,0,,librispeech_0333,impostor_3,fakeavceleb_02252_Asian(South)_women_id01026,per-clip-v1
0.073450,0,,librispeech_0333,impostor_4,fakeavceleb_02847_Caucasian(American)_men_id04219,per-clip-v1
0.220632,0,,librispeech_0333,impostor_5,librispeech_0186,per-clip-v1
-0.011474,0,,librispeech_0333,impostor_6,fakeavceleb_01309_Asian(East)_men_id02493,per-clip-v1
-0.027236,0,,librispeech_0333,impostor_7,asvspoof_0353,per-clip-v1
0.089161,0,,librispeech_0333,impostor_8,asvspoof_0148,per-clip-v1
0.057027,0,,librispeech_0333,impostor_9,fakeavceleb_00555_African_men_id00476,per-clip-v1
0.002114,0,,librispeech_0333,impostor_10,fakeavceleb_03758_Caucasian(European)_women_id00634,per-clip-v1
0.858461,1,,librispeech_0334,genuine,librispeech_0334,per-clip-v1
0.108906,0,,librispeech_0334,impostor_1,librispeech_0347,per-clip-v1
0.062331,0,,librispeech_0334,impostor_2,fakeavceleb_01984_Asian(South)_men_id03180,per-clip-v1
-0.087018,0,,librispeech_0334,impostor_3,fakeavceleb_02700_Caucasian(American)_men_id01035,per-clip-v1
0.038873,0,,librispeech_0334,impostor_4,librispeech_0206,per-clip-v1
0.084906,0,,librispeech_0334,impostor_5,librispeech_0426,per-clip-v1
0.075200,0,,librispeech_0334,impostor_6,fakeavceleb_01831_Asian(East)_women_id09171,per-clip-v1
0.009602,0,,librispeech_0334,impostor_7,fakeavceleb_01055_African_women_id02948,per-clip-v1
-0.054111,0,,librispeech_0334,impostor_8,fakeavceleb_03349_Caucasian(European)_men_id00498,per-clip-v1
0.018458,0,,librispeech_0334,impostor_9,fakeavceleb_01645_Asian(East)_women_id04144,per-clip-v1
0.055946,0,,librispeech_0334,impostor_10,asvspoof_0069,per-clip-v1
0.818176,1,,librispeech_0335,genuine,librispeech_0335,per-clip-v1
0.077739,0,,librispeech_0335,impostor_1,fakeavceleb_01585_Asian(East)_women_id01281,per-clip-v1
-0.131000,0,,librispeech_0335,impostor_2,fakeavceleb_03622_Caucasian(European)_women_id00325,per-clip-v1
0.105239,0,,librispeech_0335,impostor_3,fakeavceleb_00422_Caucasian(European)_men_id00520,per-clip-v1
0.098699,0,,librispeech_0335,impostor_4,fakeavceleb_03025_Caucasian(American)_women_id00462,per-clip-v1
-0.054308,0,,librispeech_0335,impostor_5,librispeech_0321,per-clip-v1
0.058071,0,,librispeech_0335,impostor_6,librispeech_0183,per-clip-v1
0.073209,0,,librispeech_0335,impostor_7,fakeavceleb_00696_African_men_id01597,per-clip-v1
-0.017302,0,,librispeech_0335,impostor_8,fakeavceleb_00616_African_men_id01171,per-clip-v1
0.013474,0,,librispeech_0335,impostor_9,fakeavceleb_00427_Caucasian(European)_men_id00594,per-clip-v1
0.003806,0,,librispeech_0335,impostor_10,librispeech_0287,per-clip-v1
0.813528,1,,librispeech_0336,genuine,librispeech_0336,per-clip-v1
0.016499,0,,librispeech_0336,impostor_1,fakeavceleb_00926_African_women_id00707,per-clip-v1
0.146493,0,,librispeech_0336,impostor_2,asvspoof_0446,per-clip-v1
0.031780,0,,librispeech_0336,impostor_3,fakeavceleb_03173_Caucasian(American)_women_id03556,per-clip-v1
-0.000024,0,,librispeech_0336,impostor_4,librispeech_0389,per-clip-v1
0.118087,0,,librispeech_0336,impostor_5,librispeech_0258,per-clip-v1
0.069756,0,,librispeech_0336,impostor_6,fakeavceleb_03028_Caucasian(American)_women_id00555,per-clip-v1
0.060454,0,,librispeech_0336,impostor_7,librispeech_0121,per-clip-v1
0.055447,0,,librispeech_0336,impostor_8,librispeech_0452,per-clip-v1
0.160854,0,,librispeech_0336,impostor_9,librispeech_0427,per-clip-v1
0.028622,0,,librispeech_0336,impostor_10,fakeavceleb_02561_Caucasian(American)_men_id00049,per-clip-v1
0.904662,1,,librispeech_0337,genuine,librispeech_0337,per-clip-v1
0.009280,0,,librispeech_0337,impostor_1,fakeavceleb_03642_Caucasian(European)_women_id00332,per-clip-v1
0.039261,0,,librispeech_0337,impostor_2,fakeavceleb_02063_Asian(South)_men_id06355,per-clip-v1
0.224028,0,,librispeech_0337,impostor_3,librispeech_0303,per-clip-v1
0.118361,0,,librispeech_0337,impostor_4,asvspoof_0478,per-clip-v1
0.181923,0,,librispeech_0337,impostor_5,librispeech_0462,per-clip-v1
0.002284,0,,librispeech_0337,impostor_6,fakeavceleb_03742_Caucasian(European)_women_id00591,per-clip-v1
0.208936,0,,librispeech_0337,impostor_7,librispeech_0077,per-clip-v1
0.227887,0,,librispeech_0337,impostor_8,asvspoof_0350,per-clip-v1
-0.006107,0,,librispeech_0337,impostor_9,fakeavceleb_00109_Asian(East)_men_id01589,per-clip-v1
0.193637,0,,librispeech_0337,impostor_10,librispeech_0196,per-clip-v1
0.769922,1,,librispeech_0338,genuine,librispeech_0338,per-clip-v1
0.062391,0,,librispeech_0338,impostor_1,fakeavceleb_00213_Asian(South)_men_id00816,per-clip-v1
0.205909,0,,librispeech_0338,impostor_2,librispeech_0344,per-clip-v1
0.050419,0,,librispeech_0338,impostor_3,librispeech_0442,per-clip-v1
0.072431,0,,librispeech_0338,impostor_4,fakeavceleb_01643_Asian(East)_women_id04066,per-clip-v1
0.070499,0,,librispeech_0338,impostor_5,librispeech_0228,per-clip-v1
0.038496,0,,librispeech_0338,impostor_6,fakeavceleb_01905_Asian(South)_men_id00350,per-clip-v1
0.027771,0,,librispeech_0338,impostor_7,asvspoof_0217,per-clip-v1
-0.016981,0,,librispeech_0338,impostor_8,fakeavceleb_03688_Caucasian(European)_women_id00434,per-clip-v1
0.076793,0,,librispeech_0338,impostor_9,asvspoof_0069,per-clip-v1
-0.021887,0,,librispeech_0338,impostor_10,fakeavceleb_01160_African_women_id05106,per-clip-v1
0.858337,1,,librispeech_0339,genuine,librispeech_0339,per-clip-v1
0.040711,0,,librispeech_0339,impostor_1,fakeavceleb_01265_Asian(East)_men_id01212,per-clip-v1
0.220425,0,,librispeech_0339,impostor_2,librispeech_0220,per-clip-v1
-0.080132,0,,librispeech_0339,impostor_3,fakeavceleb_00133_Asian(East)_men_id06152,per-clip-v1
0.047174,0,,librispeech_0339,impostor_4,fakeavceleb_02343_Asian(South)_women_id04583,per-clip-v1
-0.018218,0,,librispeech_0339,impostor_5,fakeavceleb_02328_Asian(South)_women_id04529,per-clip-v1
-0.114744,0,,librispeech_0339,impostor_6,fakeavceleb_03312_Caucasian(European)_men_id00282,per-clip-v1
0.043739,0,,librispeech_0339,impostor_7,librispeech_0261,per-clip-v1
0.075859,0,,librispeech_0339,impostor_8,fakeavceleb_02991_Caucasian(American)_women_id00418,per-clip-v1
0.058610,0,,librispeech_0339,impostor_9,librispeech_0218,per-clip-v1
-0.041273,0,,librispeech_0339,impostor_10,fakeavceleb_03646_Caucasian(European)_women_id00365,per-clip-v1
0.732211,1,,librispeech_0340,genuine,librispeech_0340,per-clip-v1
-0.150922,0,,librispeech_0340,impostor_1,fakeavceleb_01207_Asian(East)_men_id00056,per-clip-v1
-0.076854,0,,librispeech_0340,impostor_2,fakeavceleb_02559_Caucasian(American)_men_id00049,per-clip-v1
-0.000658,0,,librispeech_0340,impostor_3,fakeavceleb_00435_Caucasian(European)_men_id00990,per-clip-v1
0.058881,0,,librispeech_0340,impostor_4,librispeech_0344,per-clip-v1
0.124840,0,,librispeech_0340,impostor_5,asvspoof_0201,per-clip-v1
0.018860,0,,librispeech_0340,impostor_6,asvspoof_0083,per-clip-v1
0.087459,0,,librispeech_0340,impostor_7,fakeavceleb_02808_Caucasian(American)_men_id01239,per-clip-v1
-0.166479,0,,librispeech_0340,impostor_8,librispeech_0113,per-clip-v1
-0.193721,0,,librispeech_0340,impostor_9,asvspoof_0354,per-clip-v1
0.098924,0,,librispeech_0340,impostor_10,fakeavceleb_01404_Asian(East)_men_id06269,per-clip-v1
0.772459,1,,librispeech_0341,genuine,librispeech_0341,per-clip-v1
-0.091477,0,,librispeech_0341,impostor_1,fakeavceleb_02840_Caucasian(American)_men_id04216,per-clip-v1
0.030170,0,,librispeech_0341,impostor_2,fakeavceleb_03216_Caucasian(European)_men_id00063,per-clip-v1
0.163122,0,,librispeech_0341,impostor_3,fakeavceleb_01557_Asian(East)_women_id00582,per-clip-v1
0.079796,0,,librispeech_0341,impostor_4,asvspoof_0089,per-clip-v1
0.157945,0,,librispeech_0341,impostor_5,fakeavceleb_01297_Asian(East)_men_id02332,per-clip-v1
0.027861,0,,librispeech_0341,impostor_6,fakeavceleb_01347_Asian(East)_men_id04222,per-clip-v1
-0.117226,0,,librispeech_0341,impostor_7,fakeavceleb_01358_Asian(East)_men_id04726,per-clip-v1
0.065463,0,,librispeech_0341,impostor_8,fakeavceleb_00379_Caucasian(American)_women_id00848,per-clip-v1
-0.129151,0,,librispeech_0341,impostor_9,fakeavceleb_03259_Caucasian(European)_men_id00187,per-clip-v1
0.079109,0,,librispeech_0341,impostor_10,librispeech_0218,per-clip-v1
0.847158,1,,librispeech_0342,genuine,librispeech_0342,per-clip-v1
-0.070778,0,,librispeech_0342,impostor_1,asvspoof_0101,per-clip-v1
-0.183402,0,,librispeech_0342,impostor_2,fakeavceleb_01343_Asian(East)_men_id04111,per-clip-v1
-0.039067,0,,librispeech_0342,impostor_3,librispeech_0444,per-clip-v1
0.036863,0,,librispeech_0342,impostor_4,fakeavceleb_01021_African_women_id02586,per-clip-v1
0.010960,0,,librispeech_0342,impostor_5,fakeavceleb_00045_African_men_id02296,per-clip-v1
0.089928,0,,librispeech_0342,impostor_6,fakeavceleb_01436_Asian(East)_men_id06776,per-clip-v1
0.110896,0,,librispeech_0342,impostor_7,librispeech_0387,per-clip-v1
0.049673,0,,librispeech_0342,impostor_8,librispeech_0205,per-clip-v1
0.056429,0,,librispeech_0342,impostor_9,fakeavceleb_03125_Caucasian(American)_women_id01227,per-clip-v1
-0.154228,0,,librispeech_0342,impostor_10,librispeech_0004,per-clip-v1
0.854145,1,,librispeech_0343,genuine,librispeech_0343,per-clip-v1
0.071929,0,,librispeech_0343,impostor_1,librispeech_0119,per-clip-v1
0.019822,0,,librispeech_0343,impostor_2,asvspoof_0318,per-clip-v1
0.040103,0,,librispeech_0343,impostor_3,fakeavceleb_02859_Caucasian(American)_women_id00025,per-clip-v1
0.025895,0,,librispeech_0343,impostor_4,fakeavceleb_01744_Asian(East)_women_id06427,per-clip-v1
0.033907,0,,librispeech_0343,impostor_5,fakeavceleb_02225_Asian(South)_women_id00461,per-clip-v1
0.028260,0,,librispeech_0343,impostor_6,fakeavceleb_03031_Caucasian(American)_women_id00575,per-clip-v1
0.042288,0,,librispeech_0343,impostor_7,fakeavceleb_00123_Asian(East)_men_id04691,per-clip-v1
0.001662,0,,librispeech_0343,impostor_8,fakeavceleb_02654_Caucasian(American)_men_id00696,per-clip-v1
0.031094,0,,librispeech_0343,impostor_9,fakeavceleb_01792_Asian(East)_women_id08139,per-clip-v1
0.247211,0,,librispeech_0343,impostor_10,librispeech_0051,per-clip-v1
0.775325,1,,librispeech_0344,genuine,librispeech_0344,per-clip-v1
0.080269,0,,librispeech_0344,impostor_1,librispeech_0459,per-clip-v1
0.268520,0,,librispeech_0344,impostor_2,fakeavceleb_03719_Caucasian(European)_women_id00495,per-clip-v1
-0.007706,0,,librispeech_0344,impostor_3,fakeavceleb_03059_Caucasian(American)_women_id00835,per-clip-v1
0.003392,0,,librispeech_0344,impostor_4,fakeavceleb_02650_Caucasian(American)_men_id00529,per-clip-v1
0.064876,0,,librispeech_0344,impostor_5,fakeavceleb_01807_Asian(East)_women_id08402,per-clip-v1
-0.007895,0,,librispeech_0344,impostor_6,fakeavceleb_02799_Caucasian(American)_men_id01211,per-clip-v1
0.274957,0,,librispeech_0344,impostor_7,librispeech_0071,per-clip-v1
0.016919,0,,librispeech_0344,impostor_8,fakeavceleb_00971_African_women_id01661,per-clip-v1
-0.009655,0,,librispeech_0344,impostor_9,fakeavceleb_00746_African_men_id01835,per-clip-v1
0.224606,0,,librispeech_0344,impostor_10,librispeech_0103,per-clip-v1
0.871459,1,,librispeech_0345,genuine,librispeech_0345,per-clip-v1
0.111498,0,,librispeech_0345,impostor_1,fakeavceleb_00330_Caucasian(American)_men_id01124,per-clip-v1
0.113071,0,,librispeech_0345,impostor_2,fakeavceleb_02870_Caucasian(American)_women_id00097,per-clip-v1
0.201855,0,,librispeech_0345,impostor_3,librispeech_0154,per-clip-v1
0.120857,0,,librispeech_0345,impostor_4,fakeavceleb_03091_Caucasian(American)_women_id01005,per-clip-v1
-0.088881,0,,librispeech_0345,impostor_5,fakeavceleb_02915_Caucasian(American)_women_id00180,per-clip-v1
0.079021,0,,librispeech_0345,impostor_6,fakeavceleb_03041_Caucasian(American)_women_id00618,per-clip-v1
0.021931,0,,librispeech_0345,impostor_7,fakeavceleb_02491_Asian(South)_women_id07078,per-clip-v1
0.207863,0,,librispeech_0345,impostor_8,fakeavceleb_02626_Caucasian(American)_men_id00264,per-clip-v1
0.152594,0,,librispeech_0345,impostor_9,fakeavceleb_03101_Caucasian(American)_women_id01091,per-clip-v1
0.071390,0,,librispeech_0345,impostor_10,fakeavceleb_01670_Asian(East)_women_id05576,per-clip-v1
0.693136,1,,librispeech_0346,genuine,librispeech_0346,per-clip-v1
-0.072801,0,,librispeech_0346,impostor_1,fakeavceleb_01323_Asian(East)_men_id03028,per-clip-v1
0.133464,0,,librispeech_0346,impostor_2,fakeavceleb_00493_Caucasian(European)_women_id03649,per-clip-v1
-0.010550,0,,librispeech_0346,impostor_3,fakeavceleb_03191_Caucasian(American)_women_id03781,per-clip-v1
0.082457,0,,librispeech_0346,impostor_4,librispeech_0254,per-clip-v1
-0.014891,0,,librispeech_0346,impostor_5,fakeavceleb_01398_Asian(East)_men_id05743,per-clip-v1
0.475708,0,,librispeech_0346,impostor_6,librispeech_0102,per-clip-v1
-0.103381,0,,librispeech_0346,impostor_7,fakeavceleb_03492_Caucasian(European)_men_id01126,per-clip-v1
-0.043033,0,,librispeech_0346,impostor_8,fakeavceleb_02700_Caucasian(American)_men_id01035,per-clip-v1
0.253001,0,,librispeech_0346,impostor_9,librispeech_0355,per-clip-v1
-0.013534,0,,librispeech_0346,impostor_10,fakeavceleb_03452_Caucasian(European)_men_id01051,per-clip-v1
0.751550,1,,librispeech_0348,genuine,librispeech_0348,per-clip-v1
-0.094455,0,,librispeech_0348,impostor_1,fakeavceleb_00403_Caucasian(European)_men_id00183,per-clip-v1
0.102175,0,,librispeech_0348,impostor_2,fakeavceleb_00787_African_men_id02005,per-clip-v1
0.039018,0,,librispeech_0348,impostor_3,fakeavceleb_01423_Asian(East)_men_id06535,per-clip-v1
0.043538,0,,librispeech_0348,impostor_4,fakeavceleb_01432_Asian(East)_men_id06594,per-clip-v1
-0.159202,0,,librispeech_0348,impostor_5,fakeavceleb_01172_African_women_id05231,per-clip-v1
0.050204,0,,librispeech_0348,impostor_6,librispeech_0288,per-clip-v1
0.041790,0,,librispeech_0348,impostor_7,fakeavceleb_00496_Caucasian(European)_women_id03816,per-clip-v1
0.061717,0,,librispeech_0348,impostor_8,fakeavceleb_01971_Asian(South)_men_id00857,per-clip-v1
-0.010785,0,,librispeech_0348,impostor_9,fakeavceleb_02007_Asian(South)_men_id04537,per-clip-v1
-0.117806,0,,librispeech_0348,impostor_10,fakeavceleb_02584_Caucasian(American)_men_id00062,per-clip-v1
0.823243,1,,librispeech_0349,genuine,librispeech_0349,per-clip-v1
0.184055,0,,librispeech_0349,impostor_1,librispeech_0324,per-clip-v1
-0.058372,0,,librispeech_0349,impostor_2,fakeavceleb_00142_Asian(East)_men_id06878,per-clip-v1
-0.047879,0,,librispeech_0349,impostor_3,librispeech_0387,per-clip-v1
0.238940,0,,librispeech_0349,impostor_4,librispeech_0079,per-clip-v1
-0.033455,0,,librispeech_0349,impostor_5,fakeavceleb_00554_African_men_id00475,per-clip-v1
-0.063862,0,,librispeech_0349,impostor_6,fakeavceleb_02337_Asian(South)_women_id04564,per-clip-v1
-0.161034,0,,librispeech_0349,impostor_7,fakeavceleb_01669_Asian(East)_women_id04701,per-clip-v1
0.089845,0,,librispeech_0349,impostor_8,fakeavceleb_02579_Caucasian(American)_men_id00062,per-clip-v1
0.088500,0,,librispeech_0349,impostor_9,librispeech_0234,per-clip-v1
0.011273,0,,librispeech_0349,impostor_10,fakeavceleb_01531_Asian(East)_women_id00430,per-clip-v1
0.850369,1,,librispeech_0350,genuine,librispeech_0350,per-clip-v1
-0.153916,0,,librispeech_0350,impostor_1,fakeavceleb_00862_African_women_id00220,per-clip-v1
0.124961,0,,librispeech_0350,impostor_2,fakeavceleb_01337_Asian(East)_men_id03889,per-clip-v1
-0.020037,0,,librispeech_0350,impostor_3,fakeavceleb_01233_Asian(East)_men_id00597,per-clip-v1
-0.032283,0,,librispeech_0350,impostor_4,fakeavceleb_03336_Caucasian(European)_men_id00415,per-clip-v1
0.166464,0,,librispeech_0350,impostor_5,fakeavceleb_01999_Asian(South)_men_id04526,per-clip-v1
0.053490,0,,librispeech_0350,impostor_6,fakeavceleb_02483_Asian(South)_women_id07078,per-clip-v1
0.037999,0,,librispeech_0350,impostor_7,fakeavceleb_03325_Caucasian(European)_men_id00305,per-clip-v1
0.126726,0,,librispeech_0350,impostor_8,fakeavceleb_01729_Asian(East)_women_id06158,per-clip-v1
-0.028059,0,,librispeech_0350,impostor_9,fakeavceleb_01908_Asian(South)_men_id00350,per-clip-v1
0.030646,0,,librispeech_0350,impostor_10,fakeavceleb_02278_Asian(South)_women_id03559,per-clip-v1
0.919835,1,,librispeech_0351,genuine,librispeech_0351,per-clip-v1
-0.019899,0,,librispeech_0351,impostor_1,fakeavceleb_01237_Asian(East)_men_id00597,per-clip-v1
0.016768,0,,librispeech_0351,impostor_2,fakeavceleb_00142_Asian(East)_men_id06878,per-clip-v1
-0.054043,0,,librispeech_0351,impostor_3,fakeavceleb_02145_Asian(South)_men_id07210,per-clip-v1
0.016231,0,,librispeech_0351,impostor_4,librispeech_0358,per-clip-v1
0.063867,0,,librispeech_0351,impostor_5,fakeavceleb_01600_Asian(East)_women_id02587,per-clip-v1
0.002859,0,,librispeech_0351,impostor_6,fakeavceleb_02413_Asian(South)_women_id06232,per-clip-v1
-0.051418,0,,librispeech_0351,impostor_7,fakeavceleb_00225_Asian(South)_men_id04562,per-clip-v1
-0.003712,0,,librispeech_0351,impostor_8,librispeech_0135,per-clip-v1
-0.023811,0,,librispeech_0351,impostor_9,fakeavceleb_02322_Asian(South)_women_id04529,per-clip-v1
0.138835,0,,librispeech_0351,impostor_10,fakeavceleb_00119_Asian(East)_men_id03965,per-clip-v1
0.789413,1,,librispeech_0352,genuine,librispeech_0352,per-clip-v1
0.073162,0,,librispeech_0352,impostor_1,librispeech_0144,per-clip-v1
0.022589,0,,librispeech_0352,impostor_2,fakeavceleb_00006_African_men_id00476,per-clip-v1
0.089103,0,,librispeech_0352,impostor_3,asvspoof_0154,per-clip-v1
-0.089213,0,,librispeech_0352,impostor_4,fakeavceleb_02288_Asian(South)_women_id03815,per-clip-v1
0.143507,0,,librispeech_0352,impostor_5,librispeech_0321,per-clip-v1
0.006066,0,,librispeech_0352,impostor_6,fakeavceleb_03507_Caucasian(European)_men_id01157,per-clip-v1
0.112878,0,,librispeech_0352,impostor_7,fakeavceleb_00215_Asian(South)_men_id00860,per-clip-v1
0.125831,0,,librispeech_0352,impostor_8,fakeavceleb_02114_Asian(South)_men_id07182,per-clip-v1
0.213724,0,,librispeech_0352,impostor_9,fakeavceleb_01648_Asian(East)_women_id04144,per-clip-v1
0.012438,0,,librispeech_0352,impostor_10,asvspoof_0315,per-clip-v1
0.826856,1,,librispeech_0353,genuine,librispeech_0353,per-clip-v1
0.079804,0,,librispeech_0353,impostor_1,fakeavceleb_00725_African_men_id01637,per-clip-v1
0.004468,0,,librispeech_0353,impostor_2,fakeavceleb_02834_Caucasian(American)_men_id04034,per-clip-v1
0.063833,0,,librispeech_0353,impostor_3,fakeavceleb_00903_African_women_id00577,per-clip-v1
-0.155061,0,,librispeech_0353,impostor_4,fakeavceleb_03303_Caucasian(European)_men_id00266,per-clip-v1
0.041197,0,,librispeech_0353,impostor_5,fakeavceleb_01462_Asian(East)_men_id08299,per-clip-v1
0.210936,0,,librispeech_0353,impostor_6,librispeech_0218,per-clip-v1
0.008924,0,,librispeech_0353,impostor_7,fakeavceleb_03173_Caucasian(American)_women_id03556,per-clip-v1
-0.062313,0,,librispeech_0353,impostor_8,fakeavceleb_02229_Asian(South)_women_id00488,per-clip-v1
0.271612,0,,librispeech_0353,impostor_9,librispeech_0226,per-clip-v1
-0.047772,0,,librispeech_0353,impostor_10,fakeavceleb_00282_Asian(South)_women_id06254,per-clip-v1
0.879154,1,,librispeech_0354,genuine,librispeech_0354,per-clip-v1
0.047905,0,,librispeech_0354,impostor_1,librispeech_0415,per-clip-v1
0.064742,0,,librispeech_0354,impostor_2,fakeavceleb_00754_African_men_id01856,per-clip-v1
-0.027633,0,,librispeech_0354,impostor_3,fakeavceleb_03519_Caucasian(European)_men_id03205,per-clip-v1
0.305900,0,,librispeech_0354,impostor_4,asvspoof_0003,per-clip-v1
-0.036423,0,,librispeech_0354,impostor_5,fakeavceleb_02024_Asian(South)_men_id04561,per-clip-v1
0.238068,0,,librispeech_0354,impostor_6,fakeavceleb_01788_Asian(East)_women_id07901,per-clip-v1
-0.031460,0,,librispeech_0354,impostor_7,fakeavceleb_01551_Asian(East)_women_id00579,per-clip-v1
0.210872,0,,librispeech_0354,impostor_8,fakeavceleb_01689_Asian(East)_women_id05844,per-clip-v1
0.160942,0,,librispeech_0354,impostor_9,fakeavceleb_00495_Caucasian(European)_women_id03716,per-clip-v1
0.093568,0,,librispeech_0354,impostor_10,librispeech_0442,per-clip-v1
0.860941,1,,librispeech_0355,genuine,librispeech_0355,per-clip-v1
0.105463,0,,librispeech_0355,impostor_1,asvspoof_0378,per-clip-v1
-0.087193,0,,librispeech_0355,impostor_2,fakeavceleb_02840_Caucasian(American)_men_id04216,per-clip-v1
0.069491,0,,librispeech_0355,impostor_3,fakeavceleb_03594_Caucasian(European)_women_id00270,per-clip-v1
0.076526,0,,librispeech_0355,impostor_4,asvspoof_0044,per-clip-v1
0.102867,0,,librispeech_0355,impostor_5,librispeech_0443,per-clip-v1
0.153329,0,,librispeech_0355,impostor_6,librispeech_0408,per-clip-v1
-0.007154,0,,librispeech_0355,impostor_7,librispeech_0059,per-clip-v1
0.005531,0,,librispeech_0355,impostor_8,fakeavceleb_02198_Asian(South)_women_id00149,per-clip-v1
0.082296,0,,librispeech_0355,impostor_9,fakeavceleb_02993_Caucasian(American)_women_id00418,per-clip-v1
-0.082605,0,,librispeech_0355,impostor_10,fakeavceleb_00585_African_men_id00781,per-clip-v1
0.870389,1,,librispeech_0356,genuine,librispeech_0356,per-clip-v1
0.014167,0,,librispeech_0356,impostor_1,fakeavceleb_02294_Asian(South)_women_id03897,per-clip-v1
0.002409,0,,librispeech_0356,impostor_2,fakeavceleb_01917_Asian(South)_men_id00459,per-clip-v1
0.070981,0,,librispeech_0356,impostor_3,librispeech_0336,per-clip-v1
0.073425,0,,librispeech_0356,impostor_4,fakeavceleb_01439_Asian(East)_men_id06807,per-clip-v1
-0.169617,0,,librispeech_0356,impostor_5,fakeavceleb_03585_Caucasian(European)_women_id00234,per-clip-v1
-0.000491,0,,librispeech_0356,impostor_6,librispeech_0218,per-clip-v1
-0.044909,0,,librispeech_0356,impostor_7,librispeech_0352,per-clip-v1
0.001597,0,,librispeech_0356,impostor_8,fakeavceleb_03020_Caucasian(American)_women_id00462,per-clip-v1
0.093052,0,,librispeech_0356,impostor_9,fakeavceleb_00310_Caucasian(American)_men_id00169,per-clip-v1
0.104114,0,,librispeech_0356,impostor_10,fakeavceleb_01387_Asian(East)_men_id05332,per-clip-v1
0.871486,1,,librispeech_0357,genuine,librispeech_0357,per-clip-v1
-0.002175,0,,librispeech_0357,impostor_1,fakeavceleb_02856_Caucasian(American)_men_id04221,per-clip-v1
0.265684,0,,librispeech_0357,impostor_2,fakeavceleb_02472_Asian(South)_women_id07008,per-clip-v1
-0.002925,0,,librispeech_0357,impostor_3,fakeavceleb_01998_Asian(South)_men_id04526,per-clip-v1
0.033422,0,,librispeech_0357,impostor_4,fakeavceleb_02618_Caucasian(American)_men_id00184,per-clip-v1
-0.006648,0,,librispeech_0357,impostor_5,librispeech_0354,per-clip-v1
0.012469,0,,librispeech_0357,impostor_6,fakeavceleb_02722_Caucasian(American)_men_id01048,per-clip-v1
-0.076192,0,,librispeech_0357,impostor_7,asvspoof_0456,per-clip-v1
-0.099968,0,,librispeech_0357,impostor_8,fakeavceleb_01320_Asian(East)_men_id02561,per-clip-v1
0.282891,0,,librispeech_0357,impostor_9,asvspoof_0143,per-clip-v1
0.159414,0,,librispeech_0357,impostor_10,asvspoof_0410,per-clip-v1
0.748161,1,,librispeech_0358,genuine,librispeech_0358,per-clip-v1
0.038680,0,,librispeech_0358,impostor_1,fakeavceleb_00149_Asian(East)_men_id09143,per-clip-v1
0.197823,0,,librispeech_0358,impostor_2,librispeech_0003,per-clip-v1
0.080557,0,,librispeech_0358,impostor_3,asvspoof_0360,per-clip-v1
-0.025955,0,,librispeech_0358,impostor_4,fakeavceleb_03019_Caucasian(American)_women_id00462,per-clip-v1
0.180349,0,,librispeech_0358,impostor_5,librispeech_0337,per-clip-v1
0.069463,0,,librispeech_0358,impostor_6,fakeavceleb_01405_Asian(East)_men_id06269,per-clip-v1
0.009142,0,,librispeech_0358,impostor_7,fakeavceleb_00064_African_women_id01838,per-clip-v1
0.061760,0,,librispeech_0358,impostor_8,fakeavceleb_00189_Asian(East)_women_id07901,per-clip-v1
-0.073805,0,,librispeech_0358,impostor_9,fakeavceleb_03364_Caucasian(European)_men_id00520,per-clip-v1
0.064279,0,,librispeech_0358,impostor_10,fakeavceleb_01010_African_women_id02301,per-clip-v1
0.813947,1,,librispeech_0359,genuine,librispeech_0359,per-clip-v1
0.019717,0,,librispeech_0359,impostor_1,fakeavceleb_02404_Asian(South)_women_id05931,per-clip-v1
0.032169,0,,librispeech_0359,impostor_2,librispeech_0491,per-clip-v1
0.043618,0,,librispeech_0359,impostor_3,fakeavceleb_00789_African_men_id02005,per-clip-v1
0.093587,0,,librispeech_0359,impostor_4,librispeech_0320,per-clip-v1
0.156955,0,,librispeech_0359,impostor_5,asvspoof_0130,per-clip-v1
0.009007,0,,librispeech_0359,impostor_6,librispeech_0323,per-clip-v1
0.170656,0,,librispeech_0359,impostor_7,fakeavceleb_00492_Caucasian(European)_women_id03620,per-clip-v1
0.021336,0,,librispeech_0359,impostor_8,fakeavceleb_01095_African_women_id03747,per-clip-v1
0.088805,0,,librispeech_0359,impostor_9,librispeech_0306,per-clip-v1
0.143815,0,,librispeech_0359,impostor_10,librispeech_0387,per-clip-v1
0.915201,1,,librispeech_0360,genuine,librispeech_0360,per-clip-v1
0.050147,0,,librispeech_0360,impostor_1,fakeavceleb_03109_Caucasian(American)_women_id01223,per-clip-v1
-0.060786,0,,librispeech_0360,impostor_2,fakeavceleb_00775_African_men_id01972,per-clip-v1
-0.129847,0,,librispeech_0360,impostor_3,fakeavceleb_00625_African_men_id01179,per-clip-v1
0.015903,0,,librispeech_0360,impostor_4,fakeavceleb_02941_Caucasian(American)_women_id00261,per-clip-v1
-0.036204,0,,librispeech_0360,impostor_5,asvspoof_0448,per-clip-v1
-0.011507,0,,librispeech_0360,impostor_6,asvspoof_0351,per-clip-v1
0.092315,0,,librispeech_0360,impostor_7,fakeavceleb_01647_Asian(East)_women_id04144,per-clip-v1
0.076492,0,,librispeech_0360,impostor_8,asvspoof_0154,per-clip-v1
-0.072205,0,,librispeech_0360,impostor_9,fakeavceleb_00054_African_women_id00568,per-clip-v1
-0.108228,0,,librispeech_0360,impostor_10,fakeavceleb_01094_African_women_id03747,per-clip-v1
0.879186,1,,librispeech_0361,genuine,librispeech_0361,per-clip-v1
0.005049,0,,librispeech_0361,impostor_1,fakeavceleb_02583_Caucasian(American)_men_id00062,per-clip-v1
0.026997,0,,librispeech_0361,impostor_2,fakeavceleb_03095_Caucasian(American)_women_id01075,per-clip-v1
0.038419,0,,librispeech_0361,impostor_3,fakeavceleb_02565_Caucasian(American)_men_id00052,per-clip-v1
0.082375,0,,librispeech_0361,impostor_4,fakeavceleb_03027_Caucasian(American)_women_id00555,per-clip-v1
-0.052429,0,,librispeech_0361,impostor_5,fakeavceleb_03049_Caucasian(American)_women_id00680,per-clip-v1
-0.106370,0,,librispeech_0361,impostor_6,fakeavceleb_00536_African_men_id00366,per-clip-v1
-0.050909,0,,librispeech_0361,impostor_7,fakeavceleb_03528_Caucasian(European)_women_id00042,per-clip-v1
0.058047,0,,librispeech_0361,impostor_8,fakeavceleb_02479_Asian(South)_women_id07051,per-clip-v1
0.137002,0,,librispeech_0361,impostor_9,librispeech_0058,per-clip-v1
0.084287,0,,librispeech_0361,impostor_10,fakeavceleb_02466_Asian(South)_women_id06445,per-clip-v1
0.841907,1,,librispeech_0362,genuine,librispeech_0362,per-clip-v1
0.077044,0,,librispeech_0362,impostor_1,librispeech_0460,per-clip-v1
0.027087,0,,librispeech_0362,impostor_2,asvspoof_0373,per-clip-v1
-0.054656,0,,librispeech_0362,impostor_3,fakeavceleb_03155_Caucasian(American)_women_id01248,per-clip-v1
-0.036992,0,,librispeech_0362,impostor_4,fakeavceleb_02846_Caucasian(American)_men_id04219,per-clip-v1
0.053088,0,,librispeech_0362,impostor_5,fakeavceleb_02890_Caucasian(American)_women_id00098,per-clip-v1
0.107805,0,,librispeech_0362,impostor_6,asvspoof_0325,per-clip-v1
0.116181,0,,librispeech_0362,impostor_7,asvspoof_0098,per-clip-v1
0.074600,0,,librispeech_0362,impostor_8,fakeavceleb_03595_Caucasian(European)_women_id00270,per-clip-v1
0.056656,0,,librispeech_0362,impostor_9,fakeavceleb_02836_Caucasian(American)_men_id04073,per-clip-v1
0.127288,0,,librispeech_0362,impostor_10,fakeavceleb_00447_Caucasian(European)_men_id01157,per-clip-v1
0.812117,1,,librispeech_0364,genuine,librispeech_0364,per-clip-v1
0.275906,0,,librispeech_0364,impostor_1,librispeech_0313,per-clip-v1
-0.052897,0,,librispeech_0364,impostor_2,fakeavceleb_02031_Asian(South)_men_id04562,per-clip-v1
-0.037312,0,,librispeech_0364,impostor_3,fakeavceleb_01662_Asian(East)_women_id04701,per-clip-v1
0.017430,0,,librispeech_0364,impostor_4,fakeavceleb_00071_African_women_id02721,per-clip-v1
-0.092354,0,,librispeech_0364,impostor_5,fakeavceleb_01985_Asian(South)_men_id03180,per-clip-v1
0.061881,0,,librispeech_0364,impostor_6,fakeavceleb_00370_Caucasian(American)_women_id00555,per-clip-v1
-0.097915,0,,librispeech_0364,impostor_7,fakeavceleb_01938_Asian(South)_men_id00745,per-clip-v1
0.136343,0,,librispeech_0364,impostor_8,fakeavceleb_03263_Caucasian(European)_men_id00187,per-clip-v1
-0.039728,0,,librispeech_0364,impostor_9,fakeavceleb_02259_Asian(South)_women_id02089,per-clip-v1
0.056150,0,,librispeech_0364,impostor_10,fakeavceleb_02309_Asian(South)_women_id04070,per-clip-v1
0.789519,1,,librispeech_0365,genuine,librispeech_0365,per-clip-v1
0.017859,0,,librispeech_0365,impostor_1,fakeavceleb_03340_Caucasian(European)_men_id00415,per-clip-v1
0.038810,0,,librispeech_0365,impostor_2,fakeavceleb_03412_Caucasian(European)_men_id00909,per-clip-v1
-0.033902,0,,librispeech_0365,impostor_3,fakeavceleb_00037_African_men_id01920,per-clip-v1
-0.029415,0,,librispeech_0365,impostor_4,fakeavceleb_00779_African_men_id01995,per-clip-v1
0.105434,0,,librispeech_0365,impostor_5,librispeech_0181,per-clip-v1
-0.031960,0,,librispeech_0365,impostor_6,fakeavceleb_02371_Asian(South)_women_id05435,per-clip-v1
-0.095767,0,,librispeech_0365,impostor_7,librispeech_0016,per-clip-v1
0.122415,0,,librispeech_0365,impostor_8,asvspoof_0320,per-clip-v1
0.154233,0,,librispeech_0365,impostor_9,asvspoof_0433,per-clip-v1
0.023191,0,,librispeech_0365,impostor_10,fakeavceleb_02340_Asian(South)_women_id04564,per-clip-v1
0.901916,1,,librispeech_0366,genuine,librispeech_0366,per-clip-v1
0.191290,0,,librispeech_0366,impostor_1,librispeech_0152,per-clip-v1
0.137674,0,,librispeech_0366,impostor_2,librispeech_0108,per-clip-v1
-0.008245,0,,librispeech_0366,impostor_3,fakeavceleb_02554_Caucasian(American)_men_id00029,per-clip-v1
0.207720,0,,librispeech_0366,impostor_4,asvspoof_0120,per-clip-v1
0.068963,0,,librispeech_0366,impostor_5,librispeech_0468,per-clip-v1
0.046197,0,,librispeech_0366,impostor_6,fakeavceleb_00975_African_women_id01783,per-clip-v1
-0.037937,0,,librispeech_0366,impostor_7,fakeavceleb_02866_Caucasian(American)_women_id00025,per-clip-v1
0.003894,0,,librispeech_0366,impostor_8,fakeavceleb_02579_Caucasian(American)_men_id00062,per-clip-v1
-0.014086,0,,librispeech_0366,impostor_9,fakeavceleb_02660_Caucasian(American)_men_id00696,per-clip-v1
0.175853,0,,librispeech_0366,impostor_10,librispeech_0055,per-clip-v1
0.866984,1,,librispeech_0367,genuine,librispeech_0367,per-clip-v1
0.023184,0,,librispeech_0367,impostor_1,fakeavceleb_03735_Caucasian(European)_women_id00581,per-clip-v1
0.029752,0,,librispeech_0367,impostor_2,fakeavceleb_02110_Asian(South)_men_id07179,per-clip-v1
-0.023362,0,,librispeech_0367,impostor_3,fakeavceleb_01428_Asian(East)_men_id06591,per-clip-v1
-0.003111,0,,librispeech_0367,impostor_4,asvspoof_0130,per-clip-v1
0.038952,0,,librispeech_0367,impostor_5,librispeech_0068,per-clip-v1
-0.018825,0,,librispeech_0367,impostor_6,fakeavceleb_03802_Caucasian(European)_women_id01002,per-clip-v1
-0.013742,0,,librispeech_0367,impostor_7,fakeavceleb_01632_Asian(East)_women_id03379,per-clip-v1
-0.025311,0,,librispeech_0367,impostor_8,fakeavceleb_01479_Asian(East)_men_id08652,per-clip-v1
0.109720,0,,librispeech_0367,impostor_9,asvspoof_0400,per-clip-v1
0.083534,0,,librispeech_0367,impostor_10,fakeavceleb_02138_Asian(South)_men_id07200,per-clip-v1
0.869177,1,,librispeech_0368,genuine,librispeech_0368,per-clip-v1
0.005414,0,,librispeech_0368,impostor_1,fakeavceleb_02115_Asian(South)_men_id07182,per-clip-v1
0.010223,0,,librispeech_0368,impostor_2,asvspoof_0463,per-clip-v1
-0.118007,0,,librispeech_0368,impostor_3,fakeavceleb_01611_Asian(East)_women_id02807,per-clip-v1
0.084147,0,,librispeech_0368,impostor_4,asvspoof_0103,per-clip-v1
0.136033,0,,librispeech_0368,impostor_5,asvspoof_0403,per-clip-v1
-0.031502,0,,librispeech_0368,impostor_6,fakeavceleb_02624_Caucasian(American)_men_id00243,per-clip-v1
-0.062126,0,,librispeech_0368,impostor_7,asvspoof_0067,per-clip-v1
-0.121608,0,,librispeech_0368,impostor_8,fakeavceleb_03416_Caucasian(European)_men_id00919,per-clip-v1
-0.036567,0,,librispeech_0368,impostor_9,fakeavceleb_02110_Asian(South)_men_id07179,per-clip-v1
-0.020007,0,,librispeech_0368,impostor_10,fakeavceleb_01113_African_women_id04374,per-clip-v1
0.863882,1,,librispeech_0370,genuine,librispeech_0370,per-clip-v1
-0.055428,0,,librispeech_0370,impostor_1,fakeavceleb_00861_African_women_id00220,per-clip-v1
0.024985,0,,librispeech_0370,impostor_2,fakeavceleb_02046_Asian(South)_men_id04601,per-clip-v1
0.130709,0,,librispeech_0370,impostor_3,asvspoof_0403,per-clip-v1
0.130667,0,,librispeech_0370,impostor_4,fakeavceleb_00081_African_women_id03747,per-clip-v1
0.061223,0,,librispeech_0370,impostor_5,fakeavceleb_01109_African_women_id04245,per-clip-v1
0.042180,0,,librispeech_0370,impostor_6,fakeavceleb_00120_Asian(East)_men_id04111,per-clip-v1
-0.012338,0,,librispeech_0370,impostor_7,fakeavceleb_02312_Asian(South)_women_id04490,per-clip-v1
0.078949,0,,librispeech_0370,impostor_8,fakeavceleb_01575_Asian(East)_women_id00935,per-clip-v1
-0.070011,0,,librispeech_0370,impostor_9,librispeech_0001,per-clip-v1
-0.020277,0,,librispeech_0370,impostor_10,fakeavceleb_03812_Caucasian(European)_women_id01018,per-clip-v1
0.879606,1,,librispeech_0371,genuine,librispeech_0371,per-clip-v1
0.121441,0,,librispeech_0371,impostor_1,fakeavceleb_02771_Caucasian(American)_men_id01182,per-clip-v1
-0.075703,0,,librispeech_0371,impostor_2,fakeavceleb_00084_African_women_id04374,per-clip-v1
-0.017359,0,,librispeech_0371,impostor_3,fakeavceleb_00228_Asian(South)_men_id04928,per-clip-v1
0.408132,0,,librispeech_0371,impostor_4,librispeech_0071,per-clip-v1
0.014661,0,,librispeech_0371,impostor_5,librispeech_0276,per-clip-v1
0.176390,0,,librispeech_0371,impostor_6,librispeech_0240,per-clip-v1
0.211319,0,,librispeech_0371,impostor_7,librispeech_0365,per-clip-v1
0.120576,0,,librispeech_0371,impostor_8,fakeavceleb_00062_African_women_id01661,per-clip-v1
0.089948,0,,librispeech_0371,impostor_9,librispeech_0387,per-clip-v1
-0.162211,0,,librispeech_0371,impostor_10,fakeavceleb_00094_African_women_id05106,per-clip-v1
