score,label,group,stem,trial,ref_stem,sampling
0.873593,1,,librispeech_0000,genuine,librispeech_0000,per-clip-v1
0.619003,0,,librispeech_0000,impostor_1,librispeech_0062,per-clip-v1
0.688325,0,,librispeech_0000,impostor_2,fakeavceleb_02829_Caucasian(American)_men_id03757,per-clip-v1
0.516217,0,,librispeech_0000,impostor_3,fakeavceleb_01046_African_women_id02824,per-clip-v1
0.501357,0,,librispeech_0000,impostor_4,fakeavceleb_01095_African_women_id03747,per-clip-v1
0.392274,0,,librispeech_0000,impostor_5,asvspoof_0263,per-clip-v1
0.423186,0,,librispeech_0000,impostor_6,fakeavceleb_01935_Asian(South)_men_id00745,per-clip-v1
0.410179,0,,librispeech_0000,impostor_7,fakeavceleb_01676_Asian(East)_women_id05620,per-clip-v1
0.410340,0,,librispeech_0000,impostor_8,fakeavceleb_02507_Asian(South)_women_id07686,per-clip-v1
0.545101,0,,librispeech_0000,impostor_9,fakeavceleb_03335_Caucasian(European)_men_id00368,per-clip-v1
0.552430,0,,librispeech_0000,impostor_10,fakeavceleb_00587_African_men_id00830,per-clip-v1
0.914691,1,,librispeech_0001,genuine,librispeech_0001,per-clip-v1
0.373620,0,,librispeech_0001,impostor_1,fakeavceleb_01859_Asian(South)_men_id00032,per-clip-v1
0.508320,0,,librispeech_0001,impostor_2,asvspoof_0315,per-clip-v1
0.409853,0,,librispeech_0001,impostor_3,fakeavceleb_02515_Asian(South)_women_id07689,per-clip-v1
0.394194,0,,librispeech_0001,impostor_4,fakeavceleb_02304_Asian(South)_women_id03985,per-clip-v1
0.434005,0,,librispeech_0001,impostor_5,fakeavceleb_01611_Asian(East)_women_id02807,per-clip-v1
0.545360,0,,librispeech_0001,impostor_6,librispeech_0025,per-clip-v1
0.551670,0,,librispeech_0001,impostor_7,fakeavceleb_00394_Caucasian(American)_women_id02466,per-clip-v1
0.397356,0,,librispeech_0001,impostor_8,fakeavceleb_03553_Caucasian(European)_women_id00071,per-clip-v1
0.455650,0,,librispeech_0001,impostor_9,fakeavceleb_01035_African_women_id02721,per-clip-v1
0.586747,0,,librispeech_0001,impostor_10,fakeavceleb_00574_African_men_id00701,per-clip-v1
0.946594,1,,librispeech_0002,genuine,librispeech_0002,per-clip-v1
0.597973,0,,librispeech_0002,impostor_1,librispeech_0111,per-clip-v1
0.433911,0,,librispeech_0002,impostor_2,fakeavceleb_02701_Caucasian(American)_men_id01035,per-clip-v1
0.470412,0,,librispeech_0002,impostor_3,fakeavceleb_00771_African_men_id01972,per-clip-v1
0.502727,0,,librispeech_0002,impostor_4,asvspoof_0491,per-clip-v1
0.444327,0,,librispeech_0002,impostor_5,fakeavceleb_03151_Caucasian(American)_women_id01248,per-clip-v1
0.397523,0,,librispeech_0002,impostor_6,fakeavceleb_02332_Asian(South)_women_id04530,per-clip-v1
0.477467,0,,librispeech_0002,impostor_7,librispeech_0417,per-clip-v1
0.411254,0,,librispeech_0002,impostor_8,fakeavceleb_00587_African_men_id00830,per-clip-v1
0.432292,0,,librispeech_0002,impostor_9,fakeavceleb_00575_African_men_id00701,per-clip-v1
0.661490,0,,librispeech_0002,impostor_10,librispeech_0308,per-clip-v1
0.873286,1,,librispeech_0003,genuine,librispeech_0003,per-clip-v1
0.483503,0,,librispeech_0003,impostor_1,fakeavceleb_00310_Caucasian(American)_men_id00169,per-clip-v1
0.495962,0,,librispeech_0003,impostor_2,fakeavceleb_02011_Asian(South)_men_id04554,per-clip-v1
0.508128,0,,librispeech_0003,impostor_3,fakeavceleb_01446_Asian(East)_men_id07102,per-clip-v1
0.515264,0,,librispeech_0003,impostor_4,fakeavceleb_01380_Asian(East)_men_id05268,per-clip-v1
0.646833,0,,librispeech_0003,impostor_5,asvspoof_0399,per-clip-v1
0.709783,0,,librispeech_0003,impostor_6,fakeavceleb_02944_Caucasian(American)_women_id00261,per-clip-v1
0.553322,0,,librispeech_0003,impostor_7,fakeavceleb_00961_African_women_id01532,per-clip-v1
0.467694,0,,librispeech_0003,impostor_8,fakeavceleb_03232_Caucasian(European)_men_id00183,per-clip-v1
0.558138,0,,librispeech_0003,impostor_9,librispeech_0428,per-clip-v1
0.573021,0,,librispeech_0003,impostor_10,fakeavceleb_01583_Asian(East)_women_id00935,per-clip-v1
0.956680,1,,librispeech_0004,genuine,librispeech_0004,per-clip-v1
0.580299,0,,librispeech_0004,impostor_1,librispeech_0462,per-clip-v1
0.482628,0,,librispeech_0004,impostor_2,fakeavceleb_01977_Asian(South)_men_id00860,per-clip-v1
0.528623,0,,librispeech_0004,impostor_3,fakeavceleb_03193_Caucasian(American)_women_id03781,per-clip-v1
0.473521,0,,librispeech_0004,impostor_4,fakeavceleb_01824_Asian(East)_women_id09125,per-clip-v1
0.552200,0,,librispeech_0004,impostor_5,asvspoof_0265,per-clip-v1
0.614077,0,,librispeech_0004,impostor_6,fakeavceleb_02685_Caucasian(American)_men_id00777,per-clip-v1
0.510715,0,,librispeech_0004,impostor_7,fakeavceleb_02947_Caucasian(American)_women_id00272,per-clip-v1
0.625837,0,,librispeech_0004,impostor_8,librispeech_0317,per-clip-v1
0.492380,0,,librispeech_0004,impostor_9,asvspoof_0397,per-clip-v1
0.701458,0,,librispeech_0004,impostor_10,librispeech_0408,per-clip-v1
0.940882,1,,librispeech_0005,genuine,librispeech_0005,per-clip-v1
0.567673,0,,librispeech_0005,impostor_1,fakeavceleb_03669_Caucasian(European)_women_id00379,per-clip-v1
0.492935,0,,librispeech_0005,impostor_2,fakeavceleb_00763_African_men_id01933,per-clip-v1
0.475989,0,,librispeech_0005,impostor_3,librispeech_0292,per-clip-v1
0.371951,0,,librispeech_0005,impostor_4,fakeavceleb_01101_African_women_id04055,per-clip-v1
0.474638,0,,librispeech_0005,impostor_5,fakeavceleb_00335_Caucasian(American)_men_id01182,per-clip-v1
0.518154,0,,librispeech_0005,impostor_6,librispeech_0412,per-clip-v1
0.594426,0,,librispeech_0005,impostor_7,fakeavceleb_02361_Asian(South)_women_id05434,per-clip-v1
0.512763,0,,librispeech_0005,impostor_8,fakeavceleb_03841_Caucasian(European)_women_id03816,per-clip-v1
0.449305,0,,librispeech_0005,impostor_9,fakeavceleb_02494_Asian(South)_women_id07136,per-clip-v1
0.539960,0,,librispeech_0005,impostor_10,librispeech_0023,per-clip-v1
0.885593,1,,librispeech_0006,genuine,librispeech_0006,per-clip-v1
0.382056,0,,librispeech_0006,impostor_1,fakeavceleb_01832_Asian(East)_women_id09171,per-clip-v1
0.459281,0,,librispeech_0006,impostor_2,librispeech_0462,per-clip-v1
0.551060,0,,librispeech_0006,impostor_3,librispeech_0211,per-clip-v1
0.475348,0,,librispeech_0006,impostor_4,fakeavceleb_01796_Asian(East)_women_id08139,per-clip-v1
0.469773,0,,librispeech_0006,impostor_5,fakeavceleb_00652_African_men_id01392,per-clip-v1
0.609389,0,,librispeech_0006,impostor_6,fakeavceleb_03212_Caucasian(European)_men_id00063,per-clip-v1
0.512757,0,,librispeech_0006,impostor_7,fakeavceleb_01139_African_women_id04705,per-clip-v1
0.531280,0,,librispeech_0006,impostor_8,librispeech_0153,per-clip-v1
0.502009,0,,librispeech_0006,impostor_9,fakeavceleb_00997_African_women_id02071,per-clip-v1
0.612594,0,,librispeech_0006,impostor_10,librispeech_0411,per-clip-v1
0.931082,1,,librispeech_0007,genuine,librispeech_0007,per-clip-v1
0.631750,0,,librispeech_0007,impostor_1,librispeech_0155,per-clip-v1
0.529812,0,,librispeech_0007,impostor_2,librispeech_0473,per-clip-v1
0.526131,0,,librispeech_0007,impostor_3,fakeavceleb_03761_Caucasian(European)_women_id00735,per-clip-v1
0.503662,0,,librispeech_0007,impostor_4,librispeech_0153,per-clip-v1
0.452462,0,,librispeech_0007,impostor_5,librispeech_0082,per-clip-v1
0.634373,0,,librispeech_0007,impostor_6,fakeavceleb_03589_Caucasian(European)_women_id00262,per-clip-v1
0.478982,0,,librispeech_0007,impostor_7,librispeech_0028,per-clip-v1
0.540069,0,,librispeech_0007,impostor_8,fakeavceleb_03043_Caucasian(American)_women_id00680,per-clip-v1
0.451456,0,,librispeech_0007,impostor_9,fakeavceleb_02340_Asian(South)_women_id04564,per-clip-v1
0.497807,0,,librispeech_0007,impostor_10,fakeavceleb_03679_Caucasian(European)_women_id00395,per-clip-v1
0.956584,1,,librispeech_0008,genuine,librispeech_0008,per-clip-v1
0.527234,0,,librispeech_0008,impostor_1,librispeech_0143,per-clip-v1
0.585848,0,,librispeech_0008,impostor_2,librispeech_0349,per-clip-v1
0.443653,0,,librispeech_0008,impostor_3,fakeavceleb_03416_Caucasian(European)_men_id00919,per-clip-v1
0.609229,0,,librispeech_0008,impostor_4,fakeavceleb_02864_Caucasian(American)_women_id00025,per-clip-v1
0.537910,0,,librispeech_0008,impostor_5,fakeavceleb_01720_Asian(East)_women_id06065,per-clip-v1
0.481355,0,,librispeech_0008,impostor_6,fakeavceleb_01584_Asian(East)_women_id01281,per-clip-v1
0.426876,0,,librispeech_0008,impostor_7,fakeavceleb_03221_Caucasian(European)_men_id00171,per-clip-v1
0.547213,0,,librispeech_0008,impostor_8,librispeech_0028,per-clip-v1
0.549968,0,,librispeech_0008,impostor_9,librispeech_0216,per-clip-v1
0.456185,0,,librispeech_0008,impostor_10,fakeavceleb_00624_African_men_id01179,per-clip-v1
0.936778,1,,librispeech_0009,genuine,librispeech_0009,per-clip-v1
0.457427,0,,librispeech_0009,impostor_1,fakeavceleb_03835_Caucasian(European)_women_id03651,per-clip-v1
0.603679,0,,librispeech_0009,impostor_2,librispeech_0154,per-clip-v1
0.565039,0,,librispeech_0009,impostor_3,fakeavceleb_02137_Asian(South)_men_id07200,per-clip-v1
0.716842,0,,librispeech_0009,impostor_4,librispeech_0490,per-clip-v1
0.457554,0,,librispeech_0009,impostor_5,fakeavceleb_01748_Asian(East)_women_id06427,per-clip-v1
0.523270,0,,librispeech_0009,impostor_6,librispeech_0086,per-clip-v1
0.509828,0,,librispeech_0009,impostor_7,fakeavceleb_01290_Asian(East)_men_id01683,per-clip-v1
0.532652,0,,librispeech_0009,impostor_8,fakeavceleb_03703_Caucasian(European)_women_id00491,per-clip-v1
0.480067,0,,librispeech_0009,impostor_9,asvspoof_0337,per-clip-v1
0.588531,0,,librispeech_0009,impostor_10,librispeech_0317,per-clip-v1
0.945204,1,,librispeech_0010,genuine,librispeech_0010,per-clip-v1
0.531451,0,,librispeech_0010,impostor_1,librispeech_0479,per-clip-v1
0.571925,0,,librispeech_0010,impostor_2,fakeavceleb_03522_Caucasian(European)_men_id03205,per-clip-v1
0.561212,0,,librispeech_0010,impostor_3,fakeavceleb_02555_Caucasian(American)_men_id00049,per-clip-v1
0.643858,0,,librispeech_0010,impostor_4,librispeech_0317,per-clip-v1
0.524173,0,,librispeech_0010,impostor_5,asvspoof_0463,per-clip-v1
0.525497,0,,librispeech_0010,impostor_6,librispeech_0241,per-clip-v1
0.631103,0,,librispeech_0010,impostor_7,librispeech_0445,per-clip-v1
0.570118,0,,librispeech_0010,impostor_8,fakeavceleb_00491_Caucasian(European)_women_id03589,per-clip-v1
0.557652,0,,librispeech_0010,impostor_9,fakeavceleb_02258_Asian(South)_women_id02089,per-clip-v1
0.583821,0,,librispeech_0010,impostor_10,fakeavceleb_03778_Caucasian(European)_women_id00823,per-clip-v1
0.956064,1,,librispeech_0011,genuine,librispeech_0011,per-clip-v1
0.470020,0,,librispeech_0011,impostor_1,fakeavceleb_03183_Caucasian(American)_women_id03696,per-clip-v1
0.413115,0,,librispeech_0011,impostor_2,fakeavceleb_00324_Caucasian(American)_men_id01035,per-clip-v1
0.575628,0,,librispeech_0011,impostor_3,fakeavceleb_02309_Asian(South)_women_id04070,per-clip-v1
0.623213,0,,librispeech_0011,impostor_4,librispeech_0306,per-clip-v1
0.490214,0,,librispeech_0011,impostor_5,fakeavceleb_00330_Caucasian(American)_men_id01124,per-clip-v1
0.478081,0,,librispeech_0011,impostor_6,fakeavceleb_01445_Asian(East)_men_id07102,per-clip-v1
0.531936,0,,librispeech_0011,impostor_7,fakeavceleb_01738_Asian(East)_women_id06388,per-clip-v1
0.445978,0,,librispeech_0011,impostor_8,fakeavceleb_00833_African_men_id02342,per-clip-v1
0.483309,0,,librispeech_0011,impostor_9,asvspoof_0414,per-clip-v1
0.488119,0,,librispeech_0011,impostor_10,fakeavceleb_03324_Caucasian(European)_men_id00305,per-clip-v1
0.961488,1,,librispeech_0012,genuine,librispeech_0012,per-clip-v1
0.371898,0,,librispeech_0012,impostor_1,fakeavceleb_00771_African_men_id01972,per-clip-v1
0.394521,0,,librispeech_0012,impostor_2,fakeavceleb_02676_Caucasian(American)_men_id00775,per-clip-v1
0.513955,0,,librispeech_0012,impostor_3,fakeavceleb_01498_Asian(East)_men_id09143,per-clip-v1
0.548216,0,,librispeech_0012,impostor_4,fakeavceleb_03095_Caucasian(American)_women_id01075,per-clip-v1
0.593216,0,,librispeech_0012,impostor_5,librispeech_0466,per-clip-v1
0.506648,0,,librispeech_0012,impostor_6,fakeavceleb_00943_African_women_id00832,per-clip-v1
0.480481,0,,librispeech_0012,impostor_7,fakeavceleb_02687_Caucasian(American)_men_id00943,per-clip-v1
0.479977,0,,librispeech_0012,impostor_8,asvspoof_0423,per-clip-v1
0.383098,0,,librispeech_0012,impostor_9,fakeavceleb_00562_African_men_id00518,per-clip-v1
0.371092,0,,librispeech_0012,impostor_10,fakeavceleb_00701_African_men_id01597,per-clip-v1
0.942997,1,,librispeech_0013,genuine,librispeech_0013,per-clip-v1
0.498032,0,,librispeech_0013,impostor_1,fakeavceleb_03655_Caucasian(European)_women_id00373,per-clip-v1
0.584051,0,,librispeech_0013,impostor_2,fakeavceleb_00107_Asian(East)_men_id01212,per-clip-v1
0.524764,0,,librispeech_0013,impostor_3,fakeavceleb_03044_Caucasian(American)_women_id00680,per-clip-v1
0.500953,0,,librispeech_0013,impostor_4,fakeavceleb_00223_Asian(South)_men_id04560,per-clip-v1
0.362775,0,,librispeech_0013,impostor_5,fakeavceleb_02880_Caucasian(American)_women_id00098,per-clip-v1
0.702232,0,,librispeech_0013,impostor_6,librispeech_0444,per-clip-v1
0.496717,0,,librispeech_0013,impostor_7,fakeavceleb_03129_Caucasian(American)_women_id01231,per-clip-v1
0.539255,0,,librispeech_0013,impostor_8,fakeavceleb_03377_Caucasian(European)_men_id00548,per-clip-v1
0.613847,0,,librispeech_0013,impostor_9,librispeech_0486,per-clip-v1
0.393319,0,,librispeech_0013,impostor_10,fakeavceleb_00829_African_men_id02342,per-clip-v1
0.943224,1,,librispeech_0014,genuine,librispeech_0014,per-clip-v1
0.567244,0,,librispeech_0014,impostor_1,fakeavceleb_01972_Asian(South)_men_id00857,per-clip-v1
0.517120,0,,librispeech_0014,impostor_2,fakeavceleb_01313_Asian(East)_men_id02553,per-clip-v1
0.458428,0,,librispeech_0014,impostor_3,fakeavceleb_02194_Asian(South)_women_id00149,per-clip-v1
0.408795,0,,librispeech_0014,impostor_4,fakeavceleb_02187_Asian(South)_women_id00080,per-clip-v1
0.595812,0,,librispeech_0014,impostor_5,librispeech_0009,per-clip-v1
0.560720,0,,librispeech_0014,impostor_6,fakeavceleb_03477_Caucasian(European)_men_id01099,per-clip-v1
0.493703,0,,librispeech_0014,impostor_7,fakeavceleb_02156_Asian(South)_men_id07768,per-clip-v1
0.482766,0,,librispeech_0014,impostor_8,fakeavceleb_00365_Caucasian(American)_women_id00418,per-clip-v1
0.465687,0,,librispeech_0014,impostor_9,fakeavceleb_03818_Caucasian(European)_women_id03620,per-clip-v1
0.395610,0,,librispeech_0014,impostor_10,fakeavceleb_02238_Asian(South)_women_id00739,per-clip-v1
0.949774,1,,librispeech_0015,genuine,librispeech_0015,per-clip-v1
0.512034,0,,librispeech_0015,impostor_1,fakeavceleb_00984_African_women_id01838,per-clip-v1
0.400296,0,,librispeech_0015,impostor_2,fakeavceleb_00767_African_men_id01933,per-clip-v1
0.414715,0,,librispeech_0015,impostor_3,fakeavceleb_01958_Asian(South)_men_id00816,per-clip-v1
0.555757,0,,librispeech_0015,impostor_4,fakeavceleb_02331_Asian(South)_women_id04530,per-clip-v1
0.406818,0,,librispeech_0015,impostor_5,fakeavceleb_00167_Asian(East)_women_id04144,per-clip-v1
0.466059,0,,librispeech_0015,impostor_6,fakeavceleb_03586_Caucasian(European)_women_id00262,per-clip-v1
0.379294,0,,librispeech_0015,impostor_7,fakeavceleb_03243_Caucasian(European)_men_id00185,per-clip-v1
0.424750,0,,librispeech_0015,impostor_8,fakeavceleb_03795_Caucasian(European)_women_id01001,per-clip-v1
0.441889,0,,librispeech_0015,impostor_9,fakeavceleb_01240_Asian(East)_men_id00740,per-clip-v1
0.375361,0,,librispeech_0015,impostor_10,fakeavceleb_02004_Asian(South)_men_id04537,per-clip-v1
0.943771,1,,librispeech_0016,genuine,librispeech_0016,per-clip-v1
0.526417,0,,librispeech_0016,impostor_1,fakeavceleb_02017_Asian(South)_men_id04560,per-clip-v1
0.601513,0,,librispeech_0016,impostor_2,asvspoof_0145,per-clip-v1
0.401784,0,,librispeech_0016,impostor_3,asvspoof_0338,per-clip-v1
0.564630,0,,librispeech_0016,impostor_4,fakeavceleb_01724_Asian(East)_women_id06066,per-clip-v1
0.543954,0,,librispeech_0016,impostor_5,fakeavceleb_01052_African_women_id02838,per-clip-v1
0.601282,0,,librispeech_0016,impostor_6,librispeech_0143,per-clip-v1
0.557092,0,,librispeech_0016,impostor_7,librispeech_0188,per-clip-v1
0.614815,0,,librispeech_0016,impostor_8,librispeech_0382,per-clip-v1
0.551771,0,,librispeech_0016,impostor_9,fakeavceleb_02187_Asian(South)_women_id00080,per-clip-v1
0.477689,0,,librispeech_0016,impostor_10,fakeavceleb_02163_Asian(South)_men_id08314,per-clip-v1
0.936920,1,,librispeech_0017,genuine,librispeech_0017,per-clip-v1
0.629579,0,,librispeech_0017,impostor_1,fakeavceleb_03723_Caucasian(European)_women_id00496,per-clip-v1
0.441324,0,,librispeech_0017,impostor_2,fakeavceleb_00217_Asian(South)_men_id03344,per-clip-v1
0.562171,0,,librispeech_0017,impostor_3,fakeavceleb_01445_Asian(East)_men_id07102,per-clip-v1
0.474705,0,,librispeech_0017,impostor_4,fakeavceleb_00599_African_men_id00987,per-clip-v1
0.488462,0,,librispeech_0017,impostor_5,fakeavceleb_00603_African_men_id01076,per-clip-v1
0.503728,0,,librispeech_0017,impostor_6,fakeavceleb_03724_Caucasian(European)_women_id00569,per-clip-v1
0.585160,0,,librispeech_0017,impostor_7,fakeavceleb_01409_Asian(East)_men_id06467,per-clip-v1
0.494992,0,,librispeech_0017,impostor_8,fakeavceleb_02160_Asian(South)_men_id07768,per-clip-v1
0.469127,0,,librispeech_0017,impostor_9,fakeavceleb_03635_Caucasian(European)_women_id00330,per-clip-v1
0.465757,0,,librispeech_0017,impostor_10,fakeavceleb_01559_Asian(East)_women_id00582,per-clip-v1
0.942524,1,,librispeech_0018,genuine,librispeech_0018,per-clip-v1
0.402618,0,,librispeech_0018,impostor_1,fakeavceleb_00221_Asian(South)_men_id04537,per-clip-v1
0.520499,0,,librispeech_0018,impostor_2,fakeavceleb_02603_Caucasian(American)_men_id00169,per-clip-v1
0.417158,0,,librispeech_0018,impostor_3,fakeavceleb_03485_Caucasian(European)_men_id01102,per-clip-v1
0.492207,0,,librispeech_0018,impostor_4,asvspoof_0412,per-clip-v1
0.531750,0,,librispeech_0018,impostor_5,fakeavceleb_01012_African_women_id02301,per-clip-v1
0.504406,0,,librispeech_0018,impostor_6,fakeavceleb_00124_Asian(East)_men_id04726,per-clip-v1
0.414041,0,,librispeech_0018,impostor_7,fakeavceleb_00349_Caucasian(American)_men_id04221,per-clip-v1
0.479344,0,,librispeech_0018,impostor_8,asvspoof_0018,per-clip-v1
0.502022,0,,librispeech_0018,impostor_9,fakeavceleb_00166_Asian(East)_women_id04066,per-clip-v1
0.573414,0,,librispeech_0018,impostor_10,fakeavceleb_00091_African_women_id04736,per-clip-v1
0.917161,1,,librispeech_0019,genuine,librispeech_0019,per-clip-v1
0.606755,0,,librispeech_0019,impostor_1,fakeavceleb_00953_African_women_id01178,per-clip-v1
0.530501,0,,librispeech_0019,impostor_2,fakeavceleb_02108_Asian(South)_men_id07165,per-clip-v1
0.609158,0,,librispeech_0019,impostor_3,librispeech_0407,per-clip-v1
0.464687,0,,librispeech_0019,impostor_4,asvspoof_0044,per-clip-v1
0.576813,0,,librispeech_0019,impostor_5,asvspoof_0458,per-clip-v1
0.645366,0,,librispeech_0019,impostor_6,fakeavceleb_00012_African_men_id00830,per-clip-v1
0.682251,0,,librispeech_0019,impostor_7,librispeech_0207,per-clip-v1
0.557846,0,,librispeech_0019,impostor_8,fakeavceleb_01215_Asian(East)_men_id00126,per-clip-v1
0.488937,0,,librispeech_0019,impostor_9,fakeavceleb_01796_Asian(East)_women_id08139,per-clip-v1
0.494443,0,,librispeech_0019,impostor_10,fakeavceleb_03331_Caucasian(European)_men_id00358,per-clip-v1
0.937320,1,,librispeech_0020,genuine,librispeech_0020,per-clip-v1
0.541297,0,,librispeech_0020,impostor_1,fakeavceleb_00572_African_men_id00701,per-clip-v1
0.453839,0,,librispeech_0020,impostor_2,librispeech_0336,per-clip-v1
0.464514,0,,librispeech_0020,impostor_3,fakeavceleb_02211_Asian(South)_women_id00417,per-clip-v1
0.591413,0,,librispeech_0020,impostor_4,librispeech_0286,per-clip-v1
0.479242,0,,librispeech_0020,impostor_5,fakeavceleb_03115_Caucasian(American)_women_id01225,per-clip-v1
0.547107,0,,librispeech_0020,impostor_6,fakeavceleb_00752_African_men_id01856,per-clip-v1
0.533010,0,,librispeech_0020,impostor_7,fakeavceleb_00551_African_men_id00475,per-clip-v1
0.351346,0,,librispeech_0020,impostor_8,fakeavceleb_03793_Caucasian(European)_women_id01001,per-clip-v1
0.463013,0,,librispeech_0020,impostor_9,fakeavceleb_01584_Asian(East)_women_id01281,per-clip-v1
0.575593,0,,librispeech_0020,impostor_10,asvspoof_0324,per-clip-v1
0.956841,1,,librispeech_0021,genuine,librispeech_0021,per-clip-v1
0.459436,0,,librispeech_0021,impostor_1,fakeavceleb_00699_African_men_id01597,per-clip-v1
0.358427,0,,librispeech_0021,impostor_2,fakeavceleb_01893_Asian(South)_men_id00103,per-clip-v1
0.428116,0,,librispeech_0021,impostor_3,fakeavceleb_02067_Asian(South)_men_id06355,per-clip-v1
0.544917,0,,librispeech_0021,impostor_4,fakeavceleb_03562_Caucasian(European)_women_id00188,per-clip-v1
0.514353,0,,librispeech_0021,impostor_5,fakeavceleb_00983_African_women_id01838,per-clip-v1
0.458272,0,,librispeech_0021,impostor_6,fakeavceleb_01322_Asian(East)_men_id03028,per-clip-v1
0.402352,0,,librispeech_0021,impostor_7,fakeavceleb_01406_Asian(East)_men_id06269,per-clip-v1
0.521480,0,,librispeech_0021,impostor_8,fakeavceleb_00355_Caucasian(American)_women_id00180,per-clip-v1
0.436937,0,,librispeech_0021,impostor_9,fakeavceleb_03074_Caucasian(American)_women_id00842,per-clip-v1
0.439434,0,,librispeech_0021,impostor_10,asvspoof_0078,per-clip-v1
0.951295,1,,librispeech_0022,genuine,librispeech_0022,per-clip-v1
0.401112,0,,librispeech_0022,impostor_1,fakeavceleb_00126_Asian(East)_men_id04789,per-clip-v1
0.658574,0,,librispeech_0022,impostor_2,librispeech_0194,per-clip-v1
0.463507,0,,librispeech_0022,impostor_3,fakeavceleb_00155_Asian(East)_women_id00582,per-clip-v1
0.459560,0,,librispeech_0022,impostor_4,fakeavceleb_00549_African_men_id00391,per-clip-v1
0.462112,0,,librispeech_0022,impostor_5,fakeavceleb_03335_Caucasian(European)_men_id00368,per-clip-v1
0.563979,0,,librispeech_0022,impostor_6,librispeech_0183,per-clip-v1
0.416560,0,,librispeech_0022,impostor_7,fakeavceleb_01264_Asian(East)_men_id01212,per-clip-v1
0.663978,0,,librispeech_0022,impostor_8,librispeech_0337,per-clip-v1
0.548047,0,,librispeech_0022,impostor_9,fakeavceleb_03011_Caucasian(American)_women_id00458,per-clip-v1
0.506833,0,,librispeech_0022,impostor_10,librispeech_0292,per-clip-v1
0.956932,1,,librispeech_0023,genuine,librispeech_0023,per-clip-v1
0.507333,0,,librispeech_0023,impostor_1,librispeech_0155,per-clip-v1
0.663285,0,,librispeech_0023,impostor_2,fakeavceleb_00109_Asian(East)_men_id01589,per-clip-v1
0.517764,0,,librispeech_0023,impostor_3,fakeavceleb_01570_Asian(East)_women_id00763,per-clip-v1
0.506285,0,,librispeech_0023,impostor_4,librispeech_0403,per-clip-v1
0.524718,0,,librispeech_0023,impostor_5,fakeavceleb_01471_Asian(East)_men_id08613,per-clip-v1
0.585207,0,,librispeech_0023,impostor_6,fakeavceleb_01397_Asian(East)_men_id05479,per-clip-v1
0.594259,0,,librispeech_0023,impostor_7,librispeech_0096,per-clip-v1
0.514634,0,,librispeech_0023,impostor_8,fakeavceleb_00672_African_men_id01528,per-clip-v1
0.561109,0,,librispeech_0023,impostor_9,librispeech_0425,per-clip-v1
0.484205,0,,librispeech_0023,impostor_10,fakeavceleb_02944_Caucasian(American)_women_id00261,per-clip-v1
0.921664,1,,librispeech_0024,genuine,librispeech_0024,per-clip-v1
0.451328,0,,librispeech_0024,impostor_1,librispeech_0484,per-clip-v1
0.548377,0,,librispeech_0024,impostor_2,fakeavceleb_00571_African_men_id00701,per-clip-v1
0.500007,0,,librispeech_0024,impostor_3,fakeavceleb_02954_Caucasian(American)_women_id00291,per-clip-v1
0.512950,0,,librispeech_0024,impostor_4,librispeech_0141,per-clip-v1
0.585773,0,,librispeech_0024,impostor_5,fakeavceleb_00796_African_men_id02040,per-clip-v1
0.450989,0,,librispeech_0024,impostor_6,librispeech_0011,per-clip-v1
0.550653,0,,librispeech_0024,impostor_7,librispeech_0173,per-clip-v1
0.681116,0,,librispeech_0024,impostor_8,librispeech_0136,per-clip-v1
0.566832,0,,librispeech_0024,impostor_9,librispeech_0005,per-clip-v1
0.452465,0,,librispeech_0024,impostor_10,fakeavceleb_02912_Caucasian(American)_women_id00180,per-clip-v1
0.938675,1,,librispeech_0025,genuine,librispeech_0025,per-clip-v1
0.449257,0,,librispeech_0025,impostor_1,fakeavceleb_03226_Caucasian(European)_men_id00171,per-clip-v1
0.455561,0,,librispeech_0025,impostor_2,asvspoof_0228,per-clip-v1
0.476990,0,,librispeech_0025,impostor_3,fakeavceleb_01922_Asian(South)_men_id00685,per-clip-v1
0.597891,0,,librispeech_0025,impostor_4,librispeech_0459,per-clip-v1
0.422592,0,,librispeech_0025,impostor_5,asvspoof_0068,per-clip-v1
0.424276,0,,librispeech_0025,impostor_6,asvspoof_0269,per-clip-v1
0.540021,0,,librispeech_0025,impostor_7,fakeavceleb_01633_Asian(East)_women_id03940,per-clip-v1
0.528735,0,,librispeech_0025,impostor_8,fakeavceleb_00360_Caucasian(American)_women_id00291,per-clip-v1
0.573102,0,,librispeech_0025,impostor_9,librispeech_0376,per-clip-v1
0.441929,0,,librispeech_0025,impostor_10,fakeavceleb_03409_Caucasian(European)_men_id00909,per-clip-v1
0.927766,1,,librispeech_0026,genuine,librispeech_0026,per-clip-v1
0.547415,0,,librispeech_0026,impostor_1,asvspoof_0321,per-clip-v1
0.500335,0,,librispeech_0026,impostor_2,asvspoof_0128,per-clip-v1
0.518990,0,,librispeech_0026,impostor_3,fakeavceleb_00346_Caucasian(American)_men_id04073,per-clip-v1
0.442452,0,,librispeech_0026,impostor_4,fakeavceleb_00374_Caucasian(American)_women_id00680,per-clip-v1
0.544826,0,,librispeech_0026,impostor_5,librispeech_0213,per-clip-v1
0.563186,0,,librispeech_0026,impostor_6,asvspoof_0230,per-clip-v1
0.520156,0,,librispeech_0026,impostor_7,fakeavceleb_00683_African_men_id01530,per-clip-v1
0.495772,0,,librispeech_0026,impostor_8,fakeavceleb_00577_African_men_id00761,per-clip-v1
0.597581,0,,librispeech_0026,impostor_9,librispeech_0453,per-clip-v1
0.465771,0,,librispeech_0026,impostor_10,asvspoof_0473,per-clip-v1
0.951472,1,,librispeech_0027,genuine,librispeech_0027,per-clip-v1
0.579252,0,,librispeech_0027,impostor_1,asvspoof_0316,per-clip-v1
0.444781,0,,librispeech_0027,impostor_2,fakeavceleb_01956_Asian(South)_men_id00773,per-clip-v1
0.446392,0,,librispeech_0027,impostor_3,fakeavceleb_02401_Asian(South)_women_id05920,per-clip-v1
0.512576,0,,librispeech_0027,impostor_4,fakeavceleb_00173_Asian(East)_women_id05844,per-clip-v1
0.537114,0,,librispeech_0027,impostor_5,fakeavceleb_01284_Asian(East)_men_id01589,per-clip-v1
0.431920,0,,librispeech_0027,impostor_6,fakeavceleb_03449_Caucasian(European)_men_id00999,per-clip-v1
0.466422,0,,librispeech_0027,impostor_7,fakeavceleb_01120_African_women_id04376,per-clip-v1
0.560537,0,,librispeech_0027,impostor_8,librispeech_0044,per-clip-v1
0.410707,0,,librispeech_0027,impostor_9,fakeavceleb_00248_Asian(South)_men_id08314,per-clip-v1
0.493553,0,,librispeech_0027,impostor_10,fakeavceleb_03036_Caucasian(American)_women_id00616,per-clip-v1
0.959595,1,,librispeech_0028,genuine,librispeech_0028,per-clip-v1
0.557546,0,,librispeech_0028,impostor_1,fakeavceleb_02747_Caucasian(American)_men_id01168,per-clip-v1
0.361183,0,,librispeech_0028,impostor_2,fakeavceleb_03154_Caucasian(American)_women_id01248,per-clip-v1
0.491294,0,,librispeech_0028,impostor_3,fakeavceleb_01387_Asian(East)_men_id05332,per-clip-v1
0.683564,0,,librispeech_0028,impostor_4,librispeech_0339,per-clip-v1
0.633061,0,,librispeech_0028,impostor_5,librispeech_0422,per-clip-v1
0.477321,0,,librispeech_0028,impostor_6,fakeavceleb_03029_Caucasian(American)_women_id00555,per-clip-v1
0.607418,0,,librispeech_0028,impostor_7,librispeech_0266,per-clip-v1
0.528635,0,,librispeech_0028,impostor_8,fakeavceleb_01603_Asian(East)_women_id02587,per-clip-v1
0.557794,0,,librispeech_0028,impostor_9,fakeavceleb_02689_Caucasian(American)_men_id00945,per-clip-v1
0.750598,0,,librispeech_0028,impostor_10,librispeech_0082,per-clip-v1
0.955011,1,,librispeech_0029,genuine,librispeech_0029,per-clip-v1
0.448833,0,,librispeech_0029,impostor_1,fakeavceleb_03120_Caucasian(American)_women_id01225,per-clip-v1
0.483120,0,,librispeech_0029,impostor_2,fakeavceleb_02824_Caucasian(American)_men_id03757,per-clip-v1
0.507093,0,,librispeech_0029,impostor_3,fakeavceleb_02632_Caucasian(American)_men_id00264,per-clip-v1
0.496974,0,,librispeech_0029,impostor_4,fakeavceleb_02263_Asian(South)_women_id02310,per-clip-v1
0.469877,0,,librispeech_0029,impostor_5,fakeavceleb_00825_African_men_id02316,per-clip-v1
0.473122,0,,librispeech_0029,impostor_6,librispeech_0454,per-clip-v1
0.614413,0,,librispeech_0029,impostor_7,librispeech_0250,per-clip-v1
0.489365,0,,librispeech_0029,impostor_8,fakeavceleb_03038_Caucasian(American)_women_id00616,per-clip-v1
0.480287,0,,librispeech_0029,impostor_9,fakeavceleb_03052_Caucasian(American)_women_id00752,per-clip-v1
0.535454,0,,librispeech_0029,impostor_10,librispeech_0086,per-clip-v1
0.950960,1,,librispeech_0030,genuine,librispeech_0030,per-clip-v1
0.512522,0,,librispeech_0030,impostor_1,fakeavceleb_03540_Caucasian(European)_women_id00068,per-clip-v1
0.455109,0,,librispeech_0030,impostor_2,asvspoof_0297,per-clip-v1
0.570233,0,,librispeech_0030,impostor_3,librispeech_0088,per-clip-v1
0.583137,0,,librispeech_0030,impostor_4,fakeavceleb_03007_Caucasian(American)_women_id00431,per-clip-v1
0.475094,0,,librispeech_0030,impostor_5,fakeavceleb_01888_Asian(South)_men_id00082,per-clip-v1
0.537017,0,,librispeech_0030,impostor_6,fakeavceleb_02030_Asian(South)_men_id04562,per-clip-v1
0.461156,0,,librispeech_0030,impostor_7,fakeavceleb_03384_Caucasian(European)_men_id00554,per-clip-v1
0.531895,0,,librispeech_0030,impostor_8,fakeavceleb_01587_Asian(East)_women_id01281,per-clip-v1
0.543813,0,,librispeech_0030,impostor_9,librispeech_0438,per-clip-v1
0.473533,0,,librispeech_0030,impostor_10,asvspoof_0292,per-clip-v1
0.944040,1,,librispeech_0031,genuine,librispeech_0031,per-clip-v1
0.625876,0,,librispeech_0031,impostor_1,librispeech_0414,per-clip-v1
0.417606,0,,librispeech_0031,impostor_2,fakeavceleb_01186_African_women_id05251,per-clip-v1
0.564593,0,,librispeech_0031,impostor_3,fakeavceleb_00379_Caucasian(American)_women_id00848,per-clip-v1
0.617670,0,,librispeech_0031,impostor_4,fakeavceleb_03790_Caucasian(European)_women_id00897,per-clip-v1
0.529232,0,,librispeech_0031,impostor_5,librispeech_0203,per-clip-v1
0.387373,0,,librispeech_0031,impostor_6,fakeavceleb_01927_Asian(South)_men_id00732,per-clip-v1
0.495325,0,,librispeech_0031,impostor_7,fakeavceleb_03461_Caucasian(European)_men_id01052,per-clip-v1
0.564277,0,,librispeech_0031,impostor_8,fakeavceleb_03856_Caucasian(European)_women_id03858,per-clip-v1
0.436842,0,,librispeech_0031,impostor_9,fakeavceleb_03202_Caucasian(European)_men_id00055,per-clip-v1
0.461748,0,,librispeech_0031,impostor_10,fakeavceleb_02881_Caucasian(American)_women_id00098,per-clip-v1
0.943487,1,,librispeech_0032,genuine,librispeech_0032,per-clip-v1
0.604750,0,,librispeech_0032,impostor_1,fakeavceleb_01090_African_women_id03713,per-clip-v1
0.538119,0,,librispeech_0032,impostor_2,fakeavceleb_01443_Asian(East)_men_id06878,per-clip-v1
0.494741,0,,librispeech_0032,impostor_3,fakeavceleb_00714_African_men_id01610,per-clip-v1
0.658139,0,,librispeech_0032,impostor_4,librispeech_0324,per-clip-v1
0.450948,0,,librispeech_0032,impostor_5,fakeavceleb_03194_Caucasian(American)_women_id03781,per-clip-v1
0.473198,0,,librispeech_0032,impostor_6,fakeavceleb_03113_Caucasian(American)_women_id01223,per-clip-v1
0.497328,0,,librispeech_0032,impostor_7,fakeavceleb_01944_Asian(South)_men_id00769,per-clip-v1
0.385937,0,,librispeech_0032,impostor_8,fakeavceleb_03327_Caucasian(European)_men_id00306,per-clip-v1
0.506544,0,,librispeech_0032,impostor_9,fakeavceleb_02998_Caucasian(American)_women_id00428,per-clip-v1
0.499669,0,,librispeech_0032,impostor_10,fakeavceleb_01561_Asian(East)_women_id00582,per-clip-v1
0.870910,1,,librispeech_0033,genuine,librispeech_0033,per-clip-v1
0.397227,0,,librispeech_0033,impostor_1,fakeavceleb_01995_Asian(South)_men_id03945,per-clip-v1
0.373516,0,,librispeech_0033,impostor_2,fakeavceleb_02405_Asian(South)_women_id05931,per-clip-v1
0.629776,0,,librispeech_0033,impostor_3,asvspoof_0453,per-clip-v1
0.480546,0,,librispeech_0033,impostor_4,fakeavceleb_00783_African_men_id02005,per-clip-v1
0.550463,0,,librispeech_0033,impostor_5,fakeavceleb_03695_Caucasian(European)_women_id00484,per-clip-v1
0.539691,0,,librispeech_0033,impostor_6,fakeavceleb_00385_Caucasian(American)_women_id01217,per-clip-v1
0.433384,0,,librispeech_0033,impostor_7,fakeavceleb_00229_Asian(South)_men_id06334,per-clip-v1
0.437253,0,,librispeech_0033,impostor_8,fakeavceleb_00375_Caucasian(American)_women_id00752,per-clip-v1
0.550035,0,,librispeech_0033,impostor_9,fakeavceleb_02701_Caucasian(American)_men_id01035,per-clip-v1
0.556464,0,,librispeech_0033,impostor_10,asvspoof_0433,per-clip-v1
0.939065,1,,librispeech_0034,genuine,librispeech_0034,per-clip-v1
0.422164,0,,librispeech_0034,impostor_1,fakeavceleb_01097_African_women_id04055,per-clip-v1
0.597244,0,,librispeech_0034,impostor_2,librispeech_0060,per-clip-v1
0.477149,0,,librispeech_0034,impostor_3,librispeech_0374,per-clip-v1
0.662580,0,,librispeech_0034,impostor_4,librispeech_0168,per-clip-v1
0.414008,0,,librispeech_0034,impostor_5,fakeavceleb_00424_Caucasian(European)_men_id00548,per-clip-v1
0.413932,0,,librispeech_0034,impostor_6,fakeavceleb_03776_Caucasian(European)_women_id00823,per-clip-v1
0.690762,0,,librispeech_0034,impostor_7,librispeech_0165,per-clip-v1
0.410097,0,,librispeech_0034,impostor_8,fakeavceleb_03324_Caucasian(European)_men_id00305,per-clip-v1
0.441480,0,,librispeech_0034,impostor_9,fakeavceleb_02725_Caucasian(American)_men_id01096,per-clip-v1
0.435166,0,,librispeech_0034,impostor_10,fakeavceleb_01139_African_women_id04705,per-clip-v1
0.970043,1,,librispeech_0035,genuine,librispeech_0035,per-clip-v1
0.665330,0,,librispeech_0035,impostor_1,fakeavceleb_01058_African_women_id02948,per-clip-v1
0.539613,0,,librispeech_0035,impostor_2,fakeavceleb_00461_Caucasian(European)_women_id00328,per-clip-v1
0.535687,0,,librispeech_0035,impostor_3,fakeavceleb_03674_Caucasian(European)_women_id00395,per-clip-v1
0.592325,0,,librispeech_0035,impostor_4,fakeavceleb_02443_Asian(South)_women_id06428,per-clip-v1
0.626651,0,,librispeech_0035,impostor_5,librispeech_0039,per-clip-v1
0.502667,0,,librispeech_0035,impostor_6,fakeavceleb_01356_Asian(East)_men_id04691,per-clip-v1
0.516015,0,,librispeech_0035,impostor_7,librispeech_0235,per-clip-v1
0.356592,0,,librispeech_0035,impostor_8,fakeavceleb_02121_Asian(South)_men_id07194,per-clip-v1
0.495377,0,,librispeech_0035,impostor_9,librispeech_0087,per-clip-v1
0.483407,0,,librispeech_0035,impostor_10,librispeech_0271,per-clip-v1
0.946630,1,,librispeech_0036,genuine,librispeech_0036,per-clip-v1
0.534032,0,,librispeech_0036,impostor_1,fakeavceleb_02184_Asian(South)_women_id00080,per-clip-v1
0.651452,0,,librispeech_0036,impostor_2,librispeech_0462,per-clip-v1
0.428735,0,,librispeech_0036,impostor_3,fakeavceleb_02235_Asian(South)_women_id00739,per-clip-v1
0.496329,0,,librispeech_0036,impostor_4,asvspoof_0213,per-clip-v1
0.602431,0,,librispeech_0036,impostor_5,fakeavceleb_01685_Asian(East)_women_id05631,per-clip-v1
0.478573,0,,librispeech_0036,impostor_6,fakeavceleb_02982_Caucasian(American)_women_id00398,per-clip-v1
0.442014,0,,librispeech_0036,impostor_7,fakeavceleb_00321_Caucasian(American)_men_id00943,per-clip-v1
0.537053,0,,librispeech_0036,impostor_8,fakeavceleb_01779_Asian(East)_women_id07799,per-clip-v1
0.610436,0,,librispeech_0036,impostor_9,librispeech_0326,per-clip-v1
0.405311,0,,librispeech_0036,impostor_10,fakeavceleb_03024_Caucasian(American)_women_id00462,per-clip-v1
0.970857,1,,librispeech_0037,genuine,librispeech_0037,per-clip-v1
0.540567,0,,librispeech_0037,impostor_1,fakeavceleb_02340_Asian(South)_women_id04564,per-clip-v1
0.613571,0,,librispeech_0037,impostor_2,fakeavceleb_02127_Asian(South)_men_id07195,per-clip-v1
0.620192,0,,librispeech_0037,impostor_3,fakeavceleb_02269_Asian(South)_women_id02619,per-clip-v1
0.632278,0,,librispeech_0037,impostor_4,fakeavceleb_02678_Caucasian(American)_men_id00775,per-clip-v1
0.412624,0,,librispeech_0037,impostor_5,asvspoof_0011,per-clip-v1
0.530295,0,,librispeech_0037,impostor_6,fakeavceleb_00313_Caucasian(American)_men_id00243,per-clip-v1
0.543736,0,,librispeech_0037,impostor_7,fakeavceleb_01393_Asian(East)_men_id05383,per-clip-v1
0.506246,0,,librispeech_0037,impostor_8,librispeech_0251,per-clip-v1
0.536417,0,,librispeech_0037,impostor_9,fakeavceleb_00991_African_women_id01907,per-clip-v1
0.516320,0,,librispeech_0037,impostor_10,fakeavceleb_01386_Asian(East)_men_id05332,per-clip-v1
0.968135,1,,librispeech_0038,genuine,librispeech_0038,per-clip-v1
0.499312,0,,librispeech_0038,impostor_1,fakeavceleb_01917_Asian(South)_men_id00459,per-clip-v1
0.638815,0,,librispeech_0038,impostor_2,librispeech_0348,per-clip-v1
0.510292,0,,librispeech_0038,impostor_3,fakeavceleb_01083_African_women_id03656,per-clip-v1
0.697200,0,,librispeech_0038,impostor_4,librispeech_0193,per-clip-v1
0.375787,0,,librispeech_0038,impostor_5,fakeavceleb_02752_Caucasian(American)_men_id01172,per-clip-v1
0.520980,0,,librispeech_0038,impostor_6,fakeavceleb_01811_Asian(East)_women_id08819,per-clip-v1
0.467671,0,,librispeech_0038,impostor_7,librispeech_0113,per-clip-v1
0.434299,0,,librispeech_0038,impostor_8,fakeavceleb_01291_Asian(East)_men_id01683,per-clip-v1
0.489263,0,,librispeech_0038,impostor_9,fakeavceleb_00291_Asian(South)_women_id07008,per-clip-v1
0.579330,0,,librispeech_0038,impostor_10,librispeech_0462,per-clip-v1
0.941314,1,,librispeech_0039,genuine,librispeech_0039,per-clip-v1
0.463949,0,,librispeech_0039,impostor_1,asvspoof_0254,per-clip-v1
0.562091,0,,librispeech_0039,impostor_2,librispeech_0279,per-clip-v1
0.701614,0,,librispeech_0039,impostor_3,librispeech_0065,per-clip-v1
0.586036,0,,librispeech_0039,impostor_4,fakeavceleb_02997_Caucasian(American)_women_id00428,per-clip-v1
0.489483,0,,librispeech_0039,impostor_5,fakeavceleb_03452_Caucasian(European)_men_id01051,per-clip-v1
0.523275,0,,librispeech_0039,impostor_6,fakeavceleb_03176_Caucasian(American)_women_id03605,per-clip-v1
0.490257,0,,librispeech_0039,impostor_7,librispeech_0143,per-clip-v1
0.512148,0,,librispeech_0039,impostor_8,fakeavceleb_00937_African_women_id00829,per-clip-v1
0.430500,0,,librispeech_0039,impostor_9,fakeavceleb_03269_Caucasian(European)_men_id00225,per-clip-v1
0.513892,0,,librispeech_0039,impostor_10,asvspoof_0155,per-clip-v1
0.947187,1,,librispeech_0040,genuine,librispeech_0040,per-clip-v1
0.601831,0,,librispeech_0040,impostor_1,librispeech_0354,per-clip-v1
0.596813,0,,librispeech_0040,impostor_2,fakeavceleb_00725_African_men_id01637,per-clip-v1
0.523372,0,,librispeech_0040,impostor_3,fakeavceleb_03460_Caucasian(European)_men_id01052,per-clip-v1
0.557676,0,,librispeech_0040,impostor_4,librispeech_0147,per-clip-v1
0.488734,0,,librispeech_0040,impostor_5,librispeech_0191,per-clip-v1
0.514330,0,,librispeech_0040,impostor_6,librispeech_0365,per-clip-v1
0.497336,0,,librispeech_0040,impostor_7,fakeavceleb_00427_Caucasian(European)_men_id00594,per-clip-v1
0.515949,0,,librispeech_0040,impostor_8,fakeavceleb_00580_African_men_id00781,per-clip-v1
0.482987,0,,librispeech_0040,impostor_9,librispeech_0135,per-clip-v1
0.404074,0,,librispeech_0040,impostor_10,fakeavceleb_02514_Asian(South)_women_id07689,per-clip-v1
0.934620,1,,librispeech_0041,genuine,librispeech_0041,per-clip-v1
0.523646,0,,librispeech_0041,impostor_1,fakeavceleb_02566_Caucasian(American)_men_id00052,per-clip-v1
0.506549,0,,librispeech_0041,impostor_2,fakeavceleb_00284_Asian(South)_women_id06343,per-clip-v1
0.645331,0,,librispeech_0041,impostor_3,librispeech_0194,per-clip-v1
0.503821,0,,librispeech_0041,impostor_4,fakeavceleb_03548_Caucasian(European)_women_id00071,per-clip-v1
0.620917,0,,librispeech_0041,impostor_5,librispeech_0453,per-clip-v1
0.484804,0,,librispeech_0041,impostor_6,fakeavceleb_01310_Asian(East)_men_id02493,per-clip-v1
0.460205,0,,librispeech_0041,impostor_7,fakeavceleb_01671_Asian(East)_women_id05576,per-clip-v1
0.614701,0,,librispeech_0041,impostor_8,fakeavceleb_03730_Caucasian(European)_women_id00569,per-clip-v1
0.448096,0,,librispeech_0041,impostor_9,fakeavceleb_02255_Asian(South)_women_id01026,per-clip-v1
0.582909,0,,librispeech_0041,impostor_10,fakeavceleb_03042_Caucasian(American)_women_id00618,per-clip-v1
0.944473,1,,librispeech_0042,genuine,librispeech_0042,per-clip-v1
0.524185,0,,librispeech_0042,impostor_1,fakeavceleb_02726_Caucasian(American)_men_id01096,per-clip-v1
0.574721,0,,librispeech_0042,impostor_2,librispeech_0298,per-clip-v1
0.694858,0,,librispeech_0042,impostor_3,librispeech_0024,per-clip-v1
0.634926,0,,librispeech_0042,impostor_4,librispeech_0106,per-clip-v1
0.428064,0,,librispeech_0042,impostor_5,fakeavceleb_03676_Caucasian(European)_women_id00395,per-clip-v1
0.524794,0,,librispeech_0042,impostor_6,fakeavceleb_00937_African_women_id00829,per-clip-v1
0.606252,0,,librispeech_0042,impostor_7,librispeech_0288,per-clip-v1
0.522253,0,,librispeech_0042,impostor_8,librispeech_0012,per-clip-v1
0.485766,0,,librispeech_0042,impostor_9,fakeavceleb_03190_Caucasian(American)_women_id03707,per-clip-v1
0.432809,0,,librispeech_0042,impostor_10,fakeavceleb_00529_African_men_id00173,per-clip-v1
0.952671,1,,librispeech_0043,genuine,librispeech_0043,per-clip-v1
0.509974,0,,librispeech_0043,impostor_1,fakeavceleb_00799_African_men_id02040,per-clip-v1
0.486310,0,,librispeech_0043,impostor_2,fakeavceleb_00417_Caucasian(European)_men_id00358,per-clip-v1
0.437524,0,,librispeech_0043,impostor_3,fakeavceleb_00379_Caucasian(American)_women_id00848,per-clip-v1
0.424137,0,,librispeech_0043,impostor_4,fakeavceleb_00542_African_men_id00366,per-clip-v1
0.569149,0,,librispeech_0043,impostor_5,librispeech_0446,per-clip-v1
0.501099,0,,librispeech_0043,impostor_6,librispeech_0375,per-clip-v1
0.405802,0,,librispeech_0043,impostor_7,fakeavceleb_03558_Caucasian(European)_women_id00071,per-clip-v1
0.440806,0,,librispeech_0043,impostor_8,fakeavceleb_01923_Asian(South)_men_id00685,per-clip-v1
0.459689,0,,librispeech_0043,impostor_9,fakeavceleb_01898_Asian(South)_men_id00103,per-clip-v1
0.480289,0,,librispeech_0043,impostor_10,fakeavceleb_02061_Asian(South)_men_id06355,per-clip-v1
0.932839,1,,librispeech_0045,genuine,librispeech_0045,per-clip-v1
0.495742,0,,librispeech_0045,impostor_1,fakeavceleb_01462_Asian(East)_men_id08299,per-clip-v1
0.468280,0,,librispeech_0045,impostor_2,fakeavceleb_01560_Asian(East)_women_id00582,per-clip-v1
0.461824,0,,librispeech_0045,impostor_3,fakeavceleb_00186_Asian(East)_women_id07383,per-clip-v1
0.489330,0,,librispeech_0045,impostor_4,fakeavceleb_00182_Asian(East)_women_id06427,per-clip-v1
0.525125,0,,librispeech_0045,impostor_5,fakeavceleb_00394_Caucasian(American)_women_id02466,per-clip-v1
0.530984,0,,librispeech_0045,impostor_6,librispeech_0482,per-clip-v1
0.489472,0,,librispeech_0045,impostor_7,librispeech_0387,per-clip-v1
0.602906,0,,librispeech_0045,impostor_8,fakeavceleb_03261_Caucasian(European)_men_id00187,per-clip-v1
0.505746,0,,librispeech_0045,impostor_9,fakeavceleb_00983_African_women_id01838,per-clip-v1
0.554776,0,,librispeech_0045,impostor_10,fakeavceleb_02607_Caucasian(American)_men_id00169,per-clip-v1
0.928899,1,,librispeech_0046,genuine,librispeech_0046,per-clip-v1
0.637667,0,,librispeech_0046,impostor_1,librispeech_0065,per-clip-v1
0.559865,0,,librispeech_0046,impostor_2,librispeech_0336,per-clip-v1
0.626169,0,,librispeech_0046,impostor_3,librispeech_0332,per-clip-v1
0.408208,0,,librispeech_0046,impostor_4,librispeech_0299,per-clip-v1
0.612566,0,,librispeech_0046,impostor_5,librispeech_0437,per-clip-v1
0.415986,0,,librispeech_0046,impostor_6,librispeech_0178,per-clip-v1
0.655637,0,,librispeech_0046,impostor_7,librispeech_0183,per-clip-v1
0.422656,0,,librispeech_0046,impostor_8,fakeavceleb_02962_Caucasian(American)_women_id00291,per-clip-v1
0.563903,0,,librispeech_0046,impostor_9,fakeavceleb_02085_Asian(South)_men_id07108,per-clip-v1
0.408323,0,,librispeech_0046,impostor_10,fakeavceleb_03134_Caucasian(American)_women_id01238,per-clip-v1
0.946546,1,,librispeech_0047,genuine,librispeech_0047,per-clip-v1
0.505675,0,,librispeech_0047,impostor_1,fakeavceleb_02816_Caucasian(American)_men_id03668,per-clip-v1
0.425251,0,,librispeech_0047,impostor_2,fakeavceleb_00994_African_women_id01907,per-clip-v1
0.520532,0,,librispeech_0047,impostor_3,fakeavceleb_02069_Asian(South)_men_id06753,per-clip-v1
0.422947,0,,librispeech_0047,impostor_4,fakeavceleb_02014_Asian(South)_men_id04560,per-clip-v1
0.651953,0,,librispeech_0047,impostor_5,librispeech_0366,per-clip-v1
0.507487,0,,librispeech_0047,impostor_6,fakeavceleb_02770_Caucasian(American)_men_id01182,per-clip-v1
0.566468,0,,librispeech_0047,impostor_7,fakeavceleb_01733_Asian(East)_women_id06158,per-clip-v1
0.624296,0,,librispeech_0047,impostor_8,librispeech_0395,per-clip-v1
0.603961,0,,librispeech_0047,impostor_9,librispeech_0131,per-clip-v1
0.414606,0,,librispeech_0047,impostor_10,fakeavceleb_02914_Caucasian(American)_women_id00180,per-clip-v1
0.953344,1,,librispeech_0048,genuine,librispeech_0048,per-clip-v1
0.469897,0,,librispeech_0048,impostor_1,fakeavceleb_01956_Asian(South)_men_id00773,per-clip-v1
0.421453,0,,librispeech_0048,impostor_2,fakeavceleb_03226_Caucasian(European)_men_id00171,per-clip-v1
0.366333,0,,librispeech_0048,impostor_3,fakeavceleb_00701_African_men_id01597,per-clip-v1
0.365377,0,,librispeech_0048,impostor_4,fakeavceleb_03174_Caucasian(American)_women_id03605,per-clip-v1
0.453853,0,,librispeech_0048,impostor_5,librispeech_0387,per-clip-v1
0.500497,0,,librispeech_0048,impostor_6,fakeavceleb_02772_Caucasian(American)_men_id01182,per-clip-v1
0.437748,0,,librispeech_0048,impostor_7,fakeavceleb_03078_Caucasian(American)_women_id00848,per-clip-v1
0.491153,0,,librispeech_0048,impostor_8,asvspoof_0276,per-clip-v1
0.457178,0,,librispeech_0048,impostor_9,fakeavceleb_02694_Caucasian(American)_men_id00945,per-clip-v1
0.462187,0,,librispeech_0048,impostor_10,fakeavceleb_01705_Asian(East)_women_id06060,per-clip-v1
0.935293,1,,librispeech_0049,genuine,librispeech_0049,per-clip-v1
0.687113,0,,librispeech_0049,impostor_1,librispeech_0092,per-clip-v1
0.457149,0,,librispeech_0049,impostor_2,fakeavceleb_02807_Caucasian(American)_men_id01239,per-clip-v1
0.384763,0,,librispeech_0049,impostor_3,fakeavceleb_01928_Asian(South)_men_id00732,per-clip-v1
0.498415,0,,librispeech_0049,impostor_4,librispeech_0330,per-clip-v1
0.360494,0,,librispeech_0049,impostor_5,fakeavceleb_00207_Asian(South)_men_id00459,per-clip-v1
0.470344,0,,librispeech_0049,impostor_6,fakeavceleb_00443_Caucasian(European)_men_id01123,per-clip-v1
0.560802,0,,librispeech_0049,impostor_7,librispeech_0088,per-clip-v1
0.485853,0,,librispeech_0049,impostor_8,fakeavceleb_01584_Asian(East)_women_id01281,per-clip-v1
0.540592,0,,librispeech_0049,impostor_9,fakeavceleb_03528_Caucasian(European)_women_id00042,per-clip-v1
0.697210,0,,librispeech_0049,impostor_10,librispeech_0154,per-clip-v1
0.915625,1,,librispeech_0050,genuine,librispeech_0050,per-clip-v1
0.541832,0,,librispeech_0050,impostor_1,fakeavceleb_00121_Asian(East)_men_id04222,per-clip-v1
0.579959,0,,librispeech_0050,impostor_2,fakeavceleb_03830_Caucasian(European)_women_id03651,per-clip-v1
0.466409,0,,librispeech_0050,impostor_3,fakeavceleb_03201_Caucasian(European)_men_id00055,per-clip-v1
0.546630,0,,librispeech_0050,impostor_4,fakeavceleb_02590_Caucasian(American)_men_id00087,per-clip-v1
0.691021,0,,librispeech_0050,impostor_5,librispeech_0307,per-clip-v1
0.497152,0,,librispeech_0050,impostor_6,fakeavceleb_01411_Asian(East)_men_id06467,per-clip-v1
0.426405,0,,librispeech_0050,impostor_7,fakeavceleb_00417_Caucasian(European)_men_id00358,per-clip-v1
0.651012,0,,librispeech_0050,impostor_8,librispeech_0285,per-clip-v1
0.570786,0,,librispeech_0050,impostor_9,fakeavceleb_00945_African_women_id00832,per-clip-v1
0.540147,0,,librispeech_0050,impostor_10,asvspoof_0367,per-clip-v1
0.953679,1,,librispeech_0051,genuine,librispeech_0051,per-clip-v1
0.429551,0,,librispeech_0051,impostor_1,fakeavceleb_00089_African_women_id04689,per-clip-v1
0.423607,0,,librispeech_0051,impostor_2,fakeavceleb_01904_Asian(South)_men_id00350,per-clip-v1
0.439843,0,,librispeech_0051,impostor_3,fakeavceleb_03037_Caucasian(American)_women_id00616,per-clip-v1
0.475356,0,,librispeech_0051,impostor_4,fakeavceleb_01391_Asian(East)_men_id05383,per-clip-v1
0.409510,0,,librispeech_0051,impostor_5,fakeavceleb_03771_Caucasian(European)_women_id00813,per-clip-v1
0.496341,0,,librispeech_0051,impostor_6,fakeavceleb_00932_African_women_id00829,per-clip-v1
0.415305,0,,librispeech_0051,impostor_7,fakeavceleb_00551_African_men_id00475,per-clip-v1
0.488965,0,,librispeech_0051,impostor_8,fakeavceleb_00547_African_men_id00391,per-clip-v1
0.619143,0,,librispeech_0051,impostor_9,librispeech_0396,per-clip-v1
0.405462,0,,librispeech_0051,impostor_10,fakeavceleb_02405_Asian(South)_women_id05931,per-clip-v1
0.937290,1,,librispeech_0052,genuine,librispeech_0052,per-clip-v1
0.499083,0,,librispeech_0052,impostor_1,asvspoof_0358,per-clip-v1
0.352851,0,,librispeech_0052,impostor_2,fakeavceleb_03705_Caucasian(European)_women_id00491,per-clip-v1
0.548906,0,,librispeech_0052,impostor_3,fakeavceleb_00753_African_men_id01856,per-clip-v1
0.494938,0,,librispeech_0052,impostor_4,fakeavceleb_01268_Asian(East)_men_id01212,per-clip-v1
0.361356,0,,librispeech_0052,impostor_5,fakeavceleb_00995_African_women_id01907,per-clip-v1
0.488818,0,,librispeech_0052,impostor_6,librispeech_0057,per-clip-v1
0.291547,0,,librispeech_0052,impostor_7,fakeavceleb_03135_Caucasian(American)_women_id01238,per-clip-v1
0.707536,0,,librispeech_0052,impostor_8,librispeech_0001,per-clip-v1
0.506196,0,,librispeech_0052,impostor_9,fakeavceleb_03402_Caucasian(European)_men_id00709,per-clip-v1
0.489006,0,,librispeech_0052,impostor_10,librispeech_0382,per-clip-v1
0.937191,1,,librispeech_0053,genuine,librispeech_0053,per-clip-v1
0.519194,0,,librispeech_0053,impostor_1,fakeavceleb_00612_African_men_id01170,per-clip-v1
0.465043,0,,librispeech_0053,impostor_2,fakeavceleb_00238_Asian(South)_men_id07179,per-clip-v1
0.573130,0,,librispeech_0053,impostor_3,librispeech_0257,per-clip-v1
0.448038,0,,librispeech_0053,impostor_4,fakeavceleb_03177_Caucasian(American)_women_id03605,per-clip-v1
0.640905,0,,librispeech_0053,impostor_5,librispeech_0339,per-clip-v1
0.458615,0,,librispeech_0053,impostor_6,fakeavceleb_01408_Asian(East)_men_id06467,per-clip-v1
0.598680,0,,librispeech_0053,impostor_7,librispeech_0276,per-clip-v1
0.653499,0,,librispeech_0053,impostor_8,librispeech_0183,per-clip-v1
0.490203,0,,librispeech_0053,impostor_9,asvspoof_0194,per-clip-v1
0.556319,0,,librispeech_0053,impostor_10,librispeech_0304,per-clip-v1
0.935486,1,,librispeech_0054,genuine,librispeech_0054,per-clip-v1
0.435580,0,,librispeech_0054,impostor_1,fakeavceleb_01578_Asian(East)_women_id00935,per-clip-v1
0.572971,0,,librispeech_0054,impostor_2,fakeavceleb_02534_Caucasian(American)_men_id00020,per-clip-v1
0.544514,0,,librispeech_0054,impostor_3,fakeavceleb_02715_Caucasian(American)_men_id01048,per-clip-v1
0.462357,0,,librispeech_0054,impostor_4,fakeavceleb_00653_African_men_id01392,per-clip-v1
0.502917,0,,librispeech_0054,impostor_5,fakeavceleb_00249_Asian(South)_men_id08457,per-clip-v1
0.553492,0,,librispeech_0054,impostor_6,librispeech_0289,per-clip-v1
0.627816,0,,librispeech_0054,impostor_7,librispeech_0044,per-clip-v1
0.484809,0,,librispeech_0054,impostor_8,fakeavceleb_03515_Caucasian(European)_men_id02567,per-clip-v1
0.472687,0,,librispeech_0054,impostor_9,fakeavceleb_02077_Asian(South)_men_id07058,per-clip-v1
0.492307,0,,librispeech_0054,impostor_10,fakeavceleb_01366_Asian(East)_men_id04774,per-clip-v1
0.908235,1,,librispeech_0055,genuine,librispeech_0055,per-clip-v1
0.618579,0,,librispeech_0055,impostor_1,librispeech_0119,per-clip-v1
0.593263,0,,librispeech_0055,impostor_2,fakeavceleb_03423_Caucasian(European)_men_id00946,per-clip-v1
0.519293,0,,librispeech_0055,impostor_3,librispeech_0454,per-clip-v1
0.465253,0,,librispeech_0055,impostor_4,fakeavceleb_03858_Caucasian(European)_women_id03941,per-clip-v1
0.500664,0,,librispeech_0055,impostor_5,fakeavceleb_00559_African_men_id00478,per-clip-v1
0.475214,0,,librispeech_0055,impostor_6,fakeavceleb_03721_Caucasian(European)_women_id00496,per-clip-v1
0.475837,0,,librispeech_0055,impostor_7,fakeavceleb_01929_Asian(South)_men_id00732,per-clip-v1
0.397969,0,,librispeech_0055,impostor_8,fakeavceleb_03163_Caucasian(American)_women_id02464,per-clip-v1
0.536238,0,,librispeech_0055,impostor_9,fakeavceleb_01442_Asian(East)_men_id06878,per-clip-v1
0.644157,0,,librispeech_0055,impostor_10,librispeech_0083,per-clip-v1
0.954979,1,,librispeech_0056,genuine,librispeech_0056,per-clip-v1
0.507835,0,,librispeech_0056,impostor_1,asvspoof_0050,per-clip-v1
0.555697,0,,librispeech_0056,impostor_2,librispeech_0268,per-clip-v1
0.485126,0,,librispeech_0056,impostor_3,fakeavceleb_03846_Caucasian(European)_women_id03816,per-clip-v1
0.483823,0,,librispeech_0056,impostor_4,fakeavceleb_00813_African_men_id02268,per-clip-v1
0.672176,0,,librispeech_0056,impostor_5,librispeech_0479,per-clip-v1
0.570221,0,,librispeech_0056,impostor_6,fakeavceleb_00075_African_women_id02948,per-clip-v1
0.546026,0,,librispeech_0056,impostor_7,librispeech_0104,per-clip-v1
0.528913,0,,librispeech_0056,impostor_8,fakeavceleb_00723_African_men_id01637,per-clip-v1
0.407987,0,,librispeech_0056,impostor_9,fakeavceleb_00754_African_men_id01856,per-clip-v1
0.599882,0,,librispeech_0056,impostor_10,librispeech_0171,per-clip-v1
0.950607,1,,librispeech_0057,genuine,librispeech_0057,per-clip-v1
0.748284,0,,librispeech_0057,impostor_1,fakeavceleb_02195_Asian(South)_women_id00149,per-clip-v1
0.494912,0,,librispeech_0057,impostor_2,asvspoof_0440,per-clip-v1
0.479112,0,,librispeech_0057,impostor_3,librispeech_0317,per-clip-v1
0.495276,0,,librispeech_0057,impostor_4,fakeavceleb_00763_African_men_id01933,per-clip-v1
0.496638,0,,librispeech_0057,impostor_5,fakeavceleb_01234_Asian(East)_men_id00597,per-clip-v1
0.535648,0,,librispeech_0057,impostor_6,fakeavceleb_01304_Asian(East)_men_id02365,per-clip-v1
0.507632,0,,librispeech_0057,impostor_7,fakeavceleb_03404_Caucasian(European)_men_id00709,per-clip-v1
0.636425,0,,librispeech_0057,impostor_8,librispeech_0197,per-clip-v1
0.536955,0,,librispeech_0057,impostor_9,librispeech_0328,per-clip-v1
0.646964,0,,librispeech_0057,impostor_10,fakeavceleb_02267_Asian(South)_women_id02619,per-clip-v1
0.926830,1,,librispeech_0058,genuine,librispeech_0058,per-clip-v1
0.619486,0,,librispeech_0058,impostor_1,fakeavceleb_00058_African_women_id00829,per-clip-v1
0.555240,0,,librispeech_0058,impostor_2,librispeech_0102,per-clip-v1
0.464489,0,,librispeech_0058,impostor_3,fakeavceleb_03324_Caucasian(European)_men_id00305,per-clip-v1
0.526902,0,,librispeech_0058,impostor_4,librispeech_0431,per-clip-v1
0.576920,0,,librispeech_0058,impostor_5,librispeech_0124,per-clip-v1
0.512111,0,,librispeech_0058,impostor_6,fakeavceleb_01736_Asian(East)_women_id06225,per-clip-v1
0.439499,0,,librispeech_0058,impostor_7,fakeavceleb_00224_Asian(South)_men_id04561,per-clip-v1
0.552003,0,,librispeech_0058,impostor_8,fakeavceleb_01373_Asian(East)_men_id04884,per-clip-v1
0.609369,0,,librispeech_0058,impostor_9,fakeavceleb_01411_Asian(East)_men_id06467,per-clip-v1
0.577052,0,,librispeech_0058,impostor_10,fakeavceleb_02342_Asian(South)_women_id04582,per-clip-v1
0.950221,1,,librispeech_0059,genuine,librispeech_0059,per-clip-v1
0.452329,0,,librispeech_0059,impostor_1,fakeavceleb_02742_Caucasian(American)_men_id01163,per-clip-v1
0.625073,0,,librispeech_0059,impostor_2,fakeavceleb_01747_Asian(East)_women_id06427,per-clip-v1
0.549683,0,,librispeech_0059,impostor_3,fakeavceleb_02380_Asian(South)_women_id05435,per-clip-v1
0.444505,0,,librispeech_0059,impostor_4,librispeech_0186,per-clip-v1
0.441402,0,,librispeech_0059,impostor_5,fakeavceleb_00547_African_men_id00391,per-clip-v1
0.454730,0,,librispeech_0059,impostor_6,fakeavceleb_02105_Asian(South)_men_id07165,per-clip-v1
0.531090,0,,librispeech_0059,impostor_7,fakeavceleb_01917_Asian(South)_men_id00459,per-clip-v1
0.558376,0,,librispeech_0059,impostor_8,fakeavceleb_03098_Caucasian(American)_women_id01091,per-clip-v1
0.471139,0,,librispeech_0059,impostor_9,fakeavceleb_02047_Asian(South)_men_id04928,per-clip-v1
0.555966,0,,librispeech_0059,impostor_10,librispeech_0268,per-clip-v1
0.935522,1,,librispeech_0060,genuine,librispeech_0060,per-clip-v1
0.510998,0,,librispeech_0060,impostor_1,librispeech_0436,per-clip-v1
0.521629,0,,librispeech_0060,impostor_2,librispeech_0195,per-clip-v1
0.599921,0,,librispeech_0060,impostor_3,fakeavceleb_01750_Asian(East)_women_id06427,per-clip-v1
0.597233,0,,librispeech_0060,impostor_4,librispeech_0114,per-clip-v1
0.470199,0,,librispeech_0060,impostor_5,fakeavceleb_00680_African_men_id01530,per-clip-v1
0.509581,0,,librispeech_0060,impostor_6,fakeavceleb_02106_Asian(South)_men_id07165,per-clip-v1
0.499518,0,,librispeech_0060,impostor_7,fakeavceleb_03428_Caucasian(European)_men_id00946,per-clip-v1
0.424930,0,,librispeech_0060,impostor_8,fakeavceleb_00752_African_men_id01856,per-clip-v1
0.444267,0,,librispeech_0060,impostor_9,fakeavceleb_00445_Caucasian(European)_men_id01154,per-clip-v1
0.541986,0,,librispeech_0060,impostor_10,fakeavceleb_03612_Caucasian(European)_women_id00287,per-clip-v1
0.960170,1,,librispeech_0061,genuine,librispeech_0061,per-clip-v1
0.602275,0,,librispeech_0061,impostor_1,fakeavceleb_00840_African_men_id02494,per-clip-v1
0.511904,0,,librispeech_0061,impostor_2,fakeavceleb_02531_Caucasian(American)_men_id00020,per-clip-v1
0.475274,0,,librispeech_0061,impostor_3,fakeavceleb_01096_African_women_id03747,per-clip-v1
0.377690,0,,librispeech_0061,impostor_4,fakeavceleb_01597_Asian(East)_women_id01451,per-clip-v1
0.456810,0,,librispeech_0061,impostor_5,asvspoof_0011,per-clip-v1
0.527071,0,,librispeech_0061,impostor_6,librispeech_0363,per-clip-v1
0.532473,0,,librispeech_0061,impostor_7,fakeavceleb_02579_Caucasian(American)_men_id00062,per-clip-v1
0.404055,0,,librispeech_0061,impostor_8,fakeavceleb_03559_Caucasian(European)_women_id00188,per-clip-v1
0.424189,0,,librispeech_0061,impostor_9,fakeavceleb_01270_Asian(East)_men_id01212,per-clip-v1
0.406292,0,,librispeech_0061,impostor_10,fakeavceleb_01610_Asian(East)_women_id02807,per-clip-v1
0.941262,1,,librispeech_0062,genuine,librispeech_0062,per-clip-v1
0.396042,0,,librispeech_0062,impostor_1,fakeavceleb_03396_Caucasian(European)_men_id00694,per-clip-v1
0.449627,0,,librispeech_0062,impostor_2,fakeavceleb_01128_African_women_id04540,per-clip-v1
0.454281,0,,librispeech_0062,impostor_3,fakeavceleb_00575_African_men_id00701,per-clip-v1
0.425807,0,,librispeech_0062,impostor_4,fakeavceleb_03624_Caucasian(European)_women_id00325,per-clip-v1
0.405512,0,,librispeech_0062,impostor_5,fakeavceleb_01912_Asian(South)_men_id00414,per-clip-v1
0.482495,0,,librispeech_0062,impostor_6,asvspoof_0450,per-clip-v1
0.420940,0,,librispeech_0062,impostor_7,fakeavceleb_01051_African_women_id02838,per-clip-v1
0.517320,0,,librispeech_0062,impostor_8,fakeavceleb_02570_Caucasian(American)_men_id00060,per-clip-v1
0.466046,0,,librispeech_0062,impostor_9,fakeavceleb_00595_African_men_id00944,per-clip-v1
0.334370,0,,librispeech_0062,impostor_10,fakeavceleb_03639_Caucasian(European)_women_id00330,per-clip-v1
0.946448,1,,librispeech_0063,genuine,librispeech_0063,per-clip-v1
0.583224,0,,librispeech_0063,impostor_1,fakeavceleb_03320_Caucasian(European)_men_id00292,per-clip-v1
0.420880,0,,librispeech_0063,impostor_2,fakeavceleb_01784_Asian(East)_women_id07901,per-clip-v1
0.563940,0,,librispeech_0063,impostor_3,librispeech_0038,per-clip-v1
0.364516,0,,librispeech_0063,impostor_4,fakeavceleb_01548_Asian(East)_women_id00579,per-clip-v1
0.456271,0,,librispeech_0063,impostor_5,fakeavceleb_01030_African_women_id02617,per-clip-v1
0.606923,0,,librispeech_0063,impostor_6,librispeech_0351,per-clip-v1
0.477979,0,,librispeech_0063,impostor_7,fakeavceleb_03478_Caucasian(European)_men_id01099,per-clip-v1
0.488044,0,,librispeech_0063,impostor_8,asvspoof_0188,per-clip-v1
0.433681,0,,librispeech_0063,impostor_9,fakeavceleb_00118_Asian(East)_men_id03889,per-clip-v1
0.496514,0,,librispeech_0063,impostor_10,librispeech_0437,per-clip-v1
0.936880,1,,librispeech_0064,genuine,librispeech_0064,per-clip-v1
0.493089,0,,librispeech_0064,impostor_1,librispeech_0040,per-clip-v1
0.526969,0,,librispeech_0064,impostor_2,fakeavceleb_02789_Caucasian(American)_men_id01210,per-clip-v1
0.507400,0,,librispeech_0064,impostor_3,fakeavceleb_00412_Caucasian(European)_men_id00266,per-clip-v1
0.435968,0,,librispeech_0064,impostor_4,fakeavceleb_03026_Caucasian(American)_women_id00555,per-clip-v1
0.466980,0,,librispeech_0064,impostor_5,fakeavceleb_01735_Asian(East)_women_id06225,per-clip-v1
0.559401,0,,librispeech_0064,impostor_6,librispeech_0412,per-clip-v1
0.497548,0,,librispeech_0064,impostor_7,fakeavceleb_01664_Asian(East)_women_id04701,per-clip-v1
0.450894,0,,librispeech_0064,impostor_8,librispeech_0227,per-clip-v1
0.496514,0,,librispeech_0064,impostor_9,fakeavceleb_03074_Caucasian(American)_women_id00842,per-clip-v1
0.545683,0,,librispeech_0064,impostor_10,fakeavceleb_00249_Asian(South)_men_id08457,per-clip-v1
0.918892,1,,librispeech_0065,genuine,librispeech_0065,per-clip-v1
0.497160,0,,librispeech_0065,impostor_1,fakeavceleb_01357_Asian(East)_men_id04726,per-clip-v1
0.512342,0,,librispeech_0065,impostor_2,fakeavceleb_02579_Caucasian(American)_men_id00062,per-clip-v1
0.525707,0,,librispeech_0065,impostor_3,fakeavceleb_02726_Caucasian(American)_men_id01096,per-clip-v1
0.472577,0,,librispeech_0065,impostor_4,fakeavceleb_02345_Asian(South)_women_id04583,per-clip-v1
0.545313,0,,librispeech_0065,impostor_5,librispeech_0044,per-clip-v1
0.522645,0,,librispeech_0065,impostor_6,fakeavceleb_01248_Asian(East)_men_id00863,per-clip-v1
0.416301,0,,librispeech_0065,impostor_7,fakeavceleb_01446_Asian(East)_men_id07102,per-clip-v1
0.522412,0,,librispeech_0065,impostor_8,fakeavceleb_01838_Asian(East)_women_id09174,per-clip-v1
0.599794,0,,librispeech_0065,impostor_9,fakeavceleb_02298_Asian(South)_women_id03985,per-clip-v1
0.498465,0,,librispeech_0065,impostor_10,librispeech_0175,per-clip-v1
0.948158,1,,librispeech_0066,genuine,librispeech_0066,per-clip-v1
0.592910,0,,librispeech_0066,impostor_1,librispeech_0296,per-clip-v1
0.527895,0,,librispeech_0066,impostor_2,fakeavceleb_00611_African_men_id01170,per-clip-v1
0.484944,0,,librispeech_0066,impostor_3,fakeavceleb_00625_African_men_id01179,per-clip-v1
0.471698,0,,librispeech_0066,impostor_4,fakeavceleb_02501_Asian(South)_women_id07236,per-clip-v1
0.465301,0,,librispeech_0066,impostor_5,fakeavceleb_02450_Asian(South)_women_id06438,per-clip-v1
0.438637,0,,librispeech_0066,impostor_6,fakeavceleb_03840_Caucasian(European)_women_id03716,per-clip-v1
0.571310,0,,librispeech_0066,impostor_7,fakeavceleb_02640_Caucasian(American)_men_id00345,per-clip-v1
0.460433,0,,librispeech_0066,impostor_8,librispeech_0387,per-clip-v1
0.603823,0,,librispeech_0066,impostor_9,fakeavceleb_03280_Caucasian(European)_men_id00241,per-clip-v1
0.529782,0,,librispeech_0066,impostor_10,fakeavceleb_03298_Caucasian(European)_men_id00265,per-clip-v1
0.951904,1,,librispeech_0067,genuine,librispeech_0067,per-clip-v1
0.491743,0,,librispeech_0067,impostor_1,fakeavceleb_01216_Asian(East)_men_id00126,per-clip-v1
0.486207,0,,librispeech_0067,impostor_2,fakeavceleb_01473_Asian(East)_men_id08652,per-clip-v1
0.541114,0,,librispeech_0067,impostor_3,fakeavceleb_03771_Caucasian(European)_women_id00813,per-clip-v1
0.632104,0,,librispeech_0067,impostor_4,librispeech_0020,per-clip-v1
0.396973,0,,librispeech_0067,impostor_5,fakeavceleb_01769_Asian(East)_women_id07039,per-clip-v1
0.492498,0,,librispeech_0067,impostor_6,fakeavceleb_02059_Asian(South)_men_id06354,per-clip-v1
0.555332,0,,librispeech_0067,impostor_7,librispeech_0444,per-clip-v1
0.677969,0,,librispeech_0067,impostor_8,librispeech_0342,per-clip-v1
0.496149,0,,librispeech_0067,impostor_9,fakeavceleb_02904_Caucasian(American)_women_id00145,per-clip-v1
0.409207,0,,librispeech_0067,impostor_10,fakeavceleb_00206_Asian(South)_men_id00414,per-clip-v1
0.934999,1,,librispeech_0068,genuine,librispeech_0068,per-clip-v1
0.478461,0,,librispeech_0068,impostor_1,fakeavceleb_03503_Caucasian(European)_men_id01156,per-clip-v1
0.483523,0,,librispeech_0068,impostor_2,fakeavceleb_00070_African_women_id02617,per-clip-v1
0.458952,0,,librispeech_0068,impostor_3,fakeavceleb_02218_Asian(South)_women_id00417,per-clip-v1
0.475392,0,,librispeech_0068,impostor_4,fakeavceleb_01411_Asian(East)_men_id06467,per-clip-v1
0.498349,0,,librispeech_0068,impostor_5,fakeavceleb_01915_Asian(South)_men_id00414,per-clip-v1
0.535432,0,,librispeech_0068,impostor_6,fakeavceleb_03751_Caucasian(European)_women_id00633,per-clip-v1
0.573273,0,,librispeech_0068,impostor_7,fakeavceleb_00248_Asian(South)_men_id08314,per-clip-v1
0.541857,0,,librispeech_0068,impostor_8,fakeavceleb_00764_African_men_id01933,per-clip-v1
0.493620,0,,librispeech_0068,impostor_9,asvspoof_0443,per-clip-v1
0.447197,0,,librispeech_0068,impostor_10,fakeavceleb_02307_Asian(South)_women_id04070,per-clip-v1
0.959841,1,,librispeech_0069,genuine,librispeech_0069,per-clip-v1
0.551085,0,,librispeech_0069,impostor_1,librispeech_0336,per-clip-v1
0.490786,0,,librispeech_0069,impostor_2,asvspoof_0130,per-clip-v1
0.531589,0,,librispeech_0069,impostor_3,librispeech_0011,per-clip-v1
0.615696,0,,librispeech_0069,impostor_4,librispeech_0311,per-clip-v1
0.634812,0,,librispeech_0069,impostor_5,librispeech_0107,per-clip-v1
0.603171,0,,librispeech_0069,impostor_6,fakeavceleb_03376_Caucasian(European)_men_id00548,per-clip-v1
0.451519,0,,librispeech_0069,impostor_7,fakeavceleb_01931_Asian(South)_men_id00732,per-clip-v1
0.742116,0,,librispeech_0069,impostor_8,librispeech_0475,per-clip-v1
0.580202,0,,librispeech_0069,impostor_9,librispeech_0304,per-clip-v1
0.555392,0,,librispeech_0069,impostor_10,librispeech_0044,per-clip-v1
0.942975,1,,librispeech_0070,genuine,librispeech_0070,per-clip-v1
0.534330,0,,librispeech_0070,impostor_1,fakeavceleb_03224_Caucasian(European)_men_id00171,per-clip-v1
0.564203,0,,librispeech_0070,impostor_2,fakeavceleb_02495_Asian(South)_women_id07236,per-clip-v1
0.528883,0,,librispeech_0070,impostor_3,librispeech_0459,per-clip-v1
0.596836,0,,librispeech_0070,impostor_4,librispeech_0285,per-clip-v1
0.439860,0,,librispeech_0070,impostor_5,fakeavceleb_01988_Asian(South)_men_id03344,per-clip-v1
0.642902,0,,librispeech_0070,impostor_6,librispeech_0482,per-clip-v1
0.514373,0,,librispeech_0070,impostor_7,fakeavceleb_01309_Asian(East)_men_id02493,per-clip-v1
0.624133,0,,librispeech_0070,impostor_8,fakeavceleb_00463_Caucasian(European)_women_id00332,per-clip-v1
0.513971,0,,librispeech_0070,impostor_9,fakeavceleb_03660_Caucasian(European)_women_id00373,per-clip-v1
0.496879,0,,librispeech_0070,impostor_10,fakeavceleb_02044_Asian(South)_men_id04601,per-clip-v1
0.940077,1,,librispeech_0071,genuine,librispeech_0071,per-clip-v1
0.555768,0,,librispeech_0071,impostor_1,fakeavceleb_01173_African_women_id05231,per-clip-v1
0.611219,0,,librispeech_0071,impostor_2,fakeavceleb_01848_Asian(East)_women_id09181,per-clip-v1
0.507660,0,,librispeech_0071,impostor_3,fakeavceleb_01684_Asian(East)_women_id05631,per-clip-v1
0.381927,0,,librispeech_0071,impostor_4,fakeavceleb_02144_Asian(South)_men_id07210,per-clip-v1
0.454031,0,,librispeech_0071,impostor_5,fakeavceleb_00081_African_women_id03747,per-clip-v1
0.458607,0,,librispeech_0071,impostor_6,fakeavceleb_02538_Caucasian(American)_men_id00021,per-clip-v1
0.508823,0,,librispeech_0071,impostor_7,fakeavceleb_02849_Caucasian(American)_men_id04219,per-clip-v1
0.435835,0,,librispeech_0071,impostor_8,fakeavceleb_00635_African_men_id01207,per-clip-v1
0.427563,0,,librispeech_0071,impostor_9,fakeavceleb_02066_Asian(South)_men_id06355,per-clip-v1
0.444081,0,,librispeech_0071,impostor_10,fakeavceleb_00706_African_men_id01598,per-clip-v1
0.942920,1,,librispeech_0072,genuine,librispeech_0072,per-clip-v1
0.645278,0,,librispeech_0072,impostor_1,librispeech_0095,per-clip-v1
0.421319,0,,librispeech_0072,impostor_2,fakeavceleb_03187_Caucasian(American)_women_id03696,per-clip-v1
0.525841,0,,librispeech_0072,impostor_3,librispeech_0202,per-clip-v1
0.598453,0,,librispeech_0072,impostor_4,librispeech_0044,per-clip-v1
0.342271,0,,librispeech_0072,impostor_5,fakeavceleb_02539_Caucasian(American)_men_id00021,per-clip-v1
0.369752,0,,librispeech_0072,impostor_6,fakeavceleb_00633_African_men_id01207,per-clip-v1
0.358216,0,,librispeech_0072,impostor_7,fakeavceleb_01486_Asian(East)_men_id09053,per-clip-v1
0.513827,0,,librispeech_0072,impostor_8,asvspoof_0309,per-clip-v1
0.420749,0,,librispeech_0072,impostor_9,fakeavceleb_01348_Asian(East)_men_id04222,per-clip-v1
0.470340,0,,librispeech_0072,impostor_10,fakeavceleb_02726_Caucasian(American)_men_id01096,per-clip-v1
0.909430,1,,librispeech_0073,genuine,librispeech_0073,per-clip-v1
0.606729,0,,librispeech_0073,impostor_1,fakeavceleb_03314_Caucasian(European)_men_id00292,per-clip-v1
0.589552,0,,librispeech_0073,impostor_2,librispeech_0397,per-clip-v1
0.484493,0,,librispeech_0073,impostor_3,librispeech_0299,per-clip-v1
0.499789,0,,librispeech_0073,impostor_4,librispeech_0354,per-clip-v1
0.675675,0,,librispeech_0073,impostor_5,librispeech_0191,per-clip-v1
0.491895,0,,librispeech_0073,impostor_6,fakeavceleb_03652_Caucasian(European)_women_id00365,per-clip-v1
0.696701,0,,librispeech_0073,impostor_7,librispeech_0214,per-clip-v1
0.543008,0,,librispeech_0073,impostor_8,fakeavceleb_00140_Asian(East)_men_id06776,per-clip-v1
0.506753,0,,librispeech_0073,impostor_9,fakeavceleb_03756_Caucasian(European)_women_id00634,per-clip-v1
0.480995,0,,librispeech_0073,impostor_10,fakeavceleb_01232_Asian(East)_men_id00597,per-clip-v1
0.923089,1,,librispeech_0074,genuine,librispeech_0074,per-clip-v1
0.504402,0,,librispeech_0074,impostor_1,asvspoof_0000,per-clip-v1
0.397560,0,,librispeech_0074,impostor_2,fakeavceleb_02009_Asian(South)_men_id04537,per-clip-v1
0.527722,0,,librispeech_0074,impostor_3,librispeech_0022,per-clip-v1
0.601292,0,,librispeech_0074,impostor_4,fakeavceleb_02646_Caucasian(American)_men_id00345,per-clip-v1
0.505925,0,,librispeech_0074,impostor_5,fakeavceleb_01685_Asian(East)_women_id05631,per-clip-v1
0.547982,0,,librispeech_0074,impostor_6,librispeech_0059,per-clip-v1
0.444645,0,,librispeech_0074,impostor_7,fakeavceleb_02974_Caucasian(American)_women_id00383,per-clip-v1
0.533653,0,,librispeech_0074,impostor_8,librispeech_0407,per-clip-v1
0.603670,0,,librispeech_0074,impostor_9,librispeech_0349,per-clip-v1
0.505447,0,,librispeech_0074,impostor_10,fakeavceleb_02110_Asian(South)_men_id07179,per-clip-v1
0.958922,1,,librispeech_0075,genuine,librispeech_0075,per-clip-v1
0.597187,0,,librispeech_0075,impostor_1,librispeech_0402,per-clip-v1
0.465606,0,,librispeech_0075,impostor_2,fakeavceleb_00510_African_men_id00076,per-clip-v1
0.480517,0,,librispeech_0075,impostor_3,librispeech_0141,per-clip-v1
0.408531,0,,librispeech_0075,impostor_4,asvspoof_0440,per-clip-v1
0.574606,0,,librispeech_0075,impostor_5,librispeech_0207,per-clip-v1
0.506878,0,,librispeech_0075,impostor_6,fakeavceleb_00115_Asian(East)_men_id02561,per-clip-v1
0.547099,0,,librispeech_0075,impostor_7,librispeech_0426,per-clip-v1
0.746551,0,,librispeech_0075,impostor_8,fakeavceleb_03108_Caucasian(American)_women_id01217,per-clip-v1
0.407450,0,,librispeech_0075,impostor_9,fakeavceleb_03547_Caucasian(European)_women_id00068,per-clip-v1
0.566574,0,,librispeech_0075,impostor_10,fakeavceleb_02718_Caucasian(American)_men_id01048,per-clip-v1
0.940298,1,,librispeech_0076,genuine,librispeech_0076,per-clip-v1
0.657667,0,,librispeech_0076,impostor_1,fakeavceleb_00027_African_men_id01544,per-clip-v1
0.548916,0,,librispeech_0076,impostor_2,fakeavceleb_00751_African_men_id01856,per-clip-v1
0.541815,0,,librispeech_0076,impostor_3,fakeavceleb_02063_Asian(South)_men_id06355,per-clip-v1
0.561040,0,,librispeech_0076,impostor_4,fakeavceleb_00741_African_men_id01779,per-clip-v1
0.608657,0,,librispeech_0076,impostor_5,fakeavceleb_03473_Caucasian(European)_men_id01099,per-clip-v1
0.673443,0,,librispeech_0076,impostor_6,fakeavceleb_03391_Caucasian(European)_men_id00594,per-clip-v1
0.479345,0,,librispeech_0076,impostor_7,fakeavceleb_01352_Asian(East)_men_id04687,per-clip-v1
0.631028,0,,librispeech_0076,impostor_8,librispeech_0438,per-clip-v1
0.537137,0,,librispeech_0076,impostor_9,fakeavceleb_02730_Caucasian(American)_men_id01105,per-clip-v1
0.469259,0,,librispeech_0076,impostor_10,fakeavceleb_03430_Caucasian(European)_men_id00946,per-clip-v1
0.912082,1,,librispeech_0077,genuine,librispeech_0077,per-clip-v1
0.506439,0,,librispeech_0077,impostor_1,fakeavceleb_01644_Asian(East)_women_id04066,per-clip-v1
0.357155,0,,librispeech_0077,impostor_2,fakeavceleb_03667_Caucasian(European)_women_id00374,per-clip-v1
0.545306,0,,librispeech_0077,impostor_3,fakeavceleb_02647_Caucasian(American)_men_id00345,per-clip-v1
0.658848,0,,librispeech_0077,impostor_4,librispeech_0199,per-clip-v1
0.567647,0,,librispeech_0077,impostor_5,librispeech_0275,per-clip-v1
0.438253,0,,librispeech_0077,impostor_6,fakeavceleb_02466_Asian(South)_women_id06445,per-clip-v1
0.450178,0,,librispeech_0077,impostor_7,fakeavceleb_02209_Asian(South)_women_id00235,per-clip-v1
0.427299,0,,librispeech_0077,impostor_8,fakeavceleb_01082_African_women_id03656,per-clip-v1
0.572765,0,,librispeech_0077,impostor_9,librispeech_0157,per-clip-v1
0.416806,0,,librispeech_0077,impostor_10,fakeavceleb_00369_Caucasian(American)_women_id00462,per-clip-v1
0.932413,1,,librispeech_0078,genuine,librispeech_0078,per-clip-v1
0.505568,0,,librispeech_0078,impostor_1,librispeech_0114,per-clip-v1
0.546163,0,,librispeech_0078,impostor_2,fakeavceleb_00600_African_men_id01036,per-clip-v1
0.527622,0,,librispeech_0078,impostor_3,fakeavceleb_01597_Asian(East)_women_id01451,per-clip-v1
0.465901,0,,librispeech_0078,impostor_4,fakeavceleb_01926_Asian(South)_men_id00685,per-clip-v1
0.520478,0,,librispeech_0078,impostor_5,librispeech_0138,per-clip-v1
0.470810,0,,librispeech_0078,impostor_6,fakeavceleb_01392_Asian(East)_men_id05383,per-clip-v1
0.505144,0,,librispeech_0078,impostor_7,fakeavceleb_03105_Caucasian(American)_women_id01216,per-clip-v1
0.463536,0,,librispeech_0078,impostor_8,fakeavceleb_02591_Caucasian(American)_men_id00088,per-clip-v1
0.609827,0,,librispeech_0078,impostor_9,fakeavceleb_01015_African_women_id02508,per-clip-v1
0.471535,0,,librispeech_0078,impostor_10,fakeavceleb_01480_Asian(East)_men_id08652,per-clip-v1
0.893081,1,,librispeech_0079,genuine,librispeech_0079,per-clip-v1
0.567867,0,,librispeech_0079,impostor_1,librispeech_0261,per-clip-v1
0.614711,0,,librispeech_0079,impostor_2,librispeech_0098,per-clip-v1
0.490336,0,,librispeech_0079,impostor_3,fakeavceleb_01602_Asian(East)_women_id02587,per-clip-v1
0.501715,0,,librispeech_0079,impostor_4,fakeavceleb_03202_Caucasian(European)_men_id00055,per-clip-v1
0.545255,0,,librispeech_0079,impostor_5,fakeavceleb_02827_Caucasian(American)_men_id03757,per-clip-v1
0.605567,0,,librispeech_0079,impostor_6,librispeech_0124,per-clip-v1
0.553033,0,,librispeech_0079,impostor_7,fakeavceleb_00673_African_men_id01528,per-clip-v1
0.600422,0,,librispeech_0079,impostor_8,librispeech_0193,per-clip-v1
0.515797,0,,librispeech_0079,impostor_9,fakeavceleb_02084_Asian(South)_men_id07108,per-clip-v1
0.553977,0,,librispeech_0079,impostor_10,librispeech_0309,per-clip-v1
0.881658,1,,librispeech_0080,genuine,librispeech_0080,per-clip-v1
0.457965,0,,librispeech_0080,impostor_1,fakeavceleb_02079_Asian(South)_men_id07058,per-clip-v1
0.571758,0,,librispeech_0080,impostor_2,librispeech_0261,per-clip-v1
0.471620,0,,librispeech_0080,impostor_3,librispeech_0466,per-clip-v1
0.507398,0,,librispeech_0080,impostor_4,fakeavceleb_02908_Caucasian(American)_women_id00145,per-clip-v1
0.492769,0,,librispeech_0080,impostor_5,fakeavceleb_03088_Caucasian(American)_women_id01004,per-clip-v1
0.629782,0,,librispeech_0080,impostor_6,librispeech_0422,per-clip-v1
0.493302,0,,librispeech_0080,impostor_7,fakeavceleb_02258_Asian(South)_women_id02089,per-clip-v1
0.539518,0,,librispeech_0080,impostor_8,fakeavceleb_03627_Caucasian(European)_women_id00325,per-clip-v1
0.606825,0,,librispeech_0080,impostor_9,librispeech_0373,per-clip-v1
0.559110,0,,librispeech_0080,impostor_10,librispeech_0234,per-clip-v1
0.947269,1,,librispeech_0081,genuine,librispeech_0081,per-clip-v1
0.399502,0,,librispeech_0081,impostor_1,fakeavceleb_01066_African_women_id03103,per-clip-v1
0.450208,0,,librispeech_0081,impostor_2,fakeavceleb_00463_Caucasian(European)_women_id00332,per-clip-v1
0.564124,0,,librispeech_0081,impostor_3,fakeavceleb_02135_Asian(South)_men_id07200,per-clip-v1
0.636664,0,,librispeech_0081,impostor_4,librispeech_0256,per-clip-v1
0.416245,0,,librispeech_0081,impostor_5,fakeavceleb_01610_Asian(East)_women_id02807,per-clip-v1
0.522837,0,,librispeech_0081,impostor_6,asvspoof_0045,per-clip-v1
0.417760,0,,librispeech_0081,impostor_7,asvspoof_0395,per-clip-v1
0.558511,0,,librispeech_0081,impostor_8,librispeech_0465,per-clip-v1
0.682849,0,,librispeech_0081,impostor_9,librispeech_0175,per-clip-v1
0.420506,0,,librispeech_0081,impostor_10,fakeavceleb_00260_Asian(South)_women_id02089,per-clip-v1
0.951431,1,,librispeech_0082,genuine,librispeech_0082,per-clip-v1
0.501198,0,,librispeech_0082,impostor_1,fakeavceleb_01422_Asian(East)_men_id06470,per-clip-v1
0.754723,0,,librispeech_0082,impostor_2,librispeech_0200,per-clip-v1
0.508683,0,,librispeech_0082,impostor_3,fakeavceleb_00775_African_men_id01972,per-clip-v1
0.612212,0,,librispeech_0082,impostor_4,fakeavceleb_02696_Caucasian(American)_men_id00971,per-clip-v1
0.461135,0,,librispeech_0082,impostor_5,asvspoof_0294,per-clip-v1
0.460085,0,,librispeech_0082,impostor_6,librispeech_0462,per-clip-v1
0.510408,0,,librispeech_0082,impostor_7,fakeavceleb_03339_Caucasian(European)_men_id00415,per-clip-v1
0.542473,0,,librispeech_0082,impostor_8,fakeavceleb_00394_Caucasian(American)_women_id02466,per-clip-v1
0.443997,0,,librispeech_0082,impostor_9,fakeavceleb_02012_Asian(South)_men_id04554,per-clip-v1
0.420094,0,,librispeech_0082,impostor_10,fakeavceleb_00143_Asian(East)_men_id07102,per-clip-v1
0.952798,1,,librispeech_0083,genuine,librispeech_0083,per-clip-v1
0.550282,0,,librispeech_0083,impostor_1,fakeavceleb_00219_Asian(South)_men_id03945,per-clip-v1
0.482405,0,,librispeech_0083,impostor_2,fakeavceleb_03341_Caucasian(European)_men_id00498,per-clip-v1
0.534568,0,,librispeech_0083,impostor_3,fakeavceleb_02445_Asian(South)_women_id06428,per-clip-v1
0.496680,0,,librispeech_0083,impostor_4,fakeavceleb_00250_Asian(South)_women_id00043,per-clip-v1
0.539166,0,,librispeech_0083,impostor_5,librispeech_0297,per-clip-v1
0.574905,0,,librispeech_0083,impostor_6,librispeech_0283,per-clip-v1
0.615415,0,,librispeech_0083,impostor_7,fakeavceleb_03503_Caucasian(European)_men_id01156,per-clip-v1
0.573639,0,,librispeech_0083,impostor_8,librispeech_0084,per-clip-v1
0.467516,0,,librispeech_0083,impostor_9,asvspoof_0070,per-clip-v1
0.524627,0,,librispeech_0083,impostor_10,fakeavceleb_03706_Caucasian(European)_women_id00491,per-clip-v1
0.807358,1,,librispeech_0084,genuine,librispeech_0084,per-clip-v1
0.560571,0,,librispeech_0084,impostor_1,fakeavceleb_00465_Caucasian(European)_women_id00373,per-clip-v1
0.381958,0,,librispeech_0084,impostor_2,fakeavceleb_01751_Asian(East)_women_id06443,per-clip-v1
0.490254,0,,librispeech_0084,impostor_3,fakeavceleb_00329_Caucasian(American)_men_id01105,per-clip-v1
0.536683,0,,librispeech_0084,impostor_4,librispeech_0007,per-clip-v1
0.543996,0,,librispeech_0084,impostor_5,librispeech_0191,per-clip-v1
0.725225,0,,librispeech_0084,impostor_6,librispeech_0431,per-clip-v1
0.602516,0,,librispeech_0084,impostor_7,fakeavceleb_02777_Caucasian(American)_men_id01192,per-clip-v1
0.418260,0,,librispeech_0084,impostor_8,fakeavceleb_01495_Asian(East)_men_id09143,per-clip-v1
0.476719,0,,librispeech_0084,impostor_9,fakeavceleb_02516_Caucasian(American)_men_id00018,per-clip-v1
0.716190,0,,librispeech_0084,impostor_10,asvspoof_0053,per-clip-v1
0.943620,1,,librispeech_0085,genuine,librispeech_0085,per-clip-v1
0.527609,0,,librispeech_0085,impostor_1,fakeavceleb_01745_Asian(East)_women_id06427,per-clip-v1
0.380980,0,,librispeech_0085,impostor_2,fakeavceleb_00661_African_men_id01452,per-clip-v1
0.484795,0,,librispeech_0085,impostor_3,fakeavceleb_02570_Caucasian(American)_men_id00060,per-clip-v1
0.547573,0,,librispeech_0085,impostor_4,fakeavceleb_01724_Asian(East)_women_id06066,per-clip-v1
0.555901,0,,librispeech_0085,impostor_5,librispeech_0042,per-clip-v1
0.485837,0,,librispeech_0085,impostor_6,librispeech_0097,per-clip-v1
0.431898,0,,librispeech_0085,impostor_7,fakeavceleb_03252_Caucasian(European)_men_id00186,per-clip-v1
0.669860,0,,librispeech_0085,impostor_8,librispeech_0240,per-clip-v1
0.626032,0,,librispeech_0085,impostor_9,librispeech_0174,per-clip-v1
0.465058,0,,librispeech_0085,impostor_10,librispeech_0317,per-clip-v1
0.909973,1,,librispeech_0086,genuine,librispeech_0086,per-clip-v1
0.436397,0,,librispeech_0086,impostor_1,librispeech_0198,per-clip-v1
0.395987,0,,librispeech_0086,impostor_2,fakeavceleb_03331_Caucasian(European)_men_id00358,per-clip-v1
0.516922,0,,librispeech_0086,impostor_3,librispeech_0168,per-clip-v1
0.603201,0,,librispeech_0086,impostor_4,librispeech_0408,per-clip-v1
0.656859,0,,librispeech_0086,impostor_5,fakeavceleb_02398_Asian(South)_women_id05920,per-clip-v1
0.661322,0,,librispeech_0086,impostor_6,asvspoof_0319,per-clip-v1
0.561056,0,,librispeech_0086,impostor_7,asvspoof_0436,per-clip-v1
0.519000,0,,librispeech_0086,impostor_8,fakeavceleb_01363_Asian(East)_men_id04774,per-clip-v1
0.600602,0,,librispeech_0086,impostor_9,librispeech_0012,per-clip-v1
0.532986,0,,librispeech_0086,impostor_10,fakeavceleb_02236_Asian(South)_women_id00739,per-clip-v1
0.932755,1,,librispeech_0087,genuine,librispeech_0087,per-clip-v1
0.528880,0,,librispeech_0087,impostor_1,fakeavceleb_03705_Caucasian(European)_women_id00491,per-clip-v1
0.440195,0,,librispeech_0087,impostor_2,fakeavceleb_00289_Asian(South)_women_id06445,per-clip-v1
0.509410,0,,librispeech_0087,impostor_3,fakeavceleb_02012_Asian(South)_men_id04554,per-clip-v1
0.560027,0,,librispeech_0087,impostor_4,fakeavceleb_01973_Asian(South)_men_id00857,per-clip-v1
0.560807,0,,librispeech_0087,impostor_5,librispeech_0494,per-clip-v1
0.452847,0,,librispeech_0087,impostor_6,librispeech_0303,per-clip-v1
0.625211,0,,librispeech_0087,impostor_7,librispeech_0109,per-clip-v1
0.457780,0,,librispeech_0087,impostor_8,asvspoof_0383,per-clip-v1
0.483470,0,,librispeech_0087,impostor_9,fakeavceleb_01048_African_women_id02824,per-clip-v1
0.554324,0,,librispeech_0087,impostor_10,librispeech_0288,per-clip-v1
0.938788,1,,librispeech_0088,genuine,librispeech_0088,per-clip-v1
0.450166,0,,librispeech_0088,impostor_1,fakeavceleb_03707_Caucasian(European)_women_id00491,per-clip-v1
0.422127,0,,librispeech_0088,impostor_2,asvspoof_0453,per-clip-v1
0.399895,0,,librispeech_0088,impostor_3,fakeavceleb_00511_African_men_id00166,per-clip-v1
0.566468,0,,librispeech_0088,impostor_4,fakeavceleb_03125_Caucasian(American)_women_id01227,per-clip-v1
0.460300,0,,librispeech_0088,impostor_5,fakeavceleb_03077_Caucasian(American)_women_id00848,per-clip-v1
0.512533,0,,librispeech_0088,impostor_6,fakeavceleb_03188_Caucasian(American)_women_id03696,per-clip-v1
0.486668,0,,librispeech_0088,impostor_7,fakeavceleb_01104_African_women_id04055,per-clip-v1
0.498361,0,,librispeech_0088,impostor_8,fakeavceleb_02444_Asian(South)_women_id06428,per-clip-v1
0.561440,0,,librispeech_0088,impostor_9,asvspoof_0467,per-clip-v1
0.394100,0,,librispeech_0088,impostor_10,fakeavceleb_00653_African_men_id01392,per-clip-v1
0.937697,1,,librispeech_0089,genuine,librispeech_0089,per-clip-v1
0.532322,0,,librispeech_0089,impostor_1,asvspoof_0446,per-clip-v1
0.606723,0,,librispeech_0089,impostor_2,librispeech_0167,per-clip-v1
0.553201,0,,librispeech_0089,impostor_3,librispeech_0341,per-clip-v1
0.662941,0,,librispeech_0089,impostor_4,asvspoof_0096,per-clip-v1
0.567541,0,,librispeech_0089,impostor_5,librispeech_0304,per-clip-v1
0.579625,0,,librispeech_0089,impostor_6,librispeech_0042,per-clip-v1
0.483300,0,,librispeech_0089,impostor_7,fakeavceleb_03786_Caucasian(European)_women_id00826,per-clip-v1
0.535245,0,,librispeech_0089,impostor_8,fakeavceleb_03802_Caucasian(European)_women_id01002,per-clip-v1
0.446728,0,,librispeech_0089,impostor_9,fakeavceleb_02779_Caucasian(American)_men_id01192,per-clip-v1
0.383604,0,,librispeech_0089,impostor_10,fakeavceleb_03374_Caucasian(European)_men_id00535,per-clip-v1
0.888081,1,,librispeech_0090,genuine,librispeech_0090,per-clip-v1
0.467191,0,,librispeech_0090,impostor_1,librispeech_0338,per-clip-v1
0.584300,0,,librispeech_0090,impostor_2,fakeavceleb_03229_Caucasian(European)_men_id00171,per-clip-v1
0.638233,0,,librispeech_0090,impostor_3,librispeech_0266,per-clip-v1
0.405450,0,,librispeech_0090,impostor_4,fakeavceleb_00935_African_women_id00829,per-clip-v1
0.423587,0,,librispeech_0090,impostor_5,fakeavceleb_03668_Caucasian(European)_women_id00379,per-clip-v1
0.597821,0,,librispeech_0090,impostor_6,fakeavceleb_01432_Asian(East)_men_id06594,per-clip-v1
0.423074,0,,librispeech_0090,impostor_7,librispeech_0454,per-clip-v1
0.448068,0,,librispeech_0090,impostor_8,fakeavceleb_02466_Asian(South)_women_id06445,per-clip-v1
0.713645,0,,librispeech_0090,impostor_9,asvspoof_0320,per-clip-v1
0.590610,0,,librispeech_0090,impostor_10,librispeech_0047,per-clip-v1
0.954276,1,,librispeech_0091,genuine,librispeech_0091,per-clip-v1
0.438111,0,,librispeech_0091,impostor_1,asvspoof_0192,per-clip-v1
0.493095,0,,librispeech_0091,impostor_2,fakeavceleb_02500_Asian(South)_women_id07236,per-clip-v1
0.480316,0,,librispeech_0091,impostor_3,fakeavceleb_03140_Caucasian(American)_women_id01238,per-clip-v1
0.392292,0,,librispeech_0091,impostor_4,fakeavceleb_02404_Asian(South)_women_id05931,per-clip-v1
0.690162,0,,librispeech_0091,impostor_5,fakeavceleb_02749_Caucasian(American)_men_id01168,per-clip-v1
0.443236,0,,librispeech_0091,impostor_6,fakeavceleb_01184_African_women_id05251,per-clip-v1
0.657806,0,,librispeech_0091,impostor_7,librispeech_0422,per-clip-v1
0.541299,0,,librispeech_0091,impostor_8,fakeavceleb_00684_African_men_id01530,per-clip-v1
0.472181,0,,librispeech_0091,impostor_9,fakeavceleb_01102_African_women_id04055,per-clip-v1
0.575326,0,,librispeech_0091,impostor_10,asvspoof_0273,per-clip-v1
0.945443,1,,librispeech_0092,genuine,librispeech_0092,per-clip-v1
0.498836,0,,librispeech_0092,impostor_1,fakeavceleb_00126_Asian(East)_men_id04789,per-clip-v1
0.475818,0,,librispeech_0092,impostor_2,fakeavceleb_00777_African_men_id01995,per-clip-v1
0.565059,0,,librispeech_0092,impostor_3,fakeavceleb_01484_Asian(East)_men_id09053,per-clip-v1
0.496085,0,,librispeech_0092,impostor_4,fakeavceleb_02624_Caucasian(American)_men_id00243,per-clip-v1
0.493994,0,,librispeech_0092,impostor_5,fakeavceleb_00622_African_men_id01171,per-clip-v1
0.532554,0,,librispeech_0092,impostor_6,fakeavceleb_02732_Caucasian(American)_men_id01105,per-clip-v1
0.535245,0,,librispeech_0092,impostor_7,fakeavceleb_02401_Asian(South)_women_id05920,per-clip-v1
0.537707,0,,librispeech_0092,impostor_8,fakeavceleb_03592_Caucasian(European)_women_id00262,per-clip-v1
0.550578,0,,librispeech_0092,impostor_9,fakeavceleb_00366_Caucasian(American)_women_id00428,per-clip-v1
0.576631,0,,librispeech_0092,impostor_10,fakeavceleb_01160_African_women_id05106,per-clip-v1
0.936538,1,,librispeech_0093,genuine,librispeech_0093,per-clip-v1
0.444984,0,,librispeech_0093,impostor_1,fakeavceleb_01259_Asian(East)_men_id01204,per-clip-v1
0.534477,0,,librispeech_0093,impostor_2,fakeavceleb_00587_African_men_id00830,per-clip-v1
0.586978,0,,librispeech_0093,impostor_3,asvspoof_0313,per-clip-v1
0.564363,0,,librispeech_0093,impostor_4,librispeech_0349,per-clip-v1
0.405023,0,,librispeech_0093,impostor_5,asvspoof_0463,per-clip-v1
0.482498,0,,librispeech_0093,impostor_6,fakeavceleb_00246_Asian(South)_men_id07768,per-clip-v1
0.482156,0,,librispeech_0093,impostor_7,fakeavceleb_03449_Caucasian(European)_men_id00999,per-clip-v1
0.525081,0,,librispeech_0093,impostor_8,fakeavceleb_01289_Asian(East)_men_id01683,per-clip-v1
0.465783,0,,librispeech_0093,impostor_9,fakeavceleb_00725_African_men_id01637,per-clip-v1
0.622761,0,,librispeech_0093,impostor_10,librispeech_0178,per-clip-v1
0.885845,1,,librispeech_0094,genuine,librispeech_0094,per-clip-v1
0.500661,0,,librispeech_0094,impostor_1,asvspoof_0357,per-clip-v1
0.510916,0,,librispeech_0094,impostor_2,librispeech_0341,per-clip-v1
0.557772,0,,librispeech_0094,impostor_3,librispeech_0185,per-clip-v1
0.604030,0,,librispeech_0094,impostor_4,librispeech_0046,per-clip-v1
0.430955,0,,librispeech_0094,impostor_5,fakeavceleb_00429_Caucasian(European)_men_id00709,per-clip-v1
0.778406,0,,librispeech_0094,impostor_6,librispeech_0496,per-clip-v1
0.487739,0,,librispeech_0094,impostor_7,librispeech_0209,per-clip-v1
0.569201,0,,librispeech_0094,impostor_8,librispeech_0078,per-clip-v1
0.438043,0,,librispeech_0094,impostor_9,fakeavceleb_02467_Asian(South)_women_id06445,per-clip-v1
0.493910,0,,librispeech_0094,impostor_10,fakeavceleb_02169_Asian(South)_men_id08457,per-clip-v1
0.932940,1,,librispeech_0095,genuine,librispeech_0095,per-clip-v1
0.694175,0,,librispeech_0095,impostor_1,librispeech_0352,per-clip-v1
0.551452,0,,librispeech_0095,impostor_2,fakeavceleb_02678_Caucasian(American)_men_id00775,per-clip-v1
0.459941,0,,librispeech_0095,impostor_3,asvspoof_0048,per-clip-v1
0.475298,0,,librispeech_0095,impostor_4,librispeech_0090,per-clip-v1
0.567591,0,,librispeech_0095,impostor_5,fakeavceleb_03151_Caucasian(American)_women_id01248,per-clip-v1
0.478987,0,,librispeech_0095,impostor_6,fakeavceleb_02140_Asian(South)_men_id07200,per-clip-v1
0.493987,0,,librispeech_0095,impostor_7,fakeavceleb_00970_African_women_id01661,per-clip-v1
0.505686,0,,librispeech_0095,impostor_8,librispeech_0429,per-clip-v1
0.534391,0,,librispeech_0095,impostor_9,librispeech_0326,per-clip-v1
0.575010,0,,librispeech_0095,impostor_10,librispeech_0159,per-clip-v1
0.969435,1,,librispeech_0096,genuine,librispeech_0096,per-clip-v1
0.615575,0,,librispeech_0096,impostor_1,librispeech_0035,per-clip-v1
0.485972,0,,librispeech_0096,impostor_2,fakeavceleb_03476_Caucasian(European)_men_id01099,per-clip-v1
0.526125,0,,librispeech_0096,impostor_3,fakeavceleb_02287_Asian(South)_women_id03815,per-clip-v1
0.579311,0,,librispeech_0096,impostor_4,librispeech_0070,per-clip-v1
0.533059,0,,librispeech_0096,impostor_5,fakeavceleb_02769_Caucasian(American)_men_id01175,per-clip-v1
0.522558,0,,librispeech_0096,impostor_6,fakeavceleb_03770_Caucasian(European)_women_id00806,per-clip-v1
0.520289,0,,librispeech_0096,impostor_7,librispeech_0130,per-clip-v1
0.556831,0,,librispeech_0096,impostor_8,librispeech_0160,per-clip-v1
0.596416,0,,librispeech_0096,impostor_9,fakeavceleb_03747_Caucasian(European)_women_id00591,per-clip-v1
0.513317,0,,librispeech_0096,impostor_10,librispeech_0032,per-clip-v1
0.913359,1,,librispeech_0097,genuine,librispeech_0097,per-clip-v1
0.556900,0,,librispeech_0097,impostor_1,fakeavceleb_03172_Caucasian(American)_women_id03556,per-clip-v1
0.398823,0,,librispeech_0097,impostor_2,fakeavceleb_01913_Asian(South)_men_id00414,per-clip-v1
0.668045,0,,librispeech_0097,impostor_3,fakeavceleb_03392_Caucasian(European)_men_id00594,per-clip-v1
0.443792,0,,librispeech_0097,impostor_4,fakeavceleb_00285_Asian(South)_women_id06428,per-clip-v1
0.633387,0,,librispeech_0097,impostor_5,librispeech_0225,per-clip-v1
0.493213,0,,librispeech_0097,impostor_6,librispeech_0311,per-clip-v1
0.507113,0,,librispeech_0097,impostor_7,asvspoof_0229,per-clip-v1
0.540201,0,,librispeech_0097,impostor_8,fakeavceleb_03438_Caucasian(European)_men_id00981,per-clip-v1
0.516100,0,,librispeech_0097,impostor_9,fakeavceleb_03227_Caucasian(European)_men_id00171,per-clip-v1
0.504797,0,,librispeech_0097,impostor_10,fakeavceleb_03050_Caucasian(American)_women_id00752,per-clip-v1
0.923557,1,,librispeech_0098,genuine,librispeech_0098,per-clip-v1
0.556480,0,,librispeech_0098,impostor_1,fakeavceleb_00808_African_men_id02051,per-clip-v1
0.523837,0,,librispeech_0098,impostor_2,fakeavceleb_03491_Caucasian(European)_men_id01126,per-clip-v1
0.605412,0,,librispeech_0098,impostor_3,fakeavceleb_00386_Caucasian(American)_women_id01223,per-clip-v1
0.589052,0,,librispeech_0098,impostor_4,fakeavceleb_03601_Caucasian(European)_women_id00271,per-clip-v1
0.519938,0,,librispeech_0098,impostor_5,fakeavceleb_02244_Asian(South)_women_id00747,per-clip-v1
0.620097,0,,librispeech_0098,impostor_6,librispeech_0360,per-clip-v1
0.418398,0,,librispeech_0098,impostor_7,fakeavceleb_02151_Asian(South)_men_id07233,per-clip-v1
0.646821,0,,librispeech_0098,impostor_8,librispeech_0373,per-clip-v1
0.587743,0,,librispeech_0098,impostor_9,fakeavceleb_01578_Asian(East)_women_id00935,per-clip-v1
0.509037,0,,librispeech_0098,impostor_10,fakeavceleb_02048_Asian(South)_men_id04928,per-clip-v1
0.930315,1,,librispeech_0099,genuine,librispeech_0099,per-clip-v1
0.614123,0,,librispeech_0099,impostor_1,librispeech_0101,per-clip-v1
0.594047,0,,librispeech_0099,impostor_2,librispeech_0157,per-clip-v1
0.422683,0,,librispeech_0099,impostor_3,asvspoof_0403,per-clip-v1
0.379552,0,,librispeech_0099,impostor_4,fakeavceleb_02475_Asian(South)_women_id07049,per-clip-v1
0.414362,0,,librispeech_0099,impostor_5,fakeavceleb_00871_African_women_id00359,per-clip-v1
0.403370,0,,librispeech_0099,impostor_6,fakeavceleb_01204_Asian(East)_men_id00056,per-clip-v1
0.452811,0,,librispeech_0099,impostor_7,fakeavceleb_02228_Asian(South)_women_id00488,per-clip-v1
0.493155,0,,librispeech_0099,impostor_8,librispeech_0367,per-clip-v1
0.436215,0,,librispeech_0099,impostor_9,fakeavceleb_02002_Asian(South)_men_id04537,per-clip-v1
0.787157,0,,librispeech_0099,impostor_10,librispeech_0336,per-clip-v1
0.942327,1,,librispeech_0100,genuine,librispeech_0100,per-clip-v1
0.548697,0,,librispeech_0100,impostor_1,fakeavceleb_02770_Caucasian(American)_men_id01182,per-clip-v1
0.552594,0,,librispeech_0100,impostor_2,librispeech_0357,per-clip-v1
0.471291,0,,librispeech_0100,impostor_3,librispeech_0049,per-clip-v1
0.460481,0,,librispeech_0100,impostor_4,fakeavceleb_03120_Caucasian(American)_women_id01225,per-clip-v1
0.434264,0,,librispeech_0100,impostor_5,fakeavceleb_02207_Asian(South)_women_id00235,per-clip-v1
0.490766,0,,librispeech_0100,impostor_6,librispeech_0344,per-clip-v1
0.541667,0,,librispeech_0100,impostor_7,fakeavceleb_00725_African_men_id01637,per-clip-v1
0.407088,0,,librispeech_0100,impostor_8,fakeavceleb_00453_Caucasian(European)_women_id00188,per-clip-v1
0.509460,0,,librispeech_0100,impostor_9,fakeavceleb_03768_Caucasian(European)_women_id00806,per-clip-v1
0.438087,0,,librispeech_0100,impostor_10,asvspoof_0005,per-clip-v1
0.964602,1,,librispeech_0101,genuine,librispeech_0101,per-clip-v1
0.418837,0,,librispeech_0101,impostor_1,librispeech_0415,per-clip-v1
0.457726,0,,librispeech_0101,impostor_2,fakeavceleb_00755_African_men_id01856,per-clip-v1
0.563240,0,,librispeech_0101,impostor_3,asvspoof_0157,per-clip-v1
0.466969,0,,librispeech_0101,impostor_4,fakeavceleb_00552_African_men_id00475,per-clip-v1
0.555647,0,,librispeech_0101,impostor_5,fakeavceleb_00158_Asian(East)_women_id01281,per-clip-v1
0.449871,0,,librispeech_0101,impostor_6,fakeavceleb_03171_Caucasian(American)_women_id03556,per-clip-v1
0.577966,0,,librispeech_0101,impostor_7,fakeavceleb_03532_Caucasian(European)_women_id00042,per-clip-v1
0.582025,0,,librispeech_0101,impostor_8,fakeavceleb_02371_Asian(South)_women_id05435,per-clip-v1
0.556994,0,,librispeech_0101,impostor_9,librispeech_0364,per-clip-v1
0.555055,0,,librispeech_0101,impostor_10,fakeavceleb_03128_Caucasian(American)_women_id01231,per-clip-v1
0.889560,1,,librispeech_0102,genuine,librispeech_0102,per-clip-v1
0.475851,0,,librispeech_0102,impostor_1,fakeavceleb_00029_African_men_id01598,per-clip-v1
0.526478,0,,librispeech_0102,impostor_2,fakeavceleb_01953_Asian(South)_men_id00773,per-clip-v1
0.574454,0,,librispeech_0102,impostor_3,librispeech_0247,per-clip-v1
0.421799,0,,librispeech_0102,impostor_4,fakeavceleb_02375_Asian(South)_women_id05435,per-clip-v1
0.481786,0,,librispeech_0102,impostor_5,asvspoof_0491,per-clip-v1
0.538304,0,,librispeech_0102,impostor_6,librispeech_0087,per-clip-v1
0.524042,0,,librispeech_0102,impostor_7,fakeavceleb_02715_Caucasian(American)_men_id01048,per-clip-v1
0.413027,0,,librispeech_0102,impostor_8,fakeavceleb_03153_Caucasian(American)_women_id01248,per-clip-v1
0.568718,0,,librispeech_0102,impostor_9,asvspoof_0104,per-clip-v1
0.514049,0,,librispeech_0102,impostor_10,fakeavceleb_00557_African_men_id00476,per-clip-v1
0.944984,1,,librispeech_0103,genuine,librispeech_0103,per-clip-v1
0.559472,0,,librispeech_0103,impostor_1,fakeavceleb_01711_Asian(East)_women_id06061,per-clip-v1
0.487564,0,,librispeech_0103,impostor_2,fakeavceleb_02435_Asian(South)_women_id06343,per-clip-v1
0.539452,0,,librispeech_0103,impostor_3,librispeech_0424,per-clip-v1
0.481346,0,,librispeech_0103,impostor_4,fakeavceleb_01899_Asian(South)_men_id00103,per-clip-v1
0.457063,0,,librispeech_0103,impostor_5,fakeavceleb_00130_Asian(East)_men_id05383,per-clip-v1
0.499985,0,,librispeech_0103,impostor_6,librispeech_0315,per-clip-v1
0.567150,0,,librispeech_0103,impostor_7,fakeavceleb_02967_Caucasian(American)_women_id00381,per-clip-v1
0.536637,0,,librispeech_0103,impostor_8,fakeavceleb_01719_Asian(East)_women_id06065,per-clip-v1
0.588703,0,,librispeech_0103,impostor_9,librispeech_0106,per-clip-v1
0.465316,0,,librispeech_0103,impostor_10,fakeavceleb_00826_African_men_id02316,per-clip-v1
0.942014,1,,librispeech_0104,genuine,librispeech_0104,per-clip-v1
0.685334,0,,librispeech_0104,impostor_1,fakeavceleb_03326_Caucasian(European)_men_id00306,per-clip-v1
0.637473,0,,librispeech_0104,impostor_2,librispeech_0491,per-clip-v1
0.582208,0,,librispeech_0104,impostor_3,asvspoof_0021,per-clip-v1
0.411335,0,,librispeech_0104,impostor_4,fakeavceleb_03861_Caucasian(European)_women_id03941,per-clip-v1
0.605610,0,,librispeech_0104,impostor_5,librispeech_0447,per-clip-v1
0.472613,0,,librispeech_0104,impostor_6,asvspoof_0111,per-clip-v1
0.418921,0,,librispeech_0104,impostor_7,fakeavceleb_00661_African_men_id01452,per-clip-v1
0.407806,0,,librispeech_0104,impostor_8,fakeavceleb_03191_Caucasian(American)_women_id03781,per-clip-v1
0.629101,0,,librispeech_0104,impostor_9,fakeavceleb_01978_Asian(South)_men_id00860,per-clip-v1
0.515790,0,,librispeech_0104,impostor_10,fakeavceleb_03715_Caucasian(European)_women_id00495,per-clip-v1
0.962255,1,,librispeech_0105,genuine,librispeech_0105,per-clip-v1
0.576585,0,,librispeech_0105,impostor_1,librispeech_0469,per-clip-v1
0.475941,0,,librispeech_0105,impostor_2,fakeavceleb_03177_Caucasian(American)_women_id03605,per-clip-v1
0.588963,0,,librispeech_0105,impostor_3,fakeavceleb_00600_African_men_id01036,per-clip-v1
0.592610,0,,librispeech_0105,impostor_4,librispeech_0468,per-clip-v1
0.482654,0,,librispeech_0105,impostor_5,fakeavceleb_03422_Caucasian(European)_men_id00919,per-clip-v1
0.518019,0,,librispeech_0105,impostor_6,fakeavceleb_00199_Asian(East)_women_id09181,per-clip-v1
0.524238,0,,librispeech_0105,impostor_7,asvspoof_0434,per-clip-v1
0.520952,0,,librispeech_0105,impostor_8,fakeavceleb_00053_African_women_id00460,per-clip-v1
0.570657,0,,librispeech_0105,impostor_9,fakeavceleb_01331_Asian(East)_men_id03168,per-clip-v1
0.495430,0,,librispeech_0105,impostor_10,fakeavceleb_01402_Asian(East)_men_id06269,per-clip-v1
0.864936,1,,librispeech_0106,genuine,librispeech_0106,per-clip-v1
0.555805,0,,librispeech_0106,impostor_1,fakeavceleb_00795_African_men_id02040,per-clip-v1
0.403710,0,,librispeech_0106,impostor_2,fakeavceleb_02282_Asian(South)_women_id03559,per-clip-v1
0.414353,0,,librispeech_0106,impostor_3,asvspoof_0318,per-clip-v1
0.556733,0,,librispeech_0106,impostor_4,fakeavceleb_02793_Caucasian(American)_men_id01210,per-clip-v1
0.542374,0,,librispeech_0106,impostor_5,librispeech_0212,per-clip-v1
0.507509,0,,librispeech_0106,impostor_6,librispeech_0296,per-clip-v1
0.660712,0,,librispeech_0106,impostor_7,fakeavceleb_01356_Asian(East)_men_id04691,per-clip-v1
0.596701,0,,librispeech_0106,impostor_8,librispeech_0370,per-clip-v1
0.519304,0,,librispeech_0106,impostor_9,librispeech_0396,per-clip-v1
0.535326,0,,librispeech_0106,impostor_10,fakeavceleb_00128_Asian(East)_men_id05268,per-clip-v1
0.938792,1,,librispeech_0107,genuine,librispeech_0107,per-clip-v1
0.492310,0,,librispeech_0107,impostor_1,fakeavceleb_01950_Asian(South)_men_id00773,per-clip-v1
0.485175,0,,librispeech_0107,impostor_2,librispeech_0317,per-clip-v1
0.666249,0,,librispeech_0107,impostor_3,asvspoof_0025,per-clip-v1
0.392697,0,,librispeech_0107,impostor_4,fakeavceleb_02140_Asian(South)_men_id07200,per-clip-v1
0.588043,0,,librispeech_0107,impostor_5,fakeavceleb_00098_African_women_id05252,per-clip-v1
0.621782,0,,librispeech_0107,impostor_6,librispeech_0499,per-clip-v1
0.537726,0,,librispeech_0107,impostor_7,fakeavceleb_01610_Asian(East)_women_id02807,per-clip-v1
0.547123,0,,librispeech_0107,impostor_8,fakeavceleb_01094_African_women_id03747,per-clip-v1
0.447100,0,,librispeech_0107,impostor_9,asvspoof_0148,per-clip-v1
0.566112,0,,librispeech_0107,impostor_10,fakeavceleb_01118_African_women_id04376,per-clip-v1
0.945496,1,,librispeech_0108,genuine,librispeech_0108,per-clip-v1
0.710293,0,,librispeech_0108,impostor_1,librispeech_0050,per-clip-v1
0.466182,0,,librispeech_0108,impostor_2,fakeavceleb_01899_Asian(South)_men_id00103,per-clip-v1
0.492749,0,,librispeech_0108,impostor_3,fakeavceleb_01387_Asian(East)_men_id05332,per-clip-v1
0.468606,0,,librispeech_0108,impostor_4,fakeavceleb_01110_African_women_id04374,per-clip-v1
0.591525,0,,librispeech_0108,impostor_5,librispeech_0016,per-clip-v1
0.508099,0,,librispeech_0108,impostor_6,librispeech_0156,per-clip-v1
0.603496,0,,librispeech_0108,impostor_7,librispeech_0303,per-clip-v1
0.502723,0,,librispeech_0108,impostor_8,fakeavceleb_02700_Caucasian(American)_men_id01035,per-clip-v1
0.539151,0,,librispeech_0108,impostor_9,fakeavceleb_01138_African_women_id04705,per-clip-v1
0.451605,0,,librispeech_0108,impostor_10,asvspoof_0424,per-clip-v1
0.918077,1,,librispeech_0109,genuine,librispeech_0109,per-clip-v1
0.423356,0,,librispeech_0109,impostor_1,fakeavceleb_03565_Caucasian(European)_women_id00188,per-clip-v1
0.484253,0,,librispeech_0109,impostor_2,fakeavceleb_01107_African_women_id04245,per-clip-v1
0.488992,0,,librispeech_0109,impostor_3,fakeavceleb_03331_Caucasian(European)_men_id00358,per-clip-v1
0.487412,0,,librispeech_0109,impostor_4,fakeavceleb_03072_Caucasian(American)_women_id00842,per-clip-v1
0.628639,0,,librispeech_0109,impostor_5,asvspoof_0056,per-clip-v1
0.492608,0,,librispeech_0109,impostor_6,fakeavceleb_02755_Caucasian(American)_men_id01172,per-clip-v1
0.475171,0,,librispeech_0109,impostor_7,fakeavceleb_00379_Caucasian(American)_women_id00848,per-clip-v1
0.535054,0,,librispeech_0109,impostor_8,librispeech_0347,per-clip-v1
0.523827,0,,librispeech_0109,impostor_9,librispeech_0021,per-clip-v1
0.397582,0,,librispeech_0109,impostor_10,fakeavceleb_03049_Caucasian(American)_women_id00680,per-clip-v1
0.945632,1,,librispeech_0110,genuine,librispeech_0110,per-clip-v1
0.551936,0,,librispeech_0110,impostor_1,fakeavceleb_03129_Caucasian(American)_women_id01231,per-clip-v1
0.476137,0,,librispeech_0110,impostor_2,fakeavceleb_02688_Caucasian(American)_men_id00945,per-clip-v1
0.488083,0,,librispeech_0110,impostor_3,fakeavceleb_02822_Caucasian(American)_men_id03757,per-clip-v1
0.710131,0,,librispeech_0110,impostor_4,fakeavceleb_02620_Caucasian(American)_men_id00243,per-clip-v1
0.603033,0,,librispeech_0110,impostor_5,asvspoof_0118,per-clip-v1
0.620310,0,,librispeech_0110,impostor_6,fakeavceleb_00479_Caucasian(European)_women_id00633,per-clip-v1
0.485614,0,,librispeech_0110,impostor_7,librispeech_0473,per-clip-v1
0.535163,0,,librispeech_0110,impostor_8,librispeech_0072,per-clip-v1
0.607624,0,,librispeech_0110,impostor_9,librispeech_0233,per-clip-v1
0.485765,0,,librispeech_0110,impostor_10,fakeavceleb_00195_Asian(East)_women_id09125,per-clip-v1
0.927599,1,,librispeech_0111,genuine,librispeech_0111,per-clip-v1
0.485825,0,,librispeech_0111,impostor_1,fakeavceleb_01106_African_women_id04245,per-clip-v1
0.530817,0,,librispeech_0111,impostor_2,librispeech_0312,per-clip-v1
0.591074,0,,librispeech_0111,impostor_3,librispeech_0269,per-clip-v1
0.581734,0,,librispeech_0111,impostor_4,fakeavceleb_00222_Asian(South)_men_id04554,per-clip-v1
0.617402,0,,librispeech_0111,impostor_5,librispeech_0294,per-clip-v1
0.506518,0,,librispeech_0111,impostor_6,fakeavceleb_02846_Caucasian(American)_men_id04219,per-clip-v1
0.598712,0,,librispeech_0111,impostor_7,librispeech_0135,per-clip-v1
0.545107,0,,librispeech_0111,impostor_8,librispeech_0066,per-clip-v1
0.474812,0,,librispeech_0111,impostor_9,asvspoof_0353,per-clip-v1
0.499023,0,,librispeech_0111,impostor_10,fakeavceleb_01084_African_women_id03658,per-clip-v1
0.915747,1,,librispeech_0112,genuine,librispeech_0112,per-clip-v1
0.571972,0,,librispeech_0112,impostor_1,librispeech_0353,per-clip-v1
0.654117,0,,librispeech_0112,impostor_2,fakeavceleb_02833_Caucasian(American)_men_id04034,per-clip-v1
0.567496,0,,librispeech_0112,impostor_3,librispeech_0028,per-clip-v1
0.537125,0,,librispeech_0112,impostor_4,fakeavceleb_00028_African_men_id01597,per-clip-v1
0.545161,0,,librispeech_0112,impostor_5,librispeech_0292,per-clip-v1
0.555920,0,,librispeech_0112,impostor_6,librispeech_0461,per-clip-v1
0.625873,0,,librispeech_0112,impostor_7,fakeavceleb_01443_Asian(East)_men_id06878,per-clip-v1
0.427403,0,,librispeech_0112,impostor_8,fakeavceleb_03682_Caucasian(European)_women_id00403,per-clip-v1
0.473733,0,,librispeech_0112,impostor_9,fakeavceleb_02247_Asian(South)_women_id01026,per-clip-v1
0.528731,0,,librispeech_0112,impostor_10,fakeavceleb_01714_Asian(East)_women_id06061,per-clip-v1
0.955592,1,,librispeech_0113,genuine,librispeech_0113,per-clip-v1
0.571391,0,,librispeech_0113,impostor_1,asvspoof_0315,per-clip-v1
0.348260,0,,librispeech_0113,impostor_2,fakeavceleb_01600_Asian(East)_women_id02587,per-clip-v1
0.408316,0,,librispeech_0113,impostor_3,fakeavceleb_02586_Caucasian(American)_men_id00087,per-clip-v1
0.566972,0,,librispeech_0113,impostor_4,librispeech_0111,per-clip-v1
0.515252,0,,librispeech_0113,impostor_5,librispeech_0496,per-clip-v1
0.371497,0,,librispeech_0113,impostor_6,fakeavceleb_01242_Asian(East)_men_id00740,per-clip-v1
0.490435,0,,librispeech_0113,impostor_7,fakeavceleb_02658_Caucasian(American)_men_id00696,per-clip-v1
0.490397,0,,librispeech_0113,impostor_8,fakeavceleb_00138_Asian(East)_men_id06591,per-clip-v1
0.460616,0,,librispeech_0113,impostor_9,fakeavceleb_01880_Asian(South)_men_id00078,per-clip-v1
0.619027,0,,librispeech_0113,impostor_10,librispeech_0442,per-clip-v1
0.951742,1,,librispeech_0114,genuine,librispeech_0114,per-clip-v1
0.486980,0,,librispeech_0114,impostor_1,fakeavceleb_02486_Asian(South)_women_id07078,per-clip-v1
0.644318,0,,librispeech_0114,impostor_2,librispeech_0332,per-clip-v1
0.554068,0,,librispeech_0114,impostor_3,fakeavceleb_02567_Caucasian(American)_men_id00052,per-clip-v1
0.537043,0,,librispeech_0114,impostor_4,fakeavceleb_03108_Caucasian(American)_women_id01217,per-clip-v1
0.661074,0,,librispeech_0114,impostor_5,librispeech_0364,per-clip-v1
0.503222,0,,librispeech_0114,impostor_6,fakeavceleb_00179_Asian(East)_women_id06158,per-clip-v1
0.489989,0,,librispeech_0114,impostor_7,asvspoof_0071,per-clip-v1
0.501269,0,,librispeech_0114,impostor_8,asvspoof_0477,per-clip-v1
0.591568,0,,librispeech_0114,impostor_9,fakeavceleb_01163_African_women_id05106,per-clip-v1
0.583643,0,,librispeech_0114,impostor_10,fakeavceleb_03844_Caucasian(European)_women_id03816,per-clip-v1
0.918360,1,,librispeech_0115,genuine,librispeech_0115,per-clip-v1
0.551565,0,,librispeech_0115,impostor_1,librispeech_0338,per-clip-v1
0.464795,0,,librispeech_0115,impostor_2,fakeavceleb_03656_Caucasian(European)_women_id00373,per-clip-v1
0.527145,0,,librispeech_0115,impostor_3,fakeavceleb_00137_Asian(East)_men_id06535,per-clip-v1
0.496393,0,,librispeech_0115,impostor_4,fakeavceleb_00478_Caucasian(European)_women_id00591,per-clip-v1
0.526780,0,,librispeech_0115,impostor_5,fakeavceleb_00256_Asian(South)_women_id00488,per-clip-v1
0.554228,0,,librispeech_0115,impostor_6,fakeavceleb_00762_African_men_id01933,per-clip-v1
0.609986,0,,librispeech_0115,impostor_7,librispeech_0411,per-clip-v1
0.537533,0,,librispeech_0115,impostor_8,asvspoof_0446,per-clip-v1
0.538420,0,,librispeech_0115,impostor_9,librispeech_0303,per-clip-v1
0.477877,0,,librispeech_0115,impostor_10,fakeavceleb_01346_Asian(East)_men_id04111,per-clip-v1
0.943349,1,,librispeech_0116,genuine,librispeech_0116,per-clip-v1
0.558518,0,,librispeech_0116,impostor_1,librispeech_0356,per-clip-v1
0.430645,0,,librispeech_0116,impostor_2,fakeavceleb_03235_Caucasian(European)_men_id00183,per-clip-v1
0.450811,0,,librispeech_0116,impostor_3,fakeavceleb_01697_Asian(East)_women_id06054,per-clip-v1
0.565550,0,,librispeech_0116,impostor_4,fakeavceleb_01131_African_women_id04547,per-clip-v1
0.597748,0,,librispeech_0116,impostor_5,fakeavceleb_00150_Asian(East)_women_id00137,per-clip-v1
0.480874,0,,librispeech_0116,impostor_6,asvspoof_0241,per-clip-v1
0.681868,0,,librispeech_0116,impostor_7,librispeech_0018,per-clip-v1
0.550163,0,,librispeech_0116,impostor_8,fakeavceleb_01404_Asian(East)_men_id06269,per-clip-v1
0.455680,0,,librispeech_0116,impostor_9,fakeavceleb_03264_Caucasian(European)_men_id00192,per-clip-v1
0.560023,0,,librispeech_0116,impostor_10,librispeech_0412,per-clip-v1
0.911741,1,,librispeech_0117,genuine,librispeech_0117,per-clip-v1
0.517475,0,,librispeech_0117,impostor_1,librispeech_0392,per-clip-v1
0.459318,0,,librispeech_0117,impostor_2,fakeavceleb_01933_Asian(South)_men_id00745,per-clip-v1
0.397966,0,,librispeech_0117,impostor_3,fakeavceleb_03835_Caucasian(European)_women_id03651,per-clip-v1
0.519798,0,,librispeech_0117,impostor_4,asvspoof_0130,per-clip-v1
0.473643,0,,librispeech_0117,impostor_5,librispeech_0157,per-clip-v1
0.470541,0,,librispeech_0117,impostor_6,asvspoof_0096,per-clip-v1
0.598012,0,,librispeech_0117,impostor_7,fakeavceleb_00127_Asian(East)_men_id04884,per-clip-v1
0.434788,0,,librispeech_0117,impostor_8,fakeavceleb_02504_Asian(South)_women_id07377,per-clip-v1
0.493374,0,,librispeech_0117,impostor_9,fakeavceleb_00547_African_men_id00391,per-clip-v1
0.641218,0,,librispeech_0117,impostor_10,librispeech_0185,per-clip-v1
0.921181,1,,librispeech_0118,genuine,librispeech_0118,per-clip-v1
0.461466,0,,librispeech_0118,impostor_1,fakeavceleb_03518_Caucasian(European)_men_id03205,per-clip-v1
0.422892,0,,librispeech_0118,impostor_2,librispeech_0303,per-clip-v1
0.364517,0,,librispeech_0118,impostor_3,fakeavceleb_00416_Caucasian(European)_men_id00306,per-clip-v1
0.407004,0,,librispeech_0118,impostor_4,fakeavceleb_01667_Asian(East)_women_id04701,per-clip-v1
0.394278,0,,librispeech_0118,impostor_5,fakeavceleb_01746_Asian(East)_women_id06427,per-clip-v1
0.426579,0,,librispeech_0118,impostor_6,fakeavceleb_01532_Asian(East)_women_id00430,per-clip-v1
0.544731,0,,librispeech_0118,impostor_7,fakeavceleb_01284_Asian(East)_men_id01589,per-clip-v1
0.547908,0,,librispeech_0118,impostor_8,librispeech_0194,per-clip-v1
0.439727,0,,librispeech_0118,impostor_9,librispeech_0306,per-clip-v1
0.413809,0,,librispeech_0118,impostor_10,fakeavceleb_03291_Caucasian(European)_men_id00253,per-clip-v1
0.956318,1,,librispeech_0119,genuine,librispeech_0119,per-clip-v1
0.616214,0,,librispeech_0119,impostor_1,fakeavceleb_00956_African_women_id01532,per-clip-v1
0.460171,0,,librispeech_0119,impostor_2,fakeavceleb_02616_Caucasian(American)_men_id00184,per-clip-v1
0.464730,0,,librispeech_0119,impostor_3,librispeech_0135,per-clip-v1
0.657955,0,,librispeech_0119,impostor_4,librispeech_0065,per-clip-v1
0.480747,0,,librispeech_0119,impostor_5,fakeavceleb_02122_Asian(South)_men_id07194,per-clip-v1
0.576234,0,,librispeech_0119,impostor_6,fakeavceleb_03036_Caucasian(American)_women_id00616,per-clip-v1
0.565170,0,,librispeech_0119,impostor_7,fakeavceleb_01814_Asian(East)_women_id09116,per-clip-v1
0.448867,0,,librispeech_0119,impostor_8,fakeavceleb_03177_Caucasian(American)_women_id03605,per-clip-v1
0.464993,0,,librispeech_0119,impostor_9,fakeavceleb_01477_Asian(East)_men_id08652,per-clip-v1
0.629820,0,,librispeech_0119,impostor_10,fakeavceleb_02392_Asian(South)_women_id05845,per-clip-v1
0.948637,1,,librispeech_0120,genuine,librispeech_0120,per-clip-v1
0.503562,0,,librispeech_0120,impostor_1,asvspoof_0445,per-clip-v1
0.545038,0,,librispeech_0120,impostor_2,fakeavceleb_02184_Asian(South)_women_id00080,per-clip-v1
0.440425,0,,librispeech_0120,impostor_3,fakeavceleb_02688_Caucasian(American)_men_id00945,per-clip-v1
0.594217,0,,librispeech_0120,impostor_4,fakeavceleb_03636_Caucasian(European)_women_id00330,per-clip-v1
0.546164,0,,librispeech_0120,impostor_5,fakeavceleb_00380_Caucasian(American)_women_id01004,per-clip-v1
0.372548,0,,librispeech_0120,impostor_6,fakeavceleb_02320_Asian(South)_women_id04490,per-clip-v1
0.597614,0,,librispeech_0120,impostor_7,asvspoof_0326,per-clip-v1
0.613297,0,,librispeech_0120,impostor_8,librispeech_0299,per-clip-v1
0.435681,0,,librispeech_0120,impostor_9,fakeavceleb_00429_Caucasian(European)_men_id00709,per-clip-v1
0.537566,0,,librispeech_0120,impostor_10,fakeavceleb_03190_Caucasian(American)_women_id03707,per-clip-v1
0.934160,1,,librispeech_0121,genuine,librispeech_0121,per-clip-v1
0.588946,0,,librispeech_0121,impostor_1,fakeavceleb_03213_Caucasian(European)_men_id00063,per-clip-v1
0.511234,0,,librispeech_0121,impostor_2,fakeavceleb_03290_Caucasian(European)_men_id00253,per-clip-v1
0.481723,0,,librispeech_0121,impostor_3,fakeavceleb_03626_Caucasian(European)_women_id00325,per-clip-v1
0.505593,0,,librispeech_0121,impostor_4,asvspoof_0326,per-clip-v1
0.367770,0,,librispeech_0121,impostor_5,fakeavceleb_02314_Asian(South)_women_id04490,per-clip-v1
0.511154,0,,librispeech_0121,impostor_6,fakeavceleb_03768_Caucasian(European)_women_id00806,per-clip-v1
0.504613,0,,librispeech_0121,impostor_7,asvspoof_0025,per-clip-v1
0.457851,0,,librispeech_0121,impostor_8,fakeavceleb_00931_African_women_id00829,per-clip-v1
0.579656,0,,librispeech_0121,impostor_9,librispeech_0332,per-clip-v1
0.552848,0,,librispeech_0121,impostor_10,fakeavceleb_03387_Caucasian(European)_men_id00559,per-clip-v1
0.947793,1,,librispeech_0122,genuine,librispeech_0122,per-clip-v1
0.480560,0,,librispeech_0122,impostor_1,asvspoof_0208,per-clip-v1
0.498722,0,,librispeech_0122,impostor_2,fakeavceleb_03170_Caucasian(American)_women_id03556,per-clip-v1
0.547164,0,,librispeech_0122,impostor_3,fakeavceleb_00785_African_men_id02005,per-clip-v1
0.569847,0,,librispeech_0122,impostor_4,librispeech_0089,per-clip-v1
0.614428,0,,librispeech_0122,impostor_5,fakeavceleb_00412_Caucasian(European)_men_id00266,per-clip-v1
0.553202,0,,librispeech_0122,impostor_6,librispeech_0336,per-clip-v1
0.701693,0,,librispeech_0122,impostor_7,librispeech_0388,per-clip-v1
0.575629,0,,librispeech_0122,impostor_8,fakeavceleb_03408_Caucasian(European)_men_id00909,per-clip-v1
0.509587,0,,librispeech_0122,impostor_9,fakeavceleb_00490_Caucasian(European)_women_id03371,per-clip-v1
0.576007,0,,librispeech_0122,impostor_10,fakeavceleb_02711_Caucasian(American)_men_id01044,per-clip-v1
0.938065,1,,librispeech_0123,genuine,librispeech_0123,per-clip-v1
0.363183,0,,librispeech_0123,impostor_1,fakeavceleb_02092_Asian(South)_men_id07161,per-clip-v1
0.598612,0,,librispeech_0123,impostor_2,librispeech_0296,per-clip-v1
0.641322,0,,librispeech_0123,impostor_3,librispeech_0314,per-clip-v1
0.634884,0,,librispeech_0123,impostor_4,librispeech_0032,per-clip-v1
0.406156,0,,librispeech_0123,impostor_5,librispeech_0427,per-clip-v1
0.523232,0,,librispeech_0123,impostor_6,fakeavceleb_01796_Asian(East)_women_id08139,per-clip-v1
0.563986,0,,librispeech_0123,impostor_7,librispeech_0199,per-clip-v1
0.485654,0,,librispeech_0123,impostor_8,fakeavceleb_01339_Asian(East)_men_id03965,per-clip-v1
0.585314,0,,librispeech_0123,impostor_9,asvspoof_0467,per-clip-v1
0.401529,0,,librispeech_0123,impostor_10,fakeavceleb_00419_Caucasian(European)_men_id00415,per-clip-v1
0.929242,1,,librispeech_0124,genuine,librispeech_0124,per-clip-v1
0.506347,0,,librispeech_0124,impostor_1,fakeavceleb_03388_Caucasian(European)_men_id00559,per-clip-v1
0.583990,0,,librispeech_0124,impostor_2,librispeech_0345,per-clip-v1
0.600029,0,,librispeech_0124,impostor_3,fakeavceleb_01051_African_women_id02838,per-clip-v1
0.521237,0,,librispeech_0124,impostor_4,librispeech_0187,per-clip-v1
0.385960,0,,librispeech_0124,impostor_5,fakeavceleb_00709_African_men_id01598,per-clip-v1
0.534410,0,,librispeech_0124,impostor_6,librispeech_0443,per-clip-v1
0.440666,0,,librispeech_0124,impostor_7,asvspoof_0216,per-clip-v1
0.553815,0,,librispeech_0124,impostor_8,fakeavceleb_03654_Caucasian(European)_women_id00373,per-clip-v1
0.515519,0,,librispeech_0124,impostor_9,librispeech_0068,per-clip-v1
0.650077,0,,librispeech_0124,impostor_10,fakeavceleb_02383_Asian(South)_women_id05478,per-clip-v1
0.905852,1,,librispeech_0125,genuine,librispeech_0125,per-clip-v1
0.445573,0,,librispeech_0125,impostor_1,fakeavceleb_03088_Caucasian(American)_women_id01004,per-clip-v1
0.477254,0,,librispeech_0125,impostor_2,fakeavceleb_01190_African_women_id05252,per-clip-v1
0.586174,0,,librispeech_0125,impostor_3,asvspoof_0389,per-clip-v1
0.544292,0,,librispeech_0125,impostor_4,librispeech_0180,per-clip-v1
0.509025,0,,librispeech_0125,impostor_5,librispeech_0446,per-clip-v1
0.513694,0,,librispeech_0125,impostor_6,fakeavceleb_02700_Caucasian(American)_men_id01035,per-clip-v1
0.346989,0,,librispeech_0125,impostor_7,fakeavceleb_02440_Asian(South)_women_id06428,per-clip-v1
0.404061,0,,librispeech_0125,impostor_8,fakeavceleb_01302_Asian(East)_men_id02365,per-clip-v1
0.471441,0,,librispeech_0125,impostor_9,fakeavceleb_00326_Caucasian(American)_men_id01044,per-clip-v1
0.441658,0,,librispeech_0125,impostor_10,asvspoof_0128,per-clip-v1
0.912703,1,,librispeech_0126,genuine,librispeech_0126,per-clip-v1
0.415638,0,,librispeech_0126,impostor_1,asvspoof_0010,per-clip-v1
0.378689,0,,librispeech_0126,impostor_2,fakeavceleb_01508_Asian(East)_women_id00137,per-clip-v1
0.454974,0,,librispeech_0126,impostor_3,librispeech_0248,per-clip-v1
0.598410,0,,librispeech_0126,impostor_4,librispeech_0234,per-clip-v1
0.402888,0,,librispeech_0126,impostor_5,fakeavceleb_02483_Asian(South)_women_id07078,per-clip-v1
0.619815,0,,librispeech_0126,impostor_6,librispeech_0408,per-clip-v1
0.502512,0,,librispeech_0126,impostor_7,fakeavceleb_00070_African_women_id02617,per-clip-v1
0.358631,0,,librispeech_0126,impostor_8,fakeavceleb_01444_Asian(East)_men_id06878,per-clip-v1
0.471480,0,,librispeech_0126,impostor_9,librispeech_0279,per-clip-v1
0.332791,0,,librispeech_0126,impostor_10,fakeavceleb_00291_Asian(South)_women_id07008,per-clip-v1
0.936930,1,,librispeech_0127,genuine,librispeech_0127,per-clip-v1
0.546749,0,,librispeech_0127,impostor_1,librispeech_0360,per-clip-v1
0.565202,0,,librispeech_0127,impostor_2,fakeavceleb_03326_Caucasian(European)_men_id00306,per-clip-v1
0.444012,0,,librispeech_0127,impostor_3,fakeavceleb_03487_Caucasian(European)_men_id01123,per-clip-v1
0.450607,0,,librispeech_0127,impostor_4,fakeavceleb_03114_Caucasian(American)_women_id01225,per-clip-v1
0.439882,0,,librispeech_0127,impostor_5,fakeavceleb_02135_Asian(South)_men_id07200,per-clip-v1
0.522208,0,,librispeech_0127,impostor_6,asvspoof_0103,per-clip-v1
0.429702,0,,librispeech_0127,impostor_7,fakeavceleb_01311_Asian(East)_men_id02493,per-clip-v1
0.558118,0,,librispeech_0127,impostor_8,librispeech_0103,per-clip-v1
0.551102,0,,librispeech_0127,impostor_9,fakeavceleb_02983_Caucasian(American)_women_id00398,per-clip-v1
0.532775,0,,librispeech_0127,impostor_10,librispeech_0492,per-clip-v1
0.952692,1,,librispeech_0128,genuine,librispeech_0128,per-clip-v1
0.575445,0,,librispeech_0128,impostor_1,asvspoof_0387,per-clip-v1
0.456789,0,,librispeech_0128,impostor_2,fakeavceleb_03334_Caucasian(European)_men_id00368,per-clip-v1
0.458540,0,,librispeech_0128,impostor_3,asvspoof_0337,per-clip-v1
0.722289,0,,librispeech_0128,impostor_4,librispeech_0268,per-clip-v1
0.448486,0,,librispeech_0128,impostor_5,fakeavceleb_02290_Asian(South)_women_id03815,per-clip-v1
0.477491,0,,librispeech_0128,impostor_6,fakeavceleb_02355_Asian(South)_women_id04927,per-clip-v1
0.508292,0,,librispeech_0128,impostor_7,fakeavceleb_03029_Caucasian(American)_women_id00555,per-clip-v1
0.549701,0,,librispeech_0128,impostor_8,librispeech_0251,per-clip-v1
0.466685,0,,librispeech_0128,impostor_9,fakeavceleb_01588_Asian(East)_women_id01281,per-clip-v1
0.582043,0,,librispeech_0128,impostor_10,asvspoof_0125,per-clip-v1
0.928357,1,,librispeech_0129,genuine,librispeech_0129,per-clip-v1
0.484447,0,,librispeech_0129,impostor_1,fakeavceleb_00726_African_men_id01691,per-clip-v1
0.597139,0,,librispeech_0129,impostor_2,librispeech_0412,per-clip-v1
0.481807,0,,librispeech_0129,impostor_3,fakeavceleb_02797_Caucasian(American)_men_id01210,per-clip-v1
0.417732,0,,librispeech_0129,impostor_4,fakeavceleb_02986_Caucasian(American)_women_id00398,per-clip-v1
0.440584,0,,librispeech_0129,impostor_5,fakeavceleb_01263_Asian(East)_men_id01204,per-clip-v1
0.526487,0,,librispeech_0129,impostor_6,asvspoof_0464,per-clip-v1
0.543124,0,,librispeech_0129,impostor_7,fakeavceleb_00029_African_men_id01598,per-clip-v1
0.392911,0,,librispeech_0129,impostor_8,fakeavceleb_01907_Asian(South)_men_id00350,per-clip-v1
0.610038,0,,librispeech_0129,impostor_9,fakeavceleb_02651_Caucasian(American)_men_id00529,per-clip-v1
0.578193,0,,librispeech_0129,impostor_10,librispeech_0260,per-clip-v1
0.950111,1,,librispeech_0130,genuine,librispeech_0130,per-clip-v1
0.415277,0,,librispeech_0130,impostor_1,fakeavceleb_02819_Caucasian(American)_men_id03678,per-clip-v1
0.647431,0,,librispeech_0130,impostor_2,fakeavceleb_01474_Asian(East)_men_id08652,per-clip-v1
0.655721,0,,librispeech_0130,impostor_3,librispeech_0016,per-clip-v1
0.524494,0,,librispeech_0130,impostor_4,fakeavceleb_03473_Caucasian(European)_men_id01099,per-clip-v1
0.631198,0,,librispeech_0130,impostor_5,fakeavceleb_02036_Asian(South)_men_id04599,per-clip-v1
0.446012,0,,librispeech_0130,impostor_6,fakeavceleb_00834_African_men_id02494,per-clip-v1
0.466521,0,,librispeech_0130,impostor_7,librispeech_0138,per-clip-v1
0.512329,0,,librispeech_0130,impostor_8,fakeavceleb_00072_African_women_id02808,per-clip-v1
0.621376,0,,librispeech_0130,impostor_9,librispeech_0154,per-clip-v1
0.441474,0,,librispeech_0130,impostor_10,librispeech_0354,per-clip-v1
0.959916,1,,librispeech_0131,genuine,librispeech_0131,per-clip-v1
0.517776,0,,librispeech_0131,impostor_1,fakeavceleb_00166_Asian(East)_women_id04066,per-clip-v1
0.571391,0,,librispeech_0131,impostor_2,librispeech_0408,per-clip-v1
0.490791,0,,librispeech_0131,impostor_3,asvspoof_0134,per-clip-v1
0.437324,0,,librispeech_0131,impostor_4,fakeavceleb_00242_Asian(South)_men_id07200,per-clip-v1
0.484746,0,,librispeech_0131,impostor_5,fakeavceleb_00081_African_women_id03747,per-clip-v1
0.603114,0,,librispeech_0131,impostor_6,librispeech_0302,per-clip-v1
0.583164,0,,librispeech_0131,impostor_7,librispeech_0192,per-clip-v1
0.441081,0,,librispeech_0131,impostor_8,fakeavceleb_00021_African_men_id01236,per-clip-v1
0.515029,0,,librispeech_0131,impostor_9,fakeavceleb_00483_Caucasian(European)_women_id00813,per-clip-v1
0.481477,0,,librispeech_0131,impostor_10,librispeech_0449,per-clip-v1
0.906380,1,,librispeech_0132,genuine,librispeech_0132,per-clip-v1
0.595794,0,,librispeech_0132,impostor_1,fakeavceleb_00220_Asian(South)_men_id04526,per-clip-v1
0.576139,0,,librispeech_0132,impostor_2,librispeech_0042,per-clip-v1
0.546473,0,,librispeech_0132,impostor_3,fakeavceleb_02030_Asian(South)_men_id04562,per-clip-v1
0.426601,0,,librispeech_0132,impostor_4,fakeavceleb_03291_Caucasian(European)_men_id00253,per-clip-v1
0.569043,0,,librispeech_0132,impostor_5,asvspoof_0355,per-clip-v1
0.479415,0,,librispeech_0132,impostor_6,fakeavceleb_00210_Asian(South)_men_id00745,per-clip-v1
0.626614,0,,librispeech_0132,impostor_7,librispeech_0422,per-clip-v1
0.609458,0,,librispeech_0132,impostor_8,librispeech_0200,per-clip-v1
0.573234,0,,librispeech_0132,impostor_9,asvspoof_0004,per-clip-v1
0.509511,0,,librispeech_0132,impostor_10,fakeavceleb_00024_African_men_id01521,per-clip-v1
0.954055,1,,librispeech_0133,genuine,librispeech_0133,per-clip-v1
0.419232,0,,librispeech_0133,impostor_1,fakeavceleb_01583_Asian(East)_women_id00935,per-clip-v1
0.596932,0,,librispeech_0133,impostor_2,librispeech_0493,per-clip-v1
0.512434,0,,librispeech_0133,impostor_3,librispeech_0329,per-clip-v1
0.487565,0,,librispeech_0133,impostor_4,fakeavceleb_00514_African_men_id00166,per-clip-v1
0.447544,0,,librispeech_0133,impostor_5,librispeech_0464,per-clip-v1
0.371897,0,,librispeech_0133,impostor_6,fakeavceleb_02861_Caucasian(American)_women_id00025,per-clip-v1
0.514381,0,,librispeech_0133,impostor_7,asvspoof_0466,per-clip-v1
0.480475,0,,librispeech_0133,impostor_8,fakeavceleb_01238_Asian(East)_men_id00597,per-clip-v1
0.375342,0,,librispeech_0133,impostor_9,fakeavceleb_01017_African_women_id02508,per-clip-v1
0.433062,0,,librispeech_0133,impostor_10,fakeavceleb_01023_African_women_id02586,per-clip-v1
0.933371,1,,librispeech_0134,genuine,librispeech_0134,per-clip-v1
0.569862,0,,librispeech_0134,impostor_1,librispeech_0262,per-clip-v1
0.510585,0,,librispeech_0134,impostor_2,librispeech_0007,per-clip-v1
0.610752,0,,librispeech_0134,impostor_3,fakeavceleb_00805_African_men_id02051,per-clip-v1
0.552460,0,,librispeech_0134,impostor_4,fakeavceleb_00230_Asian(South)_men_id06354,per-clip-v1
0.512828,0,,librispeech_0134,impostor_5,fakeavceleb_01881_Asian(South)_men_id00082,per-clip-v1
0.548187,0,,librispeech_0134,impostor_6,fakeavceleb_00176_Asian(East)_women_id06061,per-clip-v1
0.512980,0,,librispeech_0134,impostor_7,fakeavceleb_01064_African_women_id03103,per-clip-v1
0.589435,0,,librispeech_0134,impostor_8,fakeavceleb_03846_Caucasian(European)_women_id03816,per-clip-v1
0.513412,0,,librispeech_0134,impostor_9,fakeavceleb_02176_Asian(South)_women_id00043,per-clip-v1
0.479137,0,,librispeech_0134,impostor_10,asvspoof_0037,per-clip-v1
0.941505,1,,librispeech_0135,genuine,librispeech_0135,per-clip-v1
0.497626,0,,librispeech_0135,impostor_1,librispeech_0478,per-clip-v1
0.484134,0,,librispeech_0135,impostor_2,fakeavceleb_02445_Asian(South)_women_id06428,per-clip-v1
0.433424,0,,librispeech_0135,impostor_3,asvspoof_0073,per-clip-v1
0.455433,0,,librispeech_0135,impostor_4,fakeavceleb_01972_Asian(South)_men_id00857,per-clip-v1
0.541252,0,,librispeech_0135,impostor_5,fakeavceleb_03080_Caucasian(American)_women_id01004,per-clip-v1
0.561799,0,,librispeech_0135,impostor_6,fakeavceleb_01141_African_women_id04736,per-clip-v1
0.540479,0,,librispeech_0135,impostor_7,fakeavceleb_03736_Caucasian(European)_women_id00589,per-clip-v1
0.467754,0,,librispeech_0135,impostor_8,fakeavceleb_00964_African_women_id01661,per-clip-v1
0.565650,0,,librispeech_0135,impostor_9,fakeavceleb_02890_Caucasian(American)_women_id00098,per-clip-v1
0.488982,0,,librispeech_0135,impostor_10,fakeavceleb_00603_African_men_id01076,per-clip-v1
0.951696,1,,librispeech_0136,genuine,librispeech_0136,per-clip-v1
0.493502,0,,librispeech_0136,impostor_1,fakeavceleb_03400_Caucasian(European)_men_id00694,per-clip-v1
0.551354,0,,librispeech_0136,impostor_2,fakeavceleb_02622_Caucasian(American)_men_id00243,per-clip-v1
0.480736,0,,librispeech_0136,impostor_3,fakeavceleb_02383_Asian(South)_women_id05478,per-clip-v1
0.588688,0,,librispeech_0136,impostor_4,fakeavceleb_03484_Caucasian(European)_men_id01102,per-clip-v1
0.465308,0,,librispeech_0136,impostor_5,asvspoof_0197,per-clip-v1
0.518423,0,,librispeech_0136,impostor_6,fakeavceleb_02429_Asian(South)_women_id06343,per-clip-v1
0.449500,0,,librispeech_0136,impostor_7,fakeavceleb_03866_Caucasian(European)_women_id03941,per-clip-v1
0.463945,0,,librispeech_0136,impostor_8,librispeech_0392,per-clip-v1
0.434885,0,,librispeech_0136,impostor_9,fakeavceleb_02979_Caucasian(American)_women_id00385,per-clip-v1
0.474998,0,,librispeech_0136,impostor_10,fakeavceleb_00470_Caucasian(European)_women_id00434,per-clip-v1
0.928337,1,,librispeech_0137,genuine,librispeech_0137,per-clip-v1
0.402017,0,,librispeech_0137,impostor_1,fakeavceleb_00232_Asian(South)_men_id06753,per-clip-v1
0.475433,0,,librispeech_0137,impostor_2,fakeavceleb_01294_Asian(East)_men_id02332,per-clip-v1
0.614033,0,,librispeech_0137,impostor_3,librispeech_0062,per-clip-v1
0.486399,0,,librispeech_0137,impostor_4,fakeavceleb_00159_Asian(East)_women_id01451,per-clip-v1
0.514990,0,,librispeech_0137,impostor_5,fakeavceleb_02059_Asian(South)_men_id06354,per-clip-v1
0.457211,0,,librispeech_0137,impostor_6,fakeavceleb_00204_Asian(South)_men_id00103,per-clip-v1
0.511569,0,,librispeech_0137,impostor_7,librispeech_0408,per-clip-v1
0.426640,0,,librispeech_0137,impostor_8,librispeech_0427,per-clip-v1
0.515131,0,,librispeech_0137,impostor_9,fakeavceleb_01878_Asian(South)_men_id00078,per-clip-v1
0.550992,0,,librispeech_0137,impostor_10,librispeech_0321,per-clip-v1
0.942114,1,,librispeech_0138,genuine,librispeech_0138,per-clip-v1
0.641410,0,,librispeech_0138,impostor_1,librispeech_0212,per-clip-v1
0.411362,0,,librispeech_0138,impostor_2,fakeavceleb_00297_Asian(South)_women_id07377,per-clip-v1
0.465476,0,,librispeech_0138,impostor_3,fakeavceleb_01242_Asian(East)_men_id00740,per-clip-v1
0.360360,0,,librispeech_0138,impostor_4,fakeavceleb_00290_Asian(South)_women_id06752,per-clip-v1
0.537182,0,,librispeech_0138,impostor_5,fakeavceleb_03301_Caucasian(European)_men_id00266,per-clip-v1
0.608398,0,,librispeech_0138,impostor_6,librispeech_0274,per-clip-v1
0.399154,0,,librispeech_0138,impostor_7,fakeavceleb_03777_Caucasian(European)_women_id00823,per-clip-v1
0.354108,0,,librispeech_0138,impostor_8,fakeavceleb_01368_Asian(East)_men_id04774,per-clip-v1
0.667781,0,,librispeech_0138,impostor_9,librispeech_0289,per-clip-v1
0.539559,0,,librispeech_0138,impostor_10,librispeech_0001,per-clip-v1
0.951529,1,,librispeech_0139,genuine,librispeech_0139,per-clip-v1
0.424671,0,,librispeech_0139,impostor_1,fakeavceleb_01992_Asian(South)_men_id03599,per-clip-v1
0.507483,0,,librispeech_0139,impostor_2,librispeech_0134,per-clip-v1
0.416018,0,,librispeech_0139,impostor_3,fakeavceleb_02669_Caucasian(American)_men_id00708,per-clip-v1
0.568244,0,,librispeech_0139,impostor_4,fakeavceleb_02216_Asian(South)_women_id00417,per-clip-v1
0.509620,0,,librispeech_0139,impostor_5,fakeavceleb_03069_Caucasian(American)_women_id00841,per-clip-v1
0.629878,0,,librispeech_0139,impostor_6,librispeech_0093,per-clip-v1
0.561479,0,,librispeech_0139,impostor_7,asvspoof_0364,per-clip-v1
0.628086,0,,librispeech_0139,impostor_8,librispeech_0222,per-clip-v1
0.424367,0,,librispeech_0139,impostor_9,fakeavceleb_00215_Asian(South)_men_id00860,per-clip-v1
0.361027,0,,librispeech_0139,impostor_10,fakeavceleb_02096_Asian(South)_men_id07161,per-clip-v1
0.931312,1,,librispeech_0140,genuine,librispeech_0140,per-clip-v1
0.467091,0,,librispeech_0140,impostor_1,fakeavceleb_02874_Caucasian(American)_women_id00097,per-clip-v1
0.638392,0,,librispeech_0140,impostor_2,librispeech_0399,per-clip-v1
0.574577,0,,librispeech_0140,impostor_3,librispeech_0159,per-clip-v1
0.521470,0,,librispeech_0140,impostor_4,librispeech_0322,per-clip-v1
0.474270,0,,librispeech_0140,impostor_5,fakeavceleb_00436_Caucasian(European)_men_id00999,per-clip-v1
0.473981,0,,librispeech_0140,impostor_6,fakeavceleb_03445_Caucasian(European)_men_id00990,per-clip-v1
0.586034,0,,librispeech_0140,impostor_7,librispeech_0409,per-clip-v1
0.376805,0,,librispeech_0140,impostor_8,fakeavceleb_02412_Asian(South)_women_id06232,per-clip-v1
0.515744,0,,librispeech_0140,impostor_9,librispeech_0044,per-clip-v1
0.596424,0,,librispeech_0140,impostor_10,fakeavceleb_00931_African_women_id00829,per-clip-v1
0.954219,1,,librispeech_0141,genuine,librispeech_0141,per-clip-v1
0.587902,0,,librispeech_0141,impostor_1,fakeavceleb_02975_Caucasian(American)_women_id00383,per-clip-v1
0.438695,0,,librispeech_0141,impostor_2,fakeavceleb_02500_Asian(South)_women_id07236,per-clip-v1
0.526682,0,,librispeech_0141,impostor_3,fakeavceleb_00076_African_women_id03103,per-clip-v1
0.465839,0,,librispeech_0141,impostor_4,fakeavceleb_02878_Caucasian(American)_women_id00097,per-clip-v1
0.709696,0,,librispeech_0141,impostor_5,librispeech_0183,per-clip-v1
0.544221,0,,librispeech_0141,impostor_6,librispeech_0255,per-clip-v1
0.480145,0,,librispeech_0141,impostor_7,fakeavceleb_01713_Asian(East)_women_id06061,per-clip-v1
0.709324,0,,librispeech_0141,impostor_8,librispeech_0160,per-clip-v1
0.629117,0,,librispeech_0141,impostor_9,fakeavceleb_03426_Caucasian(European)_men_id00946,per-clip-v1
0.496475,0,,librispeech_0141,impostor_10,fakeavceleb_00123_Asian(East)_men_id04691,per-clip-v1
0.933906,1,,librispeech_0142,genuine,librispeech_0142,per-clip-v1
0.466278,0,,librispeech_0142,impostor_1,fakeavceleb_03256_Caucasian(European)_men_id00186,per-clip-v1
0.580724,0,,librispeech_0142,impostor_2,fakeavceleb_02833_Caucasian(American)_men_id04034,per-clip-v1
0.723426,0,,librispeech_0142,impostor_3,librispeech_0187,per-clip-v1
0.559114,0,,librispeech_0142,impostor_4,librispeech_0274,per-clip-v1
0.767951,0,,librispeech_0142,impostor_5,librispeech_0013,per-clip-v1
0.612835,0,,librispeech_0142,impostor_6,asvspoof_0160,per-clip-v1
0.587007,0,,librispeech_0142,impostor_7,librispeech_0065,per-clip-v1
0.561781,0,,librispeech_0142,impostor_8,fakeavceleb_02656_Caucasian(American)_men_id00696,per-clip-v1
0.510401,0,,librispeech_0142,impostor_9,fakeavceleb_01292_Asian(East)_men_id01683,per-clip-v1
0.647921,0,,librispeech_0142,impostor_10,fakeavceleb_01409_Asian(East)_men_id06467,per-clip-v1
0.963805,1,,librispeech_0143,genuine,librispeech_0143,per-clip-v1
0.552203,0,,librispeech_0143,impostor_1,librispeech_0063,per-clip-v1
0.672803,0,,librispeech_0143,impostor_2,fakeavceleb_02019_Asian(South)_men_id04560,per-clip-v1
0.610618,0,,librispeech_0143,impostor_3,fakeavceleb_00090_African_women_id04705,per-clip-v1
0.516680,0,,librispeech_0143,impostor_4,fakeavceleb_01796_Asian(East)_women_id08139,per-clip-v1
0.731316,0,,librispeech_0143,impostor_5,librispeech_0037,per-clip-v1
0.546291,0,,librispeech_0143,impostor_6,librispeech_0374,per-clip-v1
0.537511,0,,librispeech_0143,impostor_7,librispeech_0085,per-clip-v1
0.504569,0,,librispeech_0143,impostor_8,fakeavceleb_02256_Asian(South)_women_id02089,per-clip-v1
0.545235,0,,librispeech_0143,impostor_9,fakeavceleb_02004_Asian(South)_men_id04537,per-clip-v1
0.394247,0,,librispeech_0143,impostor_10,asvspoof_0106,per-clip-v1
0.933634,1,,librispeech_0144,genuine,librispeech_0144,per-clip-v1
0.560172,0,,librispeech_0144,impostor_1,fakeavceleb_02167_Asian(South)_men_id08457,per-clip-v1
0.369877,0,,librispeech_0144,impostor_2,fakeavceleb_03696_Caucasian(European)_women_id00484,per-clip-v1
0.427626,0,,librispeech_0144,impostor_3,fakeavceleb_02981_Caucasian(American)_women_id00398,per-clip-v1
0.615361,0,,librispeech_0144,impostor_4,fakeavceleb_01296_Asian(East)_men_id02332,per-clip-v1
0.595398,0,,librispeech_0144,impostor_5,librispeech_0282,per-clip-v1
0.591542,0,,librispeech_0144,impostor_6,asvspoof_0390,per-clip-v1
0.530252,0,,librispeech_0144,impostor_7,fakeavceleb_01988_Asian(South)_men_id03344,per-clip-v1
0.544481,0,,librispeech_0144,impostor_8,fakeavceleb_02061_Asian(South)_men_id06355,per-clip-v1
0.655789,0,,librispeech_0144,impostor_9,librispeech_0037,per-clip-v1
0.587638,0,,librispeech_0144,impostor_10,fakeavceleb_00106_Asian(East)_men_id01204,per-clip-v1
0.939630,1,,librispeech_0145,genuine,librispeech_0145,per-clip-v1
0.567555,0,,librispeech_0145,impostor_1,librispeech_0463,per-clip-v1
0.510709,0,,librispeech_0145,impostor_2,fakeavceleb_02549_Caucasian(American)_men_id00029,per-clip-v1
0.549038,0,,librispeech_0145,impostor_3,fakeavceleb_02721_Caucasian(American)_men_id01048,per-clip-v1
0.641412,0,,librispeech_0145,impostor_4,librispeech_0235,per-clip-v1
0.528258,0,,librispeech_0145,impostor_5,fakeavceleb_00508_African_men_id00076,per-clip-v1
0.542723,0,,librispeech_0145,impostor_6,asvspoof_0347,per-clip-v1
0.466544,0,,librispeech_0145,impostor_7,fakeavceleb_03433_Caucasian(European)_men_id00963,per-clip-v1
0.448994,0,,librispeech_0145,impostor_8,librispeech_0355,per-clip-v1
0.462196,0,,librispeech_0145,impostor_9,fakeavceleb_01091_African_women_id03713,per-clip-v1
0.633054,0,,librispeech_0145,impostor_10,librispeech_0261,per-clip-v1
0.941281,1,,librispeech_0146,genuine,librispeech_0146,per-clip-v1
0.692557,0,,librispeech_0146,impostor_1,librispeech_0077,per-clip-v1
0.614058,0,,librispeech_0146,impostor_2,librispeech_0154,per-clip-v1
0.600747,0,,librispeech_0146,impostor_3,librispeech_0104,per-clip-v1
0.409225,0,,librispeech_0146,impostor_4,fakeavceleb_03865_Caucasian(European)_women_id03941,per-clip-v1
0.446402,0,,librispeech_0146,impostor_5,fakeavceleb_02983_Caucasian(American)_women_id00398,per-clip-v1
0.512285,0,,librispeech_0146,impostor_6,asvspoof_0261,per-clip-v1
0.491062,0,,librispeech_0146,impostor_7,fakeavceleb_01822_Asian(East)_women_id09116,per-clip-v1
0.553891,0,,librispeech_0146,impostor_8,librispeech_0013,per-clip-v1
0.470615,0,,librispeech_0146,impostor_9,fakeavceleb_03748_Caucasian(European)_women_id00591,per-clip-v1
0.460520,0,,librispeech_0146,impostor_10,fakeavceleb_01811_Asian(East)_women_id08819,per-clip-v1
0.953467,1,,librispeech_0147,genuine,librispeech_0147,per-clip-v1
0.528451,0,,librispeech_0147,impostor_1,fakeavceleb_01142_African_women_id04736,per-clip-v1
0.397003,0,,librispeech_0147,impostor_2,fakeavceleb_03816_Caucasian(European)_women_id03589,per-clip-v1
0.504350,0,,librispeech_0147,impostor_3,fakeavceleb_00288_Asian(South)_women_id06439,per-clip-v1
0.487593,0,,librispeech_0147,impostor_4,fakeavceleb_02622_Caucasian(American)_men_id00243,per-clip-v1
0.566927,0,,librispeech_0147,impostor_5,fakeavceleb_00673_African_men_id01528,per-clip-v1
0.503687,0,,librispeech_0147,impostor_6,fakeavceleb_02954_Caucasian(American)_women_id00291,per-clip-v1
0.569712,0,,librispeech_0147,impostor_7,fakeavceleb_02835_Caucasian(American)_men_id04073,per-clip-v1
0.520140,0,,librispeech_0147,impostor_8,fakeavceleb_02236_Asian(South)_women_id00739,per-clip-v1
0.650344,0,,librispeech_0147,impostor_9,librispeech_0323,per-clip-v1
0.416879,0,,librispeech_0147,impostor_10,fakeavceleb_02697_Caucasian(American)_men_id01035,per-clip-v1
0.936794,1,,librispeech_0148,genuine,librispeech_0148,per-clip-v1
0.604331,0,,librispeech_0148,impostor_1,fakeavceleb_03393_Caucasian(European)_men_id00594,per-clip-v1
0.673815,0,,librispeech_0148,impostor_2,librispeech_0091,per-clip-v1
0.446151,0,,librispeech_0148,impostor_3,asvspoof_0260,per-clip-v1
0.654760,0,,librispeech_0148,impostor_4,librispeech_0287,per-clip-v1
0.567184,0,,librispeech_0148,impostor_5,fakeavceleb_03791_Caucasian(European)_women_id00897,per-clip-v1
0.392909,0,,librispeech_0148,impostor_6,fakeavceleb_03667_Caucasian(European)_women_id00374,per-clip-v1
0.474169,0,,librispeech_0148,impostor_7,fakeavceleb_02740_Caucasian(American)_men_id01163,per-clip-v1
0.403783,0,,librispeech_0148,impostor_8,asvspoof_0140,per-clip-v1
0.565549,0,,librispeech_0148,impostor_9,asvspoof_0218,per-clip-v1
0.604669,0,,librispeech_0148,impostor_10,librispeech_0357,per-clip-v1
0.880439,1,,librispeech_0149,genuine,librispeech_0149,per-clip-v1
0.523529,0,,librispeech_0149,impostor_1,fakeavceleb_03487_Caucasian(European)_men_id01123,per-clip-v1
0.517866,0,,librispeech_0149,impostor_2,fakeavceleb_02464_Asian(South)_women_id06445,per-clip-v1
0.451402,0,,librispeech_0149,impostor_3,fakeavceleb_01995_Asian(South)_men_id03945,per-clip-v1
0.613985,0,,librispeech_0149,impostor_4,librispeech_0011,per-clip-v1
0.460170,0,,librispeech_0149,impostor_5,fakeavceleb_01954_Asian(South)_men_id00773,per-clip-v1
0.575721,0,,librispeech_0149,impostor_6,fakeavceleb_02621_Caucasian(American)_men_id00243,per-clip-v1
0.720203,0,,librispeech_0149,impostor_7,librispeech_0139,per-clip-v1
0.537761,0,,librispeech_0149,impostor_8,fakeavceleb_01796_Asian(East)_women_id08139,per-clip-v1
0.479305,0,,librispeech_0149,impostor_9,fakeavceleb_01512_Asian(East)_women_id00363,per-clip-v1
0.549275,0,,librispeech_0149,impostor_10,fakeavceleb_01984_Asian(South)_men_id03180,per-clip-v1
0.924294,1,,librispeech_0150,genuine,librispeech_0150,per-clip-v1
0.310903,0,,librispeech_0150,impostor_1,fakeavceleb_03643_Caucasian(European)_women_id00332,per-clip-v1
0.526058,0,,librispeech_0150,impostor_2,fakeavceleb_03438_Caucasian(European)_men_id00981,per-clip-v1
0.594136,0,,librispeech_0150,impostor_3,fakeavceleb_02516_Caucasian(American)_men_id00018,per-clip-v1
0.416500,0,,librispeech_0150,impostor_4,fakeavceleb_02322_Asian(South)_women_id04529,per-clip-v1
0.499376,0,,librispeech_0150,impostor_5,fakeavceleb_03563_Caucasian(European)_women_id00188,per-clip-v1
0.416715,0,,librispeech_0150,impostor_6,fakeavceleb_03615_Caucasian(European)_women_id00287,per-clip-v1
0.562861,0,,librispeech_0150,impostor_7,fakeavceleb_00505_African_men_id00076,per-clip-v1
0.505402,0,,librispeech_0150,impostor_8,asvspoof_0307,per-clip-v1
0.419050,0,,librispeech_0150,impostor_9,fakeavceleb_00886_African_women_id00460,per-clip-v1
0.463417,0,,librispeech_0150,impostor_10,fakeavceleb_03103_Caucasian(American)_women_id01091,per-clip-v1
0.949053,1,,librispeech_0151,genuine,librispeech_0151,per-clip-v1
0.547252,0,,librispeech_0151,impostor_1,librispeech_0115,per-clip-v1
0.484844,0,,librispeech_0151,impostor_2,librispeech_0479,per-clip-v1
0.528287,0,,librispeech_0151,impostor_3,librispeech_0239,per-clip-v1
0.594880,0,,librispeech_0151,impostor_4,fakeavceleb_00124_Asian(East)_men_id04726,per-clip-v1
0.597200,0,,librispeech_0151,impostor_5,asvspoof_0385,per-clip-v1
0.574181,0,,librispeech_0151,impostor_6,fakeavceleb_02163_Asian(South)_men_id08314,per-clip-v1
0.426931,0,,librispeech_0151,impostor_7,fakeavceleb_03539_Caucasian(European)_women_id00068,per-clip-v1
0.400816,0,,librispeech_0151,impostor_8,fakeavceleb_02171_Asian(South)_women_id00043,per-clip-v1
0.446053,0,,librispeech_0151,impostor_9,fakeavceleb_00940_African_women_id00832,per-clip-v1
0.518078,0,,librispeech_0151,impostor_10,fakeavceleb_00262_Asian(South)_women_id02619,per-clip-v1
0.977617,1,,librispeech_0152,genuine,librispeech_0152,per-clip-v1
0.580501,0,,librispeech_0152,impostor_1,librispeech_0123,per-clip-v1
0.628057,0,,librispeech_0152,impostor_2,librispeech_0360,per-clip-v1
0.604537,0,,librispeech_0152,impostor_3,librispeech_0046,per-clip-v1
0.473858,0,,librispeech_0152,impostor_4,asvspoof_0390,per-clip-v1
0.565079,0,,librispeech_0152,impostor_5,librispeech_0064,per-clip-v1
0.448874,0,,librispeech_0152,impostor_6,asvspoof_0340,per-clip-v1
0.635374,0,,librispeech_0152,impostor_7,librispeech_0414,per-clip-v1
0.410053,0,,librispeech_0152,impostor_8,fakeavceleb_02483_Asian(South)_women_id07078,per-clip-v1
0.547164,0,,librispeech_0152,impostor_9,librispeech_0169,per-clip-v1
0.569626,0,,librispeech_0152,impostor_10,librispeech_0461,per-clip-v1
0.943139,1,,librispeech_0153,genuine,librispeech_0153,per-clip-v1
0.563620,0,,librispeech_0153,impostor_1,librispeech_0459,per-clip-v1
0.570770,0,,librispeech_0153,impostor_2,fakeavceleb_02451_Asian(South)_women_id06438,per-clip-v1
0.479519,0,,librispeech_0153,impostor_3,fakeavceleb_03065_Caucasian(American)_women_id00841,per-clip-v1
0.726490,0,,librispeech_0153,impostor_4,librispeech_0282,per-clip-v1
0.439421,0,,librispeech_0153,impostor_5,fakeavceleb_02582_Caucasian(American)_men_id00062,per-clip-v1
0.561233,0,,librispeech_0153,impostor_6,fakeavceleb_02960_Caucasian(American)_women_id00291,per-clip-v1
0.440025,0,,librispeech_0153,impostor_7,fakeavceleb_03382_Caucasian(European)_men_id00554,per-clip-v1
0.416043,0,,librispeech_0153,impostor_8,fakeavceleb_03230_Caucasian(European)_men_id00171,per-clip-v1
0.564515,0,,librispeech_0153,impostor_9,librispeech_0048,per-clip-v1
0.543828,0,,librispeech_0153,impostor_10,fakeavceleb_02907_Caucasian(American)_women_id00145,per-clip-v1
0.935048,1,,librispeech_0154,genuine,librispeech_0154,per-clip-v1
0.598675,0,,librispeech_0154,impostor_1,librispeech_0473,per-clip-v1
0.514425,0,,librispeech_0154,impostor_2,fakeavceleb_01911_Asian(South)_men_id00414,per-clip-v1
0.518650,0,,librispeech_0154,impostor_3,fakeavceleb_00730_African_men_id01691,per-clip-v1
0.480589,0,,librispeech_0154,impostor_4,fakeavceleb_01839_Asian(East)_women_id09174,per-clip-v1
0.527159,0,,librispeech_0154,impostor_5,librispeech_0194,per-clip-v1
0.532561,0,,librispeech_0154,impostor_6,fakeavceleb_01118_African_women_id04376,per-clip-v1
0.565375,0,,librispeech_0154,impostor_7,fakeavceleb_02686_Caucasian(American)_men_id00943,per-clip-v1
0.596549,0,,librispeech_0154,impostor_8,asvspoof_0207,per-clip-v1
0.636925,0,,librispeech_0154,impostor_9,fakeavceleb_01039_African_women_id02808,per-clip-v1
0.486153,0,,librispeech_0154,impostor_10,fakeavceleb_03507_Caucasian(European)_men_id01157,per-clip-v1
0.924129,1,,librispeech_0155,genuine,librispeech_0155,per-clip-v1
0.525156,0,,librispeech_0155,impostor_1,librispeech_0498,per-clip-v1
0.569774,0,,librispeech_0155,impostor_2,fakeavceleb_00358_Caucasian(American)_women_id00261,per-clip-v1
0.808681,0,,librispeech_0155,impostor_3,librispeech_0119,per-clip-v1
0.482706,0,,librispeech_0155,impostor_4,fakeavceleb_01428_Asian(East)_men_id06591,per-clip-v1
0.524903,0,,librispeech_0155,impostor_5,fakeavceleb_03771_Caucasian(European)_women_id00813,per-clip-v1
0.641257,0,,librispeech_0155,impostor_6,librispeech_0312,per-clip-v1
0.547893,0,,librispeech_0155,impostor_7,fakeavceleb_01721_Asian(East)_women_id06065,per-clip-v1
0.476573,0,,librispeech_0155,impostor_8,fakeavceleb_01964_Asian(South)_men_id00816,per-clip-v1
0.451183,0,,librispeech_0155,impostor_9,fakeavceleb_03398_Caucasian(European)_men_id00694,per-clip-v1
0.545044,0,,librispeech_0155,impostor_10,librispeech_0014,per-clip-v1
0.932882,1,,librispeech_0156,genuine,librispeech_0156,per-clip-v1
0.502646,0,,librispeech_0156,impostor_1,fakeavceleb_02995_Caucasian(American)_women_id00418,per-clip-v1
0.421500,0,,librispeech_0156,impostor_2,fakeavceleb_00088_African_women_id04547,per-clip-v1
0.394550,0,,librispeech_0156,impostor_3,fakeavceleb_03175_Caucasian(American)_women_id03605,per-clip-v1
0.615661,0,,librispeech_0156,impostor_4,librispeech_0029,per-clip-v1
0.531699,0,,librispeech_0156,impostor_5,fakeavceleb_00147_Asian(East)_men_id08652,per-clip-v1
0.516997,0,,librispeech_0156,impostor_6,fakeavceleb_03660_Caucasian(European)_women_id00373,per-clip-v1
0.495755,0,,librispeech_0156,impostor_7,fakeavceleb_01381_Asian(East)_men_id05268,per-clip-v1
0.458793,0,,librispeech_0156,impostor_8,fakeavceleb_03711_Caucasian(European)_women_id00495,per-clip-v1
0.422066,0,,librispeech_0156,impostor_9,fakeavceleb_03335_Caucasian(European)_men_id00368,per-clip-v1
0.686687,0,,librispeech_0156,impostor_10,fakeavceleb_02731_Caucasian(American)_men_id01105,per-clip-v1
0.948450,1,,librispeech_0157,genuine,librispeech_0157,per-clip-v1
0.480724,0,,librispeech_0157,impostor_1,librispeech_0187,per-clip-v1
0.418714,0,,librispeech_0157,impostor_2,fakeavceleb_02128_Asian(South)_men_id07195,per-clip-v1
0.463806,0,,librispeech_0157,impostor_3,fakeavceleb_02192_Asian(South)_women_id00080,per-clip-v1
0.646351,0,,librispeech_0157,impostor_4,fakeavceleb_03038_Caucasian(American)_women_id00616,per-clip-v1
0.437473,0,,librispeech_0157,impostor_5,fakeavceleb_03825_Caucasian(European)_women_id03649,per-clip-v1
0.427731,0,,librispeech_0157,impostor_6,asvspoof_0223,per-clip-v1
0.458273,0,,librispeech_0157,impostor_7,fakeavceleb_02012_Asian(South)_men_id04554,per-clip-v1
0.509437,0,,librispeech_0157,impostor_8,fakeavceleb_00015_African_men_id01036,per-clip-v1
0.544911,0,,librispeech_0157,impostor_9,fakeavceleb_00463_Caucasian(European)_women_id00332,per-clip-v1
0.479014,0,,librispeech_0157,impostor_10,fakeavceleb_03137_Caucasian(American)_women_id01238,per-clip-v1
0.953420,1,,librispeech_0158,genuine,librispeech_0158,per-clip-v1
0.487995,0,,librispeech_0158,impostor_1,asvspoof_0277,per-clip-v1
0.335012,0,,librispeech_0158,impostor_2,fakeavceleb_00261_Asian(South)_women_id02310,per-clip-v1
0.524386,0,,librispeech_0158,impostor_3,fakeavceleb_00232_Asian(South)_men_id06753,per-clip-v1
0.595209,0,,librispeech_0158,impostor_4,librispeech_0049,per-clip-v1
0.528937,0,,librispeech_0158,impostor_5,fakeavceleb_02836_Caucasian(American)_men_id04073,per-clip-v1
0.635946,0,,librispeech_0158,impostor_6,librispeech_0039,per-clip-v1
0.488352,0,,librispeech_0158,impostor_7,librispeech_0462,per-clip-v1
0.458331,0,,librispeech_0158,impostor_8,fakeavceleb_00068_African_women_id02508,per-clip-v1
0.614936,0,,librispeech_0158,impostor_9,fakeavceleb_03233_Caucasian(European)_men_id00183,per-clip-v1
0.669967,0,,librispeech_0158,impostor_10,librispeech_0059,per-clip-v1
0.922408,1,,librispeech_0159,genuine,librispeech_0159,per-clip-v1
0.621403,0,,librispeech_0159,impostor_1,fakeavceleb_00964_African_women_id01661,per-clip-v1
0.514008,0,,librispeech_0159,impostor_2,fakeavceleb_02306_Asian(South)_women_id03985,per-clip-v1
0.533649,0,,librispeech_0159,impostor_3,fakeavceleb_01376_Asian(East)_men_id04884,per-clip-v1
0.490490,0,,librispeech_0159,impostor_4,fakeavceleb_00339_Caucasian(American)_men_id01211,per-clip-v1
0.548689,0,,librispeech_0159,impostor_5,librispeech_0288,per-clip-v1
0.542185,0,,librispeech_0159,impostor_6,librispeech_0243,per-clip-v1
0.542124,0,,librispeech_0159,impostor_7,librispeech_0303,per-clip-v1
0.471689,0,,librispeech_0159,impostor_8,fakeavceleb_02691_Caucasian(American)_men_id00945,per-clip-v1
0.499583,0,,librispeech_0159,impostor_9,fakeavceleb_02749_Caucasian(American)_men_id01168,per-clip-v1
0.530612,0,,librispeech_0159,impostor_10,asvspoof_0042,per-clip-v1
0.905036,1,,librispeech_0160,genuine,librispeech_0160,per-clip-v1
0.473025,0,,librispeech_0160,impostor_1,fakeavceleb_03809_Caucasian(European)_women_id01002,per-clip-v1
0.540738,0,,librispeech_0160,impostor_2,fakeavceleb_00422_Caucasian(European)_men_id00520,per-clip-v1
0.776940,0,,librispeech_0160,impostor_3,librispeech_0004,per-clip-v1
0.468874,0,,librispeech_0160,impostor_4,fakeavceleb_03244_Caucasian(European)_men_id00185,per-clip-v1
0.415042,0,,librispeech_0160,impostor_5,fakeavceleb_02918_Caucasian(American)_women_id00180,per-clip-v1
0.495743,0,,librispeech_0160,impostor_6,fakeavceleb_00833_African_men_id02342,per-clip-v1
0.498394,0,,librispeech_0160,impostor_7,fakeavceleb_00135_Asian(East)_men_id06467,per-clip-v1
0.455375,0,,librispeech_0160,impostor_8,fakeavceleb_01091_African_women_id03713,per-clip-v1
0.549413,0,,librispeech_0160,impostor_9,librispeech_0262,per-clip-v1
0.582524,0,,librispeech_0160,impostor_10,fakeavceleb_02152_Asian(South)_men_id07463,per-clip-v1
0.941516,1,,librispeech_0161,genuine,librispeech_0161,per-clip-v1
0.578001,0,,librispeech_0161,impostor_1,librispeech_0422,per-clip-v1
0.484699,0,,librispeech_0161,impostor_2,fakeavceleb_01462_Asian(East)_men_id08299,per-clip-v1
0.524054,0,,librispeech_0161,impostor_3,fakeavceleb_03818_Caucasian(European)_women_id03620,per-clip-v1
0.502515,0,,librispeech_0161,impostor_4,fakeavceleb_03653_Caucasian(European)_women_id00365,per-clip-v1
0.467528,0,,librispeech_0161,impostor_5,fakeavceleb_01877_Asian(South)_men_id00078,per-clip-v1
0.638308,0,,librispeech_0161,impostor_6,librispeech_0393,per-clip-v1
0.619124,0,,librispeech_0161,impostor_7,fakeavceleb_02591_Caucasian(American)_men_id00088,per-clip-v1
0.545613,0,,librispeech_0161,impostor_8,librispeech_0400,per-clip-v1
0.546045,0,,librispeech_0161,impostor_9,fakeavceleb_00180_Asian(East)_women_id06225,per-clip-v1
0.576029,0,,librispeech_0161,impostor_10,librispeech_0485,per-clip-v1
0.941630,1,,librispeech_0162,genuine,librispeech_0162,per-clip-v1
0.401906,0,,librispeech_0162,impostor_1,fakeavceleb_03443_Caucasian(European)_men_id00990,per-clip-v1
0.498720,0,,librispeech_0162,impostor_2,asvspoof_0083,per-clip-v1
0.448283,0,,librispeech_0162,impostor_3,fakeavceleb_01064_African_women_id03103,per-clip-v1
0.526667,0,,librispeech_0162,impostor_4,asvspoof_0330,per-clip-v1
0.472194,0,,librispeech_0162,impostor_5,fakeavceleb_00786_African_men_id02005,per-clip-v1
0.488946,0,,librispeech_0162,impostor_6,librispeech_0165,per-clip-v1
0.459939,0,,librispeech_0162,impostor_7,fakeavceleb_01396_Asian(East)_men_id05479,per-clip-v1
0.488409,0,,librispeech_0162,impostor_8,librispeech_0361,per-clip-v1
0.558190,0,,librispeech_0162,impostor_9,librispeech_0187,per-clip-v1
0.477794,0,,librispeech_0162,impostor_10,fakeavceleb_01398_Asian(East)_men_id05743,per-clip-v1
0.965226,1,,librispeech_0163,genuine,librispeech_0163,per-clip-v1
0.471559,0,,librispeech_0163,impostor_1,fakeavceleb_03276_Caucasian(European)_men_id00241,per-clip-v1
0.340400,0,,librispeech_0163,impostor_2,fakeavceleb_02384_Asian(South)_women_id05478,per-clip-v1
0.485364,0,,librispeech_0163,impostor_3,fakeavceleb_01420_Asian(East)_men_id06470,per-clip-v1
0.600325,0,,librispeech_0163,impostor_4,librispeech_0107,per-clip-v1
0.513393,0,,librispeech_0163,impostor_5,fakeavceleb_00093_African_women_id04939,per-clip-v1
0.508596,0,,librispeech_0163,impostor_6,fakeavceleb_03332_Caucasian(European)_men_id00368,per-clip-v1
0.579963,0,,librispeech_0163,impostor_7,librispeech_0363,per-clip-v1
0.422075,0,,librispeech_0163,impostor_8,fakeavceleb_00084_African_women_id04374,per-clip-v1
0.584358,0,,librispeech_0163,impostor_9,librispeech_0129,per-clip-v1
0.445375,0,,librispeech_0163,impostor_10,fakeavceleb_03345_Caucasian(European)_men_id00498,per-clip-v1
0.947809,1,,librispeech_0164,genuine,librispeech_0164,per-clip-v1
0.598019,0,,librispeech_0164,impostor_1,librispeech_0431,per-clip-v1
0.441707,0,,librispeech_0164,impostor_2,asvspoof_0210,per-clip-v1
0.590839,0,,librispeech_0164,impostor_3,librispeech_0191,per-clip-v1
0.540006,0,,librispeech_0164,impostor_4,fakeavceleb_00812_African_men_id02268,per-clip-v1
0.483959,0,,librispeech_0164,impostor_5,fakeavceleb_02153_Asian(South)_men_id07463,per-clip-v1
0.555735,0,,librispeech_0164,impostor_6,fakeavceleb_00102_Asian(East)_men_id00560,per-clip-v1
0.498168,0,,librispeech_0164,impostor_7,fakeavceleb_02998_Caucasian(American)_women_id00428,per-clip-v1
0.659268,0,,librispeech_0164,impostor_8,fakeavceleb_02415_Asian(South)_women_id06254,per-clip-v1
0.520472,0,,librispeech_0164,impostor_9,fakeavceleb_00552_African_men_id00475,per-clip-v1
0.505467,0,,librispeech_0164,impostor_10,fakeavceleb_01946_Asian(South)_men_id00769,per-clip-v1
0.958158,1,,librispeech_0165,genuine,librispeech_0165,per-clip-v1
0.504311,0,,librispeech_0165,impostor_1,fakeavceleb_03483_Caucasian(European)_men_id01102,per-clip-v1
0.571679,0,,librispeech_0165,impostor_2,fakeavceleb_00330_Caucasian(American)_men_id01124,per-clip-v1
0.489257,0,,librispeech_0165,impostor_3,fakeavceleb_00004_African_men_id00391,per-clip-v1
0.454074,0,,librispeech_0165,impostor_4,fakeavceleb_03815_Caucasian(European)_women_id03589,per-clip-v1
0.533718,0,,librispeech_0165,impostor_5,librispeech_0279,per-clip-v1
0.507723,0,,librispeech_0165,impostor_6,fakeavceleb_03631_Caucasian(European)_women_id00328,per-clip-v1
0.653510,0,,librispeech_0165,impostor_7,librispeech_0490,per-clip-v1
0.493112,0,,librispeech_0165,impostor_8,librispeech_0400,per-clip-v1
0.523817,0,,librispeech_0165,impostor_9,librispeech_0354,per-clip-v1
0.488736,0,,librispeech_0165,impostor_10,fakeavceleb_00492_Caucasian(European)_women_id03620,per-clip-v1
0.948891,1,,librispeech_0166,genuine,librispeech_0166,per-clip-v1
0.568280,0,,librispeech_0166,impostor_1,librispeech_0149,per-clip-v1
0.564229,0,,librispeech_0166,impostor_2,librispeech_0304,per-clip-v1
0.610955,0,,librispeech_0166,impostor_3,librispeech_0431,per-clip-v1
0.535005,0,,librispeech_0166,impostor_4,fakeavceleb_00347_Caucasian(American)_men_id04216,per-clip-v1
0.392566,0,,librispeech_0166,impostor_5,fakeavceleb_03832_Caucasian(European)_women_id03651,per-clip-v1
0.443622,0,,librispeech_0166,impostor_6,fakeavceleb_01448_Asian(East)_men_id07338,per-clip-v1
0.502174,0,,librispeech_0166,impostor_7,asvspoof_0313,per-clip-v1
0.451230,0,,librispeech_0166,impostor_8,fakeavceleb_00095_African_women_id05231,per-clip-v1
0.498477,0,,librispeech_0166,impostor_9,librispeech_0120,per-clip-v1
0.474941,0,,librispeech_0166,impostor_10,fakeavceleb_00423_Caucasian(European)_men_id00535,per-clip-v1
0.952938,1,,librispeech_0167,genuine,librispeech_0167,per-clip-v1
0.515256,0,,librispeech_0167,impostor_1,fakeavceleb_03433_Caucasian(European)_men_id00963,per-clip-v1
0.474458,0,,librispeech_0167,impostor_2,fakeavceleb_01770_Asian(East)_women_id07039,per-clip-v1
0.507129,0,,librispeech_0167,impostor_3,fakeavceleb_02969_Caucasian(American)_women_id00381,per-clip-v1
0.547886,0,,librispeech_0167,impostor_4,librispeech_0064,per-clip-v1
0.397334,0,,librispeech_0167,impostor_5,fakeavceleb_01451_Asian(East)_men_id07338,per-clip-v1
0.465828,0,,librispeech_0167,impostor_6,fakeavceleb_02437_Asian(South)_women_id06343,per-clip-v1
0.398471,0,,librispeech_0167,impostor_7,fakeavceleb_00856_African_women_id00220,per-clip-v1
0.500769,0,,librispeech_0167,impostor_8,fakeavceleb_00556_African_men_id00476,per-clip-v1
0.475150,0,,librispeech_0167,impostor_9,fakeavceleb_01776_Asian(East)_women_id07739,per-clip-v1
0.436880,0,,librispeech_0167,impostor_10,fakeavceleb_00868_African_women_id00359,per-clip-v1
0.951599,1,,librispeech_0168,genuine,librispeech_0168,per-clip-v1
0.575387,0,,librispeech_0168,impostor_1,fakeavceleb_00609_African_men_id01076,per-clip-v1
0.603905,0,,librispeech_0168,impostor_2,librispeech_0252,per-clip-v1
0.624360,0,,librispeech_0168,impostor_3,librispeech_0048,per-clip-v1
0.463792,0,,librispeech_0168,impostor_4,fakeavceleb_01050_African_women_id02824,per-clip-v1
0.430333,0,,librispeech_0168,impostor_5,fakeavceleb_01674_Asian(East)_women_id05576,per-clip-v1
0.544010,0,,librispeech_0168,impostor_6,fakeavceleb_02811_Caucasian(American)_men_id01239,per-clip-v1
0.433247,0,,librispeech_0168,impostor_7,librispeech_0157,per-clip-v1
0.484552,0,,librispeech_0168,impostor_8,asvspoof_0081,per-clip-v1
0.440826,0,,librispeech_0168,impostor_9,fakeavceleb_01170_African_women_id05231,per-clip-v1
0.537789,0,,librispeech_0168,impostor_10,librispeech_0248,per-clip-v1
0.962840,1,,librispeech_0169,genuine,librispeech_0169,per-clip-v1
0.504467,0,,librispeech_0169,impostor_1,fakeavceleb_01116_African_women_id04376,per-clip-v1
0.543084,0,,librispeech_0169,impostor_2,fakeavceleb_00551_African_men_id00475,per-clip-v1
0.482912,0,,librispeech_0169,impostor_3,fakeavceleb_02498_Asian(South)_women_id07236,per-clip-v1
0.404181,0,,librispeech_0169,impostor_4,fakeavceleb_01619_Asian(East)_women_id03211,per-clip-v1
0.441363,0,,librispeech_0169,impostor_5,fakeavceleb_03062_Caucasian(American)_women_id00835,per-clip-v1
0.418928,0,,librispeech_0169,impostor_6,fakeavceleb_03498_Caucasian(European)_men_id01154,per-clip-v1
0.375050,0,,librispeech_0169,impostor_7,fakeavceleb_03796_Caucasian(European)_women_id01001,per-clip-v1
0.482636,0,,librispeech_0169,impostor_8,fakeavceleb_01129_African_women_id04540,per-clip-v1
0.465455,0,,librispeech_0169,impostor_9,fakeavceleb_01358_Asian(East)_men_id04726,per-clip-v1
0.356295,0,,librispeech_0169,impostor_10,fakeavceleb_03825_Caucasian(European)_women_id03649,per-clip-v1
0.931357,1,,librispeech_0170,genuine,librispeech_0170,per-clip-v1
0.565156,0,,librispeech_0170,impostor_1,librispeech_0280,per-clip-v1
0.538884,0,,librispeech_0170,impostor_2,librispeech_0338,per-clip-v1
0.485910,0,,librispeech_0170,impostor_3,fakeavceleb_01743_Asian(East)_women_id06388,per-clip-v1
0.516134,0,,librispeech_0170,impostor_4,fakeavceleb_00375_Caucasian(American)_women_id00752,per-clip-v1
0.483675,0,,librispeech_0170,impostor_5,librispeech_0135,per-clip-v1
0.469933,0,,librispeech_0170,impostor_6,fakeavceleb_03369_Caucasian(European)_men_id00535,per-clip-v1
0.540756,0,,librispeech_0170,impostor_7,librispeech_0365,per-clip-v1
0.537168,0,,librispeech_0170,impostor_8,librispeech_0312,per-clip-v1
0.392619,0,,librispeech_0170,impostor_9,fakeavceleb_00459_Caucasian(European)_women_id00287,per-clip-v1
0.516556,0,,librispeech_0170,impostor_10,asvspoof_0417,per-clip-v1
0.925240,1,,librispeech_0171,genuine,librispeech_0171,per-clip-v1
0.555696,0,,librispeech_0171,impostor_1,fakeavceleb_00358_Caucasian(American)_women_id00261,per-clip-v1
0.622770,0,,librispeech_0171,impostor_2,librispeech_0191,per-clip-v1
0.440076,0,,librispeech_0171,impostor_3,fakeavceleb_03397_Caucasian(European)_men_id00694,per-clip-v1
0.455524,0,,librispeech_0171,impostor_4,fakeavceleb_02853_Caucasian(American)_men_id04221,per-clip-v1
0.451330,0,,librispeech_0171,impostor_5,fakeavceleb_01503_Asian(East)_women_id00137,per-clip-v1
0.524472,0,,librispeech_0171,impostor_6,fakeavceleb_03475_Caucasian(European)_men_id01099,per-clip-v1
0.717565,0,,librispeech_0171,impostor_7,librispeech_0173,per-clip-v1
0.426872,0,,librispeech_0171,impostor_8,fakeavceleb_00853_African_men_id04727,per-clip-v1
0.590702,0,,librispeech_0171,impostor_9,fakeavceleb_03541_Caucasian(European)_women_id00068,per-clip-v1
0.605907,0,,librispeech_0171,impostor_10,asvspoof_0412,per-clip-v1
0.890262,1,,librispeech_0172,genuine,librispeech_0172,per-clip-v1
0.475746,0,,librispeech_0172,impostor_1,fakeavceleb_03243_Caucasian(European)_men_id00185,per-clip-v1
0.548794,0,,librispeech_0172,impostor_2,fakeavceleb_00321_Caucasian(American)_men_id00943,per-clip-v1
0.626739,0,,librispeech_0172,impostor_3,fakeavceleb_03450_Caucasian(European)_men_id00999,per-clip-v1
0.525756,0,,librispeech_0172,impostor_4,fakeavceleb_00750_African_men_id01856,per-clip-v1
0.436964,0,,librispeech_0172,impostor_5,fakeavceleb_01113_African_women_id04374,per-clip-v1
0.482261,0,,librispeech_0172,impostor_6,librispeech_0413,per-clip-v1
0.460493,0,,librispeech_0172,impostor_7,fakeavceleb_01434_Asian(East)_men_id06594,per-clip-v1
0.430910,0,,librispeech_0172,impostor_8,fakeavceleb_00143_Asian(East)_men_id07102,per-clip-v1
0.554327,0,,librispeech_0172,impostor_9,fakeavceleb_00597_African_men_id00987,per-clip-v1
0.479345,0,,librispeech_0172,impostor_10,fakeavceleb_01801_Asian(East)_women_id08397,per-clip-v1
0.950514,1,,librispeech_0173,genuine,librispeech_0173,per-clip-v1
0.598216,0,,librispeech_0173,impostor_1,librispeech_0451,per-clip-v1
0.497084,0,,librispeech_0173,impostor_2,fakeavceleb_02336_Asian(South)_women_id04564,per-clip-v1
0.474994,0,,librispeech_0173,impostor_3,fakeavceleb_02657_Caucasian(American)_men_id00696,per-clip-v1
0.621078,0,,librispeech_0173,impostor_4,fakeavceleb_02923_Caucasian(American)_women_id00190,per-clip-v1
0.590612,0,,librispeech_0173,impostor_5,librispeech_0363,per-clip-v1
0.584902,0,,librispeech_0173,impostor_6,fakeavceleb_01129_African_women_id04540,per-clip-v1
0.545545,0,,librispeech_0173,impostor_7,fakeavceleb_01696_Asian(East)_women_id06054,per-clip-v1
0.620995,0,,librispeech_0173,impostor_8,asvspoof_0285,per-clip-v1
0.486675,0,,librispeech_0173,impostor_9,fakeavceleb_00648_African_men_id01236,per-clip-v1
0.559241,0,,librispeech_0173,impostor_10,fakeavceleb_01428_Asian(East)_men_id06591,per-clip-v1
0.953056,1,,librispeech_0174,genuine,librispeech_0174,per-clip-v1
0.626740,0,,librispeech_0174,impostor_1,fakeavceleb_01185_African_women_id05251,per-clip-v1
0.557078,0,,librispeech_0174,impostor_2,librispeech_0110,per-clip-v1
0.479531,0,,librispeech_0174,impostor_3,librispeech_0121,per-clip-v1
0.607813,0,,librispeech_0174,impostor_4,librispeech_0017,per-clip-v1
0.536898,0,,librispeech_0174,impostor_5,asvspoof_0291,per-clip-v1
0.571376,0,,librispeech_0174,impostor_6,fakeavceleb_02135_Asian(South)_men_id07200,per-clip-v1
0.598746,0,,librispeech_0174,impostor_7,librispeech_0225,per-clip-v1
0.565268,0,,librispeech_0174,impostor_8,librispeech_0397,per-clip-v1
0.547514,0,,librispeech_0174,impostor_9,librispeech_0024,per-clip-v1
0.528511,0,,librispeech_0174,impostor_10,fakeavceleb_01616_Asian(East)_women_id03211,per-clip-v1
0.887568,1,,librispeech_0175,genuine,librispeech_0175,per-clip-v1
0.565582,0,,librispeech_0175,impostor_1,fakeavceleb_01424_Asian(East)_men_id06535,per-clip-v1
0.398819,0,,librispeech_0175,impostor_2,fakeavceleb_01066_African_women_id03103,per-clip-v1
0.589677,0,,librispeech_0175,impostor_3,librispeech_0123,per-clip-v1
0.520699,0,,librispeech_0175,impostor_4,fakeavceleb_01956_Asian(South)_men_id00773,per-clip-v1
0.530839,0,,librispeech_0175,impostor_5,fakeavceleb_01082_African_women_id03656,per-clip-v1
0.631195,0,,librispeech_0175,impostor_6,fakeavceleb_00317_Caucasian(American)_men_id00696,per-clip-v1
0.476066,0,,librispeech_0175,impostor_7,fakeavceleb_03772_Caucasian(European)_women_id00813,per-clip-v1
0.601743,0,,librispeech_0175,impostor_8,librispeech_0219,per-clip-v1
0.578982,0,,librispeech_0175,impostor_9,asvspoof_0412,per-clip-v1
0.541360,0,,librispeech_0175,impostor_10,fakeavceleb_01191_African_women_id05252,per-clip-v1
0.951223,1,,librispeech_0176,genuine,librispeech_0176,per-clip-v1
0.588000,0,,librispeech_0176,impostor_1,librispeech_0032,per-clip-v1
0.497437,0,,librispeech_0176,impostor_2,librispeech_0095,per-clip-v1
0.442719,0,,librispeech_0176,impostor_3,fakeavceleb_01637_Asian(East)_women_id04057,per-clip-v1
0.667956,0,,librispeech_0176,impostor_4,librispeech_0052,per-clip-v1
0.497645,0,,librispeech_0176,impostor_5,fakeavceleb_02720_Caucasian(American)_men_id01048,per-clip-v1
0.633870,0,,librispeech_0176,impostor_6,librispeech_0212,per-clip-v1
0.544132,0,,librispeech_0176,impostor_7,librispeech_0028,per-clip-v1
0.466200,0,,librispeech_0176,impostor_8,fakeavceleb_03695_Caucasian(European)_women_id00484,per-clip-v1
0.360302,0,,librispeech_0176,impostor_9,fakeavceleb_03842_Caucasian(European)_women_id03816,per-clip-v1
0.471745,0,,librispeech_0176,impostor_10,fakeavceleb_00528_African_men_id00173,per-clip-v1
0.971478,1,,librispeech_0177,genuine,librispeech_0177,per-clip-v1
0.580313,0,,librispeech_0177,impostor_1,librispeech_0320,per-clip-v1
0.521509,0,,librispeech_0177,impostor_2,fakeavceleb_03837_Caucasian(European)_women_id03716,per-clip-v1
0.490898,0,,librispeech_0177,impostor_3,fakeavceleb_03030_Caucasian(American)_women_id00575,per-clip-v1
0.603193,0,,librispeech_0177,impostor_4,fakeavceleb_03105_Caucasian(American)_women_id01216,per-clip-v1
0.418816,0,,librispeech_0177,impostor_5,fakeavceleb_01243_Asian(East)_men_id00740,per-clip-v1
0.499994,0,,librispeech_0177,impostor_6,librispeech_0462,per-clip-v1
0.566383,0,,librispeech_0177,impostor_7,fakeavceleb_03222_Caucasian(European)_men_id00171,per-clip-v1
0.603422,0,,librispeech_0177,impostor_8,fakeavceleb_03169_Caucasian(American)_women_id02466,per-clip-v1
0.678035,0,,librispeech_0177,impostor_9,librispeech_0389,per-clip-v1
0.506290,0,,librispeech_0177,impostor_10,fakeavceleb_02465_Asian(South)_women_id06445,per-clip-v1
0.896039,1,,librispeech_0178,genuine,librispeech_0178,per-clip-v1
0.673328,0,,librispeech_0178,impostor_1,librispeech_0147,per-clip-v1
0.570377,0,,librispeech_0178,impostor_2,fakeavceleb_00932_African_women_id00829,per-clip-v1
0.475949,0,,librispeech_0178,impostor_3,asvspoof_0024,per-clip-v1
0.506877,0,,librispeech_0178,impostor_4,fakeavceleb_01160_African_women_id05106,per-clip-v1
0.549073,0,,librispeech_0178,impostor_5,librispeech_0191,per-clip-v1
0.482124,0,,librispeech_0178,impostor_6,librispeech_0317,per-clip-v1
0.470717,0,,librispeech_0178,impostor_7,asvspoof_0132,per-clip-v1
0.444815,0,,librispeech_0178,impostor_8,asvspoof_0471,per-clip-v1
0.637048,0,,librispeech_0178,impostor_9,fakeavceleb_03169_Caucasian(American)_women_id02466,per-clip-v1
0.398355,0,,librispeech_0178,impostor_10,fakeavceleb_00546_African_men_id00366,per-clip-v1
0.927020,1,,librispeech_0179,genuine,librispeech_0179,per-clip-v1
0.490480,0,,librispeech_0179,impostor_1,fakeavceleb_01623_Asian(East)_women_id03379,per-clip-v1
0.417418,0,,librispeech_0179,impostor_2,fakeavceleb_03504_Caucasian(European)_men_id01157,per-clip-v1
0.482466,0,,librispeech_0179,impostor_3,fakeavceleb_00600_African_men_id01036,per-clip-v1
0.517471,0,,librispeech_0179,impostor_4,fakeavceleb_01047_African_women_id02824,per-clip-v1
0.624041,0,,librispeech_0179,impostor_5,fakeavceleb_00090_African_women_id04705,per-clip-v1
0.585754,0,,librispeech_0179,impostor_6,fakeavceleb_00193_Asian(East)_women_id08819,per-clip-v1
0.640309,0,,librispeech_0179,impostor_7,fakeavceleb_01090_African_women_id03713,per-clip-v1
0.538149,0,,librispeech_0179,impostor_8,fakeavceleb_02179_Asian(South)_women_id00043,per-clip-v1
0.537329,0,,librispeech_0179,impostor_9,librispeech_0303,per-clip-v1
0.387778,0,,librispeech_0179,impostor_10,fakeavceleb_00421_Caucasian(European)_men_id00519,per-clip-v1
0.947169,1,,librispeech_0180,genuine,librispeech_0180,per-clip-v1
0.501149,0,,librispeech_0180,impostor_1,fakeavceleb_02250_Asian(South)_women_id01026,per-clip-v1
0.565731,0,,librispeech_0180,impostor_2,fakeavceleb_03862_Caucasian(European)_women_id03941,per-clip-v1
0.570171,0,,librispeech_0180,impostor_3,fakeavceleb_03254_Caucasian(European)_men_id00186,per-clip-v1
0.588592,0,,librispeech_0180,impostor_4,fakeavceleb_02803_Caucasian(American)_men_id01211,per-clip-v1
0.484232,0,,librispeech_0180,impostor_5,fakeavceleb_02121_Asian(South)_men_id07194,per-clip-v1
0.473476,0,,librispeech_0180,impostor_6,fakeavceleb_02187_Asian(South)_women_id00080,per-clip-v1
0.527862,0,,librispeech_0180,impostor_7,fakeavceleb_00359_Caucasian(American)_women_id00272,per-clip-v1
0.589575,0,,librispeech_0180,impostor_8,fakeavceleb_02696_Caucasian(American)_men_id00971,per-clip-v1
0.629462,0,,librispeech_0180,impostor_9,librispeech_0287,per-clip-v1
0.598380,0,,librispeech_0180,impostor_10,librispeech_0292,per-clip-v1
0.819501,1,,librispeech_0181,genuine,librispeech_0181,per-clip-v1
0.536686,0,,librispeech_0181,impostor_1,fakeavceleb_03672_Caucasian(European)_women_id00379,per-clip-v1
0.479574,0,,librispeech_0181,impostor_2,asvspoof_0124,per-clip-v1
0.519425,0,,librispeech_0181,impostor_3,librispeech_0040,per-clip-v1
0.670964,0,,librispeech_0181,impostor_4,librispeech_0009,per-clip-v1
0.557547,0,,librispeech_0181,impostor_5,fakeavceleb_01346_Asian(East)_men_id04111,per-clip-v1
0.531592,0,,librispeech_0181,impostor_6,fakeavceleb_01673_Asian(East)_women_id05576,per-clip-v1
0.494720,0,,librispeech_0181,impostor_7,fakeavceleb_03625_Caucasian(European)_women_id00325,per-clip-v1
0.527994,0,,librispeech_0181,impostor_8,fakeavceleb_03183_Caucasian(American)_women_id03696,per-clip-v1
0.486645,0,,librispeech_0181,impostor_9,librispeech_0022,per-clip-v1
0.500313,0,,librispeech_0181,impostor_10,librispeech_0437,per-clip-v1
0.935502,1,,librispeech_0182,genuine,librispeech_0182,per-clip-v1
0.521299,0,,librispeech_0182,impostor_1,librispeech_0040,per-clip-v1
0.497555,0,,librispeech_0182,impostor_2,fakeavceleb_02557_Caucasian(American)_men_id00049,per-clip-v1
0.614516,0,,librispeech_0182,impostor_3,fakeavceleb_01020_African_women_id02508,per-clip-v1
0.604133,0,,librispeech_0182,impostor_4,librispeech_0460,per-clip-v1
0.410529,0,,librispeech_0182,impostor_5,fakeavceleb_00313_Caucasian(American)_men_id00243,per-clip-v1
0.490535,0,,librispeech_0182,impostor_6,fakeavceleb_00031_African_men_id01637,per-clip-v1
0.480784,0,,librispeech_0182,impostor_7,fakeavceleb_01332_Asian(East)_men_id03889,per-clip-v1
0.515582,0,,librispeech_0182,impostor_8,librispeech_0114,per-clip-v1
0.409925,0,,librispeech_0182,impostor_9,fakeavceleb_02855_Caucasian(American)_men_id04221,per-clip-v1
0.616681,0,,librispeech_0182,impostor_10,librispeech_0147,per-clip-v1
0.945951,1,,librispeech_0183,genuine,librispeech_0183,per-clip-v1
0.588156,0,,librispeech_0183,impostor_1,fakeavceleb_03380_Caucasian(European)_men_id00548,per-clip-v1
0.427782,0,,librispeech_0183,impostor_2,fakeavceleb_03830_Caucasian(European)_women_id03651,per-clip-v1
0.478615,0,,librispeech_0183,impostor_3,fakeavceleb_03433_Caucasian(European)_men_id00963,per-clip-v1
0.560624,0,,librispeech_0183,impostor_4,librispeech_0487,per-clip-v1
0.511395,0,,librispeech_0183,impostor_5,fakeavceleb_02012_Asian(South)_men_id04554,per-clip-v1
0.539600,0,,librispeech_0183,impostor_6,fakeavceleb_02000_Asian(South)_men_id04526,per-clip-v1
0.467391,0,,librispeech_0183,impostor_7,fakeavceleb_01314_Asian(East)_men_id02553,per-clip-v1
0.618175,0,,librispeech_0183,impostor_8,librispeech_0065,per-clip-v1
0.460722,0,,librispeech_0183,impostor_9,fakeavceleb_00984_African_women_id01838,per-clip-v1
0.541482,0,,librispeech_0183,impostor_10,fakeavceleb_02975_Caucasian(American)_women_id00383,per-clip-v1
0.918252,1,,librispeech_0184,genuine,librispeech_0184,per-clip-v1
0.352861,0,,librispeech_0184,impostor_1,fakeavceleb_01799_Asian(East)_women_id08397,per-clip-v1
0.587642,0,,librispeech_0184,impostor_2,fakeavceleb_03219_Caucasian(European)_men_id00063,per-clip-v1
0.504389,0,,librispeech_0184,impostor_3,asvspoof_0185,per-clip-v1
0.571973,0,,librispeech_0184,impostor_4,librispeech_0288,per-clip-v1
0.445196,0,,librispeech_0184,impostor_5,fakeavceleb_00164_Asian(East)_women_id03940,per-clip-v1
0.488754,0,,librispeech_0184,impostor_6,asvspoof_0403,per-clip-v1
0.653962,0,,librispeech_0184,impostor_7,librispeech_0200,per-clip-v1
0.467968,0,,librispeech_0184,impostor_8,asvspoof_0418,per-clip-v1
0.463778,0,,librispeech_0184,impostor_9,fakeavceleb_00543_African_men_id00366,per-clip-v1
0.307144,0,,librispeech_0184,impostor_10,fakeavceleb_02391_Asian(South)_women_id05845,per-clip-v1
0.943519,1,,librispeech_0185,genuine,librispeech_0185,per-clip-v1
0.460714,0,,librispeech_0185,impostor_1,fakeavceleb_01069_African_women_id03569,per-clip-v1
0.514206,0,,librispeech_0185,impostor_2,fakeavceleb_03334_Caucasian(European)_men_id00368,per-clip-v1
0.703918,0,,librispeech_0185,impostor_3,librispeech_0132,per-clip-v1
0.492424,0,,librispeech_0185,impostor_4,fakeavceleb_02488_Asian(South)_women_id07078,per-clip-v1
0.469930,0,,librispeech_0185,impostor_5,fakeavceleb_02150_Asian(South)_men_id07233,per-clip-v1
0.497418,0,,librispeech_0185,impostor_6,fakeavceleb_00363_Caucasian(American)_women_id00385,per-clip-v1
0.480093,0,,librispeech_0185,impostor_7,fakeavceleb_02214_Asian(South)_women_id00417,per-clip-v1
0.659180,0,,librispeech_0185,impostor_8,librispeech_0408,per-clip-v1
0.396594,0,,librispeech_0185,impostor_9,fakeavceleb_03832_Caucasian(European)_women_id03651,per-clip-v1
0.549345,0,,librispeech_0185,impostor_10,fakeavceleb_02540_Caucasian(American)_men_id00021,per-clip-v1
0.912931,1,,librispeech_0186,genuine,librispeech_0186,per-clip-v1
0.473297,0,,librispeech_0186,impostor_1,fakeavceleb_01861_Asian(South)_men_id00033,per-clip-v1
0.492373,0,,librispeech_0186,impostor_2,fakeavceleb_02695_Caucasian(American)_men_id00971,per-clip-v1
0.520968,0,,librispeech_0186,impostor_3,librispeech_0197,per-clip-v1
0.451020,0,,librispeech_0186,impostor_4,fakeavceleb_02283_Asian(South)_women_id03559,per-clip-v1
0.544929,0,,librispeech_0186,impostor_5,librispeech_0274,per-clip-v1
0.537626,0,,librispeech_0186,impostor_6,fakeavceleb_00403_Caucasian(European)_men_id00183,per-clip-v1
0.465687,0,,librispeech_0186,impostor_7,fakeavceleb_01104_African_women_id04055,per-clip-v1
0.426609,0,,librispeech_0186,impostor_8,fakeavceleb_00963_African_women_id01532,per-clip-v1
0.407620,0,,librispeech_0186,impostor_9,fakeavceleb_03796_Caucasian(European)_women_id01001,per-clip-v1
0.518899,0,,librispeech_0186,impostor_10,fakeavceleb_02833_Caucasian(American)_men_id04034,per-clip-v1
0.935136,1,,librispeech_0187,genuine,librispeech_0187,per-clip-v1
0.450337,0,,librispeech_0187,impostor_1,fakeavceleb_03273_Caucasian(European)_men_id00225,per-clip-v1
0.408624,0,,librispeech_0187,impostor_2,fakeavceleb_03277_Caucasian(European)_men_id00241,per-clip-v1
0.560811,0,,librispeech_0187,impostor_3,fakeavceleb_03380_Caucasian(European)_men_id00548,per-clip-v1
0.624373,0,,librispeech_0187,impostor_4,fakeavceleb_01201_Asian(East)_men_id00056,per-clip-v1
0.483517,0,,librispeech_0187,impostor_5,fakeavceleb_00225_Asian(South)_men_id04562,per-clip-v1
0.452565,0,,librispeech_0187,impostor_6,fakeavceleb_02954_Caucasian(American)_women_id00291,per-clip-v1
0.528418,0,,librispeech_0187,impostor_7,fakeavceleb_00894_African_women_id00460,per-clip-v1
0.466473,0,,librispeech_0187,impostor_8,fakeavceleb_03331_Caucasian(European)_men_id00358,per-clip-v1
0.452152,0,,librispeech_0187,impostor_9,asvspoof_0133,per-clip-v1
0.602620,0,,librispeech_0187,impostor_10,librispeech_0341,per-clip-v1
0.919358,1,,librispeech_0188,genuine,librispeech_0188,per-clip-v1
0.632621,0,,librispeech_0188,impostor_1,fakeavceleb_03015_Caucasian(American)_women_id00458,per-clip-v1
0.508659,0,,librispeech_0188,impostor_2,fakeavceleb_03391_Caucasian(European)_men_id00594,per-clip-v1
0.734472,0,,librispeech_0188,impostor_3,librispeech_0137,per-clip-v1
0.704821,0,,librispeech_0188,impostor_4,librispeech_0418,per-clip-v1
0.611846,0,,librispeech_0188,impostor_5,librispeech_0277,per-clip-v1
0.642088,0,,librispeech_0188,impostor_6,fakeavceleb_01104_African_women_id04055,per-clip-v1
0.634724,0,,librispeech_0188,impostor_7,fakeavceleb_03143_Caucasian(American)_women_id01245,per-clip-v1
0.511438,0,,librispeech_0188,impostor_8,fakeavceleb_01268_Asian(East)_men_id01212,per-clip-v1
0.620688,0,,librispeech_0188,impostor_9,librispeech_0337,per-clip-v1
0.401722,0,,librispeech_0188,impostor_10,fakeavceleb_02369_Asian(South)_women_id05434,per-clip-v1
0.800875,1,,librispeech_0189,genuine,librispeech_0189,per-clip-v1
0.570673,0,,librispeech_0189,impostor_1,asvspoof_0208,per-clip-v1
0.490819,0,,librispeech_0189,impostor_2,fakeavceleb_03819_Caucasian(European)_women_id03620,per-clip-v1
0.547805,0,,librispeech_0189,impostor_3,fakeavceleb_02979_Caucasian(American)_women_id00385,per-clip-v1
0.512452,0,,librispeech_0189,impostor_4,fakeavceleb_02142_Asian(South)_men_id07210,per-clip-v1
0.469164,0,,librispeech_0189,impostor_5,fakeavceleb_01769_Asian(East)_women_id07039,per-clip-v1
0.576608,0,,librispeech_0189,impostor_6,fakeavceleb_02137_Asian(South)_men_id07200,per-clip-v1
0.485724,0,,librispeech_0189,impostor_7,fakeavceleb_00877_African_women_id00371,per-clip-v1
0.575002,0,,librispeech_0189,impostor_8,fakeavceleb_01226_Asian(East)_men_id00560,per-clip-v1
0.509728,0,,librispeech_0189,impostor_9,fakeavceleb_02303_Asian(South)_women_id03985,per-clip-v1
0.584046,0,,librispeech_0189,impostor_10,librispeech_0219,per-clip-v1
0.947235,1,,librispeech_0190,genuine,librispeech_0190,per-clip-v1
0.501046,0,,librispeech_0190,impostor_1,fakeavceleb_02935_Caucasian(American)_women_id00231,per-clip-v1
0.471313,0,,librispeech_0190,impostor_2,fakeavceleb_01685_Asian(East)_women_id05631,per-clip-v1
0.521437,0,,librispeech_0190,impostor_3,fakeavceleb_00789_African_men_id02005,per-clip-v1
0.514584,0,,librispeech_0190,impostor_4,fakeavceleb_02229_Asian(South)_women_id00488,per-clip-v1
0.523854,0,,librispeech_0190,impostor_5,fakeavceleb_03003_Caucasian(American)_women_id00431,per-clip-v1
0.502681,0,,librispeech_0190,impostor_6,fakeavceleb_02363_Asian(South)_women_id05434,per-clip-v1
0.582778,0,,librispeech_0190,impostor_7,fakeavceleb_01264_Asian(East)_men_id01212,per-clip-v1
0.434306,0,,librispeech_0190,impostor_8,fakeavceleb_02447_Asian(South)_women_id06437,per-clip-v1
0.397538,0,,librispeech_0190,impostor_9,fakeavceleb_03816_Caucasian(European)_women_id03589,per-clip-v1
0.651999,0,,librispeech_0190,impostor_10,fakeavceleb_00325_Caucasian(American)_men_id01042,per-clip-v1
0.902140,1,,librispeech_0191,genuine,librispeech_0191,per-clip-v1
0.441229,0,,librispeech_0191,impostor_1,fakeavceleb_02338_Asian(South)_women_id04564,per-clip-v1
0.617375,0,,librispeech_0191,impostor_2,librispeech_0285,per-clip-v1
0.527447,0,,librispeech_0191,impostor_3,fakeavceleb_03700_Caucasian(European)_women_id00484,per-clip-v1
0.561299,0,,librispeech_0191,impostor_4,fakeavceleb_01672_Asian(East)_women_id05576,per-clip-v1
0.487431,0,,librispeech_0191,impostor_5,fakeavceleb_01079_African_women_id03656,per-clip-v1
0.585432,0,,librispeech_0191,impostor_6,librispeech_0365,per-clip-v1
0.536123,0,,librispeech_0191,impostor_7,librispeech_0148,per-clip-v1
0.534934,0,,librispeech_0191,impostor_8,librispeech_0153,per-clip-v1
0.519558,0,,librispeech_0191,impostor_9,fakeavceleb_02450_Asian(South)_women_id06438,per-clip-v1
0.696930,0,,librispeech_0191,impostor_10,librispeech_0293,per-clip-v1
0.848366,1,,librispeech_0192,genuine,librispeech_0192,per-clip-v1
0.535155,0,,librispeech_0192,impostor_1,fakeavceleb_01118_African_women_id04376,per-clip-v1
0.519855,0,,librispeech_0192,impostor_2,librispeech_0233,per-clip-v1
0.501288,0,,librispeech_0192,impostor_3,fakeavceleb_03520_Caucasian(European)_men_id03205,per-clip-v1
0.531053,0,,librispeech_0192,impostor_4,fakeavceleb_01848_Asian(East)_women_id09181,per-clip-v1
0.514971,0,,librispeech_0192,impostor_5,fakeavceleb_02281_Asian(South)_women_id03559,per-clip-v1
0.500147,0,,librispeech_0192,impostor_6,fakeavceleb_03618_Caucasian(European)_women_id00287,per-clip-v1
0.608694,0,,librispeech_0192,impostor_7,fakeavceleb_03768_Caucasian(European)_women_id00806,per-clip-v1
0.528467,0,,librispeech_0192,impostor_8,fakeavceleb_00991_African_women_id01907,per-clip-v1
0.601578,0,,librispeech_0192,impostor_9,librispeech_0320,per-clip-v1
0.637285,0,,librispeech_0192,impostor_10,fakeavceleb_01296_Asian(East)_men_id02332,per-clip-v1
0.904385,1,,librispeech_0193,genuine,librispeech_0193,per-clip-v1
0.457940,0,,librispeech_0193,impostor_1,librispeech_0457,per-clip-v1
0.479206,0,,librispeech_0193,impostor_2,fakeavceleb_01345_Asian(East)_men_id04111,per-clip-v1
0.587359,0,,librispeech_0193,impostor_3,fakeavceleb_02906_Caucasian(American)_women_id00145,per-clip-v1
0.423338,0,,librispeech_0193,impostor_4,librispeech_0135,per-clip-v1
0.441515,0,,librispeech_0193,impostor_5,asvspoof_0392,per-clip-v1
0.547787,0,,librispeech_0193,impostor_6,librispeech_0220,per-clip-v1
0.523615,0,,librispeech_0193,impostor_7,librispeech_0408,per-clip-v1
0.543225,0,,librispeech_0193,impostor_8,librispeech_0004,per-clip-v1
0.576139,0,,librispeech_0193,impostor_9,librispeech_0332,per-clip-v1
0.476929,0,,librispeech_0193,impostor_10,fakeavceleb_02783_Caucasian(American)_men_id01201,per-clip-v1
0.875898,1,,librispeech_0194,genuine,librispeech_0194,per-clip-v1
0.666582,0,,librispeech_0194,impostor_1,librispeech_0432,per-clip-v1
0.539920,0,,librispeech_0194,impostor_2,librispeech_0253,per-clip-v1
0.445797,0,,librispeech_0194,impostor_3,fakeavceleb_03513_Caucasian(European)_men_id02567,per-clip-v1
0.509373,0,,librispeech_0194,impostor_4,asvspoof_0206,per-clip-v1
0.493496,0,,librispeech_0194,impostor_5,fakeavceleb_01136_African_women_id04689,per-clip-v1
0.508050,0,,librispeech_0194,impostor_6,fakeavceleb_02015_Asian(South)_men_id04560,per-clip-v1
0.486197,0,,librispeech_0194,impostor_7,fakeavceleb_01633_Asian(East)_women_id03940,per-clip-v1
0.811108,0,,librispeech_0194,impostor_8,librispeech_0139,per-clip-v1
0.606364,0,,librispeech_0194,impostor_9,asvspoof_0173,per-clip-v1
0.480215,0,,librispeech_0194,impostor_10,fakeavceleb_00123_Asian(East)_men_id04691,per-clip-v1
0.931845,1,,librispeech_0195,genuine,librispeech_0195,per-clip-v1
0.422574,0,,librispeech_0195,impostor_1,fakeavceleb_03364_Caucasian(European)_men_id00520,per-clip-v1
0.402779,0,,librispeech_0195,impostor_2,fakeavceleb_02581_Caucasian(American)_men_id00062,per-clip-v1
0.517977,0,,librispeech_0195,impostor_3,asvspoof_0195,per-clip-v1
0.473025,0,,librispeech_0195,impostor_4,librispeech_0344,per-clip-v1
0.533747,0,,librispeech_0195,impostor_5,fakeavceleb_01160_African_women_id05106,per-clip-v1
0.485897,0,,librispeech_0195,impostor_6,fakeavceleb_03544_Caucasian(European)_women_id00068,per-clip-v1
0.408372,0,,librispeech_0195,impostor_7,fakeavceleb_00663_African_men_id01521,per-clip-v1
0.419570,0,,librispeech_0195,impostor_8,librispeech_0358,per-clip-v1
0.551254,0,,librispeech_0195,impostor_9,librispeech_0002,per-clip-v1
0.473402,0,,librispeech_0195,impostor_10,fakeavceleb_03632_Caucasian(European)_women_id00328,per-clip-v1
0.953008,1,,librispeech_0196,genuine,librispeech_0196,per-clip-v1
0.450471,0,,librispeech_0196,impostor_1,fakeavceleb_01652_Asian(East)_women_id04414,per-clip-v1
0.681347,0,,librispeech_0196,impostor_2,librispeech_0207,per-clip-v1
0.586174,0,,librispeech_0196,impostor_3,fakeavceleb_00575_African_men_id00701,per-clip-v1
0.506926,0,,librispeech_0196,impostor_4,librispeech_0089,per-clip-v1
0.526390,0,,librispeech_0196,impostor_5,librispeech_0197,per-clip-v1
0.566917,0,,librispeech_0196,impostor_6,fakeavceleb_00207_Asian(South)_men_id00459,per-clip-v1
0.465769,0,,librispeech_0196,impostor_7,fakeavceleb_03109_Caucasian(American)_women_id01223,per-clip-v1
0.525408,0,,librispeech_0196,impostor_8,fakeavceleb_03736_Caucasian(European)_women_id00589,per-clip-v1
0.497778,0,,librispeech_0196,impostor_9,fakeavceleb_02386_Asian(South)_women_id05478,per-clip-v1
0.669858,0,,librispeech_0196,impostor_10,librispeech_0431,per-clip-v1
0.916360,1,,librispeech_0197,genuine,librispeech_0197,per-clip-v1
0.518637,0,,librispeech_0197,impostor_1,fakeavceleb_00723_African_men_id01637,per-clip-v1
0.402312,0,,librispeech_0197,impostor_2,fakeavceleb_01346_Asian(East)_men_id04111,per-clip-v1
0.545222,0,,librispeech_0197,impostor_3,fakeavceleb_00449_Caucasian(European)_men_id03205,per-clip-v1
0.449992,0,,librispeech_0197,impostor_4,fakeavceleb_01457_Asian(East)_men_id08299,per-clip-v1
0.450959,0,,librispeech_0197,impostor_5,asvspoof_0136,per-clip-v1
0.597891,0,,librispeech_0197,impostor_6,librispeech_0320,per-clip-v1
0.475241,0,,librispeech_0197,impostor_7,librispeech_0062,per-clip-v1
0.510122,0,,librispeech_0197,impostor_8,fakeavceleb_03314_Caucasian(European)_men_id00292,per-clip-v1
0.539745,0,,librispeech_0197,impostor_9,fakeavceleb_03597_Caucasian(European)_women_id00270,per-clip-v1
0.549022,0,,librispeech_0197,impostor_10,librispeech_0194,per-clip-v1
0.937310,1,,librispeech_0198,genuine,librispeech_0198,per-clip-v1
0.480194,0,,librispeech_0198,impostor_1,librispeech_0124,per-clip-v1
0.571682,0,,librispeech_0198,impostor_2,librispeech_0488,per-clip-v1
0.382337,0,,librispeech_0198,impostor_3,fakeavceleb_01970_Asian(South)_men_id00857,per-clip-v1
0.448859,0,,librispeech_0198,impostor_4,fakeavceleb_02015_Asian(South)_men_id04560,per-clip-v1
0.754684,0,,librispeech_0198,impostor_5,librispeech_0349,per-clip-v1
0.477074,0,,librispeech_0198,impostor_6,fakeavceleb_01994_Asian(South)_men_id03945,per-clip-v1
0.592944,0,,librispeech_0198,impostor_7,librispeech_0211,per-clip-v1
0.405625,0,,librispeech_0198,impostor_8,fakeavceleb_01604_Asian(East)_women_id02587,per-clip-v1
0.446507,0,,librispeech_0198,impostor_9,librispeech_0303,per-clip-v1
0.461271,0,,librispeech_0198,impostor_10,fakeavceleb_00415_Caucasian(European)_men_id00305,per-clip-v1
0.965764,1,,librispeech_0199,genuine,librispeech_0199,per-clip-v1
0.376158,0,,librispeech_0199,impostor_1,fakeavceleb_02390_Asian(South)_women_id05845,per-clip-v1
0.449278,0,,librispeech_0199,impostor_2,fakeavceleb_03013_Caucasian(American)_women_id00458,per-clip-v1
0.526503,0,,librispeech_0199,impostor_3,fakeavceleb_02682_Caucasian(American)_men_id00777,per-clip-v1
0.598941,0,,librispeech_0199,impostor_4,asvspoof_0064,per-clip-v1
0.388627,0,,librispeech_0199,impostor_5,fakeavceleb_02447_Asian(South)_women_id06437,per-clip-v1
0.683308,0,,librispeech_0199,impostor_6,librispeech_0315,per-clip-v1
0.562879,0,,librispeech_0199,impostor_7,librispeech_0161,per-clip-v1
0.482621,0,,librispeech_0199,impostor_8,fakeavceleb_00654_African_men_id01452,per-clip-v1
0.447731,0,,librispeech_0199,impostor_9,fakeavceleb_03079_Caucasian(American)_women_id00848,per-clip-v1
0.571062,0,,librispeech_0199,impostor_10,fakeavceleb_00818_African_men_id02296,per-clip-v1
0.947445,1,,librispeech_0200,genuine,librispeech_0200,per-clip-v1
0.499931,0,,librispeech_0200,impostor_1,fakeavceleb_00853_African_men_id04727,per-clip-v1
0.485968,0,,librispeech_0200,impostor_2,fakeavceleb_00518_African_men_id00166,per-clip-v1
0.537101,0,,librispeech_0200,impostor_3,fakeavceleb_00587_African_men_id00830,per-clip-v1
0.459235,0,,librispeech_0200,impostor_4,fakeavceleb_02937_Caucasian(American)_women_id00231,per-clip-v1
0.670143,0,,librispeech_0200,impostor_5,librispeech_0311,per-clip-v1
0.585195,0,,librispeech_0200,impostor_6,fakeavceleb_03473_Caucasian(European)_men_id01099,per-clip-v1
0.669836,0,,librispeech_0200,impostor_7,librispeech_0046,per-clip-v1
0.484925,0,,librispeech_0200,impostor_8,librispeech_0488,per-clip-v1
0.560511,0,,librispeech_0200,impostor_9,librispeech_0257,per-clip-v1
0.633913,0,,librispeech_0200,impostor_10,librispeech_0412,per-clip-v1
0.929064,1,,librispeech_0201,genuine,librispeech_0201,per-clip-v1
0.400770,0,,librispeech_0201,impostor_1,fakeavceleb_02286_Asian(South)_women_id03815,per-clip-v1
0.458510,0,,librispeech_0201,impostor_2,fakeavceleb_03578_Caucasian(European)_women_id00232,per-clip-v1
0.465898,0,,librispeech_0201,impostor_3,fakeavceleb_01653_Asian(East)_women_id04414,per-clip-v1
0.612200,0,,librispeech_0201,impostor_4,librispeech_0364,per-clip-v1
0.506867,0,,librispeech_0201,impostor_5,asvspoof_0297,per-clip-v1
0.535101,0,,librispeech_0201,impostor_6,fakeavceleb_01431_Asian(East)_men_id06594,per-clip-v1
0.421937,0,,librispeech_0201,impostor_7,librispeech_0474,per-clip-v1
0.599908,0,,librispeech_0201,impostor_8,fakeavceleb_02589_Caucasian(American)_men_id00087,per-clip-v1
0.554665,0,,librispeech_0201,impostor_9,fakeavceleb_02283_Asian(South)_women_id03559,per-clip-v1
0.536159,0,,librispeech_0201,impostor_10,fakeavceleb_00419_Caucasian(European)_men_id00415,per-clip-v1
0.943555,1,,librispeech_0202,genuine,librispeech_0202,per-clip-v1
0.518946,0,,librispeech_0202,impostor_1,fakeavceleb_02591_Caucasian(American)_men_id00088,per-clip-v1
0.497980,0,,librispeech_0202,impostor_2,fakeavceleb_00236_Asian(South)_men_id07163,per-clip-v1
0.552660,0,,librispeech_0202,impostor_3,librispeech_0268,per-clip-v1
0.439577,0,,librispeech_0202,impostor_4,librispeech_0022,per-clip-v1
0.522475,0,,librispeech_0202,impostor_5,asvspoof_0097,per-clip-v1
0.457950,0,,librispeech_0202,impostor_6,fakeavceleb_02986_Caucasian(American)_women_id00398,per-clip-v1
0.564753,0,,librispeech_0202,impostor_7,librispeech_0397,per-clip-v1
0.366290,0,,librispeech_0202,impostor_8,fakeavceleb_03743_Caucasian(European)_women_id00591,per-clip-v1
0.549259,0,,librispeech_0202,impostor_9,librispeech_0334,per-clip-v1
0.395914,0,,librispeech_0202,impostor_10,fakeavceleb_02297_Asian(South)_women_id03985,per-clip-v1
0.944097,1,,librispeech_0203,genuine,librispeech_0203,per-clip-v1
0.615349,0,,librispeech_0203,impostor_1,librispeech_0123,per-clip-v1
0.485857,0,,librispeech_0203,impostor_2,fakeavceleb_03169_Caucasian(American)_women_id02466,per-clip-v1
0.486289,0,,librispeech_0203,impostor_3,fakeavceleb_02162_Asian(South)_men_id08313,per-clip-v1
0.419747,0,,librispeech_0203,impostor_4,fakeavceleb_02968_Caucasian(American)_women_id00381,per-clip-v1
0.440353,0,,librispeech_0203,impostor_5,fakeavceleb_03333_Caucasian(European)_men_id00368,per-clip-v1
0.514000,0,,librispeech_0203,impostor_6,fakeavceleb_03350_Caucasian(European)_men_id00498,per-clip-v1
0.536382,0,,librispeech_0203,impostor_7,librispeech_0411,per-clip-v1
0.488183,0,,librispeech_0203,impostor_8,fakeavceleb_01339_Asian(East)_men_id03965,per-clip-v1
0.481207,0,,librispeech_0203,impostor_9,fakeavceleb_00195_Asian(East)_women_id09125,per-clip-v1
0.480520,0,,librispeech_0203,impostor_10,fakeavceleb_00557_African_men_id00476,per-clip-v1
0.917009,1,,librispeech_0204,genuine,librispeech_0204,per-clip-v1
0.544080,0,,librispeech_0204,impostor_1,librispeech_0399,per-clip-v1
0.528190,0,,librispeech_0204,impostor_2,fakeavceleb_03600_Caucasian(European)_women_id00271,per-clip-v1
0.539865,0,,librispeech_0204,impostor_3,librispeech_0217,per-clip-v1
0.677413,0,,librispeech_0204,impostor_4,asvspoof_0055,per-clip-v1
0.694456,0,,librispeech_0204,impostor_5,librispeech_0454,per-clip-v1
0.577031,0,,librispeech_0204,impostor_6,librispeech_0229,per-clip-v1
0.453163,0,,librispeech_0204,impostor_7,fakeavceleb_01999_Asian(South)_men_id04526,per-clip-v1
0.446853,0,,librispeech_0204,impostor_8,fakeavceleb_03389_Caucasian(European)_men_id00559,per-clip-v1
0.514850,0,,librispeech_0204,impostor_9,fakeavceleb_01539_Asian(East)_women_id00566,per-clip-v1
0.469066,0,,librispeech_0204,impostor_10,asvspoof_0108,per-clip-v1
0.915204,1,,librispeech_0205,genuine,librispeech_0205,per-clip-v1
0.465871,0,,librispeech_0205,impostor_1,librispeech_0197,per-clip-v1
0.624850,0,,librispeech_0205,impostor_2,librispeech_0355,per-clip-v1
0.418720,0,,librispeech_0205,impostor_3,fakeavceleb_00060_African_women_id01178,per-clip-v1
0.535180,0,,librispeech_0205,impostor_4,fakeavceleb_00199_Asian(East)_women_id09181,per-clip-v1
0.591256,0,,librispeech_0205,impostor_5,librispeech_0074,per-clip-v1
0.554019,0,,librispeech_0205,impostor_6,fakeavceleb_01422_Asian(East)_men_id06470,per-clip-v1
0.659560,0,,librispeech_0205,impostor_7,librispeech_0400,per-clip-v1
0.402407,0,,librispeech_0205,impostor_8,fakeavceleb_01690_Asian(East)_women_id05844,per-clip-v1
0.643940,0,,librispeech_0205,impostor_9,librispeech_0285,per-clip-v1
0.568347,0,,librispeech_0205,impostor_10,librispeech_0224,per-clip-v1
0.909248,1,,librispeech_0206,genuine,librispeech_0206,per-clip-v1
0.606407,0,,librispeech_0206,impostor_1,fakeavceleb_02839_Caucasian(American)_men_id04216,per-clip-v1
0.447946,0,,librispeech_0206,impostor_2,librispeech_0021,per-clip-v1
0.490300,0,,librispeech_0206,impostor_3,fakeavceleb_03190_Caucasian(American)_women_id03707,per-clip-v1
0.541022,0,,librispeech_0206,impostor_4,fakeavceleb_00762_African_men_id01933,per-clip-v1
0.503709,0,,librispeech_0206,impostor_5,librispeech_0039,per-clip-v1
0.562288,0,,librispeech_0206,impostor_6,fakeavceleb_03101_Caucasian(American)_women_id01091,per-clip-v1
0.506448,0,,librispeech_0206,impostor_7,fakeavceleb_00183_Asian(East)_women_id06443,per-clip-v1
0.485514,0,,librispeech_0206,impostor_8,fakeavceleb_00267_Asian(South)_women_id04070,per-clip-v1
0.437676,0,,librispeech_0206,impostor_9,fakeavceleb_03237_Caucasian(European)_men_id00183,per-clip-v1
0.564308,0,,librispeech_0206,impostor_10,fakeavceleb_00570_African_men_id00518,per-clip-v1
0.945700,1,,librispeech_0207,genuine,librispeech_0207,per-clip-v1
0.597143,0,,librispeech_0207,impostor_1,asvspoof_0171,per-clip-v1
0.520433,0,,librispeech_0207,impostor_2,fakeavceleb_03116_Caucasian(American)_women_id01225,per-clip-v1
0.470936,0,,librispeech_0207,impostor_3,fakeavceleb_01382_Asian(East)_men_id05268,per-clip-v1
0.616242,0,,librispeech_0207,impostor_4,librispeech_0226,per-clip-v1
0.591920,0,,librispeech_0207,impostor_5,fakeavceleb_00758_African_men_id01920,per-clip-v1
0.530784,0,,librispeech_0207,impostor_6,librispeech_0279,per-clip-v1
0.475534,0,,librispeech_0207,impostor_7,librispeech_0326,per-clip-v1
0.520325,0,,librispeech_0207,impostor_8,librispeech_0254,per-clip-v1
0.531972,0,,librispeech_0207,impostor_9,fakeavceleb_01075_African_women_id03569,per-clip-v1
0.571514,0,,librispeech_0207,impostor_10,fakeavceleb_01261_Asian(East)_men_id01204,per-clip-v1
0.920897,1,,librispeech_0208,genuine,librispeech_0208,per-clip-v1
0.533302,0,,librispeech_0208,impostor_1,fakeavceleb_00115_Asian(East)_men_id02561,per-clip-v1
0.530665,0,,librispeech_0208,impostor_2,fakeavceleb_01736_Asian(East)_women_id06225,per-clip-v1
0.487554,0,,librispeech_0208,impostor_3,fakeavceleb_02792_Caucasian(American)_men_id01210,per-clip-v1
0.617727,0,,librispeech_0208,impostor_4,fakeavceleb_01803_Asian(East)_women_id08397,per-clip-v1
0.451064,0,,librispeech_0208,impostor_5,fakeavceleb_03303_Caucasian(European)_men_id00266,per-clip-v1
0.563514,0,,librispeech_0208,impostor_6,asvspoof_0411,per-clip-v1
0.507736,0,,librispeech_0208,impostor_7,fakeavceleb_00679_African_men_id01530,per-clip-v1
0.487628,0,,librispeech_0208,impostor_8,fakeavceleb_01852_Asian(South)_men_id00032,per-clip-v1
0.397113,0,,librispeech_0208,impostor_9,fakeavceleb_00834_African_men_id02494,per-clip-v1
0.523316,0,,librispeech_0208,impostor_10,fakeavceleb_02464_Asian(South)_women_id06445,per-clip-v1
0.901294,1,,librispeech_0209,genuine,librispeech_0209,per-clip-v1
0.423073,0,,librispeech_0209,impostor_1,fakeavceleb_00126_Asian(East)_men_id04789,per-clip-v1
0.544256,0,,librispeech_0209,impostor_2,librispeech_0326,per-clip-v1
0.459739,0,,librispeech_0209,impostor_3,librispeech_0469,per-clip-v1
0.451824,0,,librispeech_0209,impostor_4,fakeavceleb_02511_Asian(South)_women_id07686,per-clip-v1
0.666983,0,,librispeech_0209,impostor_5,fakeavceleb_03544_Caucasian(European)_women_id00068,per-clip-v1
0.613283,0,,librispeech_0209,impostor_6,fakeavceleb_01061_African_women_id02948,per-clip-v1
0.527839,0,,librispeech_0209,impostor_7,librispeech_0442,per-clip-v1
0.553274,0,,librispeech_0209,impostor_8,fakeavceleb_00291_Asian(South)_women_id07008,per-clip-v1
0.559892,0,,librispeech_0209,impostor_9,librispeech_0370,per-clip-v1
0.582162,0,,librispeech_0209,impostor_10,fakeavceleb_01107_African_women_id04245,per-clip-v1
0.960370,1,,librispeech_0210,genuine,librispeech_0210,per-clip-v1
0.566816,0,,librispeech_0210,impostor_1,librispeech_0400,per-clip-v1
0.400215,0,,librispeech_0210,impostor_2,fakeavceleb_02396_Asian(South)_women_id05920,per-clip-v1
0.418765,0,,librispeech_0210,impostor_3,fakeavceleb_00025_African_men_id01528,per-clip-v1
0.475154,0,,librispeech_0210,impostor_4,librispeech_0315,per-clip-v1
0.456989,0,,librispeech_0210,impostor_5,librispeech_0344,per-clip-v1
0.645165,0,,librispeech_0210,impostor_6,librispeech_0061,per-clip-v1
0.576488,0,,librispeech_0210,impostor_7,fakeavceleb_03456_Caucasian(European)_men_id01052,per-clip-v1
0.398016,0,,librispeech_0210,impostor_8,fakeavceleb_01999_Asian(South)_men_id04526,per-clip-v1
0.439791,0,,librispeech_0210,impostor_9,asvspoof_0296,per-clip-v1
0.434022,0,,librispeech_0210,impostor_10,fakeavceleb_03169_Caucasian(American)_women_id02466,per-clip-v1
0.925298,1,,librispeech_0211,genuine,librispeech_0211,per-clip-v1
0.587015,0,,librispeech_0211,impostor_1,fakeavceleb_02383_Asian(South)_women_id05478,per-clip-v1
0.546604,0,,librispeech_0211,impostor_2,librispeech_0084,per-clip-v1
0.517669,0,,librispeech_0211,impostor_3,fakeavceleb_00195_Asian(East)_women_id09125,per-clip-v1
0.582609,0,,librispeech_0211,impostor_4,fakeavceleb_00193_Asian(East)_women_id08819,per-clip-v1
0.703666,0,,librispeech_0211,impostor_5,librispeech_0420,per-clip-v1
0.638095,0,,librispeech_0211,impostor_6,librispeech_0438,per-clip-v1
0.541076,0,,librispeech_0211,impostor_7,librispeech_0143,per-clip-v1
0.646842,0,,librispeech_0211,impostor_8,librispeech_0396,per-clip-v1
0.580715,0,,librispeech_0211,impostor_9,fakeavceleb_01096_African_women_id03747,per-clip-v1
0.650553,0,,librispeech_0211,impostor_10,asvspoof_0328,per-clip-v1
0.955679,1,,librispeech_0212,genuine,librispeech_0212,per-clip-v1
0.460985,0,,librispeech_0212,impostor_1,librispeech_0021,per-clip-v1
0.598126,0,,librispeech_0212,impostor_2,fakeavceleb_02816_Caucasian(American)_men_id03668,per-clip-v1
0.530400,0,,librispeech_0212,impostor_3,fakeavceleb_01401_Asian(East)_men_id06152,per-clip-v1
0.551768,0,,librispeech_0212,impostor_4,librispeech_0400,per-clip-v1
0.493058,0,,librispeech_0212,impostor_5,fakeavceleb_00518_African_men_id00166,per-clip-v1
0.520354,0,,librispeech_0212,impostor_6,asvspoof_0451,per-clip-v1
0.460282,0,,librispeech_0212,impostor_7,fakeavceleb_00910_African_women_id00592,per-clip-v1
0.372497,0,,librispeech_0212,impostor_8,fakeavceleb_01099_African_women_id04055,per-clip-v1
0.611938,0,,librispeech_0212,impostor_9,librispeech_0409,per-clip-v1
0.655186,0,,librispeech_0212,impostor_10,librispeech_0300,per-clip-v1
0.942274,1,,librispeech_0213,genuine,librispeech_0213,per-clip-v1
0.481220,0,,librispeech_0213,impostor_1,asvspoof_0446,per-clip-v1
0.497156,0,,librispeech_0213,impostor_2,fakeavceleb_01152_African_women_id04939,per-clip-v1
0.427272,0,,librispeech_0213,impostor_3,fakeavceleb_01717_Asian(East)_women_id06065,per-clip-v1
0.601977,0,,librispeech_0213,impostor_4,fakeavceleb_02757_Caucasian(American)_men_id01172,per-clip-v1
0.491657,0,,librispeech_0213,impostor_5,fakeavceleb_00021_African_men_id01236,per-clip-v1
0.498608,0,,librispeech_0213,impostor_6,asvspoof_0403,per-clip-v1
0.745290,0,,librispeech_0213,impostor_7,fakeavceleb_02737_Caucasian(American)_men_id01124,per-clip-v1
0.543157,0,,librispeech_0213,impostor_8,fakeavceleb_01987_Asian(South)_men_id03344,per-clip-v1
0.384888,0,,librispeech_0213,impostor_9,asvspoof_0118,per-clip-v1
0.626370,0,,librispeech_0213,impostor_10,fakeavceleb_01438_Asian(East)_men_id06776,per-clip-v1
0.948292,1,,librispeech_0214,genuine,librispeech_0214,per-clip-v1
0.514303,0,,librispeech_0214,impostor_1,fakeavceleb_02058_Asian(South)_men_id06354,per-clip-v1
0.702645,0,,librispeech_0214,impostor_2,librispeech_0044,per-clip-v1
0.452820,0,,librispeech_0214,impostor_3,fakeavceleb_01598_Asian(East)_women_id01451,per-clip-v1
0.635556,0,,librispeech_0214,impostor_4,librispeech_0353,per-clip-v1
0.456778,0,,librispeech_0214,impostor_5,fakeavceleb_02230_Asian(South)_women_id00488,per-clip-v1
0.486528,0,,librispeech_0214,impostor_6,fakeavceleb_03457_Caucasian(European)_men_id01052,per-clip-v1
0.569306,0,,librispeech_0214,impostor_7,librispeech_0137,per-clip-v1
0.476017,0,,librispeech_0214,impostor_8,fakeavceleb_03518_Caucasian(European)_men_id03205,per-clip-v1
0.675800,0,,librispeech_0214,impostor_9,librispeech_0321,per-clip-v1
0.466714,0,,librispeech_0214,impostor_10,fakeavceleb_01683_Asian(East)_women_id05631,per-clip-v1
0.954029,1,,librispeech_0215,genuine,librispeech_0215,per-clip-v1
0.569094,0,,librispeech_0215,impostor_1,fakeavceleb_01347_Asian(East)_men_id04222,per-clip-v1
0.631452,0,,librispeech_0215,impostor_2,librispeech_0440,per-clip-v1
0.485693,0,,librispeech_0215,impostor_3,asvspoof_0450,per-clip-v1
0.578960,0,,librispeech_0215,impostor_4,fakeavceleb_03123_Caucasian(American)_women_id01227,per-clip-v1
0.599603,0,,librispeech_0215,impostor_5,librispeech_0227,per-clip-v1
0.564836,0,,librispeech_0215,impostor_6,librispeech_0326,per-clip-v1
0.527899,0,,librispeech_0215,impostor_7,fakeavceleb_02905_Caucasian(American)_women_id00145,per-clip-v1
0.466338,0,,librispeech_0215,impostor_8,asvspoof_0093,per-clip-v1
0.430255,0,,librispeech_0215,impostor_9,fakeavceleb_01982_Asian(South)_men_id03180,per-clip-v1
0.517736,0,,librispeech_0215,impostor_10,librispeech_0241,per-clip-v1
0.949960,1,,librispeech_0216,genuine,librispeech_0216,per-clip-v1
0.535829,0,,librispeech_0216,impostor_1,librispeech_0329,per-clip-v1
0.408563,0,,librispeech_0216,impostor_2,fakeavceleb_00455_Caucasian(European)_women_id00234,per-clip-v1
0.560728,0,,librispeech_0216,impostor_3,librispeech_0373,per-clip-v1
0.498808,0,,librispeech_0216,impostor_4,fakeavceleb_00844_African_men_id02494,per-clip-v1
0.604227,0,,librispeech_0216,impostor_5,fakeavceleb_00728_African_men_id01691,per-clip-v1
0.487522,0,,librispeech_0216,impostor_6,librispeech_0396,per-clip-v1
0.593879,0,,librispeech_0216,impostor_7,fakeavceleb_03248_Caucasian(European)_men_id00186,per-clip-v1
0.560987,0,,librispeech_0216,impostor_8,fakeavceleb_03415_Caucasian(European)_men_id00919,per-clip-v1
0.486190,0,,librispeech_0216,impostor_9,fakeavceleb_02429_Asian(South)_women_id06343,per-clip-v1
0.513471,0,,librispeech_0216,impostor_10,fakeavceleb_03325_Caucasian(European)_men_id00305,per-clip-v1
0.954933,1,,librispeech_0217,genuine,librispeech_0217,per-clip-v1
0.548559,0,,librispeech_0217,impostor_1,fakeavceleb_03355_Caucasian(European)_men_id00519,per-clip-v1
0.472410,0,,librispeech_0217,impostor_2,fakeavceleb_01839_Asian(East)_women_id09174,per-clip-v1
0.495850,0,,librispeech_0217,impostor_3,fakeavceleb_02494_Asian(South)_women_id07136,per-clip-v1
0.525425,0,,librispeech_0217,impostor_4,asvspoof_0147,per-clip-v1
0.534786,0,,librispeech_0217,impostor_5,fakeavceleb_01116_African_women_id04376,per-clip-v1
0.627315,0,,librispeech_0217,impostor_6,fakeavceleb_00588_African_men_id00830,per-clip-v1
0.420012,0,,librispeech_0217,impostor_7,librispeech_0427,per-clip-v1
0.600889,0,,librispeech_0217,impostor_8,fakeavceleb_01871_Asian(South)_men_id00078,per-clip-v1
0.490204,0,,librispeech_0217,impostor_9,fakeavceleb_02750_Caucasian(American)_men_id01168,per-clip-v1
0.540792,0,,librispeech_0217,impostor_10,fakeavceleb_01675_Asian(East)_women_id05620,per-clip-v1
0.930721,1,,librispeech_0218,genuine,librispeech_0218,per-clip-v1
0.481659,0,,librispeech_0218,impostor_1,fakeavceleb_02591_Caucasian(American)_men_id00088,per-clip-v1
0.475013,0,,librispeech_0218,impostor_2,fakeavceleb_01982_Asian(South)_men_id03180,per-clip-v1
0.535623,0,,librispeech_0218,impostor_3,librispeech_0387,per-clip-v1
0.576262,0,,librispeech_0218,impostor_4,librispeech_0367,per-clip-v1
0.530972,0,,librispeech_0218,impostor_5,fakeavceleb_01966_Asian(South)_men_id00857,per-clip-v1
0.515236,0,,librispeech_0218,impostor_6,fakeavceleb_01763_Asian(East)_women_id06462,per-clip-v1
0.583465,0,,librispeech_0218,impostor_7,fakeavceleb_02887_Caucasian(American)_women_id00098,per-clip-v1
0.471541,0,,librispeech_0218,impostor_8,asvspoof_0407,per-clip-v1
0.724340,0,,librispeech_0218,impostor_9,librispeech_0446,per-clip-v1
0.456621,0,,librispeech_0218,impostor_10,fakeavceleb_00531_African_men_id00366,per-clip-v1
0.948534,1,,librispeech_0219,genuine,librispeech_0219,per-clip-v1
0.456898,0,,librispeech_0219,impostor_1,fakeavceleb_01390_Asian(East)_men_id05332,per-clip-v1
0.406262,0,,librispeech_0219,impostor_2,fakeavceleb_01430_Asian(East)_men_id06594,per-clip-v1
0.636369,0,,librispeech_0219,impostor_3,librispeech_0348,per-clip-v1
0.449844,0,,librispeech_0219,impostor_4,fakeavceleb_01952_Asian(South)_men_id00773,per-clip-v1
0.496569,0,,librispeech_0219,impostor_5,fakeavceleb_00585_African_men_id00781,per-clip-v1
0.375724,0,,librispeech_0219,impostor_6,fakeavceleb_02839_Caucasian(American)_men_id04216,per-clip-v1
0.561958,0,,librispeech_0219,impostor_7,fakeavceleb_02431_Asian(South)_women_id06343,per-clip-v1
0.582839,0,,librispeech_0219,impostor_8,librispeech_0411,per-clip-v1
0.565855,0,,librispeech_0219,impostor_9,librispeech_0148,per-clip-v1
0.595905,0,,librispeech_0219,impostor_10,librispeech_0163,per-clip-v1
0.900902,1,,librispeech_0220,genuine,librispeech_0220,per-clip-v1
0.528410,0,,librispeech_0220,impostor_1,fakeavceleb_00528_African_men_id00173,per-clip-v1
0.567108,0,,librispeech_0220,impostor_2,librispeech_0065,per-clip-v1
0.485037,0,,librispeech_0220,impostor_3,asvspoof_0427,per-clip-v1
0.475368,0,,librispeech_0220,impostor_4,fakeavceleb_00134_Asian(East)_men_id06269,per-clip-v1
0.504233,0,,librispeech_0220,impostor_5,fakeavceleb_01910_Asian(South)_men_id00414,per-clip-v1
0.625910,0,,librispeech_0220,impostor_6,librispeech_0438,per-clip-v1
0.385408,0,,librispeech_0220,impostor_7,fakeavceleb_01193_African_women_id05252,per-clip-v1
0.460680,0,,librispeech_0220,impostor_8,fakeavceleb_01079_African_women_id03656,per-clip-v1
0.526749,0,,librispeech_0220,impostor_9,fakeavceleb_02485_Asian(South)_women_id07078,per-clip-v1
0.564804,0,,librispeech_0220,impostor_10,librispeech_0286,per-clip-v1
0.948734,1,,librispeech_0221,genuine,librispeech_0221,per-clip-v1
0.497319,0,,librispeech_0221,impostor_1,fakeavceleb_01344_Asian(East)_men_id04111,per-clip-v1
0.581733,0,,librispeech_0221,impostor_2,asvspoof_0182,per-clip-v1
0.553276,0,,librispeech_0221,impostor_3,librispeech_0102,per-clip-v1
0.475498,0,,librispeech_0221,impostor_4,fakeavceleb_03593_Caucasian(European)_women_id00270,per-clip-v1
0.438344,0,,librispeech_0221,impostor_5,fakeavceleb_01286_Asian(East)_men_id01589,per-clip-v1
0.438098,0,,librispeech_0221,impostor_6,fakeavceleb_02104_Asian(South)_men_id07163,per-clip-v1
0.564560,0,,librispeech_0221,impostor_7,fakeavceleb_01085_African_women_id03713,per-clip-v1
0.527937,0,,librispeech_0221,impostor_8,librispeech_0028,per-clip-v1
0.492510,0,,librispeech_0221,impostor_9,librispeech_0064,per-clip-v1
0.492073,0,,librispeech_0221,impostor_10,fakeavceleb_02332_Asian(South)_women_id04530,per-clip-v1
0.951308,1,,librispeech_0222,genuine,librispeech_0222,per-clip-v1
0.514136,0,,librispeech_0222,impostor_1,fakeavceleb_02508_Asian(South)_women_id07686,per-clip-v1
0.486496,0,,librispeech_0222,impostor_2,fakeavceleb_01646_Asian(East)_women_id04144,per-clip-v1
0.607330,0,,librispeech_0222,impostor_3,librispeech_0348,per-clip-v1
0.529812,0,,librispeech_0222,impostor_4,fakeavceleb_01354_Asian(East)_men_id04687,per-clip-v1
0.433576,0,,librispeech_0222,impostor_5,fakeavceleb_03489_Caucasian(European)_men_id01123,per-clip-v1
0.465456,0,,librispeech_0222,impostor_6,fakeavceleb_00137_Asian(East)_men_id06535,per-clip-v1
0.530150,0,,librispeech_0222,impostor_7,librispeech_0221,per-clip-v1
0.461075,0,,librispeech_0222,impostor_8,fakeavceleb_02874_Caucasian(American)_women_id00097,per-clip-v1
0.610347,0,,librispeech_0222,impostor_9,librispeech_0360,per-clip-v1
0.559989,0,,librispeech_0222,impostor_10,fakeavceleb_02150_Asian(South)_men_id07233,per-clip-v1
0.937128,1,,librispeech_0223,genuine,librispeech_0223,per-clip-v1
0.449493,0,,librispeech_0223,impostor_1,fakeavceleb_01011_African_women_id02301,per-clip-v1
0.555251,0,,librispeech_0223,impostor_2,fakeavceleb_00142_Asian(East)_men_id06878,per-clip-v1
0.586414,0,,librispeech_0223,impostor_3,librispeech_0329,per-clip-v1
0.608384,0,,librispeech_0223,impostor_4,librispeech_0390,per-clip-v1
0.614797,0,,librispeech_0223,impostor_5,librispeech_0104,per-clip-v1
0.402929,0,,librispeech_0223,impostor_6,fakeavceleb_01786_Asian(East)_women_id07901,per-clip-v1
0.404270,0,,librispeech_0223,impostor_7,fakeavceleb_03836_Caucasian(European)_women_id03651,per-clip-v1
0.415263,0,,librispeech_0223,impostor_8,fakeavceleb_02115_Asian(South)_men_id07182,per-clip-v1
0.646528,0,,librispeech_0223,impostor_9,asvspoof_0420,per-clip-v1
0.578669,0,,librispeech_0223,impostor_10,librispeech_0186,per-clip-v1
0.865070,1,,librispeech_0224,genuine,librispeech_0224,per-clip-v1
0.678340,0,,librispeech_0224,impostor_1,librispeech_0042,per-clip-v1
0.791469,0,,librispeech_0224,impostor_2,librispeech_0355,per-clip-v1
0.401233,0,,librispeech_0224,impostor_3,fakeavceleb_01804_Asian(East)_women_id08397,per-clip-v1
0.474489,0,,librispeech_0224,impostor_4,fakeavceleb_01811_Asian(East)_women_id08819,per-clip-v1
0.551557,0,,librispeech_0224,impostor_5,fakeavceleb_02833_Caucasian(American)_men_id04034,per-clip-v1
0.474695,0,,librispeech_0224,impostor_6,fakeavceleb_03229_Caucasian(European)_men_id00171,per-clip-v1
0.479891,0,,librispeech_0224,impostor_7,fakeavceleb_00553_African_men_id00475,per-clip-v1
0.541875,0,,librispeech_0224,impostor_8,fakeavceleb_02522_Caucasian(American)_men_id00018,per-clip-v1
0.516500,0,,librispeech_0224,impostor_9,fakeavceleb_00417_Caucasian(European)_men_id00358,per-clip-v1
0.447567,0,,librispeech_0224,impostor_10,fakeavceleb_02012_Asian(South)_men_id04554,per-clip-v1
0.937356,1,,librispeech_0225,genuine,librispeech_0225,per-clip-v1
0.405524,0,,librispeech_0225,impostor_1,fakeavceleb_03610_Caucasian(European)_women_id00271,per-clip-v1
0.542086,0,,librispeech_0225,impostor_2,fakeavceleb_00845_African_men_id02494,per-clip-v1
0.590473,0,,librispeech_0225,impostor_3,fakeavceleb_01761_Asian(East)_women_id06462,per-clip-v1
0.524241,0,,librispeech_0225,impostor_4,fakeavceleb_01178_African_women_id05235,per-clip-v1
0.502630,0,,librispeech_0225,impostor_5,fakeavceleb_01223_Asian(East)_men_id00560,per-clip-v1
0.418098,0,,librispeech_0225,impostor_6,fakeavceleb_00093_African_women_id04939,per-clip-v1
0.496673,0,,librispeech_0225,impostor_7,fakeavceleb_02626_Caucasian(American)_men_id00264,per-clip-v1
0.418203,0,,librispeech_0225,impostor_8,fakeavceleb_00135_Asian(East)_men_id06467,per-clip-v1
0.567288,0,,librispeech_0225,impostor_9,fakeavceleb_01341_Asian(East)_men_id03965,per-clip-v1
0.492520,0,,librispeech_0225,impostor_10,fakeavceleb_00686_African_men_id01530,per-clip-v1
0.965038,1,,librispeech_0226,genuine,librispeech_0226,per-clip-v1
0.656894,0,,librispeech_0226,impostor_1,fakeavceleb_00490_Caucasian(European)_women_id03371,per-clip-v1
0.577194,0,,librispeech_0226,impostor_2,librispeech_0217,per-clip-v1
0.565562,0,,librispeech_0226,impostor_3,fakeavceleb_00899_African_women_id00568,per-clip-v1
0.634671,0,,librispeech_0226,impostor_4,fakeavceleb_03650_Caucasian(European)_women_id00365,per-clip-v1
0.516936,0,,librispeech_0226,impostor_5,librispeech_0362,per-clip-v1
0.652854,0,,librispeech_0226,impostor_6,asvspoof_0229,per-clip-v1
0.671183,0,,librispeech_0226,impostor_7,librispeech_0096,per-clip-v1
0.465360,0,,librispeech_0226,impostor_8,librispeech_0235,per-clip-v1
0.557450,0,,librispeech_0226,impostor_9,fakeavceleb_01743_Asian(East)_women_id06388,per-clip-v1
0.523909,0,,librispeech_0226,impostor_10,fakeavceleb_00025_African_men_id01528,per-clip-v1
0.949818,1,,librispeech_0227,genuine,librispeech_0227,per-clip-v1
0.581705,0,,librispeech_0227,impostor_1,fakeavceleb_02484_Asian(South)_women_id07078,per-clip-v1
0.578027,0,,librispeech_0227,impostor_2,librispeech_0002,per-clip-v1
0.399637,0,,librispeech_0227,impostor_3,fakeavceleb_00805_African_men_id02051,per-clip-v1
0.447145,0,,librispeech_0227,impostor_4,fakeavceleb_03383_Caucasian(European)_men_id00554,per-clip-v1
0.383448,0,,librispeech_0227,impostor_5,fakeavceleb_02357_Asian(South)_women_id04927,per-clip-v1
0.594531,0,,librispeech_0227,impostor_6,fakeavceleb_03074_Caucasian(American)_women_id00842,per-clip-v1
0.451849,0,,librispeech_0227,impostor_7,fakeavceleb_00667_African_men_id01521,per-clip-v1
0.557119,0,,librispeech_0227,impostor_8,fakeavceleb_01252_Asian(East)_men_id00863,per-clip-v1
0.543951,0,,librispeech_0227,impostor_9,librispeech_0009,per-clip-v1
0.434359,0,,librispeech_0227,impostor_10,fakeavceleb_02202_Asian(South)_women_id00235,per-clip-v1
0.950679,1,,librispeech_0228,genuine,librispeech_0228,per-clip-v1
0.639045,0,,librispeech_0228,impostor_1,librispeech_0052,per-clip-v1
0.470523,0,,librispeech_0228,impostor_2,fakeavceleb_00681_African_men_id01530,per-clip-v1
0.373531,0,,librispeech_0228,impostor_3,fakeavceleb_00885_African_women_id00371,per-clip-v1
0.450811,0,,librispeech_0228,impostor_4,fakeavceleb_03451_Caucasian(European)_men_id00999,per-clip-v1
0.392529,0,,librispeech_0228,impostor_5,librispeech_0336,per-clip-v1
0.455461,0,,librispeech_0228,impostor_6,librispeech_0059,per-clip-v1
0.450567,0,,librispeech_0228,impostor_7,fakeavceleb_02605_Caucasian(American)_men_id00169,per-clip-v1
0.364940,0,,librispeech_0228,impostor_8,fakeavceleb_00208_Asian(South)_men_id00685,per-clip-v1
0.415773,0,,librispeech_0228,impostor_9,fakeavceleb_00845_African_men_id02494,per-clip-v1
0.426888,0,,librispeech_0228,impostor_10,asvspoof_0165,per-clip-v1
0.925343,1,,librispeech_0229,genuine,librispeech_0229,per-clip-v1
0.715515,0,,librispeech_0229,impostor_1,librispeech_0057,per-clip-v1
0.482709,0,,librispeech_0229,impostor_2,fakeavceleb_03718_Caucasian(European)_women_id00495,per-clip-v1
0.632622,0,,librispeech_0229,impostor_3,fakeavceleb_01097_African_women_id04055,per-clip-v1
0.464340,0,,librispeech_0229,impostor_4,fakeavceleb_03515_Caucasian(European)_men_id02567,per-clip-v1
0.561041,0,,librispeech_0229,impostor_5,librispeech_0356,per-clip-v1
0.439995,0,,librispeech_0229,impostor_6,fakeavceleb_02706_Caucasian(American)_men_id01042,per-clip-v1
0.596591,0,,librispeech_0229,impostor_7,fakeavceleb_03146_Caucasian(American)_women_id01245,per-clip-v1
0.524414,0,,librispeech_0229,impostor_8,fakeavceleb_02198_Asian(South)_women_id00149,per-clip-v1
0.553144,0,,librispeech_0229,impostor_9,fakeavceleb_02589_Caucasian(American)_men_id00087,per-clip-v1
0.521609,0,,librispeech_0229,impostor_10,fakeavceleb_00435_Caucasian(European)_men_id00990,per-clip-v1
0.904446,1,,librispeech_0230,genuine,librispeech_0230,per-clip-v1
0.491500,0,,librispeech_0230,impostor_1,asvspoof_0335,per-clip-v1
0.508532,0,,librispeech_0230,impostor_2,fakeavceleb_00090_African_women_id04705,per-clip-v1
0.462548,0,,librispeech_0230,impostor_3,fakeavceleb_03175_Caucasian(American)_women_id03605,per-clip-v1
0.429480,0,,librispeech_0230,impostor_4,asvspoof_0099,per-clip-v1
0.429587,0,,librispeech_0230,impostor_5,asvspoof_0133,per-clip-v1
0.625152,0,,librispeech_0230,impostor_6,fakeavceleb_02069_Asian(South)_men_id06753,per-clip-v1
0.560115,0,,librispeech_0230,impostor_7,fakeavceleb_03509_Caucasian(European)_men_id01157,per-clip-v1
0.545672,0,,librispeech_0230,impostor_8,fakeavceleb_01252_Asian(East)_men_id00863,per-clip-v1
0.630446,0,,librispeech_0230,impostor_9,fakeavceleb_01303_Asian(East)_men_id02365,per-clip-v1
0.466726,0,,librispeech_0230,impostor_10,fakeavceleb_02428_Asian(South)_women_id06268,per-clip-v1
0.930063,1,,librispeech_0231,genuine,librispeech_0231,per-clip-v1
0.517244,0,,librispeech_0231,impostor_1,librispeech_0370,per-clip-v1
0.553233,0,,librispeech_0231,impostor_2,fakeavceleb_00368_Caucasian(American)_women_id00458,per-clip-v1
0.570418,0,,librispeech_0231,impostor_3,fakeavceleb_01735_Asian(East)_women_id06225,per-clip-v1
0.640486,0,,librispeech_0231,impostor_4,librispeech_0148,per-clip-v1
0.561876,0,,librispeech_0231,impostor_5,librispeech_0141,per-clip-v1
0.490340,0,,librispeech_0231,impostor_6,fakeavceleb_01765_Asian(East)_women_id06462,per-clip-v1
0.568623,0,,librispeech_0231,impostor_7,fakeavceleb_03432_Caucasian(European)_men_id00963,per-clip-v1
0.500995,0,,librispeech_0231,impostor_8,fakeavceleb_03108_Caucasian(American)_women_id01217,per-clip-v1
0.594266,0,,librispeech_0231,impostor_9,fakeavceleb_02779_Caucasian(American)_men_id01192,per-clip-v1
0.613774,0,,librispeech_0231,impostor_10,librispeech_0441,per-clip-v1
0.933795,1,,librispeech_0232,genuine,librispeech_0232,per-clip-v1
0.478968,0,,librispeech_0232,impostor_1,asvspoof_0211,per-clip-v1
0.439055,0,,librispeech_0232,impostor_2,fakeavceleb_01143_African_women_id04820,per-clip-v1
0.476398,0,,librispeech_0232,impostor_3,fakeavceleb_03492_Caucasian(European)_men_id01126,per-clip-v1
0.638349,0,,librispeech_0232,impostor_4,fakeavceleb_01727_Asian(East)_women_id06066,per-clip-v1
0.604851,0,,librispeech_0232,impostor_5,librispeech_0370,per-clip-v1
0.550216,0,,librispeech_0232,impostor_6,librispeech_0065,per-clip-v1
0.408314,0,,librispeech_0232,impostor_7,fakeavceleb_01368_Asian(East)_men_id04774,per-clip-v1
0.532398,0,,librispeech_0232,impostor_8,fakeavceleb_02749_Caucasian(American)_men_id01168,per-clip-v1
0.483380,0,,librispeech_0232,impostor_9,fakeavceleb_02259_Asian(South)_women_id02089,per-clip-v1
0.571695,0,,librispeech_0232,impostor_10,fakeavceleb_03819_Caucasian(European)_women_id03620,per-clip-v1
0.947835,1,,librispeech_0234,genuine,librispeech_0234,per-clip-v1
0.527942,0,,librispeech_0234,impostor_1,fakeavceleb_01410_Asian(East)_men_id06467,per-clip-v1
0.612454,0,,librispeech_0234,impostor_2,librispeech_0138,per-clip-v1
0.536261,0,,librispeech_0234,impostor_3,fakeavceleb_01737_Asian(East)_women_id06225,per-clip-v1
0.614705,0,,librispeech_0234,impostor_4,fakeavceleb_03862_Caucasian(European)_women_id03941,per-clip-v1
0.510593,0,,librispeech_0234,impostor_5,fakeavceleb_01176_African_women_id05235,per-clip-v1
0.568889,0,,librispeech_0234,impostor_6,fakeavceleb_03126_Caucasian(American)_women_id01227,per-clip-v1
0.610596,0,,librispeech_0234,impostor_7,fakeavceleb_03563_Caucasian(European)_women_id00188,per-clip-v1
0.461140,0,,librispeech_0234,impostor_8,fakeavceleb_01135_African_women_id04689,per-clip-v1
0.465233,0,,librispeech_0234,impostor_9,fakeavceleb_00017_African_men_id01170,per-clip-v1
0.434062,0,,librispeech_0234,impostor_10,fakeavceleb_00709_African_men_id01598,per-clip-v1
0.921566,1,,librispeech_0235,genuine,librispeech_0235,per-clip-v1
0.561155,0,,librispeech_0235,impostor_1,fakeavceleb_03629_Caucasian(European)_women_id00328,per-clip-v1
0.473370,0,,librispeech_0235,impostor_2,fakeavceleb_00133_Asian(East)_men_id06152,per-clip-v1
0.441068,0,,librispeech_0235,impostor_3,fakeavceleb_02002_Asian(South)_men_id04537,per-clip-v1
0.472253,0,,librispeech_0235,impostor_4,fakeavceleb_02825_Caucasian(American)_men_id03757,per-clip-v1
0.471525,0,,librispeech_0235,impostor_5,fakeavceleb_02817_Caucasian(American)_men_id03668,per-clip-v1
0.425417,0,,librispeech_0235,impostor_6,fakeavceleb_00430_Caucasian(European)_men_id00909,per-clip-v1
0.573546,0,,librispeech_0235,impostor_7,fakeavceleb_01672_Asian(East)_women_id05576,per-clip-v1
0.451114,0,,librispeech_0235,impostor_8,fakeavceleb_01361_Asian(East)_men_id04774,per-clip-v1
0.479632,0,,librispeech_0235,impostor_9,asvspoof_0274,per-clip-v1
0.482894,0,,librispeech_0235,impostor_10,fakeavceleb_00856_African_women_id00220,per-clip-v1
0.942553,1,,librispeech_0236,genuine,librispeech_0236,per-clip-v1
0.499671,0,,librispeech_0236,impostor_1,librispeech_0375,per-clip-v1
0.505978,0,,librispeech_0236,impostor_2,librispeech_0487,per-clip-v1
0.462311,0,,librispeech_0236,impostor_3,fakeavceleb_03018_Caucasian(American)_women_id00462,per-clip-v1
0.490927,0,,librispeech_0236,impostor_4,asvspoof_0062,per-clip-v1
0.469597,0,,librispeech_0236,impostor_5,fakeavceleb_03141_Caucasian(American)_women_id01238,per-clip-v1
0.553596,0,,librispeech_0236,impostor_6,fakeavceleb_01438_Asian(East)_men_id06776,per-clip-v1
0.440442,0,,librispeech_0236,impostor_7,fakeavceleb_00377_Caucasian(American)_women_id00841,per-clip-v1
0.535718,0,,librispeech_0236,impostor_8,asvspoof_0028,per-clip-v1
0.576532,0,,librispeech_0236,impostor_9,fakeavceleb_03726_Caucasian(European)_women_id00569,per-clip-v1
0.478882,0,,librispeech_0236,impostor_10,fakeavceleb_01127_African_women_id04540,per-clip-v1
0.958662,1,,librispeech_0237,genuine,librispeech_0237,per-clip-v1
0.383354,0,,librispeech_0237,impostor_1,fakeavceleb_02968_Caucasian(American)_women_id00381,per-clip-v1
0.396735,0,,librispeech_0237,impostor_2,fakeavceleb_03148_Caucasian(American)_women_id01248,per-clip-v1
0.466188,0,,librispeech_0237,impostor_3,fakeavceleb_01489_Asian(East)_men_id09053,per-clip-v1
0.489432,0,,librispeech_0237,impostor_4,fakeavceleb_01212_Asian(East)_men_id00126,per-clip-v1
0.521258,0,,librispeech_0237,impostor_5,fakeavceleb_00778_African_men_id01995,per-clip-v1
0.538506,0,,librispeech_0237,impostor_6,librispeech_0154,per-clip-v1
0.418951,0,,librispeech_0237,impostor_7,fakeavceleb_01446_Asian(East)_men_id07102,per-clip-v1
0.377115,0,,librispeech_0237,impostor_8,fakeavceleb_03070_Caucasian(American)_women_id00842,per-clip-v1
0.415908,0,,librispeech_0237,impostor_9,fakeavceleb_00601_African_men_id01036,per-clip-v1
0.463882,0,,librispeech_0237,impostor_10,fakeavceleb_01281_Asian(East)_men_id01215,per-clip-v1
0.956807,1,,librispeech_0238,genuine,librispeech_0238,per-clip-v1
0.599791,0,,librispeech_0238,impostor_1,fakeavceleb_00181_Asian(East)_women_id06388,per-clip-v1
0.594857,0,,librispeech_0238,impostor_2,fakeavceleb_03541_Caucasian(European)_women_id00068,per-clip-v1
0.472352,0,,librispeech_0238,impostor_3,fakeavceleb_03731_Caucasian(European)_women_id00569,per-clip-v1
0.546874,0,,librispeech_0238,impostor_4,fakeavceleb_02699_Caucasian(American)_men_id01035,per-clip-v1
0.442716,0,,librispeech_0238,impostor_5,fakeavceleb_01471_Asian(East)_men_id08613,per-clip-v1
0.450157,0,,librispeech_0238,impostor_6,fakeavceleb_02801_Caucasian(American)_men_id01211,per-clip-v1
0.569939,0,,librispeech_0238,impostor_7,librispeech_0109,per-clip-v1
0.581998,0,,librispeech_0238,impostor_8,librispeech_0188,per-clip-v1
0.575155,0,,librispeech_0238,impostor_9,asvspoof_0412,per-clip-v1
0.516747,0,,librispeech_0238,impostor_10,fakeavceleb_03790_Caucasian(European)_women_id00897,per-clip-v1
0.949391,1,,librispeech_0239,genuine,librispeech_0239,per-clip-v1
0.579413,0,,librispeech_0239,impostor_1,librispeech_0032,per-clip-v1
0.501103,0,,librispeech_0239,impostor_2,fakeavceleb_02786_Caucasian(American)_men_id01201,per-clip-v1
0.526251,0,,librispeech_0239,impostor_3,fakeavceleb_00302_Caucasian(American)_men_id00021,per-clip-v1
0.516985,0,,librispeech_0239,impostor_4,librispeech_0204,per-clip-v1
0.481162,0,,librispeech_0239,impostor_5,librispeech_0048,per-clip-v1
0.497349,0,,librispeech_0239,impostor_6,fakeavceleb_01327_Asian(East)_men_id03168,per-clip-v1
0.440293,0,,librispeech_0239,impostor_7,fakeavceleb_03566_Caucasian(European)_women_id00188,per-clip-v1
0.472804,0,,librispeech_0239,impostor_8,librispeech_0435,per-clip-v1
0.516910,0,,librispeech_0239,impostor_9,fakeavceleb_02681_Caucasian(American)_men_id00777,per-clip-v1
0.521028,0,,librispeech_0239,impostor_10,librispeech_0109,per-clip-v1
0.953249,1,,librispeech_0240,genuine,librispeech_0240,per-clip-v1
0.687380,0,,librispeech_0240,impostor_1,librispeech_0157,per-clip-v1
0.596317,0,,librispeech_0240,impostor_2,librispeech_0154,per-clip-v1
0.485213,0,,librispeech_0240,impostor_3,fakeavceleb_00729_African_men_id01691,per-clip-v1
0.489380,0,,librispeech_0240,impostor_4,fakeavceleb_00324_Caucasian(American)_men_id01035,per-clip-v1
0.461175,0,,librispeech_0240,impostor_5,fakeavceleb_01445_Asian(East)_men_id07102,per-clip-v1
0.405465,0,,librispeech_0240,impostor_6,fakeavceleb_03331_Caucasian(European)_men_id00358,per-clip-v1
0.473395,0,,librispeech_0240,impostor_7,fakeavceleb_00783_African_men_id02005,per-clip-v1
0.496579,0,,librispeech_0240,impostor_8,fakeavceleb_00178_Asian(East)_women_id06066,per-clip-v1
0.475917,0,,librispeech_0240,impostor_9,fakeavceleb_02685_Caucasian(American)_men_id00777,per-clip-v1
0.406444,0,,librispeech_0240,impostor_10,fakeavceleb_03183_Caucasian(American)_women_id03696,per-clip-v1
0.950332,1,,librispeech_0241,genuine,librispeech_0241,per-clip-v1
0.543379,0,,librispeech_0241,impostor_1,fakeavceleb_02681_Caucasian(American)_men_id00777,per-clip-v1
0.582279,0,,librispeech_0241,impostor_2,fakeavceleb_02802_Caucasian(American)_men_id01211,per-clip-v1
0.488627,0,,librispeech_0241,impostor_3,fakeavceleb_00695_African_men_id01544,per-clip-v1
0.673951,0,,librispeech_0241,impostor_4,librispeech_0310,per-clip-v1
0.591964,0,,librispeech_0241,impostor_5,fakeavceleb_01196_African_women_id05980,per-clip-v1
0.511771,0,,librispeech_0241,impostor_6,librispeech_0336,per-clip-v1
0.633574,0,,librispeech_0241,impostor_7,librispeech_0073,per-clip-v1
0.471440,0,,librispeech_0241,impostor_8,librispeech_0299,per-clip-v1
0.623188,0,,librispeech_0241,impostor_9,librispeech_0325,per-clip-v1
0.586540,0,,librispeech_0241,impostor_10,librispeech_0210,per-clip-v1
0.942708,1,,librispeech_0242,genuine,librispeech_0242,per-clip-v1
0.527275,0,,librispeech_0242,impostor_1,fakeavceleb_01342_Asian(East)_men_id04111,per-clip-v1
0.565898,0,,librispeech_0242,impostor_2,fakeavceleb_03210_Caucasian(European)_men_id00063,per-clip-v1
0.543237,0,,librispeech_0242,impostor_3,fakeavceleb_03387_Caucasian(European)_men_id00559,per-clip-v1
0.516008,0,,librispeech_0242,impostor_4,asvspoof_0421,per-clip-v1
0.457999,0,,librispeech_0242,impostor_5,fakeavceleb_00277_Asian(South)_women_id05478,per-clip-v1
0.647370,0,,librispeech_0242,impostor_6,librispeech_0360,per-clip-v1
0.625220,0,,librispeech_0242,impostor_7,librispeech_0321,per-clip-v1
0.653395,0,,librispeech_0242,impostor_8,fakeavceleb_01413_Asian(East)_men_id06470,per-clip-v1
0.594220,0,,librispeech_0242,impostor_9,librispeech_0320,per-clip-v1
0.500432,0,,librispeech_0242,impostor_10,librispeech_0303,per-clip-v1
0.890032,1,,librispeech_0243,genuine,librispeech_0243,per-clip-v1
0.519521,0,,librispeech_0243,impostor_1,fakeavceleb_02073_Asian(South)_men_id06753,per-clip-v1
0.482078,0,,librispeech_0243,impostor_2,fakeavceleb_03578_Caucasian(European)_women_id00232,per-clip-v1
0.460491,0,,librispeech_0243,impostor_3,fakeavceleb_01126_African_women_id04540,per-clip-v1
0.403843,0,,librispeech_0243,impostor_4,fakeavceleb_03091_Caucasian(American)_women_id01005,per-clip-v1
0.333764,0,,librispeech_0243,impostor_5,fakeavceleb_02384_Asian(South)_women_id05478,per-clip-v1
0.472659,0,,librispeech_0243,impostor_6,fakeavceleb_02223_Asian(South)_women_id00461,per-clip-v1
0.532008,0,,librispeech_0243,impostor_7,librispeech_0127,per-clip-v1
0.439588,0,,librispeech_0243,impostor_8,fakeavceleb_01145_African_women_id04820,per-clip-v1
0.460502,0,,librispeech_0243,impostor_9,fakeavceleb_03051_Caucasian(American)_women_id00752,per-clip-v1
0.511092,0,,librispeech_0243,impostor_10,librispeech_0262,per-clip-v1
0.913978,1,,librispeech_0244,genuine,librispeech_0244,per-clip-v1
0.514751,0,,librispeech_0244,impostor_1,asvspoof_0250,per-clip-v1
0.510904,0,,librispeech_0244,impostor_2,librispeech_0012,per-clip-v1
0.419199,0,,librispeech_0244,impostor_3,fakeavceleb_00710_African_men_id01598,per-clip-v1
0.492246,0,,librispeech_0244,impostor_4,fakeavceleb_01796_Asian(East)_women_id08139,per-clip-v1
0.461633,0,,librispeech_0244,impostor_5,fakeavceleb_00040_African_men_id01995,per-clip-v1
0.495243,0,,librispeech_0244,impostor_6,asvspoof_0025,per-clip-v1
0.451503,0,,librispeech_0244,impostor_7,fakeavceleb_01659_Asian(East)_women_id04414,per-clip-v1
0.413092,0,,librispeech_0244,impostor_8,fakeavceleb_02491_Asian(South)_women_id07078,per-clip-v1
0.388931,0,,librispeech_0244,impostor_9,fakeavceleb_02878_Caucasian(American)_women_id00097,per-clip-v1
0.406168,0,,librispeech_0244,impostor_10,fakeavceleb_02149_Asian(South)_men_id07233,per-clip-v1
0.957606,1,,librispeech_0245,genuine,librispeech_0245,per-clip-v1
0.692570,0,,librispeech_0245,impostor_1,librispeech_0409,per-clip-v1
0.473492,0,,librispeech_0245,impostor_2,fakeavceleb_03444_Caucasian(European)_men_id00990,per-clip-v1
0.515534,0,,librispeech_0245,impostor_3,fakeavceleb_01455_Asian(East)_men_id07338,per-clip-v1
0.394922,0,,librispeech_0245,impostor_4,fakeavceleb_00950_African_women_id01178,per-clip-v1
0.499575,0,,librispeech_0245,impostor_5,fakeavceleb_00936_African_women_id00829,per-clip-v1
0.417783,0,,librispeech_0245,impostor_6,fakeavceleb_00009_African_men_id00701,per-clip-v1
0.440176,0,,librispeech_0245,impostor_7,fakeavceleb_00481_Caucasian(European)_women_id00735,per-clip-v1
0.464976,0,,librispeech_0245,impostor_8,fakeavceleb_00763_African_men_id01933,per-clip-v1
0.482657,0,,librispeech_0245,impostor_9,fakeavceleb_02922_Caucasian(American)_women_id00190,per-clip-v1
0.382953,0,,librispeech_0245,impostor_10,fakeavceleb_00563_African_men_id00518,per-clip-v1
0.937469,1,,librispeech_0246,genuine,librispeech_0246,per-clip-v1
0.424361,0,,librispeech_0246,impostor_1,fakeavceleb_02470_Asian(South)_women_id06752,per-clip-v1
0.562004,0,,librispeech_0246,impostor_2,librispeech_0284,per-clip-v1
0.511924,0,,librispeech_0246,impostor_3,librispeech_0306,per-clip-v1
0.400999,0,,librispeech_0246,impostor_4,fakeavceleb_01098_African_women_id04055,per-clip-v1
0.457281,0,,librispeech_0246,impostor_5,fakeavceleb_00291_Asian(South)_women_id07008,per-clip-v1
0.498511,0,,librispeech_0246,impostor_6,fakeavceleb_01715_Asian(East)_women_id06061,per-clip-v1
0.727881,0,,librispeech_0246,impostor_7,librispeech_0183,per-clip-v1
0.648103,0,,librispeech_0246,impostor_8,librispeech_0349,per-clip-v1
0.539134,0,,librispeech_0246,impostor_9,fakeavceleb_02196_Asian(South)_women_id00149,per-clip-v1
0.542312,0,,librispeech_0246,impostor_10,librispeech_0147,per-clip-v1
0.935164,1,,librispeech_0247,genuine,librispeech_0247,per-clip-v1
0.400531,0,,librispeech_0247,impostor_1,fakeavceleb_02126_Asian(South)_men_id07195,per-clip-v1
0.511592,0,,librispeech_0247,impostor_2,fakeavceleb_00320_Caucasian(American)_men_id00777,per-clip-v1
0.589502,0,,librispeech_0247,impostor_3,fakeavceleb_01582_Asian(East)_women_id00935,per-clip-v1
0.463413,0,,librispeech_0247,impostor_4,fakeavceleb_00587_African_men_id00830,per-clip-v1
0.403164,0,,librispeech_0247,impostor_5,asvspoof_0218,per-clip-v1
0.326727,0,,librispeech_0247,impostor_6,fakeavceleb_00564_African_men_id00518,per-clip-v1
0.545740,0,,librispeech_0247,impostor_7,fakeavceleb_03759_Caucasian(European)_women_id00634,per-clip-v1
0.495254,0,,librispeech_0247,impostor_8,fakeavceleb_02944_Caucasian(American)_women_id00261,per-clip-v1
0.318681,0,,librispeech_0247,impostor_9,fakeavceleb_01430_Asian(East)_men_id06594,per-clip-v1
0.566210,0,,librispeech_0247,impostor_10,librispeech_0188,per-clip-v1
0.934212,1,,librispeech_0248,genuine,librispeech_0248,per-clip-v1
0.454321,0,,librispeech_0248,impostor_1,fakeavceleb_02578_Caucasian(American)_men_id00060,per-clip-v1
0.491707,0,,librispeech_0248,impostor_2,librispeech_0231,per-clip-v1
0.532459,0,,librispeech_0248,impostor_3,fakeavceleb_02686_Caucasian(American)_men_id00943,per-clip-v1
0.460987,0,,librispeech_0248,impostor_4,fakeavceleb_02116_Asian(South)_men_id07182,per-clip-v1
0.479859,0,,librispeech_0248,impostor_5,fakeavceleb_02198_Asian(South)_women_id00149,per-clip-v1
0.542131,0,,librispeech_0248,impostor_6,librispeech_0125,per-clip-v1
0.499786,0,,librispeech_0248,impostor_7,fakeavceleb_02104_Asian(South)_men_id07163,per-clip-v1
0.615535,0,,librispeech_0248,impostor_8,librispeech_0235,per-clip-v1
0.468559,0,,librispeech_0248,impostor_9,fakeavceleb_01466_Asian(East)_men_id08613,per-clip-v1
0.520288,0,,librispeech_0248,impostor_10,fakeavceleb_03809_Caucasian(European)_women_id01002,per-clip-v1
0.947014,1,,librispeech_0249,genuine,librispeech_0249,per-clip-v1
0.568506,0,,librispeech_0249,impostor_1,fakeavceleb_00089_African_women_id04689,per-clip-v1
0.488969,0,,librispeech_0249,impostor_2,fakeavceleb_01686_Asian(East)_women_id05844,per-clip-v1
0.441971,0,,librispeech_0249,impostor_3,fakeavceleb_01908_Asian(South)_men_id00350,per-clip-v1
0.566719,0,,librispeech_0249,impostor_4,fakeavceleb_01322_Asian(East)_men_id03028,per-clip-v1
0.624223,0,,librispeech_0249,impostor_5,fakeavceleb_03581_Caucasian(European)_women_id00234,per-clip-v1
0.495818,0,,librispeech_0249,impostor_6,fakeavceleb_00478_Caucasian(European)_women_id00591,per-clip-v1
0.568783,0,,librispeech_0249,impostor_7,fakeavceleb_01542_Asian(East)_women_id00566,per-clip-v1
0.589977,0,,librispeech_0249,impostor_8,asvspoof_0147,per-clip-v1
0.377197,0,,librispeech_0249,impostor_9,fakeavceleb_02621_Caucasian(American)_men_id00243,per-clip-v1
0.548734,0,,librispeech_0249,impostor_10,librispeech_0499,per-clip-v1
0.947897,1,,librispeech_0250,genuine,librispeech_0250,per-clip-v1
0.701740,0,,librispeech_0250,impostor_1,librispeech_0147,per-clip-v1
0.533660,0,,librispeech_0250,impostor_2,fakeavceleb_02701_Caucasian(American)_men_id01035,per-clip-v1
0.531401,0,,librispeech_0250,impostor_3,fakeavceleb_00186_Asian(East)_women_id07383,per-clip-v1
0.533292,0,,librispeech_0250,impostor_4,fakeavceleb_03640_Caucasian(European)_women_id00330,per-clip-v1
0.533810,0,,librispeech_0250,impostor_5,fakeavceleb_03688_Caucasian(European)_women_id00434,per-clip-v1
0.574729,0,,librispeech_0250,impostor_6,fakeavceleb_00906_African_women_id00577,per-clip-v1
0.585935,0,,librispeech_0250,impostor_7,librispeech_0442,per-clip-v1
0.653556,0,,librispeech_0250,impostor_8,librispeech_0262,per-clip-v1
0.710287,0,,librispeech_0250,impostor_9,librispeech_0154,per-clip-v1
0.480067,0,,librispeech_0250,impostor_10,asvspoof_0463,per-clip-v1
0.933815,1,,librispeech_0251,genuine,librispeech_0251,per-clip-v1
0.441726,0,,librispeech_0251,impostor_1,fakeavceleb_02776_Caucasian(American)_men_id01192,per-clip-v1
0.498155,0,,librispeech_0251,impostor_2,librispeech_0468,per-clip-v1
0.558639,0,,librispeech_0251,impostor_3,asvspoof_0155,per-clip-v1
0.673471,0,,librispeech_0251,impostor_4,fakeavceleb_00388_Caucasian(American)_women_id01227,per-clip-v1
0.469219,0,,librispeech_0251,impostor_5,fakeavceleb_02474_Asian(South)_women_id07008,per-clip-v1
0.657143,0,,librispeech_0251,impostor_6,librispeech_0157,per-clip-v1
0.535182,0,,librispeech_0251,impostor_7,fakeavceleb_03502_Caucasian(European)_men_id01154,per-clip-v1
0.514374,0,,librispeech_0251,impostor_8,fakeavceleb_01278_Asian(East)_men_id01215,per-clip-v1
0.560161,0,,librispeech_0251,impostor_9,asvspoof_0297,per-clip-v1
0.596505,0,,librispeech_0251,impostor_10,asvspoof_0186,per-clip-v1
0.955674,1,,librispeech_0252,genuine,librispeech_0252,per-clip-v1
0.454382,0,,librispeech_0252,impostor_1,fakeavceleb_01334_Asian(East)_men_id03889,per-clip-v1
0.571625,0,,librispeech_0252,impostor_2,fakeavceleb_03186_Caucasian(American)_women_id03696,per-clip-v1
0.677655,0,,librispeech_0252,impostor_3,asvspoof_0296,per-clip-v1
0.459457,0,,librispeech_0252,impostor_4,fakeavceleb_02781_Caucasian(American)_men_id01192,per-clip-v1
0.611554,0,,librispeech_0252,impostor_5,librispeech_0051,per-clip-v1
0.505549,0,,librispeech_0252,impostor_6,fakeavceleb_00381_Caucasian(American)_women_id01005,per-clip-v1
0.695663,0,,librispeech_0252,impostor_7,librispeech_0131,per-clip-v1
0.463394,0,,librispeech_0252,impostor_8,fakeavceleb_00343_Caucasian(American)_men_id03678,per-clip-v1
0.457617,0,,librispeech_0252,impostor_9,fakeavceleb_02014_Asian(South)_men_id04560,per-clip-v1
0.695051,0,,librispeech_0252,impostor_10,librispeech_0499,per-clip-v1
0.929752,1,,librispeech_0253,genuine,librispeech_0253,per-clip-v1
0.443990,0,,librispeech_0253,impostor_1,fakeavceleb_02481_Asian(South)_women_id07051,per-clip-v1
0.561310,0,,librispeech_0253,impostor_2,librispeech_0056,per-clip-v1
0.508462,0,,librispeech_0253,impostor_3,fakeavceleb_01397_Asian(East)_men_id05479,per-clip-v1
0.484532,0,,librispeech_0253,impostor_4,fakeavceleb_01058_African_women_id02948,per-clip-v1
0.579949,0,,librispeech_0253,impostor_5,librispeech_0285,per-clip-v1
0.400475,0,,librispeech_0253,impostor_6,fakeavceleb_03359_Caucasian(European)_men_id00519,per-clip-v1
0.406151,0,,librispeech_0253,impostor_7,fakeavceleb_01736_Asian(East)_women_id06225,per-clip-v1
0.327491,0,,librispeech_0253,impostor_8,fakeavceleb_00271_Asian(South)_women_id04564,per-clip-v1
0.379858,0,,librispeech_0253,impostor_9,asvspoof_0372,per-clip-v1
0.427169,0,,librispeech_0253,impostor_10,fakeavceleb_02276_Asian(South)_women_id02619,per-clip-v1
0.935661,1,,librispeech_0254,genuine,librispeech_0254,per-clip-v1
0.729887,0,,librispeech_0254,impostor_1,librispeech_0178,per-clip-v1
0.401158,0,,librispeech_0254,impostor_2,fakeavceleb_01177_African_women_id05235,per-clip-v1
0.466816,0,,librispeech_0254,impostor_3,fakeavceleb_00867_African_women_id00359,per-clip-v1
0.433873,0,,librispeech_0254,impostor_4,fakeavceleb_03456_Caucasian(European)_men_id01052,per-clip-v1
0.486394,0,,librispeech_0254,impostor_5,librispeech_0087,per-clip-v1
0.374704,0,,librispeech_0254,impostor_6,fakeavceleb_00814_African_men_id02296,per-clip-v1
0.481507,0,,librispeech_0254,impostor_7,librispeech_0408,per-clip-v1
0.482902,0,,librispeech_0254,impostor_8,librispeech_0062,per-clip-v1
0.715366,0,,librispeech_0254,impostor_9,librispeech_0075,per-clip-v1
0.477401,0,,librispeech_0254,impostor_10,fakeavceleb_02032_Asian(South)_men_id04599,per-clip-v1
0.930301,1,,librispeech_0255,genuine,librispeech_0255,per-clip-v1
0.640778,0,,librispeech_0255,impostor_1,librispeech_0185,per-clip-v1
0.489017,0,,librispeech_0255,impostor_2,fakeavceleb_02152_Asian(South)_men_id07463,per-clip-v1
0.601140,0,,librispeech_0255,impostor_3,librispeech_0183,per-clip-v1
0.589926,0,,librispeech_0255,impostor_4,fakeavceleb_00453_Caucasian(European)_women_id00188,per-clip-v1
0.428323,0,,librispeech_0255,impostor_5,fakeavceleb_01464_Asian(East)_men_id08299,per-clip-v1
0.577769,0,,librispeech_0255,impostor_6,fakeavceleb_03684_Caucasian(European)_women_id00403,per-clip-v1
0.545231,0,,librispeech_0255,impostor_7,librispeech_0349,per-clip-v1
0.581123,0,,librispeech_0255,impostor_8,librispeech_0267,per-clip-v1
0.687425,0,,librispeech_0255,impostor_9,librispeech_0324,per-clip-v1
0.467807,0,,librispeech_0255,impostor_10,fakeavceleb_03490_Caucasian(European)_men_id01126,per-clip-v1
0.958167,1,,librispeech_0256,genuine,librispeech_0256,per-clip-v1
0.477216,0,,librispeech_0256,impostor_1,librispeech_0169,per-clip-v1
0.487332,0,,librispeech_0256,impostor_2,fakeavceleb_01804_Asian(East)_women_id08397,per-clip-v1
0.508304,0,,librispeech_0256,impostor_3,librispeech_0153,per-clip-v1
0.616807,0,,librispeech_0256,impostor_4,librispeech_0442,per-clip-v1
0.490021,0,,librispeech_0256,impostor_5,fakeavceleb_02799_Caucasian(American)_men_id01211,per-clip-v1
0.535960,0,,librispeech_0256,impostor_6,librispeech_0035,per-clip-v1
0.483729,0,,librispeech_0256,impostor_7,librispeech_0170,per-clip-v1
0.540166,0,,librispeech_0256,impostor_8,librispeech_0494,per-clip-v1
0.476386,0,,librispeech_0256,impostor_9,fakeavceleb_02953_Caucasian(American)_women_id00272,per-clip-v1
0.527981,0,,librispeech_0256,impostor_10,fakeavceleb_00076_African_women_id03103,per-clip-v1
0.954566,1,,librispeech_0257,genuine,librispeech_0257,per-clip-v1
0.567687,0,,librispeech_0257,impostor_1,fakeavceleb_02649_Caucasian(American)_men_id00529,per-clip-v1
0.414694,0,,librispeech_0257,impostor_2,fakeavceleb_01645_Asian(East)_women_id04144,per-clip-v1
0.547809,0,,librispeech_0257,impostor_3,fakeavceleb_03279_Caucasian(European)_men_id00241,per-clip-v1
0.532094,0,,librispeech_0257,impostor_4,librispeech_0024,per-clip-v1
0.661026,0,,librispeech_0257,impostor_5,librispeech_0431,per-clip-v1
0.481998,0,,librispeech_0257,impostor_6,asvspoof_0295,per-clip-v1
0.613885,0,,librispeech_0257,impostor_7,librispeech_0490,per-clip-v1
0.441596,0,,librispeech_0257,impostor_8,fakeavceleb_00742_African_men_id01779,per-clip-v1
0.497504,0,,librispeech_0257,impostor_9,librispeech_0078,per-clip-v1
0.480887,0,,librispeech_0257,impostor_10,asvspoof_0383,per-clip-v1
0.912659,1,,librispeech_0258,genuine,librispeech_0258,per-clip-v1
0.648118,0,,librispeech_0258,impostor_1,fakeavceleb_01196_African_women_id05980,per-clip-v1
0.460652,0,,librispeech_0258,impostor_2,fakeavceleb_02401_Asian(South)_women_id05920,per-clip-v1
0.650777,0,,librispeech_0258,impostor_3,librispeech_0395,per-clip-v1
0.662673,0,,librispeech_0258,impostor_4,librispeech_0271,per-clip-v1
0.488654,0,,librispeech_0258,impostor_5,fakeavceleb_00946_African_women_id00832,per-clip-v1
0.518467,0,,librispeech_0258,impostor_6,fakeavceleb_00925_African_women_id00707,per-clip-v1
0.440290,0,,librispeech_0258,impostor_7,fakeavceleb_02694_Caucasian(American)_men_id00945,per-clip-v1
0.678185,0,,librispeech_0258,impostor_8,librispeech_0119,per-clip-v1
0.461255,0,,librispeech_0258,impostor_9,fakeavceleb_03085_Caucasian(American)_women_id01004,per-clip-v1
0.478714,0,,librispeech_0258,impostor_10,fakeavceleb_00439_Caucasian(European)_men_id01058,per-clip-v1
0.875072,1,,librispeech_0259,genuine,librispeech_0259,per-clip-v1
0.580306,0,,librispeech_0259,impostor_1,librispeech_0442,per-clip-v1
0.620504,0,,librispeech_0259,impostor_2,fakeavceleb_03132_Caucasian(American)_women_id01238,per-clip-v1
0.539167,0,,librispeech_0259,impostor_3,fakeavceleb_03801_Caucasian(European)_women_id01002,per-clip-v1
0.584347,0,,librispeech_0259,impostor_4,fakeavceleb_02890_Caucasian(American)_women_id00098,per-clip-v1
0.542904,0,,librispeech_0259,impostor_5,fakeavceleb_00081_African_women_id03747,per-clip-v1
0.603333,0,,librispeech_0259,impostor_6,fakeavceleb_01533_Asian(East)_women_id00430,per-clip-v1
0.468743,0,,librispeech_0259,impostor_7,fakeavceleb_02577_Caucasian(American)_men_id00060,per-clip-v1
0.596806,0,,librispeech_0259,impostor_8,asvspoof_0286,per-clip-v1
0.556396,0,,librispeech_0259,impostor_9,librispeech_0330,per-clip-v1
0.592815,0,,librispeech_0259,impostor_10,librispeech_0283,per-clip-v1
0.950593,1,,librispeech_0260,genuine,librispeech_0260,per-clip-v1
0.522477,0,,librispeech_0260,impostor_1,fakeavceleb_00799_African_men_id02040,per-clip-v1
0.462952,0,,librispeech_0260,impostor_2,fakeavceleb_03305_Caucasian(European)_men_id00266,per-clip-v1
0.509371,0,,librispeech_0260,impostor_3,fakeavceleb_03504_Caucasian(European)_men_id01157,per-clip-v1
0.431434,0,,librispeech_0260,impostor_4,librispeech_0381,per-clip-v1
0.423018,0,,librispeech_0260,impostor_5,librispeech_0437,per-clip-v1
0.417578,0,,librispeech_0260,impostor_6,fakeavceleb_02491_Asian(South)_women_id07078,per-clip-v1
0.495310,0,,librispeech_0260,impostor_7,librispeech_0499,per-clip-v1
0.527972,0,,librispeech_0260,impostor_8,fakeavceleb_00367_Caucasian(American)_women_id00431,per-clip-v1
0.348883,0,,librispeech_0260,impostor_9,fakeavceleb_02458_Asian(South)_women_id06438,per-clip-v1
0.425562,0,,librispeech_0260,impostor_10,fakeavceleb_02940_Caucasian(American)_women_id00261,per-clip-v1
0.920563,1,,librispeech_0261,genuine,librispeech_0261,per-clip-v1
0.508496,0,,librispeech_0261,impostor_1,fakeavceleb_02276_Asian(South)_women_id02619,per-clip-v1
0.549854,0,,librispeech_0261,impostor_2,fakeavceleb_01796_Asian(East)_women_id08139,per-clip-v1
0.561480,0,,librispeech_0261,impostor_3,librispeech_0370,per-clip-v1
0.590005,0,,librispeech_0261,impostor_4,librispeech_0250,per-clip-v1
0.479357,0,,librispeech_0261,impostor_5,fakeavceleb_02008_Asian(South)_men_id04537,per-clip-v1
0.560117,0,,librispeech_0261,impostor_6,fakeavceleb_01059_African_women_id02948,per-clip-v1
0.659635,0,,librispeech_0261,impostor_7,fakeavceleb_02967_Caucasian(American)_women_id00381,per-clip-v1
0.502439,0,,librispeech_0261,impostor_8,fakeavceleb_00166_Asian(East)_women_id04066,per-clip-v1
0.515516,0,,librispeech_0261,impostor_9,fakeavceleb_02786_Caucasian(American)_men_id01201,per-clip-v1
0.443777,0,,librispeech_0261,impostor_10,librispeech_0386,per-clip-v1
0.947422,1,,librispeech_0262,genuine,librispeech_0262,per-clip-v1
0.444203,0,,librispeech_0262,impostor_1,fakeavceleb_01671_Asian(East)_women_id05576,per-clip-v1
0.562220,0,,librispeech_0262,impostor_2,asvspoof_0364,per-clip-v1
0.511325,0,,librispeech_0262,impostor_3,librispeech_0071,per-clip-v1
0.540391,0,,librispeech_0262,impostor_4,librispeech_0062,per-clip-v1
0.428827,0,,librispeech_0262,impostor_5,fakeavceleb_02792_Caucasian(American)_men_id01210,per-clip-v1
0.658936,0,,librispeech_0262,impostor_6,librispeech_0296,per-clip-v1
0.552351,0,,librispeech_0262,impostor_7,fakeavceleb_00084_African_women_id04374,per-clip-v1
0.597370,0,,librispeech_0262,impostor_8,fakeavceleb_00954_African_women_id01178,per-clip-v1
0.522882,0,,librispeech_0262,impostor_9,fakeavceleb_03031_Caucasian(American)_women_id00575,per-clip-v1
0.471361,0,,librispeech_0262,impostor_10,fakeavceleb_03328_Caucasian(European)_men_id00306,per-clip-v1
0.948062,1,,librispeech_0263,genuine,librispeech_0263,per-clip-v1
0.327006,0,,librispeech_0263,impostor_1,fakeavceleb_01299_Asian(East)_men_id02332,per-clip-v1
0.458063,0,,librispeech_0263,impostor_2,fakeavceleb_00978_African_women_id01783,per-clip-v1
0.385044,0,,librispeech_0263,impostor_3,fakeavceleb_03225_Caucasian(European)_men_id00171,per-clip-v1
0.413340,0,,librispeech_0263,impostor_4,asvspoof_0247,per-clip-v1
0.532901,0,,librispeech_0263,impostor_5,fakeavceleb_00936_African_women_id00829,per-clip-v1
0.607604,0,,librispeech_0263,impostor_6,fakeavceleb_03814_Caucasian(European)_women_id03371,per-clip-v1
0.436314,0,,librispeech_0263,impostor_7,fakeavceleb_03199_Caucasian(European)_men_id00055,per-clip-v1
0.458087,0,,librispeech_0263,impostor_8,fakeavceleb_01289_Asian(East)_men_id01683,per-clip-v1
0.430783,0,,librispeech_0263,impostor_9,fakeavceleb_01574_Asian(East)_women_id00935,per-clip-v1
0.541352,0,,librispeech_0263,impostor_10,asvspoof_0386,per-clip-v1
0.949316,1,,librispeech_0265,genuine,librispeech_0265,per-clip-v1
0.474400,0,,librispeech_0265,impostor_1,fakeavceleb_01847_Asian(East)_women_id09175,per-clip-v1
0.500289,0,,librispeech_0265,impostor_2,librispeech_0336,per-clip-v1
0.637815,0,,librispeech_0265,impostor_3,librispeech_0157,per-clip-v1
0.392161,0,,librispeech_0265,impostor_4,fakeavceleb_01204_Asian(East)_men_id00056,per-clip-v1
0.431008,0,,librispeech_0265,impostor_5,asvspoof_0379,per-clip-v1
0.668324,0,,librispeech_0265,impostor_6,fakeavceleb_01041_African_women_id02808,per-clip-v1
0.508770,0,,librispeech_0265,impostor_7,fakeavceleb_00289_Asian(South)_women_id06445,per-clip-v1
0.530679,0,,librispeech_0265,impostor_8,fakeavceleb_00222_Asian(South)_men_id04554,per-clip-v1
0.519564,0,,librispeech_0265,impostor_9,fakeavceleb_01685_Asian(East)_women_id05631,per-clip-v1
0.563834,0,,librispeech_0265,impostor_10,fakeavceleb_03123_Caucasian(American)_women_id01227,per-clip-v1
0.965339,1,,librispeech_0266,genuine,librispeech_0266,per-clip-v1
0.406618,0,,librispeech_0266,impostor_1,fakeavceleb_00648_African_men_id01236,per-clip-v1
0.499622,0,,librispeech_0266,impostor_2,fakeavceleb_02729_Caucasian(American)_men_id01096,per-clip-v1
0.726454,0,,librispeech_0266,impostor_3,asvspoof_0079,per-clip-v1
0.747097,0,,librispeech_0266,impostor_4,librispeech_0271,per-clip-v1
0.566626,0,,librispeech_0266,impostor_5,fakeavceleb_02684_Caucasian(American)_men_id00777,per-clip-v1
0.576580,0,,librispeech_0266,impostor_6,librispeech_0249,per-clip-v1
0.435018,0,,librispeech_0266,impostor_7,fakeavceleb_01025_African_women_id02586,per-clip-v1
0.481682,0,,librispeech_0266,impostor_8,fakeavceleb_02819_Caucasian(American)_men_id03678,per-clip-v1
0.479490,0,,librispeech_0266,impostor_9,fakeavceleb_01907_Asian(South)_men_id00350,per-clip-v1
0.569077,0,,librispeech_0266,impostor_10,librispeech_0254,per-clip-v1
0.940209,1,,librispeech_0267,genuine,librispeech_0267,per-clip-v1
0.601902,0,,librispeech_0267,impostor_1,librispeech_0256,per-clip-v1
0.439672,0,,librispeech_0267,impostor_2,asvspoof_0005,per-clip-v1
0.569295,0,,librispeech_0267,impostor_3,librispeech_0091,per-clip-v1
0.524838,0,,librispeech_0267,impostor_4,fakeavceleb_01141_African_women_id04736,per-clip-v1
0.660641,0,,librispeech_0267,impostor_5,fakeavceleb_03429_Caucasian(European)_men_id00946,per-clip-v1
0.554108,0,,librispeech_0267,impostor_6,fakeavceleb_03393_Caucasian(European)_men_id00594,per-clip-v1
0.415156,0,,librispeech_0267,impostor_7,asvspoof_0196,per-clip-v1
0.600192,0,,librispeech_0267,impostor_8,fakeavceleb_01453_Asian(East)_men_id07338,per-clip-v1
0.546698,0,,librispeech_0267,impostor_9,fakeavceleb_00085_African_women_id04376,per-clip-v1
0.453274,0,,librispeech_0267,impostor_10,fakeavceleb_00080_African_women_id03713,per-clip-v1
0.929080,1,,librispeech_0268,genuine,librispeech_0268,per-clip-v1
0.636884,0,,librispeech_0268,impostor_1,librispeech_0359,per-clip-v1
0.497869,0,,librispeech_0268,impostor_2,librispeech_0155,per-clip-v1
0.523063,0,,librispeech_0268,impostor_3,fakeavceleb_03388_Caucasian(European)_men_id00559,per-clip-v1
0.427118,0,,librispeech_0268,impostor_4,fakeavceleb_01244_Asian(East)_men_id00740,per-clip-v1
0.551294,0,,librispeech_0268,impostor_5,fakeavceleb_00466_Caucasian(European)_women_id00374,per-clip-v1
0.526120,0,,librispeech_0268,impostor_6,fakeavceleb_01977_Asian(South)_men_id00860,per-clip-v1
0.596177,0,,librispeech_0268,impostor_7,fakeavceleb_02123_Asian(South)_men_id07194,per-clip-v1
0.536508,0,,librispeech_0268,impostor_8,librispeech_0312,per-clip-v1
0.502309,0,,librispeech_0268,impostor_9,fakeavceleb_01807_Asian(East)_women_id08402,per-clip-v1
0.512790,0,,librispeech_0268,impostor_10,fakeavceleb_01309_Asian(East)_men_id02493,per-clip-v1
0.927233,1,,librispeech_0269,genuine,librispeech_0269,per-clip-v1
0.440316,0,,librispeech_0269,impostor_1,fakeavceleb_03335_Caucasian(European)_men_id00368,per-clip-v1
0.519382,0,,librispeech_0269,impostor_2,asvspoof_0303,per-clip-v1
0.403907,0,,librispeech_0269,impostor_3,fakeavceleb_01511_Asian(East)_women_id00137,per-clip-v1
0.438000,0,,librispeech_0269,impostor_4,fakeavceleb_01242_Asian(East)_men_id00740,per-clip-v1
0.693757,0,,librispeech_0269,impostor_5,librispeech_0009,per-clip-v1
0.528491,0,,librispeech_0269,impostor_6,fakeavceleb_01670_Asian(East)_women_id05576,per-clip-v1
0.470368,0,,librispeech_0269,impostor_7,fakeavceleb_03735_Caucasian(European)_women_id00581,per-clip-v1
0.644137,0,,librispeech_0269,impostor_8,librispeech_0272,per-clip-v1
0.539903,0,,librispeech_0269,impostor_9,fakeavceleb_00954_African_women_id01178,per-clip-v1
0.473504,0,,librispeech_0269,impostor_10,fakeavceleb_03104_Caucasian(American)_women_id01216,per-clip-v1
0.950251,1,,librispeech_0270,genuine,librispeech_0270,per-clip-v1
0.441655,0,,librispeech_0270,impostor_1,fakeavceleb_00073_African_women_id02824,per-clip-v1
0.581521,0,,librispeech_0270,impostor_2,librispeech_0009,per-clip-v1
0.618890,0,,librispeech_0270,impostor_3,librispeech_0236,per-clip-v1
0.486154,0,,librispeech_0270,impostor_4,fakeavceleb_03810_Caucasian(European)_women_id01018,per-clip-v1
0.527785,0,,librispeech_0270,impostor_5,fakeavceleb_03819_Caucasian(European)_women_id03620,per-clip-v1
0.636105,0,,librispeech_0270,impostor_6,librispeech_0488,per-clip-v1
0.602695,0,,librispeech_0270,impostor_7,librispeech_0059,per-clip-v1
0.453177,0,,librispeech_0270,impostor_8,fakeavceleb_02199_Asian(South)_women_id00149,per-clip-v1
0.450988,0,,librispeech_0270,impostor_9,fakeavceleb_00123_Asian(East)_men_id04691,per-clip-v1
0.454931,0,,librispeech_0270,impostor_10,librispeech_0413,per-clip-v1
0.955493,1,,librispeech_0271,genuine,librispeech_0271,per-clip-v1
0.567245,0,,librispeech_0271,impostor_1,librispeech_0353,per-clip-v1
0.441968,0,,librispeech_0271,impostor_2,fakeavceleb_00249_Asian(South)_men_id08457,per-clip-v1
0.516969,0,,librispeech_0271,impostor_3,fakeavceleb_03392_Caucasian(European)_men_id00594,per-clip-v1
0.734359,0,,librispeech_0271,impostor_4,librispeech_0366,per-clip-v1
0.436473,0,,librispeech_0271,impostor_5,fakeavceleb_00948_African_women_id01178,per-clip-v1
0.540270,0,,librispeech_0271,impostor_6,fakeavceleb_01428_Asian(East)_men_id06591,per-clip-v1
0.496768,0,,librispeech_0271,impostor_7,librispeech_0233,per-clip-v1
0.506505,0,,librispeech_0271,impostor_8,fakeavceleb_00010_African_men_id00761,per-clip-v1
0.542493,0,,librispeech_0271,impostor_9,fakeavceleb_02634_Caucasian(American)_men_id00264,per-clip-v1
0.526307,0,,librispeech_0271,impostor_10,fakeavceleb_00580_African_men_id00781,per-clip-v1
0.903917,1,,librispeech_0272,genuine,librispeech_0272,per-clip-v1
0.611964,0,,librispeech_0272,impostor_1,fakeavceleb_03305_Caucasian(European)_men_id00266,per-clip-v1
0.526142,0,,librispeech_0272,impostor_2,fakeavceleb_00614_African_men_id01170,per-clip-v1
0.478298,0,,librispeech_0272,impostor_3,fakeavceleb_00996_African_women_id01907,per-clip-v1
0.487088,0,,librispeech_0272,impostor_4,fakeavceleb_02504_Asian(South)_women_id07377,per-clip-v1
0.507462,0,,librispeech_0272,impostor_5,fakeavceleb_03299_Caucasian(European)_men_id00265,per-clip-v1
0.463200,0,,librispeech_0272,impostor_6,fakeavceleb_01348_Asian(East)_men_id04222,per-clip-v1
0.495396,0,,librispeech_0272,impostor_7,fakeavceleb_00560_African_men_id00478,per-clip-v1
0.477173,0,,librispeech_0272,impostor_8,fakeavceleb_01493_Asian(East)_men_id09143,per-clip-v1
0.543114,0,,librispeech_0272,impostor_9,asvspoof_0144,per-clip-v1
0.501627,0,,librispeech_0272,impostor_10,fakeavceleb_02000_Asian(South)_men_id04526,per-clip-v1
0.946329,1,,librispeech_0273,genuine,librispeech_0273,per-clip-v1
0.555218,0,,librispeech_0273,impostor_1,librispeech_0047,per-clip-v1
0.389396,0,,librispeech_0273,impostor_2,fakeavceleb_01376_Asian(East)_men_id04884,per-clip-v1
0.455417,0,,librispeech_0273,impostor_3,fakeavceleb_00827_African_men_id02316,per-clip-v1
0.459760,0,,librispeech_0273,impostor_4,fakeavceleb_01921_Asian(South)_men_id00685,per-clip-v1
0.414320,0,,librispeech_0273,impostor_5,fakeavceleb_00808_African_men_id02051,per-clip-v1
0.531557,0,,librispeech_0273,impostor_6,librispeech_0426,per-clip-v1
0.446851,0,,librispeech_0273,impostor_7,asvspoof_0190,per-clip-v1
0.501243,0,,librispeech_0273,impostor_8,librispeech_0135,per-clip-v1
0.667601,0,,librispeech_0273,impostor_9,librispeech_0072,per-clip-v1
0.401364,0,,librispeech_0273,impostor_10,fakeavceleb_03795_Caucasian(European)_women_id01001,per-clip-v1
0.915639,1,,librispeech_0274,genuine,librispeech_0274,per-clip-v1
0.556038,0,,librispeech_0274,impostor_1,fakeavceleb_00074_African_women_id02838,per-clip-v1
0.539141,0,,librispeech_0274,impostor_2,asvspoof_0412,per-clip-v1
0.536965,0,,librispeech_0274,impostor_3,fakeavceleb_02726_Caucasian(American)_men_id01096,per-clip-v1
0.443711,0,,librispeech_0274,impostor_4,fakeavceleb_01930_Asian(South)_men_id00732,per-clip-v1
0.409211,0,,librispeech_0274,impostor_5,asvspoof_0123,per-clip-v1
0.524427,0,,librispeech_0274,impostor_6,librispeech_0283,per-clip-v1
0.412849,0,,librispeech_0274,impostor_7,asvspoof_0434,per-clip-v1
0.547253,0,,librispeech_0274,impostor_8,fakeavceleb_03686_Caucasian(European)_women_id00434,per-clip-v1
0.496469,0,,librispeech_0274,impostor_9,fakeavceleb_03640_Caucasian(European)_women_id00330,per-clip-v1
0.444438,0,,librispeech_0274,impostor_10,fakeavceleb_01995_Asian(South)_men_id03945,per-clip-v1
0.950145,1,,librispeech_0275,genuine,librispeech_0275,per-clip-v1
0.469473,0,,librispeech_0275,impostor_1,fakeavceleb_01399_Asian(East)_men_id05743,per-clip-v1
0.443471,0,,librispeech_0275,impostor_2,fakeavceleb_02590_Caucasian(American)_men_id00087,per-clip-v1
0.524460,0,,librispeech_0275,impostor_3,fakeavceleb_01051_African_women_id02838,per-clip-v1
0.415449,0,,librispeech_0275,impostor_4,fakeavceleb_02295_Asian(South)_women_id03897,per-clip-v1
0.392152,0,,librispeech_0275,impostor_5,fakeavceleb_01405_Asian(East)_men_id06269,per-clip-v1
0.458483,0,,librispeech_0275,impostor_6,librispeech_0158,per-clip-v1
0.374512,0,,librispeech_0275,impostor_7,fakeavceleb_03554_Caucasian(European)_women_id00071,per-clip-v1
0.475268,0,,librispeech_0275,impostor_8,asvspoof_0408,per-clip-v1
0.512113,0,,librispeech_0275,impostor_9,fakeavceleb_03117_Caucasian(American)_women_id01225,per-clip-v1
0.517802,0,,librispeech_0275,impostor_10,asvspoof_0230,per-clip-v1
0.961819,1,,librispeech_0276,genuine,librispeech_0276,per-clip-v1
0.546401,0,,librispeech_0276,impostor_1,fakeavceleb_03475_Caucasian(European)_men_id01099,per-clip-v1
0.432277,0,,librispeech_0276,impostor_2,fakeavceleb_02145_Asian(South)_men_id07210,per-clip-v1
0.520799,0,,librispeech_0276,impostor_3,librispeech_0393,per-clip-v1
0.529769,0,,librispeech_0276,impostor_4,librispeech_0449,per-clip-v1
0.675678,0,,librispeech_0276,impostor_5,fakeavceleb_00767_African_men_id01933,per-clip-v1
0.535339,0,,librispeech_0276,impostor_6,fakeavceleb_01728_Asian(East)_women_id06158,per-clip-v1
0.635652,0,,librispeech_0276,impostor_7,librispeech_0143,per-clip-v1
0.608870,0,,librispeech_0276,impostor_8,fakeavceleb_01109_African_women_id04245,per-clip-v1
0.547712,0,,librispeech_0276,impostor_9,librispeech_0304,per-clip-v1
0.504008,0,,librispeech_0276,impostor_10,librispeech_0208,per-clip-v1
0.916635,1,,librispeech_0277,genuine,librispeech_0277,per-clip-v1
0.498836,0,,librispeech_0277,impostor_1,fakeavceleb_01705_Asian(East)_women_id06060,per-clip-v1
0.491011,0,,librispeech_0277,impostor_2,fakeavceleb_02672_Caucasian(American)_men_id00775,per-clip-v1
0.726628,0,,librispeech_0277,impostor_3,librispeech_0313,per-clip-v1
0.562716,0,,librispeech_0277,impostor_4,librispeech_0307,per-clip-v1
0.520517,0,,librispeech_0277,impostor_5,fakeavceleb_00348_Caucasian(American)_men_id04219,per-clip-v1
0.663738,0,,librispeech_0277,impostor_6,librispeech_0276,per-clip-v1
0.684071,0,,librispeech_0277,impostor_7,librispeech_0244,per-clip-v1
0.544399,0,,librispeech_0277,impostor_8,fakeavceleb_02870_Caucasian(American)_women_id00097,per-clip-v1
0.480567,0,,librispeech_0277,impostor_9,fakeavceleb_02987_Caucasian(American)_women_id00418,per-clip-v1
0.603762,0,,librispeech_0277,impostor_10,fakeavceleb_00831_African_men_id02342,per-clip-v1
0.869267,1,,librispeech_0278,genuine,librispeech_0278,per-clip-v1
0.503334,0,,librispeech_0278,impostor_1,fakeavceleb_02035_Asian(South)_men_id04599,per-clip-v1
0.620550,0,,librispeech_0278,impostor_2,librispeech_0260,per-clip-v1
0.472515,0,,librispeech_0278,impostor_3,fakeavceleb_00040_African_men_id01995,per-clip-v1
0.533608,0,,librispeech_0278,impostor_4,fakeavceleb_01401_Asian(East)_men_id06152,per-clip-v1
0.687241,0,,librispeech_0278,impostor_5,librispeech_0469,per-clip-v1
0.532473,0,,librispeech_0278,impostor_6,fakeavceleb_01912_Asian(South)_men_id00414,per-clip-v1
0.577808,0,,librispeech_0278,impostor_7,fakeavceleb_00863_African_women_id00220,per-clip-v1
0.623623,0,,librispeech_0278,impostor_8,librispeech_0047,per-clip-v1
0.691300,0,,librispeech_0278,impostor_9,librispeech_0192,per-clip-v1
0.506313,0,,librispeech_0278,impostor_10,fakeavceleb_02532_Caucasian(American)_men_id00020,per-clip-v1
0.902310,1,,librispeech_0279,genuine,librispeech_0279,per-clip-v1
0.528014,0,,librispeech_0279,impostor_1,asvspoof_0052,per-clip-v1
0.379165,0,,librispeech_0279,impostor_2,fakeavceleb_02404_Asian(South)_women_id05931,per-clip-v1
0.543521,0,,librispeech_0279,impostor_3,fakeavceleb_00180_Asian(East)_women_id06225,per-clip-v1
0.547400,0,,librispeech_0279,impostor_4,fakeavceleb_00915_African_women_id00592,per-clip-v1
0.504850,0,,librispeech_0279,impostor_5,fakeavceleb_03670_Caucasian(European)_women_id00379,per-clip-v1
0.480117,0,,librispeech_0279,impostor_6,fakeavceleb_03324_Caucasian(European)_men_id00305,per-clip-v1
0.550344,0,,librispeech_0279,impostor_7,librispeech_0456,per-clip-v1
0.474271,0,,librispeech_0279,impostor_8,fakeavceleb_02184_Asian(South)_women_id00080,per-clip-v1
0.428422,0,,librispeech_0279,impostor_9,fakeavceleb_03489_Caucasian(European)_men_id01123,per-clip-v1
0.553210,0,,librispeech_0279,impostor_10,fakeavceleb_02665_Caucasian(American)_men_id00708,per-clip-v1
0.956138,1,,librispeech_0280,genuine,librispeech_0280,per-clip-v1
0.653267,0,,librispeech_0280,impostor_1,asvspoof_0120,per-clip-v1
0.543305,0,,librispeech_0280,impostor_2,fakeavceleb_02052_Asian(South)_men_id06334,per-clip-v1
0.610405,0,,librispeech_0280,impostor_3,librispeech_0405,per-clip-v1
0.513982,0,,librispeech_0280,impostor_4,librispeech_0058,per-clip-v1
0.563693,0,,librispeech_0280,impostor_5,librispeech_0389,per-clip-v1
0.593541,0,,librispeech_0280,impostor_6,librispeech_0272,per-clip-v1
0.443599,0,,librispeech_0280,impostor_7,fakeavceleb_03054_Caucasian(American)_women_id00835,per-clip-v1
0.655815,0,,librispeech_0280,impostor_8,fakeavceleb_02775_Caucasian(American)_men_id01182,per-clip-v1
0.514010,0,,librispeech_0280,impostor_9,fakeavceleb_02124_Asian(South)_men_id07194,per-clip-v1
0.532029,0,,librispeech_0280,impostor_10,fakeavceleb_01048_African_women_id02824,per-clip-v1
0.846567,1,,librispeech_0281,genuine,librispeech_0281,per-clip-v1
0.412704,0,,librispeech_0281,impostor_1,fakeavceleb_03323_Caucasian(European)_men_id00292,per-clip-v1
0.451782,0,,librispeech_0281,impostor_2,fakeavceleb_01892_Asian(South)_men_id00103,per-clip-v1
0.682774,0,,librispeech_0281,impostor_3,librispeech_0124,per-clip-v1
0.490833,0,,librispeech_0281,impostor_4,fakeavceleb_03469_Caucasian(European)_men_id01098,per-clip-v1
0.580753,0,,librispeech_0281,impostor_5,fakeavceleb_02353_Asian(South)_women_id04927,per-clip-v1
0.599254,0,,librispeech_0281,impostor_6,fakeavceleb_02891_Caucasian(American)_women_id00100,per-clip-v1
0.525497,0,,librispeech_0281,impostor_7,fakeavceleb_03246_Caucasian(European)_men_id00185,per-clip-v1
0.561072,0,,librispeech_0281,impostor_8,fakeavceleb_03035_Caucasian(American)_women_id00575,per-clip-v1
0.491240,0,,librispeech_0281,impostor_9,fakeavceleb_00055_African_women_id00577,per-clip-v1
0.485491,0,,librispeech_0281,impostor_10,fakeavceleb_02217_Asian(South)_women_id00417,per-clip-v1
0.932136,1,,librispeech_0282,genuine,librispeech_0282,per-clip-v1
0.498630,0,,librispeech_0282,impostor_1,fakeavceleb_03674_Caucasian(European)_women_id00395,per-clip-v1
0.578089,0,,librispeech_0282,impostor_2,fakeavceleb_01154_African_women_id04939,per-clip-v1
0.461424,0,,librispeech_0282,impostor_3,fakeavceleb_00626_African_men_id01179,per-clip-v1
0.619267,0,,librispeech_0282,impostor_4,fakeavceleb_03813_Caucasian(European)_women_id03371,per-clip-v1
0.505241,0,,librispeech_0282,impostor_5,fakeavceleb_00375_Caucasian(American)_women_id00752,per-clip-v1
0.441496,0,,librispeech_0282,impostor_6,fakeavceleb_03214_Caucasian(European)_men_id00063,per-clip-v1
0.528945,0,,librispeech_0282,impostor_7,asvspoof_0067,per-clip-v1
0.502087,0,,librispeech_0282,impostor_8,fakeavceleb_00274_Asian(South)_women_id04927,per-clip-v1
0.515529,0,,librispeech_0282,impostor_9,fakeavceleb_02231_Asian(South)_women_id00488,per-clip-v1
0.565196,0,,librispeech_0282,impostor_10,fakeavceleb_00180_Asian(East)_women_id06225,per-clip-v1
0.934329,1,,librispeech_0283,genuine,librispeech_0283,per-clip-v1
0.710140,0,,librispeech_0283,impostor_1,librispeech_0459,per-clip-v1
0.604692,0,,librispeech_0283,impostor_2,librispeech_0071,per-clip-v1
0.464620,0,,librispeech_0283,impostor_3,asvspoof_0065,per-clip-v1
0.510658,0,,librispeech_0283,impostor_4,fakeavceleb_02906_Caucasian(American)_women_id00145,per-clip-v1
0.559458,0,,librispeech_0283,impostor_5,fakeavceleb_03021_Caucasian(American)_women_id00462,per-clip-v1
0.554338,0,,librispeech_0283,impostor_6,fakeavceleb_02409_Asian(South)_women_id05931,per-clip-v1
0.549112,0,,librispeech_0283,impostor_7,librispeech_0494,per-clip-v1
0.654585,0,,librispeech_0283,impostor_8,fakeavceleb_01311_Asian(East)_men_id02493,per-clip-v1
0.531601,0,,librispeech_0283,impostor_9,fakeavceleb_03789_Caucasian(European)_women_id00897,per-clip-v1
0.504333,0,,librispeech_0283,impostor_10,fakeavceleb_01457_Asian(East)_men_id08299,per-clip-v1
0.949405,1,,librispeech_0284,genuine,librispeech_0284,per-clip-v1
0.501615,0,,librispeech_0284,impostor_1,fakeavceleb_02329_Asian(South)_women_id04529,per-clip-v1
0.576884,0,,librispeech_0284,impostor_2,librispeech_0402,per-clip-v1
0.403877,0,,librispeech_0284,impostor_3,asvspoof_0474,per-clip-v1
0.550438,0,,librispeech_0284,impostor_4,fakeavceleb_02309_Asian(South)_women_id04070,per-clip-v1
0.484182,0,,librispeech_0284,impostor_5,fakeavceleb_02686_Caucasian(American)_men_id00943,per-clip-v1
0.578086,0,,librispeech_0284,impostor_6,fakeavceleb_01768_Asian(East)_women_id07039,per-clip-v1
0.649864,0,,librispeech_0284,impostor_7,librispeech_0330,per-clip-v1
0.497221,0,,librispeech_0284,impostor_8,asvspoof_0103,per-clip-v1
0.543469,0,,librispeech_0284,impostor_9,fakeavceleb_03152_Caucasian(American)_women_id01248,per-clip-v1
0.455879,0,,librispeech_0284,impostor_10,fakeavceleb_00825_African_men_id02316,per-clip-v1
0.942794,1,,librispeech_0285,genuine,librispeech_0285,per-clip-v1
0.583328,0,,librispeech_0285,impostor_1,librispeech_0039,per-clip-v1
0.424877,0,,librispeech_0285,impostor_2,fakeavceleb_02369_Asian(South)_women_id05434,per-clip-v1
0.593176,0,,librispeech_0285,impostor_3,librispeech_0429,per-clip-v1
0.561022,0,,librispeech_0285,impostor_4,asvspoof_0423,per-clip-v1
0.492140,0,,librispeech_0285,impostor_5,fakeavceleb_01339_Asian(East)_men_id03965,per-clip-v1
0.561028,0,,librispeech_0285,impostor_6,fakeavceleb_03786_Caucasian(European)_women_id00826,per-clip-v1
0.488958,0,,librispeech_0285,impostor_7,fakeavceleb_01555_Asian(East)_women_id00579,per-clip-v1
0.529377,0,,librispeech_0285,impostor_8,fakeavceleb_03170_Caucasian(American)_women_id03556,per-clip-v1
0.611856,0,,librispeech_0285,impostor_9,librispeech_0431,per-clip-v1
0.435182,0,,librispeech_0285,impostor_10,fakeavceleb_01954_Asian(South)_men_id00773,per-clip-v1
0.943614,1,,librispeech_0286,genuine,librispeech_0286,per-clip-v1
0.559596,0,,librispeech_0286,impostor_1,fakeavceleb_00166_Asian(East)_women_id04066,per-clip-v1
0.526888,0,,librispeech_0286,impostor_2,fakeavceleb_00933_African_women_id00829,per-clip-v1
0.636372,0,,librispeech_0286,impostor_3,fakeavceleb_01833_Asian(East)_women_id09171,per-clip-v1
0.527919,0,,librispeech_0286,impostor_4,fakeavceleb_03335_Caucasian(European)_men_id00368,per-clip-v1
0.450573,0,,librispeech_0286,impostor_5,fakeavceleb_01348_Asian(East)_men_id04222,per-clip-v1
0.651012,0,,librispeech_0286,impostor_6,fakeavceleb_00365_Caucasian(American)_women_id00418,per-clip-v1
0.449996,0,,librispeech_0286,impostor_7,fakeavceleb_02078_Asian(South)_men_id07058,per-clip-v1
0.555602,0,,librispeech_0286,impostor_8,fakeavceleb_00261_Asian(South)_women_id02310,per-clip-v1
0.615761,0,,librispeech_0286,impostor_9,fakeavceleb_01507_Asian(East)_women_id00137,per-clip-v1
0.631668,0,,librispeech_0286,impostor_10,fakeavceleb_00398_Caucasian(American)_women_id03707,per-clip-v1
0.929945,1,,librispeech_0287,genuine,librispeech_0287,per-clip-v1
0.498035,0,,librispeech_0287,impostor_1,fakeavceleb_01917_Asian(South)_men_id00459,per-clip-v1
0.590643,0,,librispeech_0287,impostor_2,librispeech_0180,per-clip-v1
0.675172,0,,librispeech_0287,impostor_3,librispeech_0341,per-clip-v1
0.347052,0,,librispeech_0287,impostor_4,asvspoof_0100,per-clip-v1
0.493192,0,,librispeech_0287,impostor_5,fakeavceleb_02429_Asian(South)_women_id06343,per-clip-v1
0.625326,0,,librispeech_0287,impostor_6,librispeech_0412,per-clip-v1
0.546526,0,,librispeech_0287,impostor_7,fakeavceleb_00680_African_men_id01530,per-clip-v1
0.532925,0,,librispeech_0287,impostor_8,fakeavceleb_03591_Caucasian(European)_women_id00262,per-clip-v1
0.617823,0,,librispeech_0287,impostor_9,librispeech_0420,per-clip-v1
0.425617,0,,librispeech_0287,impostor_10,fakeavceleb_00750_African_men_id01856,per-clip-v1
0.966092,1,,librispeech_0288,genuine,librispeech_0288,per-clip-v1
0.413226,0,,librispeech_0288,impostor_1,fakeavceleb_00398_Caucasian(American)_women_id03707,per-clip-v1
0.432333,0,,librispeech_0288,impostor_2,fakeavceleb_03141_Caucasian(American)_women_id01238,per-clip-v1
0.449049,0,,librispeech_0288,impostor_3,fakeavceleb_00913_African_women_id00592,per-clip-v1
0.625028,0,,librispeech_0288,impostor_4,librispeech_0317,per-clip-v1
0.597742,0,,librispeech_0288,impostor_5,librispeech_0207,per-clip-v1
0.468998,0,,librispeech_0288,impostor_6,fakeavceleb_03036_Caucasian(American)_women_id00616,per-clip-v1
0.572006,0,,librispeech_0288,impostor_7,fakeavceleb_03222_Caucasian(European)_men_id00171,per-clip-v1
0.634733,0,,librispeech_0288,impostor_8,librispeech_0136,per-clip-v1
0.523970,0,,librispeech_0288,impostor_9,fakeavceleb_02589_Caucasian(American)_men_id00087,per-clip-v1
0.653754,0,,librispeech_0288,impostor_10,librispeech_0408,per-clip-v1
0.933035,1,,librispeech_0289,genuine,librispeech_0289,per-clip-v1
0.469353,0,,librispeech_0289,impostor_1,fakeavceleb_02256_Asian(South)_women_id02089,per-clip-v1
0.483099,0,,librispeech_0289,impostor_2,fakeavceleb_02293_Asian(South)_women_id03897,per-clip-v1
0.723976,0,,librispeech_0289,impostor_3,librispeech_0389,per-clip-v1
0.507235,0,,librispeech_0289,impostor_4,fakeavceleb_02545_Caucasian(American)_men_id00021,per-clip-v1
0.624463,0,,librispeech_0289,impostor_5,librispeech_0004,per-clip-v1
0.600690,0,,librispeech_0289,impostor_6,librispeech_0167,per-clip-v1
0.394901,0,,librispeech_0289,impostor_7,fakeavceleb_03114_Caucasian(American)_women_id01225,per-clip-v1
0.535866,0,,librispeech_0289,impostor_8,fakeavceleb_00812_African_men_id02268,per-clip-v1
0.474203,0,,librispeech_0289,impostor_9,fakeavceleb_02013_Asian(South)_men_id04560,per-clip-v1
0.523211,0,,librispeech_0289,impostor_10,fakeavceleb_02999_Caucasian(American)_women_id00428,per-clip-v1
0.954492,1,,librispeech_0290,genuine,librispeech_0290,per-clip-v1
0.430042,0,,librispeech_0290,impostor_1,asvspoof_0208,per-clip-v1
0.471973,0,,librispeech_0290,impostor_2,fakeavceleb_01800_Asian(East)_women_id08397,per-clip-v1
0.538282,0,,librispeech_0290,impostor_3,fakeavceleb_02733_Caucasian(American)_men_id01105,per-clip-v1
0.481531,0,,librispeech_0290,impostor_4,fakeavceleb_00626_African_men_id01179,per-clip-v1
0.402188,0,,librispeech_0290,impostor_5,fakeavceleb_01531_Asian(East)_women_id00430,per-clip-v1
0.795550,0,,librispeech_0290,impostor_6,librispeech_0415,per-clip-v1
0.484897,0,,librispeech_0290,impostor_7,fakeavceleb_01865_Asian(South)_men_id00033,per-clip-v1
0.491960,0,,librispeech_0290,impostor_8,fakeavceleb_01137_African_women_id04689,per-clip-v1
0.386872,0,,librispeech_0290,impostor_9,fakeavceleb_02939_Caucasian(American)_women_id00261,per-clip-v1
0.477815,0,,librispeech_0290,impostor_10,librispeech_0259,per-clip-v1
0.921156,1,,librispeech_0291,genuine,librispeech_0291,per-clip-v1
0.557655,0,,librispeech_0291,impostor_1,librispeech_0217,per-clip-v1
0.418272,0,,librispeech_0291,impostor_2,fakeavceleb_02865_Caucasian(American)_women_id00025,per-clip-v1
0.357048,0,,librispeech_0291,impostor_3,fakeavceleb_00272_Asian(South)_women_id04582,per-clip-v1
0.572792,0,,librispeech_0291,impostor_4,librispeech_0134,per-clip-v1
0.371120,0,,librispeech_0291,impostor_5,fakeavceleb_01000_African_women_id02071,per-clip-v1
0.631313,0,,librispeech_0291,impostor_6,librispeech_0207,per-clip-v1
0.500591,0,,librispeech_0291,impostor_7,fakeavceleb_02724_Caucasian(American)_men_id01048,per-clip-v1
0.442020,0,,librispeech_0291,impostor_8,fakeavceleb_00711_African_men_id01610,per-clip-v1
0.429971,0,,librispeech_0291,impostor_9,fakeavceleb_01479_Asian(East)_men_id08652,per-clip-v1
0.453020,0,,librispeech_0291,impostor_10,fakeavceleb_02611_Caucasian(American)_men_id00179,per-clip-v1
0.948902,1,,librispeech_0292,genuine,librispeech_0292,per-clip-v1
0.522696,0,,librispeech_0292,impostor_1,fakeavceleb_03314_Caucasian(European)_men_id00292,per-clip-v1
0.452990,0,,librispeech_0292,impostor_2,asvspoof_0055,per-clip-v1
0.398940,0,,librispeech_0292,impostor_3,fakeavceleb_01587_Asian(East)_women_id01281,per-clip-v1
0.344659,0,,librispeech_0292,impostor_4,fakeavceleb_02505_Asian(South)_women_id07377,per-clip-v1
0.555288,0,,librispeech_0292,impostor_5,librispeech_0076,per-clip-v1
0.451592,0,,librispeech_0292,impostor_6,fakeavceleb_02703_Caucasian(American)_men_id01042,per-clip-v1
0.576856,0,,librispeech_0292,impostor_7,librispeech_0077,per-clip-v1
0.477788,0,,librispeech_0292,impostor_8,fakeavceleb_01444_Asian(East)_men_id06878,per-clip-v1
0.593652,0,,librispeech_0292,impostor_9,fakeavceleb_03303_Caucasian(European)_men_id00266,per-clip-v1
0.480197,0,,librispeech_0292,impostor_10,fakeavceleb_02911_Caucasian(American)_women_id00180,per-clip-v1
0.868958,1,,librispeech_0293,genuine,librispeech_0293,per-clip-v1
0.706742,0,,librispeech_0293,impostor_1,librispeech_0251,per-clip-v1
0.557381,0,,librispeech_0293,impostor_2,librispeech_0016,per-clip-v1
0.557266,0,,librispeech_0293,impostor_3,fakeavceleb_02011_Asian(South)_men_id04554,per-clip-v1
0.464659,0,,librispeech_0293,impostor_4,fakeavceleb_00630_African_men_id01179,per-clip-v1
0.466680,0,,librispeech_0293,impostor_5,librispeech_0456,per-clip-v1
0.544123,0,,librispeech_0293,impostor_6,fakeavceleb_02799_Caucasian(American)_men_id01211,per-clip-v1
0.664624,0,,librispeech_0293,impostor_7,librispeech_0483,per-clip-v1
0.458660,0,,librispeech_0293,impostor_8,fakeavceleb_02618_Caucasian(American)_men_id00184,per-clip-v1
0.455218,0,,librispeech_0293,impostor_9,fakeavceleb_02014_Asian(South)_men_id04560,per-clip-v1
0.608874,0,,librispeech_0293,impostor_10,librispeech_0363,per-clip-v1
0.943785,1,,librispeech_0294,genuine,librispeech_0294,per-clip-v1
0.460962,0,,librispeech_0294,impostor_1,fakeavceleb_00232_Asian(South)_men_id06753,per-clip-v1
0.500263,0,,librispeech_0294,impostor_2,librispeech_0413,per-clip-v1
0.493000,0,,librispeech_0294,impostor_3,asvspoof_0201,per-clip-v1
0.390668,0,,librispeech_0294,impostor_4,fakeavceleb_00710_African_men_id01598,per-clip-v1
0.588542,0,,librispeech_0294,impostor_5,fakeavceleb_00276_Asian(South)_women_id05435,per-clip-v1
0.677302,0,,librispeech_0294,impostor_6,librispeech_0209,per-clip-v1
0.435252,0,,librispeech_0294,impostor_7,librispeech_0427,per-clip-v1
0.434308,0,,librispeech_0294,impostor_8,fakeavceleb_01991_Asian(South)_men_id03599,per-clip-v1
0.395670,0,,librispeech_0294,impostor_9,fakeavceleb_00872_African_women_id00359,per-clip-v1
0.600649,0,,librispeech_0294,impostor_10,fakeavceleb_03019_Caucasian(American)_women_id00462,per-clip-v1
0.923305,1,,librispeech_0295,genuine,librispeech_0295,per-clip-v1
0.418043,0,,librispeech_0295,impostor_1,fakeavceleb_00603_African_men_id01076,per-clip-v1
0.620105,0,,librispeech_0295,impostor_2,fakeavceleb_00917_African_women_id00592,per-clip-v1
0.549172,0,,librispeech_0295,impostor_3,fakeavceleb_02421_Asian(South)_women_id06254,per-clip-v1
0.602292,0,,librispeech_0295,impostor_4,fakeavceleb_01646_Asian(East)_women_id04144,per-clip-v1
0.686740,0,,librispeech_0295,impostor_5,fakeavceleb_01130_African_women_id04540,per-clip-v1
0.474556,0,,librispeech_0295,impostor_6,fakeavceleb_02083_Asian(South)_men_id07058,per-clip-v1
0.482844,0,,librispeech_0295,impostor_7,librispeech_0292,per-clip-v1
0.479884,0,,librispeech_0295,impostor_8,fakeavceleb_00741_African_men_id01779,per-clip-v1
0.624135,0,,librispeech_0295,impostor_9,fakeavceleb_02505_Asian(South)_women_id07377,per-clip-v1
0.644847,0,,librispeech_0295,impostor_10,librispeech_0250,per-clip-v1
0.963468,1,,librispeech_0296,genuine,librispeech_0296,per-clip-v1
0.598538,0,,librispeech_0296,impostor_1,fakeavceleb_03823_Caucasian(European)_women_id03649,per-clip-v1
0.622848,0,,librispeech_0296,impostor_2,fakeavceleb_00391_Caucasian(American)_women_id01245,per-clip-v1
0.418018,0,,librispeech_0296,impostor_3,fakeavceleb_03399_Caucasian(European)_men_id00694,per-clip-v1
0.467818,0,,librispeech_0296,impostor_4,fakeavceleb_02078_Asian(South)_men_id07058,per-clip-v1
0.481500,0,,librispeech_0296,impostor_5,fakeavceleb_02030_Asian(South)_men_id04562,per-clip-v1
0.601153,0,,librispeech_0296,impostor_6,librispeech_0474,per-clip-v1
0.483461,0,,librispeech_0296,impostor_7,fakeavceleb_03202_Caucasian(European)_men_id00055,per-clip-v1
0.611081,0,,librispeech_0296,impostor_8,asvspoof_0182,per-clip-v1
0.467844,0,,librispeech_0296,impostor_9,fakeavceleb_00228_Asian(South)_men_id04928,per-clip-v1
0.533055,0,,librispeech_0296,impostor_10,fakeavceleb_02469_Asian(South)_women_id06752,per-clip-v1
0.909791,1,,librispeech_0297,genuine,librispeech_0297,per-clip-v1
0.550610,0,,librispeech_0297,impostor_1,fakeavceleb_02377_Asian(South)_women_id05435,per-clip-v1
0.600304,0,,librispeech_0297,impostor_2,fakeavceleb_00194_Asian(East)_women_id09116,per-clip-v1
0.589966,0,,librispeech_0297,impostor_3,fakeavceleb_02913_Caucasian(American)_women_id00180,per-clip-v1
0.481975,0,,librispeech_0297,impostor_4,fakeavceleb_03435_Caucasian(European)_men_id00981,per-clip-v1
0.478722,0,,librispeech_0297,impostor_5,librispeech_0421,per-clip-v1
0.389361,0,,librispeech_0297,impostor_6,asvspoof_0470,per-clip-v1
0.458613,0,,librispeech_0297,impostor_7,fakeavceleb_01963_Asian(South)_men_id00816,per-clip-v1
0.629592,0,,librispeech_0297,impostor_8,librispeech_0131,per-clip-v1
0.553865,0,,librispeech_0297,impostor_9,fakeavceleb_03552_Caucasian(European)_women_id00071,per-clip-v1
0.396484,0,,librispeech_0297,impostor_10,fakeavceleb_00028_African_men_id01597,per-clip-v1
0.933837,1,,librispeech_0298,genuine,librispeech_0298,per-clip-v1
0.588093,0,,librispeech_0298,impostor_1,librispeech_0149,per-clip-v1
0.391573,0,,librispeech_0298,impostor_2,fakeavceleb_00814_African_men_id02296,per-clip-v1
0.612090,0,,librispeech_0298,impostor_3,fakeavceleb_00068_African_women_id02508,per-clip-v1
0.514033,0,,librispeech_0298,impostor_4,fakeavceleb_02117_Asian(South)_men_id07182,per-clip-v1
0.583700,0,,librispeech_0298,impostor_5,fakeavceleb_00943_African_women_id00832,per-clip-v1
0.574399,0,,librispeech_0298,impostor_6,fakeavceleb_00472_Caucasian(European)_women_id00491,per-clip-v1
0.416787,0,,librispeech_0298,impostor_7,fakeavceleb_01418_Asian(East)_men_id06470,per-clip-v1
0.483931,0,,librispeech_0298,impostor_8,fakeavceleb_03788_Caucasian(European)_women_id00826,per-clip-v1
0.460221,0,,librispeech_0298,impostor_9,fakeavceleb_00652_African_men_id01392,per-clip-v1
0.579914,0,,librispeech_0298,impostor_10,asvspoof_0011,per-clip-v1
0.939911,1,,librispeech_0299,genuine,librispeech_0299,per-clip-v1
0.483511,0,,librispeech_0299,impostor_1,fakeavceleb_02068_Asian(South)_men_id06355,per-clip-v1
0.563753,0,,librispeech_0299,impostor_2,fakeavceleb_03027_Caucasian(American)_women_id00555,per-clip-v1
0.429976,0,,librispeech_0299,impostor_3,fakeavceleb_00239_Asian(South)_men_id07182,per-clip-v1
0.517266,0,,librispeech_0299,impostor_4,asvspoof_0155,per-clip-v1
0.361085,0,,librispeech_0299,impostor_5,asvspoof_0346,per-clip-v1
0.467002,0,,librispeech_0299,impostor_6,fakeavceleb_00667_African_men_id01521,per-clip-v1
0.554366,0,,librispeech_0299,impostor_7,librispeech_0336,per-clip-v1
0.583469,0,,librispeech_0299,impostor_8,fakeavceleb_03085_Caucasian(American)_women_id01004,per-clip-v1
0.540597,0,,librispeech_0299,impostor_9,fakeavceleb_03792_Caucasian(European)_women_id01001,per-clip-v1
0.486718,0,,librispeech_0299,impostor_10,fakeavceleb_01345_Asian(East)_men_id04111,per-clip-v1
0.941225,1,,librispeech_0300,genuine,librispeech_0300,per-clip-v1
0.520115,0,,librispeech_0300,impostor_1,fakeavceleb_00345_Caucasian(American)_men_id04034,per-clip-v1
0.558215,0,,librispeech_0300,impostor_2,librispeech_0470,per-clip-v1
0.637895,0,,librispeech_0300,impostor_3,librispeech_0339,per-clip-v1
0.529657,0,,librispeech_0300,impostor_4,librispeech_0297,per-clip-v1
0.492052,0,,librispeech_0300,impostor_5,fakeavceleb_00528_African_men_id00173,per-clip-v1
0.482603,0,,librispeech_0300,impostor_6,fakeavceleb_02139_Asian(South)_men_id07200,per-clip-v1
0.506774,0,,librispeech_0300,impostor_7,fakeavceleb_02194_Asian(South)_women_id00149,per-clip-v1
0.566004,0,,librispeech_0300,impostor_8,librispeech_0135,per-clip-v1
0.586686,0,,librispeech_0300,impostor_9,fakeavceleb_03251_Caucasian(European)_men_id00186,per-clip-v1
0.485954,0,,librispeech_0300,impostor_10,fakeavceleb_00661_African_men_id01452,per-clip-v1
0.926518,1,,librispeech_0301,genuine,librispeech_0301,per-clip-v1
0.464628,0,,librispeech_0301,impostor_1,fakeavceleb_02134_Asian(South)_men_id07195,per-clip-v1
0.416774,0,,librispeech_0301,impostor_2,fakeavceleb_00731_African_men_id01717,per-clip-v1
0.508707,0,,librispeech_0301,impostor_3,librispeech_0337,per-clip-v1
0.535350,0,,librispeech_0301,impostor_4,librispeech_0193,per-clip-v1
0.496029,0,,librispeech_0301,impostor_5,librispeech_0471,per-clip-v1
0.425202,0,,librispeech_0301,impostor_6,fakeavceleb_00247_Asian(South)_men_id08313,per-clip-v1
0.373045,0,,librispeech_0301,impostor_7,fakeavceleb_03811_Caucasian(European)_women_id01018,per-clip-v1
0.522899,0,,librispeech_0301,impostor_8,librispeech_0288,per-clip-v1
0.442309,0,,librispeech_0301,impostor_9,fakeavceleb_02327_Asian(South)_women_id04529,per-clip-v1
0.549667,0,,librispeech_0301,impostor_10,fakeavceleb_00133_Asian(East)_men_id06152,per-clip-v1
0.938413,1,,librispeech_0302,genuine,librispeech_0302,per-clip-v1
0.431189,0,,librispeech_0302,impostor_1,fakeavceleb_00345_Caucasian(American)_men_id04034,per-clip-v1
0.627743,0,,librispeech_0302,impostor_2,fakeavceleb_03014_Caucasian(American)_women_id00458,per-clip-v1
0.441450,0,,librispeech_0302,impostor_3,fakeavceleb_01112_African_women_id04374,per-clip-v1
0.418239,0,,librispeech_0302,impostor_4,fakeavceleb_00713_African_men_id01610,per-clip-v1
0.407719,0,,librispeech_0302,impostor_5,fakeavceleb_00403_Caucasian(European)_men_id00183,per-clip-v1
0.461427,0,,librispeech_0302,impostor_6,fakeavceleb_02902_Caucasian(American)_women_id00145,per-clip-v1
0.507441,0,,librispeech_0302,impostor_7,fakeavceleb_02980_Caucasian(American)_women_id00385,per-clip-v1
0.555849,0,,librispeech_0302,impostor_8,fakeavceleb_03738_Caucasian(European)_women_id00589,per-clip-v1
0.494709,0,,librispeech_0302,impostor_9,fakeavceleb_03760_Caucasian(European)_women_id00735,per-clip-v1
0.459032,0,,librispeech_0302,impostor_10,fakeavceleb_00444_Caucasian(European)_men_id01126,per-clip-v1
0.956143,1,,librispeech_0303,genuine,librispeech_0303,per-clip-v1
0.487416,0,,librispeech_0303,impostor_1,fakeavceleb_01937_Asian(South)_men_id00745,per-clip-v1
0.513678,0,,librispeech_0303,impostor_2,fakeavceleb_02696_Caucasian(American)_men_id00971,per-clip-v1
0.560321,0,,librispeech_0303,impostor_3,asvspoof_0349,per-clip-v1
0.450326,0,,librispeech_0303,impostor_4,fakeavceleb_00581_African_men_id00781,per-clip-v1
0.572541,0,,librispeech_0303,impostor_5,fakeavceleb_00398_Caucasian(American)_women_id03707,per-clip-v1
0.518076,0,,librispeech_0303,impostor_6,fakeavceleb_01547_Asian(East)_women_id00579,per-clip-v1
0.508922,0,,librispeech_0303,impostor_7,fakeavceleb_00777_African_men_id01995,per-clip-v1
0.457886,0,,librispeech_0303,impostor_8,fakeavceleb_02691_Caucasian(American)_men_id00945,per-clip-v1
0.576931,0,,librispeech_0303,impostor_9,fakeavceleb_03597_Caucasian(European)_women_id00270,per-clip-v1
0.637328,0,,librispeech_0303,impostor_10,fakeavceleb_03044_Caucasian(American)_women_id00680,per-clip-v1
0.886285,1,,librispeech_0304,genuine,librispeech_0304,per-clip-v1
0.587707,0,,librispeech_0304,impostor_1,fakeavceleb_03774_Caucasian(European)_women_id00823,per-clip-v1
0.591848,0,,librispeech_0304,impostor_2,librispeech_0291,per-clip-v1
0.532878,0,,librispeech_0304,impostor_3,fakeavceleb_00192_Asian(East)_women_id08402,per-clip-v1
0.568155,0,,librispeech_0304,impostor_4,fakeavceleb_02965_Caucasian(American)_women_id00381,per-clip-v1
0.529236,0,,librispeech_0304,impostor_5,fakeavceleb_02466_Asian(South)_women_id06445,per-clip-v1
0.576371,0,,librispeech_0304,impostor_6,fakeavceleb_03451_Caucasian(European)_men_id00999,per-clip-v1
0.634732,0,,librispeech_0304,impostor_7,fakeavceleb_02735_Caucasian(American)_men_id01105,per-clip-v1
0.537926,0,,librispeech_0304,impostor_8,librispeech_0136,per-clip-v1
0.527994,0,,librispeech_0304,impostor_9,librispeech_0243,per-clip-v1
0.474835,0,,librispeech_0304,impostor_10,librispeech_0411,per-clip-v1
0.919895,1,,librispeech_0305,genuine,librispeech_0305,per-clip-v1
0.466619,0,,librispeech_0305,impostor_1,librispeech_0469,per-clip-v1
0.580766,0,,librispeech_0305,impostor_2,librispeech_0291,per-clip-v1
0.550957,0,,librispeech_0305,impostor_3,librispeech_0213,per-clip-v1
0.490724,0,,librispeech_0305,impostor_4,fakeavceleb_01463_Asian(East)_men_id08299,per-clip-v1
0.622228,0,,librispeech_0305,impostor_5,librispeech_0124,per-clip-v1
0.339117,0,,librispeech_0305,impostor_6,fakeavceleb_00665_African_men_id01521,per-clip-v1
0.385840,0,,librispeech_0305,impostor_7,fakeavceleb_01246_Asian(East)_men_id00740,per-clip-v1
0.511861,0,,librispeech_0305,impostor_8,fakeavceleb_01402_Asian(East)_men_id06269,per-clip-v1
0.598663,0,,librispeech_0305,impostor_9,librispeech_0147,per-clip-v1
0.437738,0,,librispeech_0305,impostor_10,fakeavceleb_00899_African_women_id00568,per-clip-v1
0.943728,1,,librispeech_0306,genuine,librispeech_0306,per-clip-v1
0.402517,0,,librispeech_0306,impostor_1,fakeavceleb_00005_African_men_id00475,per-clip-v1
0.620404,0,,librispeech_0306,impostor_2,fakeavceleb_01709_Asian(East)_women_id06060,per-clip-v1
0.460813,0,,librispeech_0306,impostor_3,librispeech_0427,per-clip-v1
0.386323,0,,librispeech_0306,impostor_4,fakeavceleb_02815_Caucasian(American)_men_id03525,per-clip-v1
0.464371,0,,librispeech_0306,impostor_5,fakeavceleb_00010_African_men_id00761,per-clip-v1
0.616976,0,,librispeech_0306,impostor_6,asvspoof_0014,per-clip-v1
0.640779,0,,librispeech_0306,impostor_7,fakeavceleb_00394_Caucasian(American)_women_id02466,per-clip-v1
0.526044,0,,librispeech_0306,impostor_8,fakeavceleb_02867_Caucasian(American)_women_id00025,per-clip-v1
0.478777,0,,librispeech_0306,impostor_9,fakeavceleb_01156_African_women_id04939,per-clip-v1
0.509831,0,,librispeech_0306,impostor_10,fakeavceleb_02661_Caucasian(American)_men_id00708,per-clip-v1
0.975377,1,,librispeech_0307,genuine,librispeech_0307,per-clip-v1
0.526920,0,,librispeech_0307,impostor_1,fakeavceleb_03714_Caucasian(European)_women_id00495,per-clip-v1
0.585210,0,,librispeech_0307,impostor_2,fakeavceleb_01404_Asian(East)_men_id06269,per-clip-v1
0.525373,0,,librispeech_0307,impostor_3,fakeavceleb_01065_African_women_id03103,per-clip-v1
0.540905,0,,librispeech_0307,impostor_4,fakeavceleb_03772_Caucasian(European)_women_id00813,per-clip-v1
0.579020,0,,librispeech_0307,impostor_5,fakeavceleb_00369_Caucasian(American)_women_id00462,per-clip-v1
0.549913,0,,librispeech_0307,impostor_6,fakeavceleb_03623_Caucasian(European)_women_id00325,per-clip-v1
0.567170,0,,librispeech_0307,impostor_7,fakeavceleb_03287_Caucasian(European)_men_id00253,per-clip-v1
0.696984,0,,librispeech_0307,impostor_8,librispeech_0335,per-clip-v1
0.478085,0,,librispeech_0307,impostor_9,fakeavceleb_00114_Asian(East)_men_id02553,per-clip-v1
0.466045,0,,librispeech_0307,impostor_10,librispeech_0020,per-clip-v1
0.957002,1,,librispeech_0308,genuine,librispeech_0308,per-clip-v1
0.575723,0,,librispeech_0308,impostor_1,librispeech_0187,per-clip-v1
0.628500,0,,librispeech_0308,impostor_2,librispeech_0323,per-clip-v1
0.497304,0,,librispeech_0308,impostor_3,asvspoof_0005,per-clip-v1
0.475362,0,,librispeech_0308,impostor_4,fakeavceleb_00800_African_men_id02040,per-clip-v1
0.573964,0,,librispeech_0308,impostor_5,librispeech_0195,per-clip-v1
0.468313,0,,librispeech_0308,impostor_6,fakeavceleb_00227_Asian(South)_men_id04601,per-clip-v1
0.477072,0,,librispeech_0308,impostor_7,fakeavceleb_01925_Asian(South)_men_id00685,per-clip-v1
0.474095,0,,librispeech_0308,impostor_8,fakeavceleb_03388_Caucasian(European)_men_id00559,per-clip-v1
0.471128,0,,librispeech_0308,impostor_9,fakeavceleb_01758_Asian(East)_women_id06462,per-clip-v1
0.647224,0,,librispeech_0308,impostor_10,librispeech_0397,per-clip-v1
0.911266,1,,librispeech_0309,genuine,librispeech_0309,per-clip-v1
0.620849,0,,librispeech_0309,impostor_1,librispeech_0154,per-clip-v1
0.682089,0,,librispeech_0309,impostor_2,librispeech_0123,per-clip-v1
0.446245,0,,librispeech_0309,impostor_3,fakeavceleb_00183_Asian(East)_women_id06443,per-clip-v1
0.593149,0,,librispeech_0309,impostor_4,librispeech_0191,per-clip-v1
0.491719,0,,librispeech_0309,impostor_5,fakeavceleb_02232_Asian(South)_women_id00488,per-clip-v1
0.561211,0,,librispeech_0309,impostor_6,librispeech_0241,per-clip-v1
0.649196,0,,librispeech_0309,impostor_7,librispeech_0038,per-clip-v1
0.518566,0,,librispeech_0309,impostor_8,fakeavceleb_01692_Asian(East)_women_id05844,per-clip-v1
0.545186,0,,librispeech_0309,impostor_9,fakeavceleb_01030_African_women_id02617,per-clip-v1
0.497460,0,,librispeech_0309,impostor_10,fakeavceleb_01269_Asian(East)_men_id01212,per-clip-v1
0.930987,1,,librispeech_0310,genuine,librispeech_0310,per-clip-v1
0.467467,0,,librispeech_0310,impostor_1,librispeech_0296,per-clip-v1
0.604457,0,,librispeech_0310,impostor_2,librispeech_0192,per-clip-v1
0.430887,0,,librispeech_0310,impostor_3,fakeavceleb_01669_Asian(East)_women_id04701,per-clip-v1
0.417221,0,,librispeech_0310,impostor_4,fakeavceleb_02161_Asian(South)_men_id08313,per-clip-v1
0.460630,0,,librispeech_0310,impostor_5,fakeavceleb_00262_Asian(South)_women_id02619,per-clip-v1
0.429789,0,,librispeech_0310,impostor_6,fakeavceleb_00463_Caucasian(European)_women_id00332,per-clip-v1
0.571700,0,,librispeech_0310,impostor_7,fakeavceleb_00345_Caucasian(American)_men_id04034,per-clip-v1
0.445624,0,,librispeech_0310,impostor_8,fakeavceleb_00394_Caucasian(American)_women_id02466,per-clip-v1
0.600579,0,,librispeech_0310,impostor_9,fakeavceleb_00615_African_men_id01171,per-clip-v1
0.402240,0,,librispeech_0310,impostor_10,fakeavceleb_01684_Asian(East)_women_id05631,per-clip-v1
0.959644,1,,librispeech_0311,genuine,librispeech_0311,per-clip-v1
0.569748,0,,librispeech_0311,impostor_1,fakeavceleb_02715_Caucasian(American)_men_id01048,per-clip-v1
0.451337,0,,librispeech_0311,impostor_2,fakeavceleb_03791_Caucasian(European)_women_id00897,per-clip-v1
0.452846,0,,librispeech_0311,impostor_3,fakeavceleb_00413_Caucasian(European)_men_id00282,per-clip-v1
0.691707,0,,librispeech_0311,impostor_4,librispeech_0400,per-clip-v1
0.636829,0,,librispeech_0311,impostor_5,librispeech_0431,per-clip-v1
0.572273,0,,librispeech_0311,impostor_6,fakeavceleb_03203_Caucasian(European)_men_id00055,per-clip-v1
0.445057,0,,librispeech_0311,impostor_7,fakeavceleb_01890_Asian(South)_men_id00103,per-clip-v1
0.492092,0,,librispeech_0311,impostor_8,fakeavceleb_02955_Caucasian(American)_women_id00291,per-clip-v1
0.501717,0,,librispeech_0311,impostor_9,fakeavceleb_02140_Asian(South)_men_id07200,per-clip-v1
0.553958,0,,librispeech_0311,impostor_10,librispeech_0458,per-clip-v1
0.945555,1,,librispeech_0312,genuine,librispeech_0312,per-clip-v1
0.539807,0,,librispeech_0312,impostor_1,fakeavceleb_01828_Asian(East)_women_id09171,per-clip-v1
0.466104,0,,librispeech_0312,impostor_2,librispeech_0068,per-clip-v1
0.550009,0,,librispeech_0312,impostor_3,librispeech_0271,per-clip-v1
0.593356,0,,librispeech_0312,impostor_4,librispeech_0049,per-clip-v1
0.650694,0,,librispeech_0312,impostor_5,fakeavceleb_01827_Asian(East)_women_id09125,per-clip-v1
0.418819,0,,librispeech_0312,impostor_6,asvspoof_0297,per-clip-v1
0.577733,0,,librispeech_0312,impostor_7,fakeavceleb_03079_Caucasian(American)_women_id00848,per-clip-v1
0.541070,0,,librispeech_0312,impostor_8,librispeech_0408,per-clip-v1
0.448372,0,,librispeech_0312,impostor_9,fakeavceleb_03360_Caucasian(European)_men_id00520,per-clip-v1
0.507302,0,,librispeech_0312,impostor_10,fakeavceleb_02150_Asian(South)_men_id07233,per-clip-v1
0.921137,1,,librispeech_0313,genuine,librispeech_0313,per-clip-v1
0.781484,0,,librispeech_0313,impostor_1,librispeech_0009,per-clip-v1
0.578212,0,,librispeech_0313,impostor_2,asvspoof_0367,per-clip-v1
0.565172,0,,librispeech_0313,impostor_3,fakeavceleb_01484_Asian(East)_men_id09053,per-clip-v1
0.498600,0,,librispeech_0313,impostor_4,fakeavceleb_03515_Caucasian(European)_men_id02567,per-clip-v1
0.661429,0,,librispeech_0313,impostor_5,librispeech_0068,per-clip-v1
0.499562,0,,librispeech_0313,impostor_6,fakeavceleb_03606_Caucasian(European)_women_id00271,per-clip-v1
0.496352,0,,librispeech_0313,impostor_7,asvspoof_0465,per-clip-v1
0.795108,0,,librispeech_0313,impostor_8,librispeech_0109,per-clip-v1
0.592962,0,,librispeech_0313,impostor_9,librispeech_0463,per-clip-v1
0.499781,0,,librispeech_0313,impostor_10,fakeavceleb_00652_African_men_id01392,per-clip-v1
0.961864,1,,librispeech_0314,genuine,librispeech_0314,per-clip-v1
0.486335,0,,librispeech_0314,impostor_1,asvspoof_0427,per-clip-v1
0.516968,0,,librispeech_0314,impostor_2,fakeavceleb_00868_African_women_id00359,per-clip-v1
0.498613,0,,librispeech_0314,impostor_3,fakeavceleb_02695_Caucasian(American)_men_id00971,per-clip-v1
0.569919,0,,librispeech_0314,impostor_4,fakeavceleb_01691_Asian(East)_women_id05844,per-clip-v1
0.433930,0,,librispeech_0314,impostor_5,fakeavceleb_01403_Asian(East)_men_id06269,per-clip-v1
0.477508,0,,librispeech_0314,impostor_6,fakeavceleb_02032_Asian(South)_men_id04599,per-clip-v1
0.493361,0,,librispeech_0314,impostor_7,librispeech_0355,per-clip-v1
0.487086,0,,librispeech_0314,impostor_8,fakeavceleb_00127_Asian(East)_men_id04884,per-clip-v1
0.500593,0,,librispeech_0314,impostor_9,fakeavceleb_02980_Caucasian(American)_women_id00385,per-clip-v1
0.527196,0,,librispeech_0314,impostor_10,librispeech_0040,per-clip-v1
0.949145,1,,librispeech_0315,genuine,librispeech_0315,per-clip-v1
0.534403,0,,librispeech_0315,impostor_1,fakeavceleb_02537_Caucasian(American)_men_id00021,per-clip-v1
0.490557,0,,librispeech_0315,impostor_2,asvspoof_0318,per-clip-v1
0.518348,0,,librispeech_0315,impostor_3,fakeavceleb_00259_Asian(South)_women_id01026,per-clip-v1
0.607875,0,,librispeech_0315,impostor_4,librispeech_0461,per-clip-v1
0.537018,0,,librispeech_0315,impostor_5,fakeavceleb_02589_Caucasian(American)_men_id00087,per-clip-v1
0.577775,0,,librispeech_0315,impostor_6,librispeech_0097,per-clip-v1
0.431596,0,,librispeech_0315,impostor_7,fakeavceleb_03043_Caucasian(American)_women_id00680,per-clip-v1
0.475149,0,,librispeech_0315,impostor_8,fakeavceleb_02329_Asian(South)_women_id04529,per-clip-v1
0.430538,0,,librispeech_0315,impostor_9,fakeavceleb_02262_Asian(South)_women_id02310,per-clip-v1
0.364342,0,,librispeech_0315,impostor_10,fakeavceleb_01309_Asian(East)_men_id02493,per-clip-v1
0.953161,1,,librispeech_0316,genuine,librispeech_0316,per-clip-v1
0.547227,0,,librispeech_0316,impostor_1,fakeavceleb_02067_Asian(South)_men_id06355,per-clip-v1
0.469214,0,,librispeech_0316,impostor_2,fakeavceleb_01896_Asian(South)_men_id00103,per-clip-v1
0.476487,0,,librispeech_0316,impostor_3,librispeech_0020,per-clip-v1
0.446592,0,,librispeech_0316,impostor_4,librispeech_0396,per-clip-v1
0.421552,0,,librispeech_0316,impostor_5,asvspoof_0035,per-clip-v1
0.522714,0,,librispeech_0316,impostor_6,fakeavceleb_02562_Caucasian(American)_men_id00052,per-clip-v1
0.443805,0,,librispeech_0316,impostor_7,fakeavceleb_03446_Caucasian(European)_men_id00990,per-clip-v1
0.468552,0,,librispeech_0316,impostor_8,fakeavceleb_02393_Asian(South)_women_id05845,per-clip-v1
0.526893,0,,librispeech_0316,impostor_9,fakeavceleb_02248_Asian(South)_women_id01026,per-clip-v1
0.589406,0,,librispeech_0316,impostor_10,fakeavceleb_02736_Caucasian(American)_men_id01124,per-clip-v1
0.939994,1,,librispeech_0317,genuine,librispeech_0317,per-clip-v1
0.435224,0,,librispeech_0317,impostor_1,fakeavceleb_00128_Asian(East)_men_id05268,per-clip-v1
0.480863,0,,librispeech_0317,impostor_2,fakeavceleb_03781_Caucasian(European)_women_id00823,per-clip-v1
0.611929,0,,librispeech_0317,impostor_3,librispeech_0337,per-clip-v1
0.646001,0,,librispeech_0317,impostor_4,librispeech_0352,per-clip-v1
0.459189,0,,librispeech_0317,impostor_5,fakeavceleb_02245_Asian(South)_women_id00747,per-clip-v1
0.441991,0,,librispeech_0317,impostor_6,fakeavceleb_01423_Asian(East)_men_id06535,per-clip-v1
0.434821,0,,librispeech_0317,impostor_7,fakeavceleb_00990_African_women_id01907,per-clip-v1
0.551788,0,,librispeech_0317,impostor_8,asvspoof_0116,per-clip-v1
0.654075,0,,librispeech_0317,impostor_9,librispeech_0408,per-clip-v1
0.528695,0,,librispeech_0317,impostor_10,fakeavceleb_00482_Caucasian(European)_women_id00806,per-clip-v1
0.930046,1,,librispeech_0318,genuine,librispeech_0318,per-clip-v1
0.577476,0,,librispeech_0318,impostor_1,fakeavceleb_00015_African_men_id01036,per-clip-v1
0.538518,0,,librispeech_0318,impostor_2,fakeavceleb_02389_Asian(South)_women_id05845,per-clip-v1
0.523527,0,,librispeech_0318,impostor_3,fakeavceleb_01579_Asian(East)_women_id00935,per-clip-v1
0.460062,0,,librispeech_0318,impostor_4,fakeavceleb_02038_Asian(South)_men_id04601,per-clip-v1
0.686347,0,,librispeech_0318,impostor_5,fakeavceleb_03636_Caucasian(European)_women_id00330,per-clip-v1
0.589197,0,,librispeech_0318,impostor_6,librispeech_0178,per-clip-v1
0.514468,0,,librispeech_0318,impostor_7,fakeavceleb_02202_Asian(South)_women_id00235,per-clip-v1
0.553272,0,,librispeech_0318,impostor_8,fakeavceleb_01837_Asian(East)_women_id09174,per-clip-v1
0.568311,0,,librispeech_0318,impostor_9,fakeavceleb_02137_Asian(South)_men_id07200,per-clip-v1
0.535756,0,,librispeech_0318,impostor_10,fakeavceleb_00970_African_women_id01661,per-clip-v1
0.868852,1,,librispeech_0319,genuine,librispeech_0319,per-clip-v1
0.470364,0,,librispeech_0319,impostor_1,fakeavceleb_02471_Asian(South)_women_id07008,per-clip-v1
0.474578,0,,librispeech_0319,impostor_2,fakeavceleb_01996_Asian(South)_men_id03945,per-clip-v1
0.370285,0,,librispeech_0319,impostor_3,fakeavceleb_02551_Caucasian(American)_men_id00029,per-clip-v1
0.402560,0,,librispeech_0319,impostor_4,fakeavceleb_01123_African_women_id04437,per-clip-v1
0.411839,0,,librispeech_0319,impostor_5,asvspoof_0100,per-clip-v1
0.542994,0,,librispeech_0319,impostor_6,librispeech_0045,per-clip-v1
0.641891,0,,librispeech_0319,impostor_7,librispeech_0132,per-clip-v1
0.379656,0,,librispeech_0319,impostor_8,fakeavceleb_00126_Asian(East)_men_id04789,per-clip-v1
0.464717,0,,librispeech_0319,impostor_9,fakeavceleb_02839_Caucasian(American)_men_id04216,per-clip-v1
0.468732,0,,librispeech_0319,impostor_10,fakeavceleb_02484_Asian(South)_women_id07078,per-clip-v1
0.950076,1,,librispeech_0320,genuine,librispeech_0320,per-clip-v1
0.436620,0,,librispeech_0320,impostor_1,asvspoof_0453,per-clip-v1
0.537563,0,,librispeech_0320,impostor_2,fakeavceleb_02031_Asian(South)_men_id04562,per-clip-v1
0.501429,0,,librispeech_0320,impostor_3,asvspoof_0024,per-clip-v1
0.552947,0,,librispeech_0320,impostor_4,asvspoof_0406,per-clip-v1
0.508152,0,,librispeech_0320,impostor_5,fakeavceleb_00704_African_men_id01598,per-clip-v1
0.668189,0,,librispeech_0320,impostor_6,librispeech_0191,per-clip-v1
0.560275,0,,librispeech_0320,impostor_7,fakeavceleb_00202_Asian(South)_men_id00078,per-clip-v1
0.610583,0,,librispeech_0320,impostor_8,fakeavceleb_01984_Asian(South)_men_id03180,per-clip-v1
0.506312,0,,librispeech_0320,impostor_9,fakeavceleb_00973_African_women_id01661,per-clip-v1
0.509988,0,,librispeech_0320,impostor_10,librispeech_0026,per-clip-v1
0.901774,1,,librispeech_0321,genuine,librispeech_0321,per-clip-v1
0.389772,0,,librispeech_0321,impostor_1,fakeavceleb_03810_Caucasian(European)_women_id01018,per-clip-v1
0.707966,0,,librispeech_0321,impostor_2,fakeavceleb_02701_Caucasian(American)_men_id01035,per-clip-v1
0.621988,0,,librispeech_0321,impostor_3,fakeavceleb_00394_Caucasian(American)_women_id02466,per-clip-v1
0.508029,0,,librispeech_0321,impostor_4,fakeavceleb_01991_Asian(South)_men_id03599,per-clip-v1
0.478792,0,,librispeech_0321,impostor_5,fakeavceleb_03183_Caucasian(American)_women_id03696,per-clip-v1
0.638165,0,,librispeech_0321,impostor_6,librispeech_0028,per-clip-v1
0.487971,0,,librispeech_0321,impostor_7,fakeavceleb_01164_African_women_id05106,per-clip-v1
0.446261,0,,librispeech_0321,impostor_8,fakeavceleb_02199_Asian(South)_women_id00149,per-clip-v1
0.460808,0,,librispeech_0321,impostor_9,fakeavceleb_02209_Asian(South)_women_id00235,per-clip-v1
0.500628,0,,librispeech_0321,impostor_10,fakeavceleb_01172_African_women_id05231,per-clip-v1
0.952545,1,,librispeech_0322,genuine,librispeech_0322,per-clip-v1
0.384649,0,,librispeech_0322,impostor_1,fakeavceleb_01810_Asian(East)_women_id08819,per-clip-v1
0.459678,0,,librispeech_0322,impostor_2,fakeavceleb_00803_African_men_id02051,per-clip-v1
0.426096,0,,librispeech_0322,impostor_3,fakeavceleb_00385_Caucasian(American)_women_id01217,per-clip-v1
0.458217,0,,librispeech_0322,impostor_4,asvspoof_0443,per-clip-v1
0.350704,0,,librispeech_0322,impostor_5,fakeavceleb_02396_Asian(South)_women_id05920,per-clip-v1
0.423350,0,,librispeech_0322,impostor_6,fakeavceleb_02868_Caucasian(American)_women_id00025,per-clip-v1
0.442634,0,,librispeech_0322,impostor_7,fakeavceleb_02786_Caucasian(American)_men_id01201,per-clip-v1
0.551927,0,,librispeech_0322,impostor_8,librispeech_0484,per-clip-v1
0.540099,0,,librispeech_0322,impostor_9,fakeavceleb_01496_Asian(East)_men_id09143,per-clip-v1
0.542466,0,,librispeech_0322,impostor_10,fakeavceleb_01442_Asian(East)_men_id06878,per-clip-v1
0.917474,1,,librispeech_0323,genuine,librispeech_0323,per-clip-v1
0.614125,0,,librispeech_0323,impostor_1,librispeech_0032,per-clip-v1
0.540443,0,,librispeech_0323,impostor_2,librispeech_0340,per-clip-v1
0.497029,0,,librispeech_0323,impostor_3,fakeavceleb_02174_Asian(South)_women_id00043,per-clip-v1
0.502075,0,,librispeech_0323,impostor_4,fakeavceleb_00724_African_men_id01637,per-clip-v1
0.538399,0,,librispeech_0323,impostor_5,fakeavceleb_01669_Asian(East)_women_id04701,per-clip-v1
0.515584,0,,librispeech_0323,impostor_6,librispeech_0135,per-clip-v1
0.709723,0,,librispeech_0323,impostor_7,librispeech_0295,per-clip-v1
0.585101,0,,librispeech_0323,impostor_8,librispeech_0167,per-clip-v1
0.511893,0,,librispeech_0323,impostor_9,librispeech_0004,per-clip-v1
0.572735,0,,librispeech_0323,impostor_10,fakeavceleb_03602_Caucasian(European)_women_id00271,per-clip-v1
0.946888,1,,librispeech_0324,genuine,librispeech_0324,per-clip-v1
0.524369,0,,librispeech_0324,impostor_1,fakeavceleb_01759_Asian(East)_women_id06462,per-clip-v1
0.480863,0,,librispeech_0324,impostor_2,fakeavceleb_01745_Asian(East)_women_id06427,per-clip-v1
0.640393,0,,librispeech_0324,impostor_3,fakeavceleb_03068_Caucasian(American)_women_id00841,per-clip-v1
0.491998,0,,librispeech_0324,impostor_4,fakeavceleb_00789_African_men_id02005,per-clip-v1
0.627062,0,,librispeech_0324,impostor_5,fakeavceleb_00486_Caucasian(European)_women_id00897,per-clip-v1
0.606252,0,,librispeech_0324,impostor_6,fakeavceleb_03029_Caucasian(American)_women_id00555,per-clip-v1
0.602465,0,,librispeech_0324,impostor_7,librispeech_0486,per-clip-v1
0.614310,0,,librispeech_0324,impostor_8,fakeavceleb_02237_Asian(South)_women_id00739,per-clip-v1
0.598990,0,,librispeech_0324,impostor_9,librispeech_0241,per-clip-v1
0.530236,0,,librispeech_0324,impostor_10,fakeavceleb_01168_African_women_id05106,per-clip-v1
0.927655,1,,librispeech_0325,genuine,librispeech_0325,per-clip-v1
0.586962,0,,librispeech_0325,impostor_1,asvspoof_0057,per-clip-v1
0.372336,0,,librispeech_0325,impostor_2,fakeavceleb_02384_Asian(South)_women_id05478,per-clip-v1
0.575572,0,,librispeech_0325,impostor_3,librispeech_0042,per-clip-v1
0.382446,0,,librispeech_0325,impostor_4,fakeavceleb_01599_Asian(East)_women_id02587,per-clip-v1
0.599180,0,,librispeech_0325,impostor_5,librispeech_0170,per-clip-v1
0.596218,0,,librispeech_0325,impostor_6,librispeech_0230,per-clip-v1
0.596735,0,,librispeech_0325,impostor_7,librispeech_0475,per-clip-v1
0.580779,0,,librispeech_0325,impostor_8,asvspoof_0003,per-clip-v1
0.365445,0,,librispeech_0325,impostor_9,fakeavceleb_03095_Caucasian(American)_women_id01075,per-clip-v1
0.515686,0,,librispeech_0325,impostor_10,fakeavceleb_01996_Asian(South)_men_id03945,per-clip-v1
0.934588,1,,librispeech_0326,genuine,librispeech_0326,per-clip-v1
0.430697,0,,librispeech_0326,impostor_1,librispeech_0186,per-clip-v1
0.420603,0,,librispeech_0326,impostor_2,fakeavceleb_01643_Asian(East)_women_id04066,per-clip-v1
0.540156,0,,librispeech_0326,impostor_3,fakeavceleb_00423_Caucasian(European)_men_id00535,per-clip-v1
0.485437,0,,librispeech_0326,impostor_4,asvspoof_0219,per-clip-v1
0.640941,0,,librispeech_0326,impostor_5,librispeech_0266,per-clip-v1
0.476364,0,,librispeech_0326,impostor_6,fakeavceleb_01423_Asian(East)_men_id06535,per-clip-v1
0.519984,0,,librispeech_0326,impostor_7,librispeech_0343,per-clip-v1
0.511205,0,,librispeech_0326,impostor_8,fakeavceleb_02890_Caucasian(American)_women_id00098,per-clip-v1
0.475964,0,,librispeech_0326,impostor_9,fakeavceleb_01084_African_women_id03658,per-clip-v1
0.404594,0,,librispeech_0326,impostor_10,fakeavceleb_00745_African_men_id01779,per-clip-v1
0.940381,1,,librispeech_0327,genuine,librispeech_0327,per-clip-v1
0.494083,0,,librispeech_0327,impostor_1,fakeavceleb_00151_Asian(East)_women_id00363,per-clip-v1
0.521422,0,,librispeech_0327,impostor_2,fakeavceleb_02817_Caucasian(American)_men_id03668,per-clip-v1
0.439244,0,,librispeech_0327,impostor_3,fakeavceleb_03336_Caucasian(European)_men_id00415,per-clip-v1
0.637037,0,,librispeech_0327,impostor_4,librispeech_0373,per-clip-v1
0.468983,0,,librispeech_0327,impostor_5,librispeech_0198,per-clip-v1
0.518040,0,,librispeech_0327,impostor_6,fakeavceleb_01210_Asian(East)_men_id00126,per-clip-v1
0.593511,0,,librispeech_0327,impostor_7,librispeech_0230,per-clip-v1
0.434756,0,,librispeech_0327,impostor_8,fakeavceleb_02672_Caucasian(American)_men_id00775,per-clip-v1
0.624481,0,,librispeech_0327,impostor_9,fakeavceleb_03040_Caucasian(American)_women_id00618,per-clip-v1
0.603854,0,,librispeech_0327,impostor_10,librispeech_0388,per-clip-v1
0.915029,1,,librispeech_0328,genuine,librispeech_0328,per-clip-v1
0.565589,0,,librispeech_0328,impostor_1,fakeavceleb_01370_Asian(East)_men_id04884,per-clip-v1
0.404075,0,,librispeech_0328,impostor_2,fakeavceleb_01471_Asian(East)_men_id08613,per-clip-v1
0.458570,0,,librispeech_0328,impostor_3,asvspoof_0296,per-clip-v1
0.647978,0,,librispeech_0328,impostor_4,librispeech_0343,per-clip-v1
0.680047,0,,librispeech_0328,impostor_5,librispeech_0146,per-clip-v1
0.393253,0,,librispeech_0328,impostor_6,fakeavceleb_03424_Caucasian(European)_men_id00946,per-clip-v1
0.404138,0,,librispeech_0328,impostor_7,fakeavceleb_03479_Caucasian(European)_men_id01102,per-clip-v1
0.428994,0,,librispeech_0328,impostor_8,fakeavceleb_02963_Caucasian(American)_women_id00291,per-clip-v1
0.452877,0,,librispeech_0328,impostor_9,fakeavceleb_03781_Caucasian(European)_women_id00823,per-clip-v1
0.531796,0,,librispeech_0328,impostor_10,librispeech_0119,per-clip-v1
0.953406,1,,librispeech_0329,genuine,librispeech_0329,per-clip-v1
0.538151,0,,librispeech_0329,impostor_1,fakeavceleb_03025_Caucasian(American)_women_id00462,per-clip-v1
0.726886,0,,librispeech_0329,impostor_2,fakeavceleb_01685_Asian(East)_women_id05631,per-clip-v1
0.571858,0,,librispeech_0329,impostor_3,fakeavceleb_00692_African_men_id01544,per-clip-v1
0.486239,0,,librispeech_0329,impostor_4,librispeech_0495,per-clip-v1
0.511087,0,,librispeech_0329,impostor_5,fakeavceleb_02773_Caucasian(American)_men_id01182,per-clip-v1
0.588147,0,,librispeech_0329,impostor_6,fakeavceleb_01782_Asian(East)_women_id07901,per-clip-v1
0.545050,0,,librispeech_0329,impostor_7,librispeech_0268,per-clip-v1
0.491603,0,,librispeech_0329,impostor_8,fakeavceleb_00264_Asian(South)_women_id03815,per-clip-v1
0.447573,0,,librispeech_0329,impostor_9,librispeech_0260,per-clip-v1
0.476437,0,,librispeech_0329,impostor_10,fakeavceleb_00775_African_men_id01972,per-clip-v1
0.860451,1,,librispeech_0330,genuine,librispeech_0330,per-clip-v1
0.624252,0,,librispeech_0330,impostor_1,librispeech_0444,per-clip-v1
0.521470,0,,librispeech_0330,impostor_2,librispeech_0255,per-clip-v1
0.607522,0,,librispeech_0330,impostor_3,fakeavceleb_02828_Caucasian(American)_men_id03757,per-clip-v1
0.653212,0,,librispeech_0330,impostor_4,librispeech_0109,per-clip-v1
0.588186,0,,librispeech_0330,impostor_5,fakeavceleb_00846_African_men_id02494,per-clip-v1
0.503229,0,,librispeech_0330,impostor_6,fakeavceleb_02341_Asian(South)_women_id04582,per-clip-v1
0.542156,0,,librispeech_0330,impostor_7,fakeavceleb_03833_Caucasian(European)_women_id03651,per-clip-v1
0.547274,0,,librispeech_0330,impostor_8,librispeech_0103,per-clip-v1
0.536563,0,,librispeech_0330,impostor_9,fakeavceleb_01835_Asian(East)_women_id09174,per-clip-v1
0.550804,0,,librispeech_0330,impostor_10,librispeech_0286,per-clip-v1
0.934120,1,,librispeech_0331,genuine,librispeech_0331,per-clip-v1
0.448438,0,,librispeech_0331,impostor_1,fakeavceleb_01801_Asian(East)_women_id08397,per-clip-v1
0.550995,0,,librispeech_0331,impostor_2,fakeavceleb_00132_Asian(East)_men_id05743,per-clip-v1
0.448218,0,,librispeech_0331,impostor_3,fakeavceleb_02411_Asian(South)_women_id06232,per-clip-v1
0.535216,0,,librispeech_0331,impostor_4,fakeavceleb_02629_Caucasian(American)_men_id00264,per-clip-v1
0.607457,0,,librispeech_0331,impostor_5,librispeech_0351,per-clip-v1
0.583648,0,,librispeech_0331,impostor_6,librispeech_0119,per-clip-v1
0.539974,0,,librispeech_0331,impostor_7,librispeech_0377,per-clip-v1
0.480643,0,,librispeech_0331,impostor_8,fakeavceleb_00385_Caucasian(American)_women_id01217,per-clip-v1
0.473187,0,,librispeech_0331,impostor_9,fakeavceleb_01162_African_women_id05106,per-clip-v1
0.557440,0,,librispeech_0331,impostor_10,librispeech_0135,per-clip-v1
0.961590,1,,librispeech_0332,genuine,librispeech_0332,per-clip-v1
0.406875,0,,librispeech_0332,impostor_1,fakeavceleb_00164_Asian(East)_women_id03940,per-clip-v1
0.440582,0,,librispeech_0332,impostor_2,fakeavceleb_03079_Caucasian(American)_women_id00848,per-clip-v1
0.508211,0,,librispeech_0332,impostor_3,asvspoof_0412,per-clip-v1
0.414989,0,,librispeech_0332,impostor_4,fakeavceleb_02130_Asian(South)_men_id07195,per-clip-v1
0.487352,0,,librispeech_0332,impostor_5,fakeavceleb_03344_Caucasian(European)_men_id00498,per-clip-v1
0.464924,0,,librispeech_0332,impostor_6,fakeavceleb_00502_African_men_id00076,per-clip-v1
0.422888,0,,librispeech_0332,impostor_7,fakeavceleb_01616_Asian(East)_women_id03211,per-clip-v1
0.524455,0,,librispeech_0332,impostor_8,fakeavceleb_02983_Caucasian(American)_women_id00398,per-clip-v1
0.442798,0,,librispeech_0332,impostor_9,fakeavceleb_01387_Asian(East)_men_id05332,per-clip-v1
0.438173,0,,librispeech_0332,impostor_10,asvspoof_0425,per-clip-v1
0.952298,1,,librispeech_0333,genuine,librispeech_0333,per-clip-v1
0.412383,0,,librispeech_0333,impostor_1,fakeavceleb_01278_Asian(East)_men_id01215,per-clip-v1
0.590064,0,,librispeech_0333,impostor_2,librispeech_0014,per-clip-v1
0.452399,0,,librispeech_0333,impostor_3,fakeavceleb_02252_Asian(South)_women_id01026,per-clip-v1
0.505268,0,,librispeech_0333,impostor_4,fakeavceleb_02847_Caucasian(American)_men_id04219,per-clip-v1
0.625167,0,,librispeech_0333,impostor_5,librispeech_0186,per-clip-v1
0.524017,0,,librispeech_0333,impostor_6,fakeavceleb_01309_Asian(East)_men_id02493,per-clip-v1
0.576845,0,,librispeech_0333,impostor_7,asvspoof_0353,per-clip-v1
0.460419,0,,librispeech_0333,impostor_8,asvspoof_0148,per-clip-v1
0.483783,0,,librispeech_0333,impostor_9,fakeavceleb_00555_African_men_id00476,per-clip-v1
0.471603,0,,librispeech_0333,impostor_10,fakeavceleb_03758_Caucasian(European)_women_id00634,per-clip-v1
0.942666,1,,librispeech_0334,genuine,librispeech_0334,per-clip-v1
0.559730,0,,librispeech_0334,impostor_1,librispeech_0347,per-clip-v1
0.660609,0,,librispeech_0334,impostor_2,fakeavceleb_01984_Asian(South)_men_id03180,per-clip-v1
0.622332,0,,librispeech_0334,impostor_3,fakeavceleb_02700_Caucasian(American)_men_id01035,per-clip-v1
0.615546,0,,librispeech_0334,impostor_4,librispeech_0206,per-clip-v1
0.600267,0,,librispeech_0334,impostor_5,librispeech_0426,per-clip-v1
0.436160,0,,librispeech_0334,impostor_6,fakeavceleb_01831_Asian(East)_women_id09171,per-clip-v1
0.431265,0,,librispeech_0334,impostor_7,fakeavceleb_01055_African_women_id02948,per-clip-v1
0.587510,0,,librispeech_0334,impostor_8,fakeavceleb_03349_Caucasian(European)_men_id00498,per-clip-v1
0.388905,0,,librispeech_0334,impostor_9,fakeavceleb_01645_Asian(East)_women_id04144,per-clip-v1
0.454401,0,,librispeech_0334,impostor_10,asvspoof_0069,per-clip-v1
0.933814,1,,librispeech_0335,genuine,librispeech_0335,per-clip-v1
0.543792,0,,librispeech_0335,impostor_1,fakeavceleb_01585_Asian(East)_women_id01281,per-clip-v1
0.484395,0,,librispeech_0335,impostor_2,fakeavceleb_03622_Caucasian(European)_women_id00325,per-clip-v1
0.443049,0,,librispeech_0335,impostor_3,fakeavceleb_00422_Caucasian(European)_men_id00520,per-clip-v1
0.649635,0,,librispeech_0335,impostor_4,fakeavceleb_03025_Caucasian(American)_women_id00462,per-clip-v1
0.477097,0,,librispeech_0335,impostor_5,librispeech_0321,per-clip-v1
0.534875,0,,librispeech_0335,impostor_6,librispeech_0183,per-clip-v1
0.488846,0,,librispeech_0335,impostor_7,fakeavceleb_00696_African_men_id01597,per-clip-v1
0.405421,0,,librispeech_0335,impostor_8,fakeavceleb_00616_African_men_id01171,per-clip-v1
0.465486,0,,librispeech_0335,impostor_9,fakeavceleb_00427_Caucasian(European)_men_id00594,per-clip-v1
0.574763,0,,librispeech_0335,impostor_10,librispeech_0287,per-clip-v1
0.959854,1,,librispeech_0336,genuine,librispeech_0336,per-clip-v1
0.505709,0,,librispeech_0336,impostor_1,fakeavceleb_00926_African_women_id00707,per-clip-v1
0.454499,0,,librispeech_0336,impostor_2,asvspoof_0446,per-clip-v1
0.573307,0,,librispeech_0336,impostor_3,fakeavceleb_03173_Caucasian(American)_women_id03556,per-clip-v1
0.532080,0,,librispeech_0336,impostor_4,librispeech_0389,per-clip-v1
0.632160,0,,librispeech_0336,impostor_5,librispeech_0258,per-clip-v1
0.638662,0,,librispeech_0336,impostor_6,fakeavceleb_03028_Caucasian(American)_women_id00555,per-clip-v1
0.555185,0,,librispeech_0336,impostor_7,librispeech_0121,per-clip-v1
0.578954,0,,librispeech_0336,impostor_8,librispeech_0452,per-clip-v1
0.537970,0,,librispeech_0336,impostor_9,librispeech_0427,per-clip-v1
0.529519,0,,librispeech_0336,impostor_10,fakeavceleb_02561_Caucasian(American)_men_id00049,per-clip-v1
0.945831,1,,librispeech_0337,genuine,librispeech_0337,per-clip-v1
0.402228,0,,librispeech_0337,impostor_1,fakeavceleb_03642_Caucasian(European)_women_id00332,per-clip-v1
0.335866,0,,librispeech_0337,impostor_2,fakeavceleb_02063_Asian(South)_men_id06355,per-clip-v1
0.576435,0,,librispeech_0337,impostor_3,librispeech_0303,per-clip-v1
0.583542,0,,librispeech_0337,impostor_4,asvspoof_0478,per-clip-v1
0.619310,0,,librispeech_0337,impostor_5,librispeech_0462,per-clip-v1
0.401741,0,,librispeech_0337,impostor_6,fakeavceleb_03742_Caucasian(European)_women_id00591,per-clip-v1
0.562939,0,,librispeech_0337,impostor_7,librispeech_0077,per-clip-v1
0.556533,0,,librispeech_0337,impostor_8,asvspoof_0350,per-clip-v1
0.510314,0,,librispeech_0337,impostor_9,fakeavceleb_00109_Asian(East)_men_id01589,per-clip-v1
0.582953,0,,librispeech_0337,impostor_10,librispeech_0196,per-clip-v1
0.915074,1,,librispeech_0338,genuine,librispeech_0338,per-clip-v1
0.471287,0,,librispeech_0338,impostor_1,fakeavceleb_00213_Asian(South)_men_id00816,per-clip-v1
0.520925,0,,librispeech_0338,impostor_2,librispeech_0344,per-clip-v1
0.565262,0,,librispeech_0338,impostor_3,librispeech_0442,per-clip-v1
0.518175,0,,librispeech_0338,impostor_4,fakeavceleb_01643_Asian(East)_women_id04066,per-clip-v1
0.477818,0,,librispeech_0338,impostor_5,librispeech_0228,per-clip-v1
0.527512,0,,librispeech_0338,impostor_6,fakeavceleb_01905_Asian(South)_men_id00350,per-clip-v1
0.394465,0,,librispeech_0338,impostor_7,asvspoof_0217,per-clip-v1
0.607705,0,,librispeech_0338,impostor_8,fakeavceleb_03688_Caucasian(European)_women_id00434,per-clip-v1
0.544234,0,,librispeech_0338,impostor_9,asvspoof_0069,per-clip-v1
0.670749,0,,librispeech_0338,impostor_10,fakeavceleb_01160_African_women_id05106,per-clip-v1
0.948903,1,,librispeech_0339,genuine,librispeech_0339,per-clip-v1
0.565713,0,,librispeech_0339,impostor_1,fakeavceleb_01265_Asian(East)_men_id01212,per-clip-v1
0.682854,0,,librispeech_0339,impostor_2,librispeech_0220,per-clip-v1
0.552233,0,,librispeech_0339,impostor_3,fakeavceleb_00133_Asian(East)_men_id06152,per-clip-v1
0.473477,0,,librispeech_0339,impostor_4,fakeavceleb_02343_Asian(South)_women_id04583,per-clip-v1
0.465043,0,,librispeech_0339,impostor_5,fakeavceleb_02328_Asian(South)_women_id04529,per-clip-v1
0.574587,0,,librispeech_0339,impostor_6,fakeavceleb_03312_Caucasian(European)_men_id00282,per-clip-v1
0.594059,0,,librispeech_0339,impostor_7,librispeech_0261,per-clip-v1
0.429591,0,,librispeech_0339,impostor_8,fakeavceleb_02991_Caucasian(American)_women_id00418,per-clip-v1
0.635969,0,,librispeech_0339,impostor_9,librispeech_0218,per-clip-v1
0.400487,0,,librispeech_0339,impostor_10,fakeavceleb_03646_Caucasian(European)_women_id00365,per-clip-v1
0.907320,1,,librispeech_0340,genuine,librispeech_0340,per-clip-v1
0.443969,0,,librispeech_0340,impostor_1,fakeavceleb_01207_Asian(East)_men_id00056,per-clip-v1
0.607727,0,,librispeech_0340,impostor_2,fakeavceleb_02559_Caucasian(American)_men_id00049,per-clip-v1
0.582805,0,,librispeech_0340,impostor_3,fakeavceleb_00435_Caucasian(European)_men_id00990,per-clip-v1
0.418317,0,,librispeech_0340,impostor_4,librispeech_0344,per-clip-v1
0.500700,0,,librispeech_0340,impostor_5,asvspoof_0201,per-clip-v1
0.436404,0,,librispeech_0340,impostor_6,asvspoof_0083,per-clip-v1
0.554196,0,,librispeech_0340,impostor_7,fakeavceleb_02808_Caucasian(American)_men_id01239,per-clip-v1
0.502811,0,,librispeech_0340,impostor_8,librispeech_0113,per-clip-v1
0.536553,0,,librispeech_0340,impostor_9,asvspoof_0354,per-clip-v1
0.670028,0,,librispeech_0340,impostor_10,fakeavceleb_01404_Asian(East)_men_id06269,per-clip-v1
0.856935,1,,librispeech_0341,genuine,librispeech_0341,per-clip-v1
0.469197,0,,librispeech_0341,impostor_1,fakeavceleb_02840_Caucasian(American)_men_id04216,per-clip-v1
0.612360,0,,librispeech_0341,impostor_2,fakeavceleb_03216_Caucasian(European)_men_id00063,per-clip-v1
0.391224,0,,librispeech_0341,impostor_3,fakeavceleb_01557_Asian(East)_women_id00582,per-clip-v1
0.653181,0,,librispeech_0341,impostor_4,asvspoof_0089,per-clip-v1
0.620544,0,,librispeech_0341,impostor_5,fakeavceleb_01297_Asian(East)_men_id02332,per-clip-v1
0.568436,0,,librispeech_0341,impostor_6,fakeavceleb_01347_Asian(East)_men_id04222,per-clip-v1
0.565720,0,,librispeech_0341,impostor_7,fakeavceleb_01358_Asian(East)_men_id04726,per-clip-v1
0.482493,0,,librispeech_0341,impostor_8,fakeavceleb_00379_Caucasian(American)_women_id00848,per-clip-v1
0.469286,0,,librispeech_0341,impostor_9,fakeavceleb_03259_Caucasian(European)_men_id00187,per-clip-v1
0.575145,0,,librispeech_0341,impostor_10,librispeech_0218,per-clip-v1
0.939997,1,,librispeech_0342,genuine,librispeech_0342,per-clip-v1
0.504113,0,,librispeech_0342,impostor_1,asvspoof_0101,per-clip-v1
0.496736,0,,librispeech_0342,impostor_2,fakeavceleb_01343_Asian(East)_men_id04111,per-clip-v1
0.543810,0,,librispeech_0342,impostor_3,librispeech_0444,per-clip-v1
0.552626,0,,librispeech_0342,impostor_4,fakeavceleb_01021_African_women_id02586,per-clip-v1
0.493643,0,,librispeech_0342,impostor_5,fakeavceleb_00045_African_men_id02296,per-clip-v1
0.626404,0,,librispeech_0342,impostor_6,fakeavceleb_01436_Asian(East)_men_id06776,per-clip-v1
0.459778,0,,librispeech_0342,impostor_7,librispeech_0387,per-clip-v1
0.563900,0,,librispeech_0342,impostor_8,librispeech_0205,per-clip-v1
0.542948,0,,librispeech_0342,impostor_9,fakeavceleb_03125_Caucasian(American)_women_id01227,per-clip-v1
0.623938,0,,librispeech_0342,impostor_10,librispeech_0004,per-clip-v1
0.950324,1,,librispeech_0343,genuine,librispeech_0343,per-clip-v1
0.497160,0,,librispeech_0343,impostor_1,librispeech_0119,per-clip-v1
0.636055,0,,librispeech_0343,impostor_2,asvspoof_0318,per-clip-v1
0.432876,0,,librispeech_0343,impostor_3,fakeavceleb_02859_Caucasian(American)_women_id00025,per-clip-v1
0.439156,0,,librispeech_0343,impostor_4,fakeavceleb_01744_Asian(East)_women_id06427,per-clip-v1
0.405706,0,,librispeech_0343,impostor_5,fakeavceleb_02225_Asian(South)_women_id00461,per-clip-v1
0.418963,0,,librispeech_0343,impostor_6,fakeavceleb_03031_Caucasian(American)_women_id00575,per-clip-v1
0.397057,0,,librispeech_0343,impostor_7,fakeavceleb_00123_Asian(East)_men_id04691,per-clip-v1
0.467033,0,,librispeech_0343,impostor_8,fakeavceleb_02654_Caucasian(American)_men_id00696,per-clip-v1
0.381640,0,,librispeech_0343,impostor_9,fakeavceleb_01792_Asian(East)_women_id08139,per-clip-v1
0.633961,0,,librispeech_0343,impostor_10,librispeech_0051,per-clip-v1
0.894269,1,,librispeech_0344,genuine,librispeech_0344,per-clip-v1
0.434371,0,,librispeech_0344,impostor_1,librispeech_0459,per-clip-v1
0.441886,0,,librispeech_0344,impostor_2,fakeavceleb_03719_Caucasian(European)_women_id00495,per-clip-v1
0.526420,0,,librispeech_0344,impostor_3,fakeavceleb_03059_Caucasian(American)_women_id00835,per-clip-v1
0.435483,0,,librispeech_0344,impostor_4,fakeavceleb_02650_Caucasian(American)_men_id00529,per-clip-v1
0.478778,0,,librispeech_0344,impostor_5,fakeavceleb_01807_Asian(East)_women_id08402,per-clip-v1
0.422727,0,,librispeech_0344,impostor_6,fakeavceleb_02799_Caucasian(American)_men_id01211,per-clip-v1
0.700228,0,,librispeech_0344,impostor_7,librispeech_0071,per-clip-v1
0.426051,0,,librispeech_0344,impostor_8,fakeavceleb_00971_African_women_id01661,per-clip-v1
0.409775,0,,librispeech_0344,impostor_9,fakeavceleb_00746_African_men_id01835,per-clip-v1
0.666916,0,,librispeech_0344,impostor_10,librispeech_0103,per-clip-v1
0.944714,1,,librispeech_0345,genuine,librispeech_0345,per-clip-v1
0.683094,0,,librispeech_0345,impostor_1,fakeavceleb_00330_Caucasian(American)_men_id01124,per-clip-v1
0.455121,0,,librispeech_0345,impostor_2,fakeavceleb_02870_Caucasian(American)_women_id00097,per-clip-v1
0.591400,0,,librispeech_0345,impostor_3,librispeech_0154,per-clip-v1
0.523937,0,,librispeech_0345,impostor_4,fakeavceleb_03091_Caucasian(American)_women_id01005,per-clip-v1
0.500610,0,,librispeech_0345,impostor_5,fakeavceleb_02915_Caucasian(American)_women_id00180,per-clip-v1
0.450307,0,,librispeech_0345,impostor_6,fakeavceleb_03041_Caucasian(American)_women_id00618,per-clip-v1
0.501695,0,,librispeech_0345,impostor_7,fakeavceleb_02491_Asian(South)_women_id07078,per-clip-v1
0.638190,0,,librispeech_0345,impostor_8,fakeavceleb_02626_Caucasian(American)_men_id00264,per-clip-v1
0.506267,0,,librispeech_0345,impostor_9,fakeavceleb_03101_Caucasian(American)_women_id01091,per-clip-v1
0.626579,0,,librispeech_0345,impostor_10,fakeavceleb_01670_Asian(East)_women_id05576,per-clip-v1
0.914435,1,,librispeech_0346,genuine,librispeech_0346,per-clip-v1
0.582253,0,,librispeech_0346,impostor_1,fakeavceleb_01323_Asian(East)_men_id03028,per-clip-v1
0.461005,0,,librispeech_0346,impostor_2,fakeavceleb_00493_Caucasian(European)_women_id03649,per-clip-v1
0.504111,0,,librispeech_0346,impostor_3,fakeavceleb_03191_Caucasian(American)_women_id03781,per-clip-v1
0.507011,0,,librispeech_0346,impostor_4,librispeech_0254,per-clip-v1
0.560643,0,,librispeech_0346,impostor_5,fakeavceleb_01398_Asian(East)_men_id05743,per-clip-v1
0.739248,0,,librispeech_0346,impostor_6,librispeech_0102,per-clip-v1
0.506836,0,,librispeech_0346,impostor_7,fakeavceleb_03492_Caucasian(European)_men_id01126,per-clip-v1
0.638933,0,,librispeech_0346,impostor_8,fakeavceleb_02700_Caucasian(American)_men_id01035,per-clip-v1
0.643797,0,,librispeech_0346,impostor_9,librispeech_0355,per-clip-v1
0.598869,0,,librispeech_0346,impostor_10,fakeavceleb_03452_Caucasian(European)_men_id01051,per-clip-v1
0.855757,1,,librispeech_0348,genuine,librispeech_0348,per-clip-v1
0.386057,0,,librispeech_0348,impostor_1,fakeavceleb_00403_Caucasian(European)_men_id00183,per-clip-v1
0.442393,0,,librispeech_0348,impostor_2,fakeavceleb_00787_African_men_id02005,per-clip-v1
0.460320,0,,librispeech_0348,impostor_3,fakeavceleb_01423_Asian(East)_men_id06535,per-clip-v1
0.422913,0,,librispeech_0348,impostor_4,fakeavceleb_01432_Asian(East)_men_id06594,per-clip-v1
0.429874,0,,librispeech_0348,impostor_5,fakeavceleb_01172_African_women_id05231,per-clip-v1
0.489447,0,,librispeech_0348,impostor_6,librispeech_0288,per-clip-v1
0.450713,0,,librispeech_0348,impostor_7,fakeavceleb_00496_Caucasian(European)_women_id03816,per-clip-v1
0.459388,0,,librispeech_0348,impostor_8,fakeavceleb_01971_Asian(South)_men_id00857,per-clip-v1
0.421168,0,,librispeech_0348,impostor_9,fakeavceleb_02007_Asian(South)_men_id04537,per-clip-v1
0.466048,0,,librispeech_0348,impostor_10,fakeavceleb_02584_Caucasian(American)_men_id00062,per-clip-v1
0.947907,1,,librispeech_0349,genuine,librispeech_0349,per-clip-v1
0.675749,0,,librispeech_0349,impostor_1,librispeech_0324,per-clip-v1
0.493358,0,,librispeech_0349,impostor_2,fakeavceleb_00142_Asian(East)_men_id06878,per-clip-v1
0.502955,0,,librispeech_0349,impostor_3,librispeech_0387,per-clip-v1
0.734065,0,,librispeech_0349,impostor_4,librispeech_0079,per-clip-v1
0.448105,0,,librispeech_0349,impostor_5,fakeavceleb_00554_African_men_id00475,per-clip-v1
0.528565,0,,librispeech_0349,impostor_6,fakeavceleb_02337_Asian(South)_women_id04564,per-clip-v1
0.431650,0,,librispeech_0349,impostor_7,fakeavceleb_01669_Asian(East)_women_id04701,per-clip-v1
0.603507,0,,librispeech_0349,impostor_8,fakeavceleb_02579_Caucasian(American)_men_id00062,per-clip-v1
0.599983,0,,librispeech_0349,impostor_9,librispeech_0234,per-clip-v1
0.506366,0,,librispeech_0349,impostor_10,fakeavceleb_01531_Asian(East)_women_id00430,per-clip-v1
0.947736,1,,librispeech_0350,genuine,librispeech_0350,per-clip-v1
0.422554,0,,librispeech_0350,impostor_1,fakeavceleb_00862_African_women_id00220,per-clip-v1
0.559637,0,,librispeech_0350,impostor_2,fakeavceleb_01337_Asian(East)_men_id03889,per-clip-v1
0.383354,0,,librispeech_0350,impostor_3,fakeavceleb_01233_Asian(East)_men_id00597,per-clip-v1
0.375143,0,,librispeech_0350,impostor_4,fakeavceleb_03336_Caucasian(European)_men_id00415,per-clip-v1
0.431232,0,,librispeech_0350,impostor_5,fakeavceleb_01999_Asian(South)_men_id04526,per-clip-v1
0.388292,0,,librispeech_0350,impostor_6,fakeavceleb_02483_Asian(South)_women_id07078,per-clip-v1
0.491973,0,,librispeech_0350,impostor_7,fakeavceleb_03325_Caucasian(European)_men_id00305,per-clip-v1
0.486504,0,,librispeech_0350,impostor_8,fakeavceleb_01729_Asian(East)_women_id06158,per-clip-v1
0.527931,0,,librispeech_0350,impostor_9,fakeavceleb_01908_Asian(South)_men_id00350,per-clip-v1
0.400762,0,,librispeech_0350,impostor_10,fakeavceleb_02278_Asian(South)_women_id03559,per-clip-v1
0.964487,1,,librispeech_0351,genuine,librispeech_0351,per-clip-v1
0.438115,0,,librispeech_0351,impostor_1,fakeavceleb_01237_Asian(East)_men_id00597,per-clip-v1
0.478310,0,,librispeech_0351,impostor_2,fakeavceleb_00142_Asian(East)_men_id06878,per-clip-v1
0.381623,0,,librispeech_0351,impostor_3,fakeavceleb_02145_Asian(South)_men_id07210,per-clip-v1
0.431435,0,,librispeech_0351,impostor_4,librispeech_0358,per-clip-v1
0.393902,0,,librispeech_0351,impostor_5,fakeavceleb_01600_Asian(East)_women_id02587,per-clip-v1
0.463173,0,,librispeech_0351,impostor_6,fakeavceleb_02413_Asian(South)_women_id06232,per-clip-v1
0.429794,0,,librispeech_0351,impostor_7,fakeavceleb_00225_Asian(South)_men_id04562,per-clip-v1
0.458897,0,,librispeech_0351,impostor_8,librispeech_0135,per-clip-v1
0.543728,0,,librispeech_0351,impostor_9,fakeavceleb_02322_Asian(South)_women_id04529,per-clip-v1
0.530820,0,,librispeech_0351,impostor_10,fakeavceleb_00119_Asian(East)_men_id03965,per-clip-v1
0.935821,1,,librispeech_0352,genuine,librispeech_0352,per-clip-v1
0.558892,0,,librispeech_0352,impostor_1,librispeech_0144,per-clip-v1
0.600005,0,,librispeech_0352,impostor_2,fakeavceleb_00006_African_men_id00476,per-clip-v1
0.493263,0,,librispeech_0352,impostor_3,asvspoof_0154,per-clip-v1
0.512436,0,,librispeech_0352,impostor_4,fakeavceleb_02288_Asian(South)_women_id03815,per-clip-v1
0.590906,0,,librispeech_0352,impostor_5,librispeech_0321,per-clip-v1
0.511792,0,,librispeech_0352,impostor_6,fakeavceleb_03507_Caucasian(European)_men_id01157,per-clip-v1
0.458306,0,,librispeech_0352,impostor_7,fakeavceleb_00215_Asian(South)_men_id00860,per-clip-v1
0.516870,0,,librispeech_0352,impostor_8,fakeavceleb_02114_Asian(South)_men_id07182,per-clip-v1
0.603429,0,,librispeech_0352,impostor_9,fakeavceleb_01648_Asian(East)_women_id04144,per-clip-v1
0.413137,0,,librispeech_0352,impostor_10,asvspoof_0315,per-clip-v1
0.945593,1,,librispeech_0353,genuine,librispeech_0353,per-clip-v1
0.526091,0,,librispeech_0353,impostor_1,fakeavceleb_00725_African_men_id01637,per-clip-v1
0.483959,0,,librispeech_0353,impostor_2,fakeavceleb_02834_Caucasian(American)_men_id04034,per-clip-v1
0.725745,0,,librispeech_0353,impostor_3,fakeavceleb_00903_African_women_id00577,per-clip-v1
0.548068,0,,librispeech_0353,impostor_4,fakeavceleb_03303_Caucasian(European)_men_id00266,per-clip-v1
0.506346,0,,librispeech_0353,impostor_5,fakeavceleb_01462_Asian(East)_men_id08299,per-clip-v1
0.752489,0,,librispeech_0353,impostor_6,librispeech_0218,per-clip-v1
0.653131,0,,librispeech_0353,impostor_7,fakeavceleb_03173_Caucasian(American)_women_id03556,per-clip-v1
0.587742,0,,librispeech_0353,impostor_8,fakeavceleb_02229_Asian(South)_women_id00488,per-clip-v1
0.698433,0,,librispeech_0353,impostor_9,librispeech_0226,per-clip-v1
0.502825,0,,librispeech_0353,impostor_10,fakeavceleb_00282_Asian(South)_women_id06254,per-clip-v1
0.931196,1,,librispeech_0354,genuine,librispeech_0354,per-clip-v1
0.485573,0,,librispeech_0354,impostor_1,librispeech_0415,per-clip-v1
0.498493,0,,librispeech_0354,impostor_2,fakeavceleb_00754_African_men_id01856,per-clip-v1
0.397816,0,,librispeech_0354,impostor_3,fakeavceleb_03519_Caucasian(European)_men_id03205,per-clip-v1
0.672480,0,,librispeech_0354,impostor_4,asvspoof_0003,per-clip-v1
0.380262,0,,librispeech_0354,impostor_5,fakeavceleb_02024_Asian(South)_men_id04561,per-clip-v1
0.525264,0,,librispeech_0354,impostor_6,fakeavceleb_01788_Asian(East)_women_id07901,per-clip-v1
0.494971,0,,librispeech_0354,impostor_7,fakeavceleb_01551_Asian(East)_women_id00579,per-clip-v1
0.454457,0,,librispeech_0354,impostor_8,fakeavceleb_01689_Asian(East)_women_id05844,per-clip-v1
0.539122,0,,librispeech_0354,impostor_9,fakeavceleb_00495_Caucasian(European)_women_id03716,per-clip-v1
0.546199,0,,librispeech_0354,impostor_10,librispeech_0442,per-clip-v1
0.920394,1,,librispeech_0355,genuine,librispeech_0355,per-clip-v1
0.458641,0,,librispeech_0355,impostor_1,asvspoof_0378,per-clip-v1
0.621188,0,,librispeech_0355,impostor_2,fakeavceleb_02840_Caucasian(American)_men_id04216,per-clip-v1
0.394797,0,,librispeech_0355,impostor_3,fakeavceleb_03594_Caucasian(European)_women_id00270,per-clip-v1
0.386454,0,,librispeech_0355,impostor_4,asvspoof_0044,per-clip-v1
0.512905,0,,librispeech_0355,impostor_5,librispeech_0443,per-clip-v1
0.733440,0,,librispeech_0355,impostor_6,librispeech_0408,per-clip-v1
0.456830,0,,librispeech_0355,impostor_7,librispeech_0059,per-clip-v1
0.386139,0,,librispeech_0355,impostor_8,fakeavceleb_02198_Asian(South)_women_id00149,per-clip-v1
0.456328,0,,librispeech_0355,impostor_9,fakeavceleb_02993_Caucasian(American)_women_id00418,per-clip-v1
0.582265,0,,librispeech_0355,impostor_10,fakeavceleb_00585_African_men_id00781,per-clip-v1
0.967736,1,,librispeech_0356,genuine,librispeech_0356,per-clip-v1
0.493962,0,,librispeech_0356,impostor_1,fakeavceleb_02294_Asian(South)_women_id03897,per-clip-v1
0.496719,0,,librispeech_0356,impostor_2,fakeavceleb_01917_Asian(South)_men_id00459,per-clip-v1
0.512781,0,,librispeech_0356,impostor_3,librispeech_0336,per-clip-v1
0.532988,0,,librispeech_0356,impostor_4,fakeavceleb_01439_Asian(East)_men_id06807,per-clip-v1
0.393240,0,,librispeech_0356,impostor_5,fakeavceleb_03585_Caucasian(European)_women_id00234,per-clip-v1
0.591897,0,,librispeech_0356,impostor_6,librispeech_0218,per-clip-v1
0.495590,0,,librispeech_0356,impostor_7,librispeech_0352,per-clip-v1
0.503682,0,,librispeech_0356,impostor_8,fakeavceleb_03020_Caucasian(American)_women_id00462,per-clip-v1
0.545953,0,,librispeech_0356,impostor_9,fakeavceleb_00310_Caucasian(American)_men_id00169,per-clip-v1
0.494721,0,,librispeech_0356,impostor_10,fakeavceleb_01387_Asian(East)_men_id05332,per-clip-v1
0.964115,1,,librispeech_0357,genuine,librispeech_0357,per-clip-v1
0.505106,0,,librispeech_0357,impostor_1,fakeavceleb_02856_Caucasian(American)_men_id04221,per-clip-v1
0.643625,0,,librispeech_0357,impostor_2,fakeavceleb_02472_Asian(South)_women_id07008,per-clip-v1
0.468015,0,,librispeech_0357,impostor_3,fakeavceleb_01998_Asian(South)_men_id04526,per-clip-v1
0.487370,0,,librispeech_0357,impostor_4,fakeavceleb_02618_Caucasian(American)_men_id00184,per-clip-v1
0.633489,0,,librispeech_0357,impostor_5,librispeech_0354,per-clip-v1
0.516495,0,,librispeech_0357,impostor_6,fakeavceleb_02722_Caucasian(American)_men_id01048,per-clip-v1
0.435253,0,,librispeech_0357,impostor_7,asvspoof_0456,per-clip-v1
0.440583,0,,librispeech_0357,impostor_8,fakeavceleb_01320_Asian(East)_men_id02561,per-clip-v1
0.704633,0,,librispeech_0357,impostor_9,asvspoof_0143,per-clip-v1
0.513562,0,,librispeech_0357,impostor_10,asvspoof_0410,per-clip-v1
0.883807,1,,librispeech_0358,genuine,librispeech_0358,per-clip-v1
0.582906,0,,librispeech_0358,impostor_1,fakeavceleb_00149_Asian(East)_men_id09143,per-clip-v1
0.558145,0,,librispeech_0358,impostor_2,librispeech_0003,per-clip-v1
0.580667,0,,librispeech_0358,impostor_3,asvspoof_0360,per-clip-v1
0.603225,0,,librispeech_0358,impostor_4,fakeavceleb_03019_Caucasian(American)_women_id00462,per-clip-v1
0.500931,0,,librispeech_0358,impostor_5,librispeech_0337,per-clip-v1
0.482452,0,,librispeech_0358,impostor_6,fakeavceleb_01405_Asian(East)_men_id06269,per-clip-v1
0.527346,0,,librispeech_0358,impostor_7,fakeavceleb_00064_African_women_id01838,per-clip-v1
0.468079,0,,librispeech_0358,impostor_8,fakeavceleb_00189_Asian(East)_women_id07901,per-clip-v1
0.562787,0,,librispeech_0358,impostor_9,fakeavceleb_03364_Caucasian(European)_men_id00520,per-clip-v1
0.480561,0,,librispeech_0358,impostor_10,fakeavceleb_01010_African_women_id02301,per-clip-v1
0.934422,1,,librispeech_0359,genuine,librispeech_0359,per-clip-v1
0.367279,0,,librispeech_0359,impostor_1,fakeavceleb_02404_Asian(South)_women_id05931,per-clip-v1
0.631381,0,,librispeech_0359,impostor_2,librispeech_0491,per-clip-v1
0.537404,0,,librispeech_0359,impostor_3,fakeavceleb_00789_African_men_id02005,per-clip-v1
0.592849,0,,librispeech_0359,impostor_4,librispeech_0320,per-clip-v1
0.416550,0,,librispeech_0359,impostor_5,asvspoof_0130,per-clip-v1
0.445852,0,,librispeech_0359,impostor_6,librispeech_0323,per-clip-v1
0.607631,0,,librispeech_0359,impostor_7,fakeavceleb_00492_Caucasian(European)_women_id03620,per-clip-v1
0.487515,0,,librispeech_0359,impostor_8,fakeavceleb_01095_African_women_id03747,per-clip-v1
0.508291,0,,librispeech_0359,impostor_9,librispeech_0306,per-clip-v1
0.431368,0,,librispeech_0359,impostor_10,librispeech_0387,per-clip-v1
0.964217,1,,librispeech_0360,genuine,librispeech_0360,per-clip-v1
0.433410,0,,librispeech_0360,impostor_1,fakeavceleb_03109_Caucasian(American)_women_id01223,per-clip-v1
0.474324,0,,librispeech_0360,impostor_2,fakeavceleb_00775_African_men_id01972,per-clip-v1
0.384427,0,,librispeech_0360,impostor_3,fakeavceleb_00625_African_men_id01179,per-clip-v1
0.443848,0,,librispeech_0360,impostor_4,fakeavceleb_02941_Caucasian(American)_women_id00261,per-clip-v1
0.498186,0,,librispeech_0360,impostor_5,asvspoof_0448,per-clip-v1
0.487718,0,,librispeech_0360,impostor_6,asvspoof_0351,per-clip-v1
0.359541,0,,librispeech_0360,impostor_7,fakeavceleb_01647_Asian(East)_women_id04144,per-clip-v1
0.410051,0,,librispeech_0360,impostor_8,asvspoof_0154,per-clip-v1
0.477010,0,,librispeech_0360,impostor_9,fakeavceleb_00054_African_women_id00568,per-clip-v1
0.376949,0,,librispeech_0360,impostor_10,fakeavceleb_01094_African_women_id03747,per-clip-v1
0.956948,1,,librispeech_0361,genuine,librispeech_0361,per-clip-v1
0.550498,0,,librispeech_0361,impostor_1,fakeavceleb_02583_Caucasian(American)_men_id00062,per-clip-v1
0.562410,0,,librispeech_0361,impostor_2,fakeavceleb_03095_Caucasian(American)_women_id01075,per-clip-v1
0.560889,0,,librispeech_0361,impostor_3,fakeavceleb_02565_Caucasian(American)_men_id00052,per-clip-v1
0.493842,0,,librispeech_0361,impostor_4,fakeavceleb_03027_Caucasian(American)_women_id00555,per-clip-v1
0.445651,0,,librispeech_0361,impostor_5,fakeavceleb_03049_Caucasian(American)_women_id00680,per-clip-v1
0.544733,0,,librispeech_0361,impostor_6,fakeavceleb_00536_African_men_id00366,per-clip-v1
0.545499,0,,librispeech_0361,impostor_7,fakeavceleb_03528_Caucasian(European)_women_id00042,per-clip-v1
0.434096,0,,librispeech_0361,impostor_8,fakeavceleb_02479_Asian(South)_women_id07051,per-clip-v1
0.590700,0,,librispeech_0361,impostor_9,librispeech_0058,per-clip-v1
0.429346,0,,librispeech_0361,impostor_10,fakeavceleb_02466_Asian(South)_women_id06445,per-clip-v1
0.951682,1,,librispeech_0362,genuine,librispeech_0362,per-clip-v1
0.447565,0,,librispeech_0362,impostor_1,librispeech_0460,per-clip-v1
0.427800,0,,librispeech_0362,impostor_2,asvspoof_0373,per-clip-v1
0.481980,0,,librispeech_0362,impostor_3,fakeavceleb_03155_Caucasian(American)_women_id01248,per-clip-v1
0.522468,0,,librispeech_0362,impostor_4,fakeavceleb_02846_Caucasian(American)_men_id04219,per-clip-v1
0.461656,0,,librispeech_0362,impostor_5,fakeavceleb_02890_Caucasian(American)_women_id00098,per-clip-v1
0.417384,0,,librispeech_0362,impostor_6,asvspoof_0325,per-clip-v1
0.491943,0,,librispeech_0362,impostor_7,asvspoof_0098,per-clip-v1
0.402338,0,,librispeech_0362,impostor_8,fakeavceleb_03595_Caucasian(European)_women_id00270,per-clip-v1
0.538730,0,,librispeech_0362,impostor_9,fakeavceleb_02836_Caucasian(American)_men_id04073,per-clip-v1
0.460507,0,,librispeech_0362,impostor_10,fakeavceleb_00447_Caucasian(European)_men_id01157,per-clip-v1
0.932265,1,,librispeech_0364,genuine,librispeech_0364,per-clip-v1
0.734615,0,,librispeech_0364,impostor_1,librispeech_0313,per-clip-v1
0.580441,0,,librispeech_0364,impostor_2,fakeavceleb_02031_Asian(South)_men_id04562,per-clip-v1
0.511765,0,,librispeech_0364,impostor_3,fakeavceleb_01662_Asian(East)_women_id04701,per-clip-v1
0.544379,0,,librispeech_0364,impostor_4,fakeavceleb_00071_African_women_id02721,per-clip-v1
0.569161,0,,librispeech_0364,impostor_5,fakeavceleb_01985_Asian(South)_men_id03180,per-clip-v1
0.582806,0,,librispeech_0364,impostor_6,fakeavceleb_00370_Caucasian(American)_women_id00555,per-clip-v1
0.569484,0,,librispeech_0364,impostor_7,fakeavceleb_01938_Asian(South)_men_id00745,per-clip-v1
0.631230,0,,librispeech_0364,impostor_8,fakeavceleb_03263_Caucasian(European)_men_id00187,per-clip-v1
0.519107,0,,librispeech_0364,impostor_9,fakeavceleb_02259_Asian(South)_women_id02089,per-clip-v1
0.560797,0,,librispeech_0364,impostor_10,fakeavceleb_02309_Asian(South)_women_id04070,per-clip-v1
0.932320,1,,librispeech_0365,genuine,librispeech_0365,per-clip-v1
0.470745,0,,librispeech_0365,impostor_1,fakeavceleb_03340_Caucasian(European)_men_id00415,per-clip-v1
0.438805,0,,librispeech_0365,impostor_2,fakeavceleb_03412_Caucasian(European)_men_id00909,per-clip-v1
0.518743,0,,librispeech_0365,impostor_3,fakeavceleb_00037_African_men_id01920,per-clip-v1
0.442318,0,,librispeech_0365,impostor_4,fakeavceleb_00779_African_men_id01995,per-clip-v1
0.601196,0,,librispeech_0365,impostor_5,librispeech_0181,per-clip-v1
0.587624,0,,librispeech_0365,impostor_6,fakeavceleb_02371_Asian(South)_women_id05435,per-clip-v1
0.612576,0,,librispeech_0365,impostor_7,librispeech_0016,per-clip-v1
0.483738,0,,librispeech_0365,impostor_8,asvspoof_0320,per-clip-v1
0.577374,0,,librispeech_0365,impostor_9,asvspoof_0433,per-clip-v1
0.493857,0,,librispeech_0365,impostor_10,fakeavceleb_02340_Asian(South)_women_id04564,per-clip-v1
0.958527,1,,librispeech_0366,genuine,librispeech_0366,per-clip-v1
0.640489,0,,librispeech_0366,impostor_1,librispeech_0152,per-clip-v1
0.504561,0,,librispeech_0366,impostor_2,librispeech_0108,per-clip-v1
0.465968,0,,librispeech_0366,impostor_3,fakeavceleb_02554_Caucasian(American)_men_id00029,per-clip-v1
0.648796,0,,librispeech_0366,impostor_4,asvspoof_0120,per-clip-v1
0.565535,0,,librispeech_0366,impostor_5,librispeech_0468,per-clip-v1
0.429103,0,,librispeech_0366,impostor_6,fakeavceleb_00975_African_women_id01783,per-clip-v1
0.414188,0,,librispeech_0366,impostor_7,fakeavceleb_02866_Caucasian(American)_women_id00025,per-clip-v1
0.504793,0,,librispeech_0366,impostor_8,fakeavceleb_02579_Caucasian(American)_men_id00062,per-clip-v1
0.498099,0,,librispeech_0366,impostor_9,fakeavceleb_02660_Caucasian(American)_men_id00696,per-clip-v1
0.603666,0,,librispeech_0366,impostor_10,librispeech_0055,per-clip-v1
0.955661,1,,librispeech_0367,genuine,librispeech_0367,per-clip-v1
0.450378,0,,librispeech_0367,impostor_1,fakeavceleb_03735_Caucasian(European)_women_id00581,per-clip-v1
0.560870,0,,librispeech_0367,impostor_2,fakeavceleb_02110_Asian(South)_men_id07179,per-clip-v1
0.530001,0,,librispeech_0367,impostor_3,fakeavceleb_01428_Asian(East)_men_id06591,per-clip-v1
0.411491,0,,librispeech_0367,impostor_4,asvspoof_0130,per-clip-v1
0.608695,0,,librispeech_0367,impostor_5,librispeech_0068,per-clip-v1
0.457469,0,,librispeech_0367,impostor_6,fakeavceleb_03802_Caucasian(European)_women_id01002,per-clip-v1
0.450310,0,,librispeech_0367,impostor_7,fakeavceleb_01632_Asian(East)_women_id03379,per-clip-v1
0.535048,0,,librispeech_0367,impostor_8,fakeavceleb_01479_Asian(East)_men_id08652,per-clip-v1
0.484758,0,,librispeech_0367,impostor_9,asvspoof_0400,per-clip-v1
0.522068,0,,librispeech_0367,impostor_10,fakeavceleb_02138_Asian(South)_men_id07200,per-clip-v1
0.952143,1,,librispeech_0368,genuine,librispeech_0368,per-clip-v1
0.558173,0,,librispeech_0368,impostor_1,fakeavceleb_02115_Asian(South)_men_id07182,per-clip-v1
0.478300,0,,librispeech_0368,impostor_2,asvspoof_0463,per-clip-v1
0.536608,0,,librispeech_0368,impostor_3,fakeavceleb_01611_Asian(East)_women_id02807,per-clip-v1
0.566238,0,,librispeech_0368,impostor_4,asvspoof_0103,per-clip-v1
0.506932,0,,librispeech_0368,impostor_5,asvspoof_0403,per-clip-v1
0.494553,0,,librispeech_0368,impostor_6,fakeavceleb_02624_Caucasian(American)_men_id00243,per-clip-v1
0.534270,0,,librispeech_0368,impostor_7,asvspoof_0067,per-clip-v1
0.452138,0,,librispeech_0368,impostor_8,fakeavceleb_03416_Caucasian(European)_men_id00919,per-clip-v1
0.500391,0,,librispeech_0368,impostor_9,fakeavceleb_02110_Asian(South)_men_id07179,per-clip-v1
0.500884,0,,librispeech_0368,impostor_10,fakeavceleb_01113_African_women_id04374,per-clip-v1
0.942970,1,,librispeech_0370,genuine,librispeech_0370,per-clip-v1
0.448215,0,,librispeech_0370,impostor_1,fakeavceleb_00861_African_women_id00220,per-clip-v1
0.604681,0,,librispeech_0370,impostor_2,fakeavceleb_02046_Asian(South)_men_id04601,per-clip-v1
0.634991,0,,librispeech_0370,impostor_3,asvspoof_0403,per-clip-v1
0.432074,0,,librispeech_0370,impostor_4,fakeavceleb_00081_African_women_id03747,per-clip-v1
0.626228,0,,librispeech_0370,impostor_5,fakeavceleb_01109_African_women_id04245,per-clip-v1
0.452715,0,,librispeech_0370,impostor_6,fakeavceleb_00120_Asian(East)_men_id04111,per-clip-v1
0.448158,0,,librispeech_0370,impostor_7,fakeavceleb_02312_Asian(South)_women_id04490,per-clip-v1
0.444907,0,,librispeech_0370,impostor_8,fakeavceleb_01575_Asian(East)_women_id00935,per-clip-v1
0.557355,0,,librispeech_0370,impostor_9,librispeech_0001,per-clip-v1
0.561162,0,,librispeech_0370,impostor_10,fakeavceleb_03812_Caucasian(European)_women_id01018,per-clip-v1
0.943775,1,,librispeech_0371,genuine,librispeech_0371,per-clip-v1
0.477123,0,,librispeech_0371,impostor_1,fakeavceleb_02771_Caucasian(American)_men_id01182,per-clip-v1
0.415714,0,,librispeech_0371,impostor_2,fakeavceleb_00084_African_women_id04374,per-clip-v1
0.435109,0,,librispeech_0371,impostor_3,fakeavceleb_00228_Asian(South)_men_id04928,per-clip-v1
0.651931,0,,librispeech_0371,impostor_4,librispeech_0071,per-clip-v1
0.491320,0,,librispeech_0371,impostor_5,librispeech_0276,per-clip-v1
0.616675,0,,librispeech_0371,impostor_6,librispeech_0240,per-clip-v1
0.656411,0,,librispeech_0371,impostor_7,librispeech_0365,per-clip-v1
0.510826,0,,librispeech_0371,impostor_8,fakeavceleb_00062_African_women_id01661,per-clip-v1
0.545807,0,,librispeech_0371,impostor_9,librispeech_0387,per-clip-v1
0.612175,0,,librispeech_0371,impostor_10,fakeavceleb_00094_African_women_id05106,per-clip-v1
