score,label,group,stem,trial,ref_stem,sampling
0.955005,1,,librispeech_0000,genuine,librispeech_0000,per-clip-v1
0.880731,0,,librispeech_0000,impostor_1,librispeech_0062,per-clip-v1
0.884351,0,,librispeech_0000,impostor_2,fakeavceleb_02829_Caucasian(American)_men_id03757,per-clip-v1
0.321832,0,,librispeech_0000,impostor_3,fakeavceleb_01046_African_women_id02824,per-clip-v1
0.455821,0,,librispeech_0000,impostor_4,fakeavceleb_01095_African_women_id03747,per-clip-v1
0.350387,0,,librispeech_0000,impostor_5,asvspoof_0263,per-clip-v1
0.252885,0,,librispeech_0000,impostor_6,fakeavceleb_01935_Asian(South)_men_id00745,per-clip-v1
0.291983,0,,librispeech_0000,impostor_7,fakeavceleb_01676_Asian(East)_women_id05620,per-clip-v1
0.180517,0,,librispeech_0000,impostor_8,fakeavceleb_02507_Asian(South)_women_id07686,per-clip-v1
0.391222,0,,librispeech_0000,impostor_9,fakeavceleb_03335_Caucasian(European)_men_id00368,per-clip-v1
0.811497,0,,librispeech_0000,impostor_10,fakeavceleb_00587_African_men_id00830,per-clip-v1
0.962053,1,,librispeech_0001,genuine,librispeech_0001,per-clip-v1
0.454188,0,,librispeech_0001,impostor_1,fakeavceleb_01859_Asian(South)_men_id00032,per-clip-v1
0.562895,0,,librispeech_0001,impostor_2,asvspoof_0315,per-clip-v1
0.239263,0,,librispeech_0001,impostor_3,fakeavceleb_02515_Asian(South)_women_id07689,per-clip-v1
0.341795,0,,librispeech_0001,impostor_4,fakeavceleb_02304_Asian(South)_women_id03985,per-clip-v1
0.378503,0,,librispeech_0001,impostor_5,fakeavceleb_01611_Asian(East)_women_id02807,per-clip-v1
0.555238,0,,librispeech_0001,impostor_6,librispeech_0025,per-clip-v1
0.372982,0,,librispeech_0001,impostor_7,fakeavceleb_00394_Caucasian(American)_women_id02466,per-clip-v1
0.363692,0,,librispeech_0001,impostor_8,fakeavceleb_03553_Caucasian(European)_women_id00071,per-clip-v1
0.446771,0,,librispeech_0001,impostor_9,fakeavceleb_01035_African_women_id02721,per-clip-v1
0.790079,0,,librispeech_0001,impostor_10,fakeavceleb_00574_African_men_id00701,per-clip-v1
0.942908,1,,librispeech_0002,genuine,librispeech_0002,per-clip-v1
0.863140,0,,librispeech_0002,impostor_1,librispeech_0111,per-clip-v1
0.749769,0,,librispeech_0002,impostor_2,fakeavceleb_02701_Caucasian(American)_men_id01035,per-clip-v1
0.874082,0,,librispeech_0002,impostor_3,fakeavceleb_00771_African_men_id01972,per-clip-v1
0.488337,0,,librispeech_0002,impostor_4,asvspoof_0491,per-clip-v1
0.508600,0,,librispeech_0002,impostor_5,fakeavceleb_03151_Caucasian(American)_women_id01248,per-clip-v1
0.426319,0,,librispeech_0002,impostor_6,fakeavceleb_02332_Asian(South)_women_id04530,per-clip-v1
0.620779,0,,librispeech_0002,impostor_7,librispeech_0417,per-clip-v1
0.498157,0,,librispeech_0002,impostor_8,fakeavceleb_00587_African_men_id00830,per-clip-v1
0.439942,0,,librispeech_0002,impostor_9,fakeavceleb_00575_African_men_id00701,per-clip-v1
0.902813,0,,librispeech_0002,impostor_10,librispeech_0308,per-clip-v1
0.953268,1,,librispeech_0003,genuine,librispeech_0003,per-clip-v1
0.492626,0,,librispeech_0003,impostor_1,fakeavceleb_00310_Caucasian(American)_men_id00169,per-clip-v1
0.461689,0,,librispeech_0003,impostor_2,fakeavceleb_02011_Asian(South)_men_id04554,per-clip-v1
0.532148,0,,librispeech_0003,impostor_3,fakeavceleb_01446_Asian(East)_men_id07102,per-clip-v1
0.253614,0,,librispeech_0003,impostor_4,fakeavceleb_01380_Asian(East)_men_id05268,per-clip-v1
0.881073,0,,librispeech_0003,impostor_5,asvspoof_0399,per-clip-v1
0.976349,0,,librispeech_0003,impostor_6,fakeavceleb_02944_Caucasian(American)_women_id00261,per-clip-v1
0.598173,0,,librispeech_0003,impostor_7,fakeavceleb_00961_African_women_id01532,per-clip-v1
0.617254,0,,librispeech_0003,impostor_8,fakeavceleb_03232_Caucasian(European)_men_id00183,per-clip-v1
0.757401,0,,librispeech_0003,impostor_9,librispeech_0428,per-clip-v1
0.761918,0,,librispeech_0003,impostor_10,fakeavceleb_01583_Asian(East)_women_id00935,per-clip-v1
0.983411,1,,librispeech_0004,genuine,librispeech_0004,per-clip-v1
0.402978,0,,librispeech_0004,impostor_1,librispeech_0462,per-clip-v1
0.450484,0,,librispeech_0004,impostor_2,fakeavceleb_01977_Asian(South)_men_id00860,per-clip-v1
0.418130,0,,librispeech_0004,impostor_3,fakeavceleb_03193_Caucasian(American)_women_id03781,per-clip-v1
0.516073,0,,librispeech_0004,impostor_4,fakeavceleb_01824_Asian(East)_women_id09125,per-clip-v1
0.619747,0,,librispeech_0004,impostor_5,asvspoof_0265,per-clip-v1
0.882686,0,,librispeech_0004,impostor_6,fakeavceleb_02685_Caucasian(American)_men_id00777,per-clip-v1
0.522995,0,,librispeech_0004,impostor_7,fakeavceleb_02947_Caucasian(American)_women_id00272,per-clip-v1
0.527183,0,,librispeech_0004,impostor_8,librispeech_0317,per-clip-v1
0.421718,0,,librispeech_0004,impostor_9,asvspoof_0397,per-clip-v1
0.906431,0,,librispeech_0004,impostor_10,librispeech_0408,per-clip-v1
0.985115,1,,librispeech_0005,genuine,librispeech_0005,per-clip-v1
0.816433,0,,librispeech_0005,impostor_1,fakeavceleb_03669_Caucasian(European)_women_id00379,per-clip-v1
0.434067,0,,librispeech_0005,impostor_2,fakeavceleb_00763_African_men_id01933,per-clip-v1
0.434708,0,,librispeech_0005,impostor_3,librispeech_0292,per-clip-v1
0.581953,0,,librispeech_0005,impostor_4,fakeavceleb_01101_African_women_id04055,per-clip-v1
0.347426,0,,librispeech_0005,impostor_5,fakeavceleb_00335_Caucasian(American)_men_id01182,per-clip-v1
0.423746,0,,librispeech_0005,impostor_6,librispeech_0412,per-clip-v1
0.886063,0,,librispeech_0005,impostor_7,fakeavceleb_02361_Asian(South)_women_id05434,per-clip-v1
0.744413,0,,librispeech_0005,impostor_8,fakeavceleb_03841_Caucasian(European)_women_id03816,per-clip-v1
0.739825,0,,librispeech_0005,impostor_9,fakeavceleb_02494_Asian(South)_women_id07136,per-clip-v1
0.549590,0,,librispeech_0005,impostor_10,librispeech_0023,per-clip-v1
0.907581,1,,librispeech_0006,genuine,librispeech_0006,per-clip-v1
0.308567,0,,librispeech_0006,impostor_1,fakeavceleb_01832_Asian(East)_women_id09171,per-clip-v1
0.404056,0,,librispeech_0006,impostor_2,librispeech_0462,per-clip-v1
0.601811,0,,librispeech_0006,impostor_3,librispeech_0211,per-clip-v1
0.426780,0,,librispeech_0006,impostor_4,fakeavceleb_01796_Asian(East)_women_id08139,per-clip-v1
0.545360,0,,librispeech_0006,impostor_5,fakeavceleb_00652_African_men_id01392,per-clip-v1
0.648878,0,,librispeech_0006,impostor_6,fakeavceleb_03212_Caucasian(European)_men_id00063,per-clip-v1
0.543719,0,,librispeech_0006,impostor_7,fakeavceleb_01139_African_women_id04705,per-clip-v1
0.654587,0,,librispeech_0006,impostor_8,librispeech_0153,per-clip-v1
0.477814,0,,librispeech_0006,impostor_9,fakeavceleb_00997_African_women_id02071,per-clip-v1
0.815865,0,,librispeech_0006,impostor_10,librispeech_0411,per-clip-v1
0.919568,1,,librispeech_0007,genuine,librispeech_0007,per-clip-v1
0.716624,0,,librispeech_0007,impostor_1,librispeech_0155,per-clip-v1
0.689699,0,,librispeech_0007,impostor_2,librispeech_0473,per-clip-v1
0.711231,0,,librispeech_0007,impostor_3,fakeavceleb_03761_Caucasian(European)_women_id00735,per-clip-v1
0.727431,0,,librispeech_0007,impostor_4,librispeech_0153,per-clip-v1
0.464117,0,,librispeech_0007,impostor_5,librispeech_0082,per-clip-v1
0.938628,0,,librispeech_0007,impostor_6,fakeavceleb_03589_Caucasian(European)_women_id00262,per-clip-v1
0.401375,0,,librispeech_0007,impostor_7,librispeech_0028,per-clip-v1
0.651082,0,,librispeech_0007,impostor_8,fakeavceleb_03043_Caucasian(American)_women_id00680,per-clip-v1
0.407843,0,,librispeech_0007,impostor_9,fakeavceleb_02340_Asian(South)_women_id04564,per-clip-v1
0.684575,0,,librispeech_0007,impostor_10,fakeavceleb_03679_Caucasian(European)_women_id00395,per-clip-v1
0.973206,1,,librispeech_0008,genuine,librispeech_0008,per-clip-v1
0.749898,0,,librispeech_0008,impostor_1,librispeech_0143,per-clip-v1
0.718719,0,,librispeech_0008,impostor_2,librispeech_0349,per-clip-v1
0.505175,0,,librispeech_0008,impostor_3,fakeavceleb_03416_Caucasian(European)_men_id00919,per-clip-v1
0.888128,0,,librispeech_0008,impostor_4,fakeavceleb_02864_Caucasian(American)_women_id00025,per-clip-v1
0.759604,0,,librispeech_0008,impostor_5,fakeavceleb_01720_Asian(East)_women_id06065,per-clip-v1
0.546860,0,,librispeech_0008,impostor_6,fakeavceleb_01584_Asian(East)_women_id01281,per-clip-v1
0.475427,0,,librispeech_0008,impostor_7,fakeavceleb_03221_Caucasian(European)_men_id00171,per-clip-v1
0.619686,0,,librispeech_0008,impostor_8,librispeech_0028,per-clip-v1
0.397936,0,,librispeech_0008,impostor_9,librispeech_0216,per-clip-v1
0.459302,0,,librispeech_0008,impostor_10,fakeavceleb_00624_African_men_id01179,per-clip-v1
0.968592,1,,librispeech_0009,genuine,librispeech_0009,per-clip-v1
0.278661,0,,librispeech_0009,impostor_1,fakeavceleb_03835_Caucasian(European)_women_id03651,per-clip-v1
0.666099,0,,librispeech_0009,impostor_2,librispeech_0154,per-clip-v1
0.492535,0,,librispeech_0009,impostor_3,fakeavceleb_02137_Asian(South)_men_id07200,per-clip-v1
0.859801,0,,librispeech_0009,impostor_4,librispeech_0490,per-clip-v1
0.454012,0,,librispeech_0009,impostor_5,fakeavceleb_01748_Asian(East)_women_id06427,per-clip-v1
0.485658,0,,librispeech_0009,impostor_6,librispeech_0086,per-clip-v1
0.560465,0,,librispeech_0009,impostor_7,fakeavceleb_01290_Asian(East)_men_id01683,per-clip-v1
0.551682,0,,librispeech_0009,impostor_8,fakeavceleb_03703_Caucasian(European)_women_id00491,per-clip-v1
0.216031,0,,librispeech_0009,impostor_9,asvspoof_0337,per-clip-v1
0.413400,0,,librispeech_0009,impostor_10,librispeech_0317,per-clip-v1
0.951180,1,,librispeech_0010,genuine,librispeech_0010,per-clip-v1
0.887566,0,,librispeech_0010,impostor_1,librispeech_0479,per-clip-v1
0.532050,0,,librispeech_0010,impostor_2,fakeavceleb_03522_Caucasian(European)_men_id03205,per-clip-v1
0.486414,0,,librispeech_0010,impostor_3,fakeavceleb_02555_Caucasian(American)_men_id00049,per-clip-v1
0.788138,0,,librispeech_0010,impostor_4,librispeech_0317,per-clip-v1
0.503313,0,,librispeech_0010,impostor_5,asvspoof_0463,per-clip-v1
0.676781,0,,librispeech_0010,impostor_6,librispeech_0241,per-clip-v1
0.870232,0,,librispeech_0010,impostor_7,librispeech_0445,per-clip-v1
0.910054,0,,librispeech_0010,impostor_8,fakeavceleb_00491_Caucasian(European)_women_id03589,per-clip-v1
0.649373,0,,librispeech_0010,impostor_9,fakeavceleb_02258_Asian(South)_women_id02089,per-clip-v1
0.918677,0,,librispeech_0010,impostor_10,fakeavceleb_03778_Caucasian(European)_women_id00823,per-clip-v1
0.984697,1,,librispeech_0011,genuine,librispeech_0011,per-clip-v1
0.936378,0,,librispeech_0011,impostor_1,fakeavceleb_03183_Caucasian(American)_women_id03696,per-clip-v1
0.205464,0,,librispeech_0011,impostor_2,fakeavceleb_00324_Caucasian(American)_men_id01035,per-clip-v1
0.777049,0,,librispeech_0011,impostor_3,fakeavceleb_02309_Asian(South)_women_id04070,per-clip-v1
0.837071,0,,librispeech_0011,impostor_4,librispeech_0306,per-clip-v1
0.531387,0,,librispeech_0011,impostor_5,fakeavceleb_00330_Caucasian(American)_men_id01124,per-clip-v1
0.496359,0,,librispeech_0011,impostor_6,fakeavceleb_01445_Asian(East)_men_id07102,per-clip-v1
0.667323,0,,librispeech_0011,impostor_7,fakeavceleb_01738_Asian(East)_women_id06388,per-clip-v1
0.413760,0,,librispeech_0011,impostor_8,fakeavceleb_00833_African_men_id02342,per-clip-v1
0.641452,0,,librispeech_0011,impostor_9,asvspoof_0414,per-clip-v1
0.451957,0,,librispeech_0011,impostor_10,fakeavceleb_03324_Caucasian(European)_men_id00305,per-clip-v1
0.981104,1,,librispeech_0012,genuine,librispeech_0012,per-clip-v1
0.476383,0,,librispeech_0012,impostor_1,fakeavceleb_00771_African_men_id01972,per-clip-v1
0.324017,0,,librispeech_0012,impostor_2,fakeavceleb_02676_Caucasian(American)_men_id00775,per-clip-v1
0.567611,0,,librispeech_0012,impostor_3,fakeavceleb_01498_Asian(East)_men_id09143,per-clip-v1
0.785006,0,,librispeech_0012,impostor_4,fakeavceleb_03095_Caucasian(American)_women_id01075,per-clip-v1
0.662247,0,,librispeech_0012,impostor_5,librispeech_0466,per-clip-v1
0.787996,0,,librispeech_0012,impostor_6,fakeavceleb_00943_African_women_id00832,per-clip-v1
0.461850,0,,librispeech_0012,impostor_7,fakeavceleb_02687_Caucasian(American)_men_id00943,per-clip-v1
0.447493,0,,librispeech_0012,impostor_8,asvspoof_0423,per-clip-v1
0.270586,0,,librispeech_0012,impostor_9,fakeavceleb_00562_African_men_id00518,per-clip-v1
0.324895,0,,librispeech_0012,impostor_10,fakeavceleb_00701_African_men_id01597,per-clip-v1
0.970711,1,,librispeech_0013,genuine,librispeech_0013,per-clip-v1
0.511636,0,,librispeech_0013,impostor_1,fakeavceleb_03655_Caucasian(European)_women_id00373,per-clip-v1
0.713487,0,,librispeech_0013,impostor_2,fakeavceleb_00107_Asian(East)_men_id01212,per-clip-v1
0.429520,0,,librispeech_0013,impostor_3,fakeavceleb_03044_Caucasian(American)_women_id00680,per-clip-v1
0.588515,0,,librispeech_0013,impostor_4,fakeavceleb_00223_Asian(South)_men_id04560,per-clip-v1
0.278433,0,,librispeech_0013,impostor_5,fakeavceleb_02880_Caucasian(American)_women_id00098,per-clip-v1
0.846730,0,,librispeech_0013,impostor_6,librispeech_0444,per-clip-v1
0.584931,0,,librispeech_0013,impostor_7,fakeavceleb_03129_Caucasian(American)_women_id01231,per-clip-v1
0.839454,0,,librispeech_0013,impostor_8,fakeavceleb_03377_Caucasian(European)_men_id00548,per-clip-v1
0.774508,0,,librispeech_0013,impostor_9,librispeech_0486,per-clip-v1
0.802728,0,,librispeech_0013,impostor_10,fakeavceleb_00829_African_men_id02342,per-clip-v1
0.981445,1,,librispeech_0014,genuine,librispeech_0014,per-clip-v1
0.590435,0,,librispeech_0014,impostor_1,fakeavceleb_01972_Asian(South)_men_id00857,per-clip-v1
0.664243,0,,librispeech_0014,impostor_2,fakeavceleb_01313_Asian(East)_men_id02553,per-clip-v1
0.314899,0,,librispeech_0014,impostor_3,fakeavceleb_02194_Asian(South)_women_id00149,per-clip-v1
0.290662,0,,librispeech_0014,impostor_4,fakeavceleb_02187_Asian(South)_women_id00080,per-clip-v1
0.922414,0,,librispeech_0014,impostor_5,librispeech_0009,per-clip-v1
0.827253,0,,librispeech_0014,impostor_6,fakeavceleb_03477_Caucasian(European)_men_id01099,per-clip-v1
0.526277,0,,librispeech_0014,impostor_7,fakeavceleb_02156_Asian(South)_men_id07768,per-clip-v1
0.290620,0,,librispeech_0014,impostor_8,fakeavceleb_00365_Caucasian(American)_women_id00418,per-clip-v1
0.567356,0,,librispeech_0014,impostor_9,fakeavceleb_03818_Caucasian(European)_women_id03620,per-clip-v1
0.293058,0,,librispeech_0014,impostor_10,fakeavceleb_02238_Asian(South)_women_id00739,per-clip-v1
0.958062,1,,librispeech_0015,genuine,librispeech_0015,per-clip-v1
0.928247,0,,librispeech_0015,impostor_1,fakeavceleb_00984_African_women_id01838,per-clip-v1
0.440343,0,,librispeech_0015,impostor_2,fakeavceleb_00767_African_men_id01933,per-clip-v1
0.513500,0,,librispeech_0015,impostor_3,fakeavceleb_01958_Asian(South)_men_id00816,per-clip-v1
0.814783,0,,librispeech_0015,impostor_4,fakeavceleb_02331_Asian(South)_women_id04530,per-clip-v1
0.743606,0,,librispeech_0015,impostor_5,fakeavceleb_00167_Asian(East)_women_id04144,per-clip-v1
0.760297,0,,librispeech_0015,impostor_6,fakeavceleb_03586_Caucasian(European)_women_id00262,per-clip-v1
0.422470,0,,librispeech_0015,impostor_7,fakeavceleb_03243_Caucasian(European)_men_id00185,per-clip-v1
0.796041,0,,librispeech_0015,impostor_8,fakeavceleb_03795_Caucasian(European)_women_id01001,per-clip-v1
0.694514,0,,librispeech_0015,impostor_9,fakeavceleb_01240_Asian(East)_men_id00740,per-clip-v1
0.466441,0,,librispeech_0015,impostor_10,fakeavceleb_02004_Asian(South)_men_id04537,per-clip-v1
0.981039,1,,librispeech_0016,genuine,librispeech_0016,per-clip-v1
0.605300,0,,librispeech_0016,impostor_1,fakeavceleb_02017_Asian(South)_men_id04560,per-clip-v1
0.508528,0,,librispeech_0016,impostor_2,asvspoof_0145,per-clip-v1
0.614817,0,,librispeech_0016,impostor_3,asvspoof_0338,per-clip-v1
0.775673,0,,librispeech_0016,impostor_4,fakeavceleb_01724_Asian(East)_women_id06066,per-clip-v1
0.749129,0,,librispeech_0016,impostor_5,fakeavceleb_01052_African_women_id02838,per-clip-v1
0.834940,0,,librispeech_0016,impostor_6,librispeech_0143,per-clip-v1
0.879916,0,,librispeech_0016,impostor_7,librispeech_0188,per-clip-v1
0.841647,0,,librispeech_0016,impostor_8,librispeech_0382,per-clip-v1
0.671413,0,,librispeech_0016,impostor_9,fakeavceleb_02187_Asian(South)_women_id00080,per-clip-v1
0.333771,0,,librispeech_0016,impostor_10,fakeavceleb_02163_Asian(South)_men_id08314,per-clip-v1
0.981906,1,,librispeech_0017,genuine,librispeech_0017,per-clip-v1
0.694176,0,,librispeech_0017,impostor_1,fakeavceleb_03723_Caucasian(European)_women_id00496,per-clip-v1
0.478166,0,,librispeech_0017,impostor_2,fakeavceleb_00217_Asian(South)_men_id03344,per-clip-v1
0.592304,0,,librispeech_0017,impostor_3,fakeavceleb_01445_Asian(East)_men_id07102,per-clip-v1
0.436296,0,,librispeech_0017,impostor_4,fakeavceleb_00599_African_men_id00987,per-clip-v1
0.267010,0,,librispeech_0017,impostor_5,fakeavceleb_00603_African_men_id01076,per-clip-v1
0.722253,0,,librispeech_0017,impostor_6,fakeavceleb_03724_Caucasian(European)_women_id00569,per-clip-v1
0.734662,0,,librispeech_0017,impostor_7,fakeavceleb_01409_Asian(East)_men_id06467,per-clip-v1
0.385180,0,,librispeech_0017,impostor_8,fakeavceleb_02160_Asian(South)_men_id07768,per-clip-v1
0.708263,0,,librispeech_0017,impostor_9,fakeavceleb_03635_Caucasian(European)_women_id00330,per-clip-v1
0.781099,0,,librispeech_0017,impostor_10,fakeavceleb_01559_Asian(East)_women_id00582,per-clip-v1
0.972867,1,,librispeech_0018,genuine,librispeech_0018,per-clip-v1
0.281772,0,,librispeech_0018,impostor_1,fakeavceleb_00221_Asian(South)_men_id04537,per-clip-v1
0.486945,0,,librispeech_0018,impostor_2,fakeavceleb_02603_Caucasian(American)_men_id00169,per-clip-v1
0.321420,0,,librispeech_0018,impostor_3,fakeavceleb_03485_Caucasian(European)_men_id01102,per-clip-v1
0.508810,0,,librispeech_0018,impostor_4,asvspoof_0412,per-clip-v1
0.516612,0,,librispeech_0018,impostor_5,fakeavceleb_01012_African_women_id02301,per-clip-v1
0.596904,0,,librispeech_0018,impostor_6,fakeavceleb_00124_Asian(East)_men_id04726,per-clip-v1
0.522048,0,,librispeech_0018,impostor_7,fakeavceleb_00349_Caucasian(American)_men_id04221,per-clip-v1
0.492424,0,,librispeech_0018,impostor_8,asvspoof_0018,per-clip-v1
0.732381,0,,librispeech_0018,impostor_9,fakeavceleb_00166_Asian(East)_women_id04066,per-clip-v1
0.803554,0,,librispeech_0018,impostor_10,fakeavceleb_00091_African_women_id04736,per-clip-v1
0.972082,1,,librispeech_0019,genuine,librispeech_0019,per-clip-v1
0.506028,0,,librispeech_0019,impostor_1,fakeavceleb_00953_African_women_id01178,per-clip-v1
0.487753,0,,librispeech_0019,impostor_2,fakeavceleb_02108_Asian(South)_men_id07165,per-clip-v1
0.779564,0,,librispeech_0019,impostor_3,librispeech_0407,per-clip-v1
0.438091,0,,librispeech_0019,impostor_4,asvspoof_0044,per-clip-v1
0.778889,0,,librispeech_0019,impostor_5,asvspoof_0458,per-clip-v1
0.794549,0,,librispeech_0019,impostor_6,fakeavceleb_00012_African_men_id00830,per-clip-v1
0.872337,0,,librispeech_0019,impostor_7,librispeech_0207,per-clip-v1
0.778315,0,,librispeech_0019,impostor_8,fakeavceleb_01215_Asian(East)_men_id00126,per-clip-v1
0.507916,0,,librispeech_0019,impostor_9,fakeavceleb_01796_Asian(East)_women_id08139,per-clip-v1
0.768997,0,,librispeech_0019,impostor_10,fakeavceleb_03331_Caucasian(European)_men_id00358,per-clip-v1
0.977182,1,,librispeech_0020,genuine,librispeech_0020,per-clip-v1
0.755690,0,,librispeech_0020,impostor_1,fakeavceleb_00572_African_men_id00701,per-clip-v1
0.392621,0,,librispeech_0020,impostor_2,librispeech_0336,per-clip-v1
0.310786,0,,librispeech_0020,impostor_3,fakeavceleb_02211_Asian(South)_women_id00417,per-clip-v1
0.427559,0,,librispeech_0020,impostor_4,librispeech_0286,per-clip-v1
0.438123,0,,librispeech_0020,impostor_5,fakeavceleb_03115_Caucasian(American)_women_id01225,per-clip-v1
0.783764,0,,librispeech_0020,impostor_6,fakeavceleb_00752_African_men_id01856,per-clip-v1
0.793550,0,,librispeech_0020,impostor_7,fakeavceleb_00551_African_men_id00475,per-clip-v1
0.356919,0,,librispeech_0020,impostor_8,fakeavceleb_03793_Caucasian(European)_women_id01001,per-clip-v1
0.324879,0,,librispeech_0020,impostor_9,fakeavceleb_01584_Asian(East)_women_id01281,per-clip-v1
0.316627,0,,librispeech_0020,impostor_10,asvspoof_0324,per-clip-v1
0.992121,1,,librispeech_0021,genuine,librispeech_0021,per-clip-v1
0.393020,0,,librispeech_0021,impostor_1,fakeavceleb_00699_African_men_id01597,per-clip-v1
0.484072,0,,librispeech_0021,impostor_2,fakeavceleb_01893_Asian(South)_men_id00103,per-clip-v1
0.336441,0,,librispeech_0021,impostor_3,fakeavceleb_02067_Asian(South)_men_id06355,per-clip-v1
0.763373,0,,librispeech_0021,impostor_4,fakeavceleb_03562_Caucasian(European)_women_id00188,per-clip-v1
0.785940,0,,librispeech_0021,impostor_5,fakeavceleb_00983_African_women_id01838,per-clip-v1
0.335707,0,,librispeech_0021,impostor_6,fakeavceleb_01322_Asian(East)_men_id03028,per-clip-v1
0.376107,0,,librispeech_0021,impostor_7,fakeavceleb_01406_Asian(East)_men_id06269,per-clip-v1
0.827833,0,,librispeech_0021,impostor_8,fakeavceleb_00355_Caucasian(American)_women_id00180,per-clip-v1
0.834626,0,,librispeech_0021,impostor_9,fakeavceleb_03074_Caucasian(American)_women_id00842,per-clip-v1
0.502980,0,,librispeech_0021,impostor_10,asvspoof_0078,per-clip-v1
0.972039,1,,librispeech_0022,genuine,librispeech_0022,per-clip-v1
0.466905,0,,librispeech_0022,impostor_1,fakeavceleb_00126_Asian(East)_men_id04789,per-clip-v1
0.930345,0,,librispeech_0022,impostor_2,librispeech_0194,per-clip-v1
0.660655,0,,librispeech_0022,impostor_3,fakeavceleb_00155_Asian(East)_women_id00582,per-clip-v1
0.474094,0,,librispeech_0022,impostor_4,fakeavceleb_00549_African_men_id00391,per-clip-v1
0.578972,0,,librispeech_0022,impostor_5,fakeavceleb_03335_Caucasian(European)_men_id00368,per-clip-v1
0.583659,0,,librispeech_0022,impostor_6,librispeech_0183,per-clip-v1
0.493185,0,,librispeech_0022,impostor_7,fakeavceleb_01264_Asian(East)_men_id01212,per-clip-v1
0.903151,0,,librispeech_0022,impostor_8,librispeech_0337,per-clip-v1
0.796263,0,,librispeech_0022,impostor_9,fakeavceleb_03011_Caucasian(American)_women_id00458,per-clip-v1
0.560987,0,,librispeech_0022,impostor_10,librispeech_0292,per-clip-v1
0.985501,1,,librispeech_0023,genuine,librispeech_0023,per-clip-v1
0.768862,0,,librispeech_0023,impostor_1,librispeech_0155,per-clip-v1
0.551388,0,,librispeech_0023,impostor_2,fakeavceleb_00109_Asian(East)_men_id01589,per-clip-v1
0.642697,0,,librispeech_0023,impostor_3,fakeavceleb_01570_Asian(East)_women_id00763,per-clip-v1
0.576531,0,,librispeech_0023,impostor_4,librispeech_0403,per-clip-v1
0.425767,0,,librispeech_0023,impostor_5,fakeavceleb_01471_Asian(East)_men_id08613,per-clip-v1
0.664193,0,,librispeech_0023,impostor_6,fakeavceleb_01397_Asian(East)_men_id05479,per-clip-v1
0.688775,0,,librispeech_0023,impostor_7,librispeech_0096,per-clip-v1
0.599325,0,,librispeech_0023,impostor_8,fakeavceleb_00672_African_men_id01528,per-clip-v1
0.749851,0,,librispeech_0023,impostor_9,librispeech_0425,per-clip-v1
0.735809,0,,librispeech_0023,impostor_10,fakeavceleb_02944_Caucasian(American)_women_id00261,per-clip-v1
0.968489,1,,librispeech_0024,genuine,librispeech_0024,per-clip-v1
0.483546,0,,librispeech_0024,impostor_1,librispeech_0484,per-clip-v1
0.785007,0,,librispeech_0024,impostor_2,fakeavceleb_00571_African_men_id00701,per-clip-v1
0.410767,0,,librispeech_0024,impostor_3,fakeavceleb_02954_Caucasian(American)_women_id00291,per-clip-v1
0.714744,0,,librispeech_0024,impostor_4,librispeech_0141,per-clip-v1
0.715724,0,,librispeech_0024,impostor_5,fakeavceleb_00796_African_men_id02040,per-clip-v1
0.470328,0,,librispeech_0024,impostor_6,librispeech_0011,per-clip-v1
0.662499,0,,librispeech_0024,impostor_7,librispeech_0173,per-clip-v1
0.940110,0,,librispeech_0024,impostor_8,librispeech_0136,per-clip-v1
0.376877,0,,librispeech_0024,impostor_9,librispeech_0005,per-clip-v1
0.561525,0,,librispeech_0024,impostor_10,fakeavceleb_02912_Caucasian(American)_women_id00180,per-clip-v1
0.988820,1,,librispeech_0025,genuine,librispeech_0025,per-clip-v1
0.451655,0,,librispeech_0025,impostor_1,fakeavceleb_03226_Caucasian(European)_men_id00171,per-clip-v1
0.723073,0,,librispeech_0025,impostor_2,asvspoof_0228,per-clip-v1
0.270950,0,,librispeech_0025,impostor_3,fakeavceleb_01922_Asian(South)_men_id00685,per-clip-v1
0.456985,0,,librispeech_0025,impostor_4,librispeech_0459,per-clip-v1
0.495065,0,,librispeech_0025,impostor_5,asvspoof_0068,per-clip-v1
0.611098,0,,librispeech_0025,impostor_6,asvspoof_0269,per-clip-v1
0.630192,0,,librispeech_0025,impostor_7,fakeavceleb_01633_Asian(East)_women_id03940,per-clip-v1
0.809415,0,,librispeech_0025,impostor_8,fakeavceleb_00360_Caucasian(American)_women_id00291,per-clip-v1
0.696008,0,,librispeech_0025,impostor_9,librispeech_0376,per-clip-v1
0.423358,0,,librispeech_0025,impostor_10,fakeavceleb_03409_Caucasian(European)_men_id00909,per-clip-v1
0.956865,1,,librispeech_0026,genuine,librispeech_0026,per-clip-v1
0.426146,0,,librispeech_0026,impostor_1,asvspoof_0321,per-clip-v1
0.580534,0,,librispeech_0026,impostor_2,asvspoof_0128,per-clip-v1
0.768991,0,,librispeech_0026,impostor_3,fakeavceleb_00346_Caucasian(American)_men_id04073,per-clip-v1
0.694507,0,,librispeech_0026,impostor_4,fakeavceleb_00374_Caucasian(American)_women_id00680,per-clip-v1
0.801924,0,,librispeech_0026,impostor_5,librispeech_0213,per-clip-v1
0.485301,0,,librispeech_0026,impostor_6,asvspoof_0230,per-clip-v1
0.643257,0,,librispeech_0026,impostor_7,fakeavceleb_00683_African_men_id01530,per-clip-v1
0.721752,0,,librispeech_0026,impostor_8,fakeavceleb_00577_African_men_id00761,per-clip-v1
0.586672,0,,librispeech_0026,impostor_9,librispeech_0453,per-clip-v1
0.456837,0,,librispeech_0026,impostor_10,asvspoof_0473,per-clip-v1
0.971199,1,,librispeech_0027,genuine,librispeech_0027,per-clip-v1
0.826673,0,,librispeech_0027,impostor_1,asvspoof_0316,per-clip-v1
0.392478,0,,librispeech_0027,impostor_2,fakeavceleb_01956_Asian(South)_men_id00773,per-clip-v1
0.548905,0,,librispeech_0027,impostor_3,fakeavceleb_02401_Asian(South)_women_id05920,per-clip-v1
0.791660,0,,librispeech_0027,impostor_4,fakeavceleb_00173_Asian(East)_women_id05844,per-clip-v1
0.477860,0,,librispeech_0027,impostor_5,fakeavceleb_01284_Asian(East)_men_id01589,per-clip-v1
0.353811,0,,librispeech_0027,impostor_6,fakeavceleb_03449_Caucasian(European)_men_id00999,per-clip-v1
0.720080,0,,librispeech_0027,impostor_7,fakeavceleb_01120_African_women_id04376,per-clip-v1
0.784746,0,,librispeech_0027,impostor_8,librispeech_0044,per-clip-v1
0.338343,0,,librispeech_0027,impostor_9,fakeavceleb_00248_Asian(South)_men_id08314,per-clip-v1
0.746294,0,,librispeech_0027,impostor_10,fakeavceleb_03036_Caucasian(American)_women_id00616,per-clip-v1
0.982075,1,,librispeech_0028,genuine,librispeech_0028,per-clip-v1
0.763031,0,,librispeech_0028,impostor_1,fakeavceleb_02747_Caucasian(American)_men_id01168,per-clip-v1
0.265559,0,,librispeech_0028,impostor_2,fakeavceleb_03154_Caucasian(American)_women_id01248,per-clip-v1
0.535841,0,,librispeech_0028,impostor_3,fakeavceleb_01387_Asian(East)_men_id05332,per-clip-v1
0.822988,0,,librispeech_0028,impostor_4,librispeech_0339,per-clip-v1
0.871672,0,,librispeech_0028,impostor_5,librispeech_0422,per-clip-v1
0.326260,0,,librispeech_0028,impostor_6,fakeavceleb_03029_Caucasian(American)_women_id00555,per-clip-v1
0.591928,0,,librispeech_0028,impostor_7,librispeech_0266,per-clip-v1
0.339100,0,,librispeech_0028,impostor_8,fakeavceleb_01603_Asian(East)_women_id02587,per-clip-v1
0.713546,0,,librispeech_0028,impostor_9,fakeavceleb_02689_Caucasian(American)_men_id00945,per-clip-v1
0.930164,0,,librispeech_0028,impostor_10,librispeech_0082,per-clip-v1
0.970675,1,,librispeech_0029,genuine,librispeech_0029,per-clip-v1
0.772331,0,,librispeech_0029,impostor_1,fakeavceleb_03120_Caucasian(American)_women_id01225,per-clip-v1
0.747378,0,,librispeech_0029,impostor_2,fakeavceleb_02824_Caucasian(American)_men_id03757,per-clip-v1
0.587022,0,,librispeech_0029,impostor_3,fakeavceleb_02632_Caucasian(American)_men_id00264,per-clip-v1
0.518376,0,,librispeech_0029,impostor_4,fakeavceleb_02263_Asian(South)_women_id02310,per-clip-v1
0.556828,0,,librispeech_0029,impostor_5,fakeavceleb_00825_African_men_id02316,per-clip-v1
0.723931,0,,librispeech_0029,impostor_6,librispeech_0454,per-clip-v1
0.837705,0,,librispeech_0029,impostor_7,librispeech_0250,per-clip-v1
0.601182,0,,librispeech_0029,impostor_8,fakeavceleb_03038_Caucasian(American)_women_id00616,per-clip-v1
0.574365,0,,librispeech_0029,impostor_9,fakeavceleb_03052_Caucasian(American)_women_id00752,per-clip-v1
0.558036,0,,librispeech_0029,impostor_10,librispeech_0086,per-clip-v1
0.964576,1,,librispeech_0030,genuine,librispeech_0030,per-clip-v1
0.735906,0,,librispeech_0030,impostor_1,fakeavceleb_03540_Caucasian(European)_women_id00068,per-clip-v1
0.342867,0,,librispeech_0030,impostor_2,asvspoof_0297,per-clip-v1
0.923038,0,,librispeech_0030,impostor_3,librispeech_0088,per-clip-v1
0.764075,0,,librispeech_0030,impostor_4,fakeavceleb_03007_Caucasian(American)_women_id00431,per-clip-v1
0.633487,0,,librispeech_0030,impostor_5,fakeavceleb_01888_Asian(South)_men_id00082,per-clip-v1
0.517617,0,,librispeech_0030,impostor_6,fakeavceleb_02030_Asian(South)_men_id04562,per-clip-v1
0.294786,0,,librispeech_0030,impostor_7,fakeavceleb_03384_Caucasian(European)_men_id00554,per-clip-v1
0.722030,0,,librispeech_0030,impostor_8,fakeavceleb_01587_Asian(East)_women_id01281,per-clip-v1
0.324813,0,,librispeech_0030,impostor_9,librispeech_0438,per-clip-v1
0.828970,0,,librispeech_0030,impostor_10,asvspoof_0292,per-clip-v1
0.969497,1,,librispeech_0031,genuine,librispeech_0031,per-clip-v1
0.839376,0,,librispeech_0031,impostor_1,librispeech_0414,per-clip-v1
0.613377,0,,librispeech_0031,impostor_2,fakeavceleb_01186_African_women_id05251,per-clip-v1
0.867067,0,,librispeech_0031,impostor_3,fakeavceleb_00379_Caucasian(American)_women_id00848,per-clip-v1
0.662768,0,,librispeech_0031,impostor_4,fakeavceleb_03790_Caucasian(European)_women_id00897,per-clip-v1
0.500904,0,,librispeech_0031,impostor_5,librispeech_0203,per-clip-v1
0.335291,0,,librispeech_0031,impostor_6,fakeavceleb_01927_Asian(South)_men_id00732,per-clip-v1
0.380180,0,,librispeech_0031,impostor_7,fakeavceleb_03461_Caucasian(European)_men_id01052,per-clip-v1
0.749841,0,,librispeech_0031,impostor_8,fakeavceleb_03856_Caucasian(European)_women_id03858,per-clip-v1
0.473247,0,,librispeech_0031,impostor_9,fakeavceleb_03202_Caucasian(European)_men_id00055,per-clip-v1
0.515154,0,,librispeech_0031,impostor_10,fakeavceleb_02881_Caucasian(American)_women_id00098,per-clip-v1
0.976529,1,,librispeech_0032,genuine,librispeech_0032,per-clip-v1
0.843569,0,,librispeech_0032,impostor_1,fakeavceleb_01090_African_women_id03713,per-clip-v1
0.578036,0,,librispeech_0032,impostor_2,fakeavceleb_01443_Asian(East)_men_id06878,per-clip-v1
0.448233,0,,librispeech_0032,impostor_3,fakeavceleb_00714_African_men_id01610,per-clip-v1
0.868076,0,,librispeech_0032,impostor_4,librispeech_0324,per-clip-v1
0.719498,0,,librispeech_0032,impostor_5,fakeavceleb_03194_Caucasian(American)_women_id03781,per-clip-v1
0.745842,0,,librispeech_0032,impostor_6,fakeavceleb_03113_Caucasian(American)_women_id01223,per-clip-v1
0.274591,0,,librispeech_0032,impostor_7,fakeavceleb_01944_Asian(South)_men_id00769,per-clip-v1
0.450850,0,,librispeech_0032,impostor_8,fakeavceleb_03327_Caucasian(European)_men_id00306,per-clip-v1
0.852170,0,,librispeech_0032,impostor_9,fakeavceleb_02998_Caucasian(American)_women_id00428,per-clip-v1
0.755973,0,,librispeech_0032,impostor_10,fakeavceleb_01561_Asian(East)_women_id00582,per-clip-v1
0.878836,1,,librispeech_0033,genuine,librispeech_0033,per-clip-v1
0.467949,0,,librispeech_0033,impostor_1,fakeavceleb_01995_Asian(South)_men_id03945,per-clip-v1
0.237479,0,,librispeech_0033,impostor_2,fakeavceleb_02405_Asian(South)_women_id05931,per-clip-v1
0.619043,0,,librispeech_0033,impostor_3,asvspoof_0453,per-clip-v1
0.804401,0,,librispeech_0033,impostor_4,fakeavceleb_00783_African_men_id02005,per-clip-v1
0.421436,0,,librispeech_0033,impostor_5,fakeavceleb_03695_Caucasian(European)_women_id00484,per-clip-v1
0.511535,0,,librispeech_0033,impostor_6,fakeavceleb_00385_Caucasian(American)_women_id01217,per-clip-v1
0.392995,0,,librispeech_0033,impostor_7,fakeavceleb_00229_Asian(South)_men_id06334,per-clip-v1
0.325228,0,,librispeech_0033,impostor_8,fakeavceleb_00375_Caucasian(American)_women_id00752,per-clip-v1
0.902142,0,,librispeech_0033,impostor_9,fakeavceleb_02701_Caucasian(American)_men_id01035,per-clip-v1
0.691492,0,,librispeech_0033,impostor_10,asvspoof_0433,per-clip-v1
0.913170,1,,librispeech_0034,genuine,librispeech_0034,per-clip-v1
0.446803,0,,librispeech_0034,impostor_1,fakeavceleb_01097_African_women_id04055,per-clip-v1
0.509429,0,,librispeech_0034,impostor_2,librispeech_0060,per-clip-v1
0.635333,0,,librispeech_0034,impostor_3,librispeech_0374,per-clip-v1
0.901449,0,,librispeech_0034,impostor_4,librispeech_0168,per-clip-v1
0.640711,0,,librispeech_0034,impostor_5,fakeavceleb_00424_Caucasian(European)_men_id00548,per-clip-v1
0.395483,0,,librispeech_0034,impostor_6,fakeavceleb_03776_Caucasian(European)_women_id00823,per-clip-v1
0.784229,0,,librispeech_0034,impostor_7,librispeech_0165,per-clip-v1
0.486976,0,,librispeech_0034,impostor_8,fakeavceleb_03324_Caucasian(European)_men_id00305,per-clip-v1
0.775280,0,,librispeech_0034,impostor_9,fakeavceleb_02725_Caucasian(American)_men_id01096,per-clip-v1
0.578968,0,,librispeech_0034,impostor_10,fakeavceleb_01139_African_women_id04705,per-clip-v1
0.956438,1,,librispeech_0035,genuine,librispeech_0035,per-clip-v1
0.870328,0,,librispeech_0035,impostor_1,fakeavceleb_01058_African_women_id02948,per-clip-v1
0.644915,0,,librispeech_0035,impostor_2,fakeavceleb_00461_Caucasian(European)_women_id00328,per-clip-v1
0.820525,0,,librispeech_0035,impostor_3,fakeavceleb_03674_Caucasian(European)_women_id00395,per-clip-v1
0.567848,0,,librispeech_0035,impostor_4,fakeavceleb_02443_Asian(South)_women_id06428,per-clip-v1
0.906816,0,,librispeech_0035,impostor_5,librispeech_0039,per-clip-v1
0.510207,0,,librispeech_0035,impostor_6,fakeavceleb_01356_Asian(East)_men_id04691,per-clip-v1
0.775112,0,,librispeech_0035,impostor_7,librispeech_0235,per-clip-v1
0.244581,0,,librispeech_0035,impostor_8,fakeavceleb_02121_Asian(South)_men_id07194,per-clip-v1
0.542542,0,,librispeech_0035,impostor_9,librispeech_0087,per-clip-v1
0.658547,0,,librispeech_0035,impostor_10,librispeech_0271,per-clip-v1
0.980440,1,,librispeech_0036,genuine,librispeech_0036,per-clip-v1
0.746158,0,,librispeech_0036,impostor_1,fakeavceleb_02184_Asian(South)_women_id00080,per-clip-v1
0.853688,0,,librispeech_0036,impostor_2,librispeech_0462,per-clip-v1
0.781875,0,,librispeech_0036,impostor_3,fakeavceleb_02235_Asian(South)_women_id00739,per-clip-v1
0.566493,0,,librispeech_0036,impostor_4,asvspoof_0213,per-clip-v1
0.936124,0,,librispeech_0036,impostor_5,fakeavceleb_01685_Asian(East)_women_id05631,per-clip-v1
0.756837,0,,librispeech_0036,impostor_6,fakeavceleb_02982_Caucasian(American)_women_id00398,per-clip-v1
0.484932,0,,librispeech_0036,impostor_7,fakeavceleb_00321_Caucasian(American)_men_id00943,per-clip-v1
0.860437,0,,librispeech_0036,impostor_8,fakeavceleb_01779_Asian(East)_women_id07799,per-clip-v1
0.819663,0,,librispeech_0036,impostor_9,librispeech_0326,per-clip-v1
0.700493,0,,librispeech_0036,impostor_10,fakeavceleb_03024_Caucasian(American)_women_id00462,per-clip-v1
0.986052,1,,librispeech_0037,genuine,librispeech_0037,per-clip-v1
0.444263,0,,librispeech_0037,impostor_1,fakeavceleb_02340_Asian(South)_women_id04564,per-clip-v1
0.620226,0,,librispeech_0037,impostor_2,fakeavceleb_02127_Asian(South)_men_id07195,per-clip-v1
0.496116,0,,librispeech_0037,impostor_3,fakeavceleb_02269_Asian(South)_women_id02619,per-clip-v1
0.822036,0,,librispeech_0037,impostor_4,fakeavceleb_02678_Caucasian(American)_men_id00775,per-clip-v1
0.383223,0,,librispeech_0037,impostor_5,asvspoof_0011,per-clip-v1
0.784892,0,,librispeech_0037,impostor_6,fakeavceleb_00313_Caucasian(American)_men_id00243,per-clip-v1
0.666780,0,,librispeech_0037,impostor_7,fakeavceleb_01393_Asian(East)_men_id05383,per-clip-v1
0.555596,0,,librispeech_0037,impostor_8,librispeech_0251,per-clip-v1
0.629576,0,,librispeech_0037,impostor_9,fakeavceleb_00991_African_women_id01907,per-clip-v1
0.749124,0,,librispeech_0037,impostor_10,fakeavceleb_01386_Asian(East)_men_id05332,per-clip-v1
0.979364,1,,librispeech_0038,genuine,librispeech_0038,per-clip-v1
0.492503,0,,librispeech_0038,impostor_1,fakeavceleb_01917_Asian(South)_men_id00459,per-clip-v1
0.904905,0,,librispeech_0038,impostor_2,librispeech_0348,per-clip-v1
0.764018,0,,librispeech_0038,impostor_3,fakeavceleb_01083_African_women_id03656,per-clip-v1
0.903413,0,,librispeech_0038,impostor_4,librispeech_0193,per-clip-v1
0.606080,0,,librispeech_0038,impostor_5,fakeavceleb_02752_Caucasian(American)_men_id01172,per-clip-v1
0.827355,0,,librispeech_0038,impostor_6,fakeavceleb_01811_Asian(East)_women_id08819,per-clip-v1
0.507846,0,,librispeech_0038,impostor_7,librispeech_0113,per-clip-v1
0.514349,0,,librispeech_0038,impostor_8,fakeavceleb_01291_Asian(East)_men_id01683,per-clip-v1
0.665562,0,,librispeech_0038,impostor_9,fakeavceleb_00291_Asian(South)_women_id07008,per-clip-v1
0.836675,0,,librispeech_0038,impostor_10,librispeech_0462,per-clip-v1
0.975205,1,,librispeech_0039,genuine,librispeech_0039,per-clip-v1
0.519427,0,,librispeech_0039,impostor_1,asvspoof_0254,per-clip-v1
0.786230,0,,librispeech_0039,impostor_2,librispeech_0279,per-clip-v1
0.922522,0,,librispeech_0039,impostor_3,librispeech_0065,per-clip-v1
0.954377,0,,librispeech_0039,impostor_4,fakeavceleb_02997_Caucasian(American)_women_id00428,per-clip-v1
0.491100,0,,librispeech_0039,impostor_5,fakeavceleb_03452_Caucasian(European)_men_id01051,per-clip-v1
0.763833,0,,librispeech_0039,impostor_6,fakeavceleb_03176_Caucasian(American)_women_id03605,per-clip-v1
0.692216,0,,librispeech_0039,impostor_7,librispeech_0143,per-clip-v1
0.764934,0,,librispeech_0039,impostor_8,fakeavceleb_00937_African_women_id00829,per-clip-v1
0.311886,0,,librispeech_0039,impostor_9,fakeavceleb_03269_Caucasian(European)_men_id00225,per-clip-v1
0.635873,0,,librispeech_0039,impostor_10,asvspoof_0155,per-clip-v1
0.979430,1,,librispeech_0040,genuine,librispeech_0040,per-clip-v1
0.504864,0,,librispeech_0040,impostor_1,librispeech_0354,per-clip-v1
0.808178,0,,librispeech_0040,impostor_2,fakeavceleb_00725_African_men_id01637,per-clip-v1
0.640078,0,,librispeech_0040,impostor_3,fakeavceleb_03460_Caucasian(European)_men_id01052,per-clip-v1
0.509858,0,,librispeech_0040,impostor_4,librispeech_0147,per-clip-v1
0.541426,0,,librispeech_0040,impostor_5,librispeech_0191,per-clip-v1
0.424643,0,,librispeech_0040,impostor_6,librispeech_0365,per-clip-v1
0.546890,0,,librispeech_0040,impostor_7,fakeavceleb_00427_Caucasian(European)_men_id00594,per-clip-v1
0.740454,0,,librispeech_0040,impostor_8,fakeavceleb_00580_African_men_id00781,per-clip-v1
0.712443,0,,librispeech_0040,impostor_9,librispeech_0135,per-clip-v1
0.250638,0,,librispeech_0040,impostor_10,fakeavceleb_02514_Asian(South)_women_id07689,per-clip-v1
0.983232,1,,librispeech_0041,genuine,librispeech_0041,per-clip-v1
0.348526,0,,librispeech_0041,impostor_1,fakeavceleb_02566_Caucasian(American)_men_id00052,per-clip-v1
0.651869,0,,librispeech_0041,impostor_2,fakeavceleb_00284_Asian(South)_women_id06343,per-clip-v1
0.904274,0,,librispeech_0041,impostor_3,librispeech_0194,per-clip-v1
0.409022,0,,librispeech_0041,impostor_4,fakeavceleb_03548_Caucasian(European)_women_id00071,per-clip-v1
0.838328,0,,librispeech_0041,impostor_5,librispeech_0453,per-clip-v1
0.305056,0,,librispeech_0041,impostor_6,fakeavceleb_01310_Asian(East)_men_id02493,per-clip-v1
0.552925,0,,librispeech_0041,impostor_7,fakeavceleb_01671_Asian(East)_women_id05576,per-clip-v1
0.746042,0,,librispeech_0041,impostor_8,fakeavceleb_03730_Caucasian(European)_women_id00569,per-clip-v1
0.504150,0,,librispeech_0041,impostor_9,fakeavceleb_02255_Asian(South)_women_id01026,per-clip-v1
0.569910,0,,librispeech_0041,impostor_10,fakeavceleb_03042_Caucasian(American)_women_id00618,per-clip-v1
0.986575,1,,librispeech_0042,genuine,librispeech_0042,per-clip-v1
0.785002,0,,librispeech_0042,impostor_1,fakeavceleb_02726_Caucasian(American)_men_id01096,per-clip-v1
0.528663,0,,librispeech_0042,impostor_2,librispeech_0298,per-clip-v1
0.836555,0,,librispeech_0042,impostor_3,librispeech_0024,per-clip-v1
0.866912,0,,librispeech_0042,impostor_4,librispeech_0106,per-clip-v1
0.525612,0,,librispeech_0042,impostor_5,fakeavceleb_03676_Caucasian(European)_women_id00395,per-clip-v1
0.562086,0,,librispeech_0042,impostor_6,fakeavceleb_00937_African_women_id00829,per-clip-v1
0.855843,0,,librispeech_0042,impostor_7,librispeech_0288,per-clip-v1
0.447307,0,,librispeech_0042,impostor_8,librispeech_0012,per-clip-v1
0.323575,0,,librispeech_0042,impostor_9,fakeavceleb_03190_Caucasian(American)_women_id03707,per-clip-v1
0.575472,0,,librispeech_0042,impostor_10,fakeavceleb_00529_African_men_id00173,per-clip-v1
0.993457,1,,librispeech_0043,genuine,librispeech_0043,per-clip-v1
0.610825,0,,librispeech_0043,impostor_1,fakeavceleb_00799_African_men_id02040,per-clip-v1
0.712528,0,,librispeech_0043,impostor_2,fakeavceleb_00417_Caucasian(European)_men_id00358,per-clip-v1
0.318911,0,,librispeech_0043,impostor_3,fakeavceleb_00379_Caucasian(American)_women_id00848,per-clip-v1
0.370211,0,,librispeech_0043,impostor_4,fakeavceleb_00542_African_men_id00366,per-clip-v1
0.473540,0,,librispeech_0043,impostor_5,librispeech_0446,per-clip-v1
0.405161,0,,librispeech_0043,impostor_6,librispeech_0375,per-clip-v1
0.096261,0,,librispeech_0043,impostor_7,fakeavceleb_03558_Caucasian(European)_women_id00071,per-clip-v1
0.329670,0,,librispeech_0043,impostor_8,fakeavceleb_01923_Asian(South)_men_id00685,per-clip-v1
0.470724,0,,librispeech_0043,impostor_9,fakeavceleb_01898_Asian(South)_men_id00103,per-clip-v1
0.452193,0,,librispeech_0043,impostor_10,fakeavceleb_02061_Asian(South)_men_id06355,per-clip-v1
0.987958,1,,librispeech_0045,genuine,librispeech_0045,per-clip-v1
0.462310,0,,librispeech_0045,impostor_1,fakeavceleb_01462_Asian(East)_men_id08299,per-clip-v1
0.555447,0,,librispeech_0045,impostor_2,fakeavceleb_01560_Asian(East)_women_id00582,per-clip-v1
0.427812,0,,librispeech_0045,impostor_3,fakeavceleb_00186_Asian(East)_women_id07383,per-clip-v1
0.624769,0,,librispeech_0045,impostor_4,fakeavceleb_00182_Asian(East)_women_id06427,per-clip-v1
0.574531,0,,librispeech_0045,impostor_5,fakeavceleb_00394_Caucasian(American)_women_id02466,per-clip-v1
0.629373,0,,librispeech_0045,impostor_6,librispeech_0482,per-clip-v1
0.657712,0,,librispeech_0045,impostor_7,librispeech_0387,per-clip-v1
0.796779,0,,librispeech_0045,impostor_8,fakeavceleb_03261_Caucasian(European)_men_id00187,per-clip-v1
0.659783,0,,librispeech_0045,impostor_9,fakeavceleb_00983_African_women_id01838,per-clip-v1
0.385241,0,,librispeech_0045,impostor_10,fakeavceleb_02607_Caucasian(American)_men_id00169,per-clip-v1
0.961005,1,,librispeech_0046,genuine,librispeech_0046,per-clip-v1
0.393245,0,,librispeech_0046,impostor_1,librispeech_0065,per-clip-v1
0.390845,0,,librispeech_0046,impostor_2,librispeech_0336,per-clip-v1
0.844911,0,,librispeech_0046,impostor_3,librispeech_0332,per-clip-v1
0.467355,0,,librispeech_0046,impostor_4,librispeech_0299,per-clip-v1
0.293339,0,,librispeech_0046,impostor_5,librispeech_0437,per-clip-v1
0.509544,0,,librispeech_0046,impostor_6,librispeech_0178,per-clip-v1
0.805932,0,,librispeech_0046,impostor_7,librispeech_0183,per-clip-v1
0.313985,0,,librispeech_0046,impostor_8,fakeavceleb_02962_Caucasian(American)_women_id00291,per-clip-v1
0.641020,0,,librispeech_0046,impostor_9,fakeavceleb_02085_Asian(South)_men_id07108,per-clip-v1
0.475128,0,,librispeech_0046,impostor_10,fakeavceleb_03134_Caucasian(American)_women_id01238,per-clip-v1
0.964759,1,,librispeech_0047,genuine,librispeech_0047,per-clip-v1
0.914083,0,,librispeech_0047,impostor_1,fakeavceleb_02816_Caucasian(American)_men_id03668,per-clip-v1
0.443823,0,,librispeech_0047,impostor_2,fakeavceleb_00994_African_women_id01907,per-clip-v1
0.683153,0,,librispeech_0047,impostor_3,fakeavceleb_02069_Asian(South)_men_id06753,per-clip-v1
0.493085,0,,librispeech_0047,impostor_4,fakeavceleb_02014_Asian(South)_men_id04560,per-clip-v1
0.728548,0,,librispeech_0047,impostor_5,librispeech_0366,per-clip-v1
0.735919,0,,librispeech_0047,impostor_6,fakeavceleb_02770_Caucasian(American)_men_id01182,per-clip-v1
0.284741,0,,librispeech_0047,impostor_7,fakeavceleb_01733_Asian(East)_women_id06158,per-clip-v1
0.695823,0,,librispeech_0047,impostor_8,librispeech_0395,per-clip-v1
0.434402,0,,librispeech_0047,impostor_9,librispeech_0131,per-clip-v1
0.308667,0,,librispeech_0047,impostor_10,fakeavceleb_02914_Caucasian(American)_women_id00180,per-clip-v1
0.965594,1,,librispeech_0048,genuine,librispeech_0048,per-clip-v1
0.428497,0,,librispeech_0048,impostor_1,fakeavceleb_01956_Asian(South)_men_id00773,per-clip-v1
0.478722,0,,librispeech_0048,impostor_2,fakeavceleb_03226_Caucasian(European)_men_id00171,per-clip-v1
0.507565,0,,librispeech_0048,impostor_3,fakeavceleb_00701_African_men_id01597,per-clip-v1
0.696214,0,,librispeech_0048,impostor_4,fakeavceleb_03174_Caucasian(American)_women_id03605,per-clip-v1
0.684555,0,,librispeech_0048,impostor_5,librispeech_0387,per-clip-v1
0.782764,0,,librispeech_0048,impostor_6,fakeavceleb_02772_Caucasian(American)_men_id01182,per-clip-v1
0.736068,0,,librispeech_0048,impostor_7,fakeavceleb_03078_Caucasian(American)_women_id00848,per-clip-v1
0.586293,0,,librispeech_0048,impostor_8,asvspoof_0276,per-clip-v1
0.463913,0,,librispeech_0048,impostor_9,fakeavceleb_02694_Caucasian(American)_men_id00945,per-clip-v1
0.668065,0,,librispeech_0048,impostor_10,fakeavceleb_01705_Asian(East)_women_id06060,per-clip-v1
0.974823,1,,librispeech_0049,genuine,librispeech_0049,per-clip-v1
0.816678,0,,librispeech_0049,impostor_1,librispeech_0092,per-clip-v1
0.588278,0,,librispeech_0049,impostor_2,fakeavceleb_02807_Caucasian(American)_men_id01239,per-clip-v1
0.295567,0,,librispeech_0049,impostor_3,fakeavceleb_01928_Asian(South)_men_id00732,per-clip-v1
0.596017,0,,librispeech_0049,impostor_4,librispeech_0330,per-clip-v1
0.342144,0,,librispeech_0049,impostor_5,fakeavceleb_00207_Asian(South)_men_id00459,per-clip-v1
0.634830,0,,librispeech_0049,impostor_6,fakeavceleb_00443_Caucasian(European)_men_id01123,per-clip-v1
0.819594,0,,librispeech_0049,impostor_7,librispeech_0088,per-clip-v1
0.755445,0,,librispeech_0049,impostor_8,fakeavceleb_01584_Asian(East)_women_id01281,per-clip-v1
0.634163,0,,librispeech_0049,impostor_9,fakeavceleb_03528_Caucasian(European)_women_id00042,per-clip-v1
0.878201,0,,librispeech_0049,impostor_10,librispeech_0154,per-clip-v1
0.956580,1,,librispeech_0050,genuine,librispeech_0050,per-clip-v1
0.545265,0,,librispeech_0050,impostor_1,fakeavceleb_00121_Asian(East)_men_id04222,per-clip-v1
0.597718,0,,librispeech_0050,impostor_2,fakeavceleb_03830_Caucasian(European)_women_id03651,per-clip-v1
0.592507,0,,librispeech_0050,impostor_3,fakeavceleb_03201_Caucasian(European)_men_id00055,per-clip-v1
0.587238,0,,librispeech_0050,impostor_4,fakeavceleb_02590_Caucasian(American)_men_id00087,per-clip-v1
0.807853,0,,librispeech_0050,impostor_5,librispeech_0307,per-clip-v1
0.606848,0,,librispeech_0050,impostor_6,fakeavceleb_01411_Asian(East)_men_id06467,per-clip-v1
0.389433,0,,librispeech_0050,impostor_7,fakeavceleb_00417_Caucasian(European)_men_id00358,per-clip-v1
0.667405,0,,librispeech_0050,impostor_8,librispeech_0285,per-clip-v1
0.599279,0,,librispeech_0050,impostor_9,fakeavceleb_00945_African_women_id00832,per-clip-v1
0.565634,0,,librispeech_0050,impostor_10,asvspoof_0367,per-clip-v1
0.988404,1,,librispeech_0051,genuine,librispeech_0051,per-clip-v1
0.277188,0,,librispeech_0051,impostor_1,fakeavceleb_00089_African_women_id04689,per-clip-v1
0.365706,0,,librispeech_0051,impostor_2,fakeavceleb_01904_Asian(South)_men_id00350,per-clip-v1
0.688620,0,,librispeech_0051,impostor_3,fakeavceleb_03037_Caucasian(American)_women_id00616,per-clip-v1
0.653910,0,,librispeech_0051,impostor_4,fakeavceleb_01391_Asian(East)_men_id05383,per-clip-v1
0.555707,0,,librispeech_0051,impostor_5,fakeavceleb_03771_Caucasian(European)_women_id00813,per-clip-v1
0.631161,0,,librispeech_0051,impostor_6,fakeavceleb_00932_African_women_id00829,per-clip-v1
0.674978,0,,librispeech_0051,impostor_7,fakeavceleb_00551_African_men_id00475,per-clip-v1
0.670458,0,,librispeech_0051,impostor_8,fakeavceleb_00547_African_men_id00391,per-clip-v1
0.702156,0,,librispeech_0051,impostor_9,librispeech_0396,per-clip-v1
0.279757,0,,librispeech_0051,impostor_10,fakeavceleb_02405_Asian(South)_women_id05931,per-clip-v1
0.982191,1,,librispeech_0052,genuine,librispeech_0052,per-clip-v1
0.335193,0,,librispeech_0052,impostor_1,asvspoof_0358,per-clip-v1
0.393203,0,,librispeech_0052,impostor_2,fakeavceleb_03705_Caucasian(European)_women_id00491,per-clip-v1
0.768211,0,,librispeech_0052,impostor_3,fakeavceleb_00753_African_men_id01856,per-clip-v1
0.702991,0,,librispeech_0052,impostor_4,fakeavceleb_01268_Asian(East)_men_id01212,per-clip-v1
0.253880,0,,librispeech_0052,impostor_5,fakeavceleb_00995_African_women_id01907,per-clip-v1
0.279198,0,,librispeech_0052,impostor_6,librispeech_0057,per-clip-v1
0.315340,0,,librispeech_0052,impostor_7,fakeavceleb_03135_Caucasian(American)_women_id01238,per-clip-v1
0.971055,0,,librispeech_0052,impostor_8,librispeech_0001,per-clip-v1
0.691360,0,,librispeech_0052,impostor_9,fakeavceleb_03402_Caucasian(European)_men_id00709,per-clip-v1
0.481639,0,,librispeech_0052,impostor_10,librispeech_0382,per-clip-v1
0.927398,1,,librispeech_0053,genuine,librispeech_0053,per-clip-v1
0.734337,0,,librispeech_0053,impostor_1,fakeavceleb_00612_African_men_id01170,per-clip-v1
0.480650,0,,librispeech_0053,impostor_2,fakeavceleb_00238_Asian(South)_men_id07179,per-clip-v1
0.797145,0,,librispeech_0053,impostor_3,librispeech_0257,per-clip-v1
0.563047,0,,librispeech_0053,impostor_4,fakeavceleb_03177_Caucasian(American)_women_id03605,per-clip-v1
0.891993,0,,librispeech_0053,impostor_5,librispeech_0339,per-clip-v1
0.527732,0,,librispeech_0053,impostor_6,fakeavceleb_01408_Asian(East)_men_id06467,per-clip-v1
0.899248,0,,librispeech_0053,impostor_7,librispeech_0276,per-clip-v1
0.886047,0,,librispeech_0053,impostor_8,librispeech_0183,per-clip-v1
0.664359,0,,librispeech_0053,impostor_9,asvspoof_0194,per-clip-v1
0.892537,0,,librispeech_0053,impostor_10,librispeech_0304,per-clip-v1
0.976633,1,,librispeech_0054,genuine,librispeech_0054,per-clip-v1
0.463587,0,,librispeech_0054,impostor_1,fakeavceleb_01578_Asian(East)_women_id00935,per-clip-v1
0.897732,0,,librispeech_0054,impostor_2,fakeavceleb_02534_Caucasian(American)_men_id00020,per-clip-v1
0.767822,0,,librispeech_0054,impostor_3,fakeavceleb_02715_Caucasian(American)_men_id01048,per-clip-v1
0.577688,0,,librispeech_0054,impostor_4,fakeavceleb_00653_African_men_id01392,per-clip-v1
0.477382,0,,librispeech_0054,impostor_5,fakeavceleb_00249_Asian(South)_men_id08457,per-clip-v1
0.724498,0,,librispeech_0054,impostor_6,librispeech_0289,per-clip-v1
0.645121,0,,librispeech_0054,impostor_7,librispeech_0044,per-clip-v1
0.649439,0,,librispeech_0054,impostor_8,fakeavceleb_03515_Caucasian(European)_men_id02567,per-clip-v1
0.553312,0,,librispeech_0054,impostor_9,fakeavceleb_02077_Asian(South)_men_id07058,per-clip-v1
0.554690,0,,librispeech_0054,impostor_10,fakeavceleb_01366_Asian(East)_men_id04774,per-clip-v1
0.981337,1,,librispeech_0055,genuine,librispeech_0055,per-clip-v1
0.752243,0,,librispeech_0055,impostor_1,librispeech_0119,per-clip-v1
0.713938,0,,librispeech_0055,impostor_2,fakeavceleb_03423_Caucasian(European)_men_id00946,per-clip-v1
0.651176,0,,librispeech_0055,impostor_3,librispeech_0454,per-clip-v1
0.549859,0,,librispeech_0055,impostor_4,fakeavceleb_03858_Caucasian(European)_women_id03941,per-clip-v1
0.516464,0,,librispeech_0055,impostor_5,fakeavceleb_00559_African_men_id00478,per-clip-v1
0.500676,0,,librispeech_0055,impostor_6,fakeavceleb_03721_Caucasian(European)_women_id00496,per-clip-v1
0.537258,0,,librispeech_0055,impostor_7,fakeavceleb_01929_Asian(South)_men_id00732,per-clip-v1
0.437410,0,,librispeech_0055,impostor_8,fakeavceleb_03163_Caucasian(American)_women_id02464,per-clip-v1
0.792462,0,,librispeech_0055,impostor_9,fakeavceleb_01442_Asian(East)_men_id06878,per-clip-v1
0.917970,0,,librispeech_0055,impostor_10,librispeech_0083,per-clip-v1
0.965005,1,,librispeech_0056,genuine,librispeech_0056,per-clip-v1
0.405071,0,,librispeech_0056,impostor_1,asvspoof_0050,per-clip-v1
0.517676,0,,librispeech_0056,impostor_2,librispeech_0268,per-clip-v1
0.571956,0,,librispeech_0056,impostor_3,fakeavceleb_03846_Caucasian(European)_women_id03816,per-clip-v1
0.448481,0,,librispeech_0056,impostor_4,fakeavceleb_00813_African_men_id02268,per-clip-v1
0.878780,0,,librispeech_0056,impostor_5,librispeech_0479,per-clip-v1
0.831291,0,,librispeech_0056,impostor_6,fakeavceleb_00075_African_women_id02948,per-clip-v1
0.611682,0,,librispeech_0056,impostor_7,librispeech_0104,per-clip-v1
0.420705,0,,librispeech_0056,impostor_8,fakeavceleb_00723_African_men_id01637,per-clip-v1
0.327322,0,,librispeech_0056,impostor_9,fakeavceleb_00754_African_men_id01856,per-clip-v1
0.786115,0,,librispeech_0056,impostor_10,librispeech_0171,per-clip-v1
0.954093,1,,librispeech_0057,genuine,librispeech_0057,per-clip-v1
0.876728,0,,librispeech_0057,impostor_1,fakeavceleb_02195_Asian(South)_women_id00149,per-clip-v1
0.590130,0,,librispeech_0057,impostor_2,asvspoof_0440,per-clip-v1
0.703104,0,,librispeech_0057,impostor_3,librispeech_0317,per-clip-v1
0.418679,0,,librispeech_0057,impostor_4,fakeavceleb_00763_African_men_id01933,per-clip-v1
0.473308,0,,librispeech_0057,impostor_5,fakeavceleb_01234_Asian(East)_men_id00597,per-clip-v1
0.532167,0,,librispeech_0057,impostor_6,fakeavceleb_01304_Asian(East)_men_id02365,per-clip-v1
0.388308,0,,librispeech_0057,impostor_7,fakeavceleb_03404_Caucasian(European)_men_id00709,per-clip-v1
0.888377,0,,librispeech_0057,impostor_8,librispeech_0197,per-clip-v1
0.276888,0,,librispeech_0057,impostor_9,librispeech_0328,per-clip-v1
0.659989,0,,librispeech_0057,impostor_10,fakeavceleb_02267_Asian(South)_women_id02619,per-clip-v1
0.957549,1,,librispeech_0058,genuine,librispeech_0058,per-clip-v1
0.879748,0,,librispeech_0058,impostor_1,fakeavceleb_00058_African_women_id00829,per-clip-v1
0.346242,0,,librispeech_0058,impostor_2,librispeech_0102,per-clip-v1
0.550227,0,,librispeech_0058,impostor_3,fakeavceleb_03324_Caucasian(European)_men_id00305,per-clip-v1
0.673874,0,,librispeech_0058,impostor_4,librispeech_0431,per-clip-v1
0.658067,0,,librispeech_0058,impostor_5,librispeech_0124,per-clip-v1
0.381535,0,,librispeech_0058,impostor_6,fakeavceleb_01736_Asian(East)_women_id06225,per-clip-v1
0.452064,0,,librispeech_0058,impostor_7,fakeavceleb_00224_Asian(South)_men_id04561,per-clip-v1
0.241869,0,,librispeech_0058,impostor_8,fakeavceleb_01373_Asian(East)_men_id04884,per-clip-v1
0.792394,0,,librispeech_0058,impostor_9,fakeavceleb_01411_Asian(East)_men_id06467,per-clip-v1
0.623882,0,,librispeech_0058,impostor_10,fakeavceleb_02342_Asian(South)_women_id04582,per-clip-v1
0.953430,1,,librispeech_0059,genuine,librispeech_0059,per-clip-v1
0.390823,0,,librispeech_0059,impostor_1,fakeavceleb_02742_Caucasian(American)_men_id01163,per-clip-v1
0.838347,0,,librispeech_0059,impostor_2,fakeavceleb_01747_Asian(East)_women_id06427,per-clip-v1
0.598278,0,,librispeech_0059,impostor_3,fakeavceleb_02380_Asian(South)_women_id05435,per-clip-v1
0.281224,0,,librispeech_0059,impostor_4,librispeech_0186,per-clip-v1
0.257006,0,,librispeech_0059,impostor_5,fakeavceleb_00547_African_men_id00391,per-clip-v1
0.427238,0,,librispeech_0059,impostor_6,fakeavceleb_02105_Asian(South)_men_id07165,per-clip-v1
0.539773,0,,librispeech_0059,impostor_7,fakeavceleb_01917_Asian(South)_men_id00459,per-clip-v1
0.913148,0,,librispeech_0059,impostor_8,fakeavceleb_03098_Caucasian(American)_women_id01091,per-clip-v1
0.475027,0,,librispeech_0059,impostor_9,fakeavceleb_02047_Asian(South)_men_id04928,per-clip-v1
0.509146,0,,librispeech_0059,impostor_10,librispeech_0268,per-clip-v1
0.956459,1,,librispeech_0060,genuine,librispeech_0060,per-clip-v1
0.589658,0,,librispeech_0060,impostor_1,librispeech_0436,per-clip-v1
0.671151,0,,librispeech_0060,impostor_2,librispeech_0195,per-clip-v1
0.869736,0,,librispeech_0060,impostor_3,fakeavceleb_01750_Asian(East)_women_id06427,per-clip-v1
0.611344,0,,librispeech_0060,impostor_4,librispeech_0114,per-clip-v1
0.376455,0,,librispeech_0060,impostor_5,fakeavceleb_00680_African_men_id01530,per-clip-v1
0.542936,0,,librispeech_0060,impostor_6,fakeavceleb_02106_Asian(South)_men_id07165,per-clip-v1
0.385822,0,,librispeech_0060,impostor_7,fakeavceleb_03428_Caucasian(European)_men_id00946,per-clip-v1
0.396554,0,,librispeech_0060,impostor_8,fakeavceleb_00752_African_men_id01856,per-clip-v1
0.391598,0,,librispeech_0060,impostor_9,fakeavceleb_00445_Caucasian(European)_men_id01154,per-clip-v1
0.844631,0,,librispeech_0060,impostor_10,fakeavceleb_03612_Caucasian(European)_women_id00287,per-clip-v1
0.975497,1,,librispeech_0061,genuine,librispeech_0061,per-clip-v1
0.837719,0,,librispeech_0061,impostor_1,fakeavceleb_00840_African_men_id02494,per-clip-v1
0.815495,0,,librispeech_0061,impostor_2,fakeavceleb_02531_Caucasian(American)_men_id00020,per-clip-v1
0.439177,0,,librispeech_0061,impostor_3,fakeavceleb_01096_African_women_id03747,per-clip-v1
0.300737,0,,librispeech_0061,impostor_4,fakeavceleb_01597_Asian(East)_women_id01451,per-clip-v1
0.355026,0,,librispeech_0061,impostor_5,asvspoof_0011,per-clip-v1
0.649400,0,,librispeech_0061,impostor_6,librispeech_0363,per-clip-v1
0.891842,0,,librispeech_0061,impostor_7,fakeavceleb_02579_Caucasian(American)_men_id00062,per-clip-v1
0.415449,0,,librispeech_0061,impostor_8,fakeavceleb_03559_Caucasian(European)_women_id00188,per-clip-v1
0.395047,0,,librispeech_0061,impostor_9,fakeavceleb_01270_Asian(East)_men_id01212,per-clip-v1
0.345488,0,,librispeech_0061,impostor_10,fakeavceleb_01610_Asian(East)_women_id02807,per-clip-v1
0.982441,1,,librispeech_0062,genuine,librispeech_0062,per-clip-v1
0.622205,0,,librispeech_0062,impostor_1,fakeavceleb_03396_Caucasian(European)_men_id00694,per-clip-v1
0.281202,0,,librispeech_0062,impostor_2,fakeavceleb_01128_African_women_id04540,per-clip-v1
0.426678,0,,librispeech_0062,impostor_3,fakeavceleb_00575_African_men_id00701,per-clip-v1
0.413573,0,,librispeech_0062,impostor_4,fakeavceleb_03624_Caucasian(European)_women_id00325,per-clip-v1
0.537892,0,,librispeech_0062,impostor_5,fakeavceleb_01912_Asian(South)_men_id00414,per-clip-v1
0.266738,0,,librispeech_0062,impostor_6,asvspoof_0450,per-clip-v1
0.307523,0,,librispeech_0062,impostor_7,fakeavceleb_01051_African_women_id02838,per-clip-v1
0.872764,0,,librispeech_0062,impostor_8,fakeavceleb_02570_Caucasian(American)_men_id00060,per-clip-v1
0.603993,0,,librispeech_0062,impostor_9,fakeavceleb_00595_African_men_id00944,per-clip-v1
0.330359,0,,librispeech_0062,impostor_10,fakeavceleb_03639_Caucasian(European)_women_id00330,per-clip-v1
0.963534,1,,librispeech_0063,genuine,librispeech_0063,per-clip-v1
0.635719,0,,librispeech_0063,impostor_1,fakeavceleb_03320_Caucasian(European)_men_id00292,per-clip-v1
0.353629,0,,librispeech_0063,impostor_2,fakeavceleb_01784_Asian(East)_women_id07901,per-clip-v1
0.495404,0,,librispeech_0063,impostor_3,librispeech_0038,per-clip-v1
0.251410,0,,librispeech_0063,impostor_4,fakeavceleb_01548_Asian(East)_women_id00579,per-clip-v1
0.541062,0,,librispeech_0063,impostor_5,fakeavceleb_01030_African_women_id02617,per-clip-v1
0.438525,0,,librispeech_0063,impostor_6,librispeech_0351,per-clip-v1
0.642847,0,,librispeech_0063,impostor_7,fakeavceleb_03478_Caucasian(European)_men_id01099,per-clip-v1
0.824533,0,,librispeech_0063,impostor_8,asvspoof_0188,per-clip-v1
0.499981,0,,librispeech_0063,impostor_9,fakeavceleb_00118_Asian(East)_men_id03889,per-clip-v1
0.359534,0,,librispeech_0063,impostor_10,librispeech_0437,per-clip-v1
0.985290,1,,librispeech_0064,genuine,librispeech_0064,per-clip-v1
0.728414,0,,librispeech_0064,impostor_1,librispeech_0040,per-clip-v1
0.603849,0,,librispeech_0064,impostor_2,fakeavceleb_02789_Caucasian(American)_men_id01210,per-clip-v1
0.664719,0,,librispeech_0064,impostor_3,fakeavceleb_00412_Caucasian(European)_men_id00266,per-clip-v1
0.406635,0,,librispeech_0064,impostor_4,fakeavceleb_03026_Caucasian(American)_women_id00555,per-clip-v1
0.489523,0,,librispeech_0064,impostor_5,fakeavceleb_01735_Asian(East)_women_id06225,per-clip-v1
0.866587,0,,librispeech_0064,impostor_6,librispeech_0412,per-clip-v1
0.448665,0,,librispeech_0064,impostor_7,fakeavceleb_01664_Asian(East)_women_id04701,per-clip-v1
0.549696,0,,librispeech_0064,impostor_8,librispeech_0227,per-clip-v1
0.851663,0,,librispeech_0064,impostor_9,fakeavceleb_03074_Caucasian(American)_women_id00842,per-clip-v1
0.635571,0,,librispeech_0064,impostor_10,fakeavceleb_00249_Asian(South)_men_id08457,per-clip-v1
0.979863,1,,librispeech_0065,genuine,librispeech_0065,per-clip-v1
0.651827,0,,librispeech_0065,impostor_1,fakeavceleb_01357_Asian(East)_men_id04726,per-clip-v1
0.444323,0,,librispeech_0065,impostor_2,fakeavceleb_02579_Caucasian(American)_men_id00062,per-clip-v1
0.495144,0,,librispeech_0065,impostor_3,fakeavceleb_02726_Caucasian(American)_men_id01096,per-clip-v1
0.590264,0,,librispeech_0065,impostor_4,fakeavceleb_02345_Asian(South)_women_id04583,per-clip-v1
0.787249,0,,librispeech_0065,impostor_5,librispeech_0044,per-clip-v1
0.358980,0,,librispeech_0065,impostor_6,fakeavceleb_01248_Asian(East)_men_id00863,per-clip-v1
0.467588,0,,librispeech_0065,impostor_7,fakeavceleb_01446_Asian(East)_men_id07102,per-clip-v1
0.788010,0,,librispeech_0065,impostor_8,fakeavceleb_01838_Asian(East)_women_id09174,per-clip-v1
0.757465,0,,librispeech_0065,impostor_9,fakeavceleb_02298_Asian(South)_women_id03985,per-clip-v1
0.385391,0,,librispeech_0065,impostor_10,librispeech_0175,per-clip-v1
0.960974,1,,librispeech_0066,genuine,librispeech_0066,per-clip-v1
0.587721,0,,librispeech_0066,impostor_1,librispeech_0296,per-clip-v1
0.757375,0,,librispeech_0066,impostor_2,fakeavceleb_00611_African_men_id01170,per-clip-v1
0.753795,0,,librispeech_0066,impostor_3,fakeavceleb_00625_African_men_id01179,per-clip-v1
0.309059,0,,librispeech_0066,impostor_4,fakeavceleb_02501_Asian(South)_women_id07236,per-clip-v1
0.305881,0,,librispeech_0066,impostor_5,fakeavceleb_02450_Asian(South)_women_id06438,per-clip-v1
0.292452,0,,librispeech_0066,impostor_6,fakeavceleb_03840_Caucasian(European)_women_id03716,per-clip-v1
0.886499,0,,librispeech_0066,impostor_7,fakeavceleb_02640_Caucasian(American)_men_id00345,per-clip-v1
0.498800,0,,librispeech_0066,impostor_8,librispeech_0387,per-clip-v1
0.717539,0,,librispeech_0066,impostor_9,fakeavceleb_03280_Caucasian(European)_men_id00241,per-clip-v1
0.602471,0,,librispeech_0066,impostor_10,fakeavceleb_03298_Caucasian(European)_men_id00265,per-clip-v1
0.990200,1,,librispeech_0067,genuine,librispeech_0067,per-clip-v1
0.605361,0,,librispeech_0067,impostor_1,fakeavceleb_01216_Asian(East)_men_id00126,per-clip-v1
0.687242,0,,librispeech_0067,impostor_2,fakeavceleb_01473_Asian(East)_men_id08652,per-clip-v1
0.431531,0,,librispeech_0067,impostor_3,fakeavceleb_03771_Caucasian(European)_women_id00813,per-clip-v1
0.884499,0,,librispeech_0067,impostor_4,librispeech_0020,per-clip-v1
0.286072,0,,librispeech_0067,impostor_5,fakeavceleb_01769_Asian(East)_women_id07039,per-clip-v1
0.508165,0,,librispeech_0067,impostor_6,fakeavceleb_02059_Asian(South)_men_id06354,per-clip-v1
0.681127,0,,librispeech_0067,impostor_7,librispeech_0444,per-clip-v1
0.753973,0,,librispeech_0067,impostor_8,librispeech_0342,per-clip-v1
0.366322,0,,librispeech_0067,impostor_9,fakeavceleb_02904_Caucasian(American)_women_id00145,per-clip-v1
0.545689,0,,librispeech_0067,impostor_10,fakeavceleb_00206_Asian(South)_men_id00414,per-clip-v1
0.963659,1,,librispeech_0068,genuine,librispeech_0068,per-clip-v1
0.833250,0,,librispeech_0068,impostor_1,fakeavceleb_03503_Caucasian(European)_men_id01156,per-clip-v1
0.595548,0,,librispeech_0068,impostor_2,fakeavceleb_00070_African_women_id02617,per-clip-v1
0.456697,0,,librispeech_0068,impostor_3,fakeavceleb_02218_Asian(South)_women_id00417,per-clip-v1
0.776942,0,,librispeech_0068,impostor_4,fakeavceleb_01411_Asian(East)_men_id06467,per-clip-v1
0.539513,0,,librispeech_0068,impostor_5,fakeavceleb_01915_Asian(South)_men_id00414,per-clip-v1
0.620310,0,,librispeech_0068,impostor_6,fakeavceleb_03751_Caucasian(European)_women_id00633,per-clip-v1
0.470422,0,,librispeech_0068,impostor_7,fakeavceleb_00248_Asian(South)_men_id08314,per-clip-v1
0.713129,0,,librispeech_0068,impostor_8,fakeavceleb_00764_African_men_id01933,per-clip-v1
0.654735,0,,librispeech_0068,impostor_9,asvspoof_0443,per-clip-v1
0.340025,0,,librispeech_0068,impostor_10,fakeavceleb_02307_Asian(South)_women_id04070,per-clip-v1
0.988273,1,,librispeech_0069,genuine,librispeech_0069,per-clip-v1
0.337385,0,,librispeech_0069,impostor_1,librispeech_0336,per-clip-v1
0.231840,0,,librispeech_0069,impostor_2,asvspoof_0130,per-clip-v1
0.354293,0,,librispeech_0069,impostor_3,librispeech_0011,per-clip-v1
0.911965,0,,librispeech_0069,impostor_4,librispeech_0311,per-clip-v1
0.428759,0,,librispeech_0069,impostor_5,librispeech_0107,per-clip-v1
0.635805,0,,librispeech_0069,impostor_6,fakeavceleb_03376_Caucasian(European)_men_id00548,per-clip-v1
0.498469,0,,librispeech_0069,impostor_7,fakeavceleb_01931_Asian(South)_men_id00732,per-clip-v1
0.951074,0,,librispeech_0069,impostor_8,librispeech_0475,per-clip-v1
0.637869,0,,librispeech_0069,impostor_9,librispeech_0304,per-clip-v1
0.404697,0,,librispeech_0069,impostor_10,librispeech_0044,per-clip-v1
0.931006,1,,librispeech_0070,genuine,librispeech_0070,per-clip-v1
0.332353,0,,librispeech_0070,impostor_1,fakeavceleb_03224_Caucasian(European)_men_id00171,per-clip-v1
0.625138,0,,librispeech_0070,impostor_2,fakeavceleb_02495_Asian(South)_women_id07236,per-clip-v1
0.472584,0,,librispeech_0070,impostor_3,librispeech_0459,per-clip-v1
0.600025,0,,librispeech_0070,impostor_4,librispeech_0285,per-clip-v1
0.287752,0,,librispeech_0070,impostor_5,fakeavceleb_01988_Asian(South)_men_id03344,per-clip-v1
0.779101,0,,librispeech_0070,impostor_6,librispeech_0482,per-clip-v1
0.368872,0,,librispeech_0070,impostor_7,fakeavceleb_01309_Asian(East)_men_id02493,per-clip-v1
0.671794,0,,librispeech_0070,impostor_8,fakeavceleb_00463_Caucasian(European)_women_id00332,per-clip-v1
0.486145,0,,librispeech_0070,impostor_9,fakeavceleb_03660_Caucasian(European)_women_id00373,per-clip-v1
0.383874,0,,librispeech_0070,impostor_10,fakeavceleb_02044_Asian(South)_men_id04601,per-clip-v1
0.978177,1,,librispeech_0071,genuine,librispeech_0071,per-clip-v1
0.718475,0,,librispeech_0071,impostor_1,fakeavceleb_01173_African_women_id05231,per-clip-v1
0.854969,0,,librispeech_0071,impostor_2,fakeavceleb_01848_Asian(East)_women_id09181,per-clip-v1
0.760019,0,,librispeech_0071,impostor_3,fakeavceleb_01684_Asian(East)_women_id05631,per-clip-v1
0.646414,0,,librispeech_0071,impostor_4,fakeavceleb_02144_Asian(South)_men_id07210,per-clip-v1
0.736135,0,,librispeech_0071,impostor_5,fakeavceleb_00081_African_women_id03747,per-clip-v1
0.289262,0,,librispeech_0071,impostor_6,fakeavceleb_02538_Caucasian(American)_men_id00021,per-clip-v1
0.489577,0,,librispeech_0071,impostor_7,fakeavceleb_02849_Caucasian(American)_men_id04219,per-clip-v1
0.461362,0,,librispeech_0071,impostor_8,fakeavceleb_00635_African_men_id01207,per-clip-v1
0.417527,0,,librispeech_0071,impostor_9,fakeavceleb_02066_Asian(South)_men_id06355,per-clip-v1
0.384546,0,,librispeech_0071,impostor_10,fakeavceleb_00706_African_men_id01598,per-clip-v1
0.986802,1,,librispeech_0072,genuine,librispeech_0072,per-clip-v1
0.827822,0,,librispeech_0072,impostor_1,librispeech_0095,per-clip-v1
0.569580,0,,librispeech_0072,impostor_2,fakeavceleb_03187_Caucasian(American)_women_id03696,per-clip-v1
0.581376,0,,librispeech_0072,impostor_3,librispeech_0202,per-clip-v1
0.796972,0,,librispeech_0072,impostor_4,librispeech_0044,per-clip-v1
0.517934,0,,librispeech_0072,impostor_5,fakeavceleb_02539_Caucasian(American)_men_id00021,per-clip-v1
0.138002,0,,librispeech_0072,impostor_6,fakeavceleb_00633_African_men_id01207,per-clip-v1
0.595541,0,,librispeech_0072,impostor_7,fakeavceleb_01486_Asian(East)_men_id09053,per-clip-v1
0.807621,0,,librispeech_0072,impostor_8,asvspoof_0309,per-clip-v1
0.768076,0,,librispeech_0072,impostor_9,fakeavceleb_01348_Asian(East)_men_id04222,per-clip-v1
0.500006,0,,librispeech_0072,impostor_10,fakeavceleb_02726_Caucasian(American)_men_id01096,per-clip-v1
0.949262,1,,librispeech_0073,genuine,librispeech_0073,per-clip-v1
0.731691,0,,librispeech_0073,impostor_1,fakeavceleb_03314_Caucasian(European)_men_id00292,per-clip-v1
0.815923,0,,librispeech_0073,impostor_2,librispeech_0397,per-clip-v1
0.607811,0,,librispeech_0073,impostor_3,librispeech_0299,per-clip-v1
0.619331,0,,librispeech_0073,impostor_4,librispeech_0354,per-clip-v1
0.608235,0,,librispeech_0073,impostor_5,librispeech_0191,per-clip-v1
0.456743,0,,librispeech_0073,impostor_6,fakeavceleb_03652_Caucasian(European)_women_id00365,per-clip-v1
0.847371,0,,librispeech_0073,impostor_7,librispeech_0214,per-clip-v1
0.599612,0,,librispeech_0073,impostor_8,fakeavceleb_00140_Asian(East)_men_id06776,per-clip-v1
0.634206,0,,librispeech_0073,impostor_9,fakeavceleb_03756_Caucasian(European)_women_id00634,per-clip-v1
0.597385,0,,librispeech_0073,impostor_10,fakeavceleb_01232_Asian(East)_men_id00597,per-clip-v1
0.963684,1,,librispeech_0074,genuine,librispeech_0074,per-clip-v1
0.383115,0,,librispeech_0074,impostor_1,asvspoof_0000,per-clip-v1
0.401986,0,,librispeech_0074,impostor_2,fakeavceleb_02009_Asian(South)_men_id04537,per-clip-v1
0.494802,0,,librispeech_0074,impostor_3,librispeech_0022,per-clip-v1
0.898840,0,,librispeech_0074,impostor_4,fakeavceleb_02646_Caucasian(American)_men_id00345,per-clip-v1
0.352800,0,,librispeech_0074,impostor_5,fakeavceleb_01685_Asian(East)_women_id05631,per-clip-v1
0.586302,0,,librispeech_0074,impostor_6,librispeech_0059,per-clip-v1
0.571276,0,,librispeech_0074,impostor_7,fakeavceleb_02974_Caucasian(American)_women_id00383,per-clip-v1
0.638207,0,,librispeech_0074,impostor_8,librispeech_0407,per-clip-v1
0.843539,0,,librispeech_0074,impostor_9,librispeech_0349,per-clip-v1
0.562172,0,,librispeech_0074,impostor_10,fakeavceleb_02110_Asian(South)_men_id07179,per-clip-v1
0.977236,1,,librispeech_0075,genuine,librispeech_0075,per-clip-v1
0.599294,0,,librispeech_0075,impostor_1,librispeech_0402,per-clip-v1
0.288647,0,,librispeech_0075,impostor_2,fakeavceleb_00510_African_men_id00076,per-clip-v1
0.475106,0,,librispeech_0075,impostor_3,librispeech_0141,per-clip-v1
0.478506,0,,librispeech_0075,impostor_4,asvspoof_0440,per-clip-v1
0.545465,0,,librispeech_0075,impostor_5,librispeech_0207,per-clip-v1
0.341438,0,,librispeech_0075,impostor_6,fakeavceleb_00115_Asian(East)_men_id02561,per-clip-v1
0.686682,0,,librispeech_0075,impostor_7,librispeech_0426,per-clip-v1
0.880031,0,,librispeech_0075,impostor_8,fakeavceleb_03108_Caucasian(American)_women_id01217,per-clip-v1
0.443589,0,,librispeech_0075,impostor_9,fakeavceleb_03547_Caucasian(European)_women_id00068,per-clip-v1
0.536150,0,,librispeech_0075,impostor_10,fakeavceleb_02718_Caucasian(American)_men_id01048,per-clip-v1
0.959923,1,,librispeech_0076,genuine,librispeech_0076,per-clip-v1
0.865903,0,,librispeech_0076,impostor_1,fakeavceleb_00027_African_men_id01544,per-clip-v1
0.735549,0,,librispeech_0076,impostor_2,fakeavceleb_00751_African_men_id01856,per-clip-v1
0.343413,0,,librispeech_0076,impostor_3,fakeavceleb_02063_Asian(South)_men_id06355,per-clip-v1
0.772891,0,,librispeech_0076,impostor_4,fakeavceleb_00741_African_men_id01779,per-clip-v1
0.936069,0,,librispeech_0076,impostor_5,fakeavceleb_03473_Caucasian(European)_men_id01099,per-clip-v1
0.738033,0,,librispeech_0076,impostor_6,fakeavceleb_03391_Caucasian(European)_men_id00594,per-clip-v1
0.572611,0,,librispeech_0076,impostor_7,fakeavceleb_01352_Asian(East)_men_id04687,per-clip-v1
0.886579,0,,librispeech_0076,impostor_8,librispeech_0438,per-clip-v1
0.892188,0,,librispeech_0076,impostor_9,fakeavceleb_02730_Caucasian(American)_men_id01105,per-clip-v1
0.584352,0,,librispeech_0076,impostor_10,fakeavceleb_03430_Caucasian(European)_men_id00946,per-clip-v1
0.958194,1,,librispeech_0077,genuine,librispeech_0077,per-clip-v1
0.416000,0,,librispeech_0077,impostor_1,fakeavceleb_01644_Asian(East)_women_id04066,per-clip-v1
0.492437,0,,librispeech_0077,impostor_2,fakeavceleb_03667_Caucasian(European)_women_id00374,per-clip-v1
0.665555,0,,librispeech_0077,impostor_3,fakeavceleb_02647_Caucasian(American)_men_id00345,per-clip-v1
0.714115,0,,librispeech_0077,impostor_4,librispeech_0199,per-clip-v1
0.847543,0,,librispeech_0077,impostor_5,librispeech_0275,per-clip-v1
0.391432,0,,librispeech_0077,impostor_6,fakeavceleb_02466_Asian(South)_women_id06445,per-clip-v1
0.442698,0,,librispeech_0077,impostor_7,fakeavceleb_02209_Asian(South)_women_id00235,per-clip-v1
0.739928,0,,librispeech_0077,impostor_8,fakeavceleb_01082_African_women_id03656,per-clip-v1
0.716321,0,,librispeech_0077,impostor_9,librispeech_0157,per-clip-v1
0.766497,0,,librispeech_0077,impostor_10,fakeavceleb_00369_Caucasian(American)_women_id00462,per-clip-v1
0.976375,1,,librispeech_0078,genuine,librispeech_0078,per-clip-v1
0.512728,0,,librispeech_0078,impostor_1,librispeech_0114,per-clip-v1
0.372251,0,,librispeech_0078,impostor_2,fakeavceleb_00600_African_men_id01036,per-clip-v1
0.469111,0,,librispeech_0078,impostor_3,fakeavceleb_01597_Asian(East)_women_id01451,per-clip-v1
0.266697,0,,librispeech_0078,impostor_4,fakeavceleb_01926_Asian(South)_men_id00685,per-clip-v1
0.429357,0,,librispeech_0078,impostor_5,librispeech_0138,per-clip-v1
0.291817,0,,librispeech_0078,impostor_6,fakeavceleb_01392_Asian(East)_men_id05383,per-clip-v1
0.677395,0,,librispeech_0078,impostor_7,fakeavceleb_03105_Caucasian(American)_women_id01216,per-clip-v1
0.503666,0,,librispeech_0078,impostor_8,fakeavceleb_02591_Caucasian(American)_men_id00088,per-clip-v1
0.766991,0,,librispeech_0078,impostor_9,fakeavceleb_01015_African_women_id02508,per-clip-v1
0.338690,0,,librispeech_0078,impostor_10,fakeavceleb_01480_Asian(East)_men_id08652,per-clip-v1
0.960767,1,,librispeech_0079,genuine,librispeech_0079,per-clip-v1
0.569217,0,,librispeech_0079,impostor_1,librispeech_0261,per-clip-v1
0.715745,0,,librispeech_0079,impostor_2,librispeech_0098,per-clip-v1
0.452151,0,,librispeech_0079,impostor_3,fakeavceleb_01602_Asian(East)_women_id02587,per-clip-v1
0.799413,0,,librispeech_0079,impostor_4,fakeavceleb_03202_Caucasian(European)_men_id00055,per-clip-v1
0.713393,0,,librispeech_0079,impostor_5,fakeavceleb_02827_Caucasian(American)_men_id03757,per-clip-v1
0.532358,0,,librispeech_0079,impostor_6,librispeech_0124,per-clip-v1
0.861567,0,,librispeech_0079,impostor_7,fakeavceleb_00673_African_men_id01528,per-clip-v1
0.580101,0,,librispeech_0079,impostor_8,librispeech_0193,per-clip-v1
0.676169,0,,librispeech_0079,impostor_9,fakeavceleb_02084_Asian(South)_men_id07108,per-clip-v1
0.563806,0,,librispeech_0079,impostor_10,librispeech_0309,per-clip-v1
0.924840,1,,librispeech_0080,genuine,librispeech_0080,per-clip-v1
0.608598,0,,librispeech_0080,impostor_1,fakeavceleb_02079_Asian(South)_men_id07058,per-clip-v1
0.634178,0,,librispeech_0080,impostor_2,librispeech_0261,per-clip-v1
0.706723,0,,librispeech_0080,impostor_3,librispeech_0466,per-clip-v1
0.490781,0,,librispeech_0080,impostor_4,fakeavceleb_02908_Caucasian(American)_women_id00145,per-clip-v1
0.455160,0,,librispeech_0080,impostor_5,fakeavceleb_03088_Caucasian(American)_women_id01004,per-clip-v1
0.785526,0,,librispeech_0080,impostor_6,librispeech_0422,per-clip-v1
0.561474,0,,librispeech_0080,impostor_7,fakeavceleb_02258_Asian(South)_women_id02089,per-clip-v1
0.528599,0,,librispeech_0080,impostor_8,fakeavceleb_03627_Caucasian(European)_women_id00325,per-clip-v1
0.709561,0,,librispeech_0080,impostor_9,librispeech_0373,per-clip-v1
0.568735,0,,librispeech_0080,impostor_10,librispeech_0234,per-clip-v1
0.987727,1,,librispeech_0081,genuine,librispeech_0081,per-clip-v1
0.254488,0,,librispeech_0081,impostor_1,fakeavceleb_01066_African_women_id03103,per-clip-v1
0.235893,0,,librispeech_0081,impostor_2,fakeavceleb_00463_Caucasian(European)_women_id00332,per-clip-v1
0.253831,0,,librispeech_0081,impostor_3,fakeavceleb_02135_Asian(South)_men_id07200,per-clip-v1
0.565570,0,,librispeech_0081,impostor_4,librispeech_0256,per-clip-v1
0.210276,0,,librispeech_0081,impostor_5,fakeavceleb_01610_Asian(East)_women_id02807,per-clip-v1
0.487616,0,,librispeech_0081,impostor_6,asvspoof_0045,per-clip-v1
0.247584,0,,librispeech_0081,impostor_7,asvspoof_0395,per-clip-v1
0.432838,0,,librispeech_0081,impostor_8,librispeech_0465,per-clip-v1
0.866162,0,,librispeech_0081,impostor_9,librispeech_0175,per-clip-v1
0.152685,0,,librispeech_0081,impostor_10,fakeavceleb_00260_Asian(South)_women_id02089,per-clip-v1
0.989546,1,,librispeech_0082,genuine,librispeech_0082,per-clip-v1
0.609130,0,,librispeech_0082,impostor_1,fakeavceleb_01422_Asian(East)_men_id06470,per-clip-v1
0.904264,0,,librispeech_0082,impostor_2,librispeech_0200,per-clip-v1
0.594062,0,,librispeech_0082,impostor_3,fakeavceleb_00775_African_men_id01972,per-clip-v1
0.832333,0,,librispeech_0082,impostor_4,fakeavceleb_02696_Caucasian(American)_men_id00971,per-clip-v1
0.412380,0,,librispeech_0082,impostor_5,asvspoof_0294,per-clip-v1
0.412896,0,,librispeech_0082,impostor_6,librispeech_0462,per-clip-v1
0.498667,0,,librispeech_0082,impostor_7,fakeavceleb_03339_Caucasian(European)_men_id00415,per-clip-v1
0.416132,0,,librispeech_0082,impostor_8,fakeavceleb_00394_Caucasian(American)_women_id02466,per-clip-v1
0.180708,0,,librispeech_0082,impostor_9,fakeavceleb_02012_Asian(South)_men_id04554,per-clip-v1
0.617006,0,,librispeech_0082,impostor_10,fakeavceleb_00143_Asian(East)_men_id07102,per-clip-v1
0.975120,1,,librispeech_0083,genuine,librispeech_0083,per-clip-v1
0.464111,0,,librispeech_0083,impostor_1,fakeavceleb_00219_Asian(South)_men_id03945,per-clip-v1
0.547546,0,,librispeech_0083,impostor_2,fakeavceleb_03341_Caucasian(European)_men_id00498,per-clip-v1
0.353382,0,,librispeech_0083,impostor_3,fakeavceleb_02445_Asian(South)_women_id06428,per-clip-v1
0.385957,0,,librispeech_0083,impostor_4,fakeavceleb_00250_Asian(South)_women_id00043,per-clip-v1
0.654583,0,,librispeech_0083,impostor_5,librispeech_0297,per-clip-v1
0.749428,0,,librispeech_0083,impostor_6,librispeech_0283,per-clip-v1
0.884396,0,,librispeech_0083,impostor_7,fakeavceleb_03503_Caucasian(European)_men_id01156,per-clip-v1
0.881776,0,,librispeech_0083,impostor_8,librispeech_0084,per-clip-v1
0.373756,0,,librispeech_0083,impostor_9,asvspoof_0070,per-clip-v1
0.519020,0,,librispeech_0083,impostor_10,fakeavceleb_03706_Caucasian(European)_women_id00491,per-clip-v1
0.942745,1,,librispeech_0084,genuine,librispeech_0084,per-clip-v1
0.560077,0,,librispeech_0084,impostor_1,fakeavceleb_00465_Caucasian(European)_women_id00373,per-clip-v1
0.378821,0,,librispeech_0084,impostor_2,fakeavceleb_01751_Asian(East)_women_id06443,per-clip-v1
0.591113,0,,librispeech_0084,impostor_3,fakeavceleb_00329_Caucasian(American)_men_id01105,per-clip-v1
0.445566,0,,librispeech_0084,impostor_4,librispeech_0007,per-clip-v1
0.563234,0,,librispeech_0084,impostor_5,librispeech_0191,per-clip-v1
0.927722,0,,librispeech_0084,impostor_6,librispeech_0431,per-clip-v1
0.857346,0,,librispeech_0084,impostor_7,fakeavceleb_02777_Caucasian(American)_men_id01192,per-clip-v1
0.619687,0,,librispeech_0084,impostor_8,fakeavceleb_01495_Asian(East)_men_id09143,per-clip-v1
0.773905,0,,librispeech_0084,impostor_9,fakeavceleb_02516_Caucasian(American)_men_id00018,per-clip-v1
0.737174,0,,librispeech_0084,impostor_10,asvspoof_0053,per-clip-v1
0.951778,1,,librispeech_0085,genuine,librispeech_0085,per-clip-v1
0.676656,0,,librispeech_0085,impostor_1,fakeavceleb_01745_Asian(East)_women_id06427,per-clip-v1
0.167332,0,,librispeech_0085,impostor_2,fakeavceleb_00661_African_men_id01452,per-clip-v1
0.311773,0,,librispeech_0085,impostor_3,fakeavceleb_02570_Caucasian(American)_men_id00060,per-clip-v1
0.799921,0,,librispeech_0085,impostor_4,fakeavceleb_01724_Asian(East)_women_id06066,per-clip-v1
0.432086,0,,librispeech_0085,impostor_5,librispeech_0042,per-clip-v1
0.617988,0,,librispeech_0085,impostor_6,librispeech_0097,per-clip-v1
0.279139,0,,librispeech_0085,impostor_7,fakeavceleb_03252_Caucasian(European)_men_id00186,per-clip-v1
0.886920,0,,librispeech_0085,impostor_8,librispeech_0240,per-clip-v1
0.814201,0,,librispeech_0085,impostor_9,librispeech_0174,per-clip-v1
0.710970,0,,librispeech_0085,impostor_10,librispeech_0317,per-clip-v1
0.967918,1,,librispeech_0086,genuine,librispeech_0086,per-clip-v1
0.386349,0,,librispeech_0086,impostor_1,librispeech_0198,per-clip-v1
0.378667,0,,librispeech_0086,impostor_2,fakeavceleb_03331_Caucasian(European)_men_id00358,per-clip-v1
0.477749,0,,librispeech_0086,impostor_3,librispeech_0168,per-clip-v1
0.412399,0,,librispeech_0086,impostor_4,librispeech_0408,per-clip-v1
0.634714,0,,librispeech_0086,impostor_5,fakeavceleb_02398_Asian(South)_women_id05920,per-clip-v1
0.910711,0,,librispeech_0086,impostor_6,asvspoof_0319,per-clip-v1
0.828473,0,,librispeech_0086,impostor_7,asvspoof_0436,per-clip-v1
0.356721,0,,librispeech_0086,impostor_8,fakeavceleb_01363_Asian(East)_men_id04774,per-clip-v1
0.925775,0,,librispeech_0086,impostor_9,librispeech_0012,per-clip-v1
0.512147,0,,librispeech_0086,impostor_10,fakeavceleb_02236_Asian(South)_women_id00739,per-clip-v1
0.959235,1,,librispeech_0087,genuine,librispeech_0087,per-clip-v1
0.621887,0,,librispeech_0087,impostor_1,fakeavceleb_03705_Caucasian(European)_women_id00491,per-clip-v1
0.378665,0,,librispeech_0087,impostor_2,fakeavceleb_00289_Asian(South)_women_id06445,per-clip-v1
0.439549,0,,librispeech_0087,impostor_3,fakeavceleb_02012_Asian(South)_men_id04554,per-clip-v1
0.603676,0,,librispeech_0087,impostor_4,fakeavceleb_01973_Asian(South)_men_id00857,per-clip-v1
0.539072,0,,librispeech_0087,impostor_5,librispeech_0494,per-clip-v1
0.540791,0,,librispeech_0087,impostor_6,librispeech_0303,per-clip-v1
0.908328,0,,librispeech_0087,impostor_7,librispeech_0109,per-clip-v1
0.351108,0,,librispeech_0087,impostor_8,asvspoof_0383,per-clip-v1
0.458484,0,,librispeech_0087,impostor_9,fakeavceleb_01048_African_women_id02824,per-clip-v1
0.793255,0,,librispeech_0087,impostor_10,librispeech_0288,per-clip-v1
0.978938,1,,librispeech_0088,genuine,librispeech_0088,per-clip-v1
0.877483,0,,librispeech_0088,impostor_1,fakeavceleb_03707_Caucasian(European)_women_id00491,per-clip-v1
0.483502,0,,librispeech_0088,impostor_2,asvspoof_0453,per-clip-v1
0.280443,0,,librispeech_0088,impostor_3,fakeavceleb_00511_African_men_id00166,per-clip-v1
0.930106,0,,librispeech_0088,impostor_4,fakeavceleb_03125_Caucasian(American)_women_id01227,per-clip-v1
0.839566,0,,librispeech_0088,impostor_5,fakeavceleb_03077_Caucasian(American)_women_id00848,per-clip-v1
0.767587,0,,librispeech_0088,impostor_6,fakeavceleb_03188_Caucasian(American)_women_id03696,per-clip-v1
0.868542,0,,librispeech_0088,impostor_7,fakeavceleb_01104_African_women_id04055,per-clip-v1
0.693405,0,,librispeech_0088,impostor_8,fakeavceleb_02444_Asian(South)_women_id06428,per-clip-v1
0.829061,0,,librispeech_0088,impostor_9,asvspoof_0467,per-clip-v1
0.512913,0,,librispeech_0088,impostor_10,fakeavceleb_00653_African_men_id01392,per-clip-v1
0.976863,1,,librispeech_0089,genuine,librispeech_0089,per-clip-v1
0.574447,0,,librispeech_0089,impostor_1,asvspoof_0446,per-clip-v1
0.396126,0,,librispeech_0089,impostor_2,librispeech_0167,per-clip-v1
0.464509,0,,librispeech_0089,impostor_3,librispeech_0341,per-clip-v1
0.663710,0,,librispeech_0089,impostor_4,asvspoof_0096,per-clip-v1
0.749117,0,,librispeech_0089,impostor_5,librispeech_0304,per-clip-v1
0.536774,0,,librispeech_0089,impostor_6,librispeech_0042,per-clip-v1
0.673717,0,,librispeech_0089,impostor_7,fakeavceleb_03786_Caucasian(European)_women_id00826,per-clip-v1
0.870387,0,,librispeech_0089,impostor_8,fakeavceleb_03802_Caucasian(European)_women_id01002,per-clip-v1
0.540402,0,,librispeech_0089,impostor_9,fakeavceleb_02779_Caucasian(American)_men_id01192,per-clip-v1
0.557053,0,,librispeech_0089,impostor_10,fakeavceleb_03374_Caucasian(European)_men_id00535,per-clip-v1
0.941622,1,,librispeech_0090,genuine,librispeech_0090,per-clip-v1
0.499584,0,,librispeech_0090,impostor_1,librispeech_0338,per-clip-v1
0.750137,0,,librispeech_0090,impostor_2,fakeavceleb_03229_Caucasian(European)_men_id00171,per-clip-v1
0.694272,0,,librispeech_0090,impostor_3,librispeech_0266,per-clip-v1
0.270068,0,,librispeech_0090,impostor_4,fakeavceleb_00935_African_women_id00829,per-clip-v1
0.416824,0,,librispeech_0090,impostor_5,fakeavceleb_03668_Caucasian(European)_women_id00379,per-clip-v1
0.767326,0,,librispeech_0090,impostor_6,fakeavceleb_01432_Asian(East)_men_id06594,per-clip-v1
0.387366,0,,librispeech_0090,impostor_7,librispeech_0454,per-clip-v1
0.289680,0,,librispeech_0090,impostor_8,fakeavceleb_02466_Asian(South)_women_id06445,per-clip-v1
0.898871,0,,librispeech_0090,impostor_9,asvspoof_0320,per-clip-v1
0.893457,0,,librispeech_0090,impostor_10,librispeech_0047,per-clip-v1
0.967779,1,,librispeech_0091,genuine,librispeech_0091,per-clip-v1
0.431912,0,,librispeech_0091,impostor_1,asvspoof_0192,per-clip-v1
0.372975,0,,librispeech_0091,impostor_2,fakeavceleb_02500_Asian(South)_women_id07236,per-clip-v1
0.414270,0,,librispeech_0091,impostor_3,fakeavceleb_03140_Caucasian(American)_women_id01238,per-clip-v1
0.310421,0,,librispeech_0091,impostor_4,fakeavceleb_02404_Asian(South)_women_id05931,per-clip-v1
0.860298,0,,librispeech_0091,impostor_5,fakeavceleb_02749_Caucasian(American)_men_id01168,per-clip-v1
0.516809,0,,librispeech_0091,impostor_6,fakeavceleb_01184_African_women_id05251,per-clip-v1
0.822774,0,,librispeech_0091,impostor_7,librispeech_0422,per-clip-v1
0.770373,0,,librispeech_0091,impostor_8,fakeavceleb_00684_African_men_id01530,per-clip-v1
0.707218,0,,librispeech_0091,impostor_9,fakeavceleb_01102_African_women_id04055,per-clip-v1
0.766859,0,,librispeech_0091,impostor_10,asvspoof_0273,per-clip-v1
0.979574,1,,librispeech_0092,genuine,librispeech_0092,per-clip-v1
0.525761,0,,librispeech_0092,impostor_1,fakeavceleb_00126_Asian(East)_men_id04789,per-clip-v1
0.365489,0,,librispeech_0092,impostor_2,fakeavceleb_00777_African_men_id01995,per-clip-v1
0.769610,0,,librispeech_0092,impostor_3,fakeavceleb_01484_Asian(East)_men_id09053,per-clip-v1
0.551894,0,,librispeech_0092,impostor_4,fakeavceleb_02624_Caucasian(American)_men_id00243,per-clip-v1
0.347669,0,,librispeech_0092,impostor_5,fakeavceleb_00622_African_men_id01171,per-clip-v1
0.592866,0,,librispeech_0092,impostor_6,fakeavceleb_02732_Caucasian(American)_men_id01105,per-clip-v1
0.639901,0,,librispeech_0092,impostor_7,fakeavceleb_02401_Asian(South)_women_id05920,per-clip-v1
0.819221,0,,librispeech_0092,impostor_8,fakeavceleb_03592_Caucasian(European)_women_id00262,per-clip-v1
0.927634,0,,librispeech_0092,impostor_9,fakeavceleb_00366_Caucasian(American)_women_id00428,per-clip-v1
0.866664,0,,librispeech_0092,impostor_10,fakeavceleb_01160_African_women_id05106,per-clip-v1
0.981920,1,,librispeech_0093,genuine,librispeech_0093,per-clip-v1
0.515578,0,,librispeech_0093,impostor_1,fakeavceleb_01259_Asian(East)_men_id01204,per-clip-v1
0.204257,0,,librispeech_0093,impostor_2,fakeavceleb_00587_African_men_id00830,per-clip-v1
0.589099,0,,librispeech_0093,impostor_3,asvspoof_0313,per-clip-v1
0.591473,0,,librispeech_0093,impostor_4,librispeech_0349,per-clip-v1
0.378076,0,,librispeech_0093,impostor_5,asvspoof_0463,per-clip-v1
0.226379,0,,librispeech_0093,impostor_6,fakeavceleb_00246_Asian(South)_men_id07768,per-clip-v1
0.310626,0,,librispeech_0093,impostor_7,fakeavceleb_03449_Caucasian(European)_men_id00999,per-clip-v1
0.391234,0,,librispeech_0093,impostor_8,fakeavceleb_01289_Asian(East)_men_id01683,per-clip-v1
0.426005,0,,librispeech_0093,impostor_9,fakeavceleb_00725_African_men_id01637,per-clip-v1
0.762784,0,,librispeech_0093,impostor_10,librispeech_0178,per-clip-v1
0.936532,1,,librispeech_0094,genuine,librispeech_0094,per-clip-v1
0.422589,0,,librispeech_0094,impostor_1,asvspoof_0357,per-clip-v1
0.420147,0,,librispeech_0094,impostor_2,librispeech_0341,per-clip-v1
0.496566,0,,librispeech_0094,impostor_3,librispeech_0185,per-clip-v1
0.496608,0,,librispeech_0094,impostor_4,librispeech_0046,per-clip-v1
0.375022,0,,librispeech_0094,impostor_5,fakeavceleb_00429_Caucasian(European)_men_id00709,per-clip-v1
0.936319,0,,librispeech_0094,impostor_6,librispeech_0496,per-clip-v1
0.771189,0,,librispeech_0094,impostor_7,librispeech_0209,per-clip-v1
0.894294,0,,librispeech_0094,impostor_8,librispeech_0078,per-clip-v1
0.525291,0,,librispeech_0094,impostor_9,fakeavceleb_02467_Asian(South)_women_id06445,per-clip-v1
0.323763,0,,librispeech_0094,impostor_10,fakeavceleb_02169_Asian(South)_men_id08457,per-clip-v1
0.963805,1,,librispeech_0095,genuine,librispeech_0095,per-clip-v1
0.767343,0,,librispeech_0095,impostor_1,librispeech_0352,per-clip-v1
0.390696,0,,librispeech_0095,impostor_2,fakeavceleb_02678_Caucasian(American)_men_id00775,per-clip-v1
0.551279,0,,librispeech_0095,impostor_3,asvspoof_0048,per-clip-v1
0.342592,0,,librispeech_0095,impostor_4,librispeech_0090,per-clip-v1
0.887576,0,,librispeech_0095,impostor_5,fakeavceleb_03151_Caucasian(American)_women_id01248,per-clip-v1
0.290667,0,,librispeech_0095,impostor_6,fakeavceleb_02140_Asian(South)_men_id07200,per-clip-v1
0.531365,0,,librispeech_0095,impostor_7,fakeavceleb_00970_African_women_id01661,per-clip-v1
0.402617,0,,librispeech_0095,impostor_8,librispeech_0429,per-clip-v1
0.667118,0,,librispeech_0095,impostor_9,librispeech_0326,per-clip-v1
0.692081,0,,librispeech_0095,impostor_10,librispeech_0159,per-clip-v1
0.977663,1,,librispeech_0096,genuine,librispeech_0096,per-clip-v1
0.841932,0,,librispeech_0096,impostor_1,librispeech_0035,per-clip-v1
0.384330,0,,librispeech_0096,impostor_2,fakeavceleb_03476_Caucasian(European)_men_id01099,per-clip-v1
0.745780,0,,librispeech_0096,impostor_3,fakeavceleb_02287_Asian(South)_women_id03815,per-clip-v1
0.863124,0,,librispeech_0096,impostor_4,librispeech_0070,per-clip-v1
0.370286,0,,librispeech_0096,impostor_5,fakeavceleb_02769_Caucasian(American)_men_id01175,per-clip-v1
0.644962,0,,librispeech_0096,impostor_6,fakeavceleb_03770_Caucasian(European)_women_id00806,per-clip-v1
0.709923,0,,librispeech_0096,impostor_7,librispeech_0130,per-clip-v1
0.598168,0,,librispeech_0096,impostor_8,librispeech_0160,per-clip-v1
0.697822,0,,librispeech_0096,impostor_9,fakeavceleb_03747_Caucasian(European)_women_id00591,per-clip-v1
0.855231,0,,librispeech_0096,impostor_10,librispeech_0032,per-clip-v1
0.939733,1,,librispeech_0097,genuine,librispeech_0097,per-clip-v1
0.868359,0,,librispeech_0097,impostor_1,fakeavceleb_03172_Caucasian(American)_women_id03556,per-clip-v1
0.381823,0,,librispeech_0097,impostor_2,fakeavceleb_01913_Asian(South)_men_id00414,per-clip-v1
0.621933,0,,librispeech_0097,impostor_3,fakeavceleb_03392_Caucasian(European)_men_id00594,per-clip-v1
0.389393,0,,librispeech_0097,impostor_4,fakeavceleb_00285_Asian(South)_women_id06428,per-clip-v1
0.771944,0,,librispeech_0097,impostor_5,librispeech_0225,per-clip-v1
0.531613,0,,librispeech_0097,impostor_6,librispeech_0311,per-clip-v1
0.562681,0,,librispeech_0097,impostor_7,asvspoof_0229,per-clip-v1
0.522458,0,,librispeech_0097,impostor_8,fakeavceleb_03438_Caucasian(European)_men_id00981,per-clip-v1
0.477277,0,,librispeech_0097,impostor_9,fakeavceleb_03227_Caucasian(European)_men_id00171,per-clip-v1
0.457335,0,,librispeech_0097,impostor_10,fakeavceleb_03050_Caucasian(American)_women_id00752,per-clip-v1
0.979098,1,,librispeech_0098,genuine,librispeech_0098,per-clip-v1
0.660615,0,,librispeech_0098,impostor_1,fakeavceleb_00808_African_men_id02051,per-clip-v1
0.432240,0,,librispeech_0098,impostor_2,fakeavceleb_03491_Caucasian(European)_men_id01126,per-clip-v1
0.688835,0,,librispeech_0098,impostor_3,fakeavceleb_00386_Caucasian(American)_women_id01223,per-clip-v1
0.574156,0,,librispeech_0098,impostor_4,fakeavceleb_03601_Caucasian(European)_women_id00271,per-clip-v1
0.583371,0,,librispeech_0098,impostor_5,fakeavceleb_02244_Asian(South)_women_id00747,per-clip-v1
0.702268,0,,librispeech_0098,impostor_6,librispeech_0360,per-clip-v1
0.382913,0,,librispeech_0098,impostor_7,fakeavceleb_02151_Asian(South)_men_id07233,per-clip-v1
0.915748,0,,librispeech_0098,impostor_8,librispeech_0373,per-clip-v1
0.795387,0,,librispeech_0098,impostor_9,fakeavceleb_01578_Asian(East)_women_id00935,per-clip-v1
0.339688,0,,librispeech_0098,impostor_10,fakeavceleb_02048_Asian(South)_men_id04928,per-clip-v1
0.954037,1,,librispeech_0099,genuine,librispeech_0099,per-clip-v1
0.841441,0,,librispeech_0099,impostor_1,librispeech_0101,per-clip-v1
0.844874,0,,librispeech_0099,impostor_2,librispeech_0157,per-clip-v1
0.565567,0,,librispeech_0099,impostor_3,asvspoof_0403,per-clip-v1
0.619797,0,,librispeech_0099,impostor_4,fakeavceleb_02475_Asian(South)_women_id07049,per-clip-v1
0.752714,0,,librispeech_0099,impostor_5,fakeavceleb_00871_African_women_id00359,per-clip-v1
0.525391,0,,librispeech_0099,impostor_6,fakeavceleb_01204_Asian(East)_men_id00056,per-clip-v1
0.640739,0,,librispeech_0099,impostor_7,fakeavceleb_02228_Asian(South)_women_id00488,per-clip-v1
0.657526,0,,librispeech_0099,impostor_8,librispeech_0367,per-clip-v1
0.493830,0,,librispeech_0099,impostor_9,fakeavceleb_02002_Asian(South)_men_id04537,per-clip-v1
0.924427,0,,librispeech_0099,impostor_10,librispeech_0336,per-clip-v1
0.965328,1,,librispeech_0100,genuine,librispeech_0100,per-clip-v1
0.831818,0,,librispeech_0100,impostor_1,fakeavceleb_02770_Caucasian(American)_men_id01182,per-clip-v1
0.582963,0,,librispeech_0100,impostor_2,librispeech_0357,per-clip-v1
0.573295,0,,librispeech_0100,impostor_3,librispeech_0049,per-clip-v1
0.561196,0,,librispeech_0100,impostor_4,fakeavceleb_03120_Caucasian(American)_women_id01225,per-clip-v1
0.273442,0,,librispeech_0100,impostor_5,fakeavceleb_02207_Asian(South)_women_id00235,per-clip-v1
0.384655,0,,librispeech_0100,impostor_6,librispeech_0344,per-clip-v1
0.877791,0,,librispeech_0100,impostor_7,fakeavceleb_00725_African_men_id01637,per-clip-v1
0.443464,0,,librispeech_0100,impostor_8,fakeavceleb_00453_Caucasian(European)_women_id00188,per-clip-v1
0.351774,0,,librispeech_0100,impostor_9,fakeavceleb_03768_Caucasian(European)_women_id00806,per-clip-v1
0.351745,0,,librispeech_0100,impostor_10,asvspoof_0005,per-clip-v1
0.988771,1,,librispeech_0101,genuine,librispeech_0101,per-clip-v1
0.631640,0,,librispeech_0101,impostor_1,librispeech_0415,per-clip-v1
0.450081,0,,librispeech_0101,impostor_2,fakeavceleb_00755_African_men_id01856,per-clip-v1
0.744425,0,,librispeech_0101,impostor_3,asvspoof_0157,per-clip-v1
0.357145,0,,librispeech_0101,impostor_4,fakeavceleb_00552_African_men_id00475,per-clip-v1
0.659205,0,,librispeech_0101,impostor_5,fakeavceleb_00158_Asian(East)_women_id01281,per-clip-v1
0.717095,0,,librispeech_0101,impostor_6,fakeavceleb_03171_Caucasian(American)_women_id03556,per-clip-v1
0.710570,0,,librispeech_0101,impostor_7,fakeavceleb_03532_Caucasian(European)_women_id00042,per-clip-v1
0.583767,0,,librispeech_0101,impostor_8,fakeavceleb_02371_Asian(South)_women_id05435,per-clip-v1
0.633773,0,,librispeech_0101,impostor_9,librispeech_0364,per-clip-v1
0.890573,0,,librispeech_0101,impostor_10,fakeavceleb_03128_Caucasian(American)_women_id01231,per-clip-v1
0.942410,1,,librispeech_0102,genuine,librispeech_0102,per-clip-v1
0.603749,0,,librispeech_0102,impostor_1,fakeavceleb_00029_African_men_id01598,per-clip-v1
0.688782,0,,librispeech_0102,impostor_2,fakeavceleb_01953_Asian(South)_men_id00773,per-clip-v1
0.321233,0,,librispeech_0102,impostor_3,librispeech_0247,per-clip-v1
0.303840,0,,librispeech_0102,impostor_4,fakeavceleb_02375_Asian(South)_women_id05435,per-clip-v1
0.309352,0,,librispeech_0102,impostor_5,asvspoof_0491,per-clip-v1
0.745765,0,,librispeech_0102,impostor_6,librispeech_0087,per-clip-v1
0.663266,0,,librispeech_0102,impostor_7,fakeavceleb_02715_Caucasian(American)_men_id01048,per-clip-v1
0.341076,0,,librispeech_0102,impostor_8,fakeavceleb_03153_Caucasian(American)_women_id01248,per-clip-v1
0.768854,0,,librispeech_0102,impostor_9,asvspoof_0104,per-clip-v1
0.508258,0,,librispeech_0102,impostor_10,fakeavceleb_00557_African_men_id00476,per-clip-v1
0.957714,1,,librispeech_0103,genuine,librispeech_0103,per-clip-v1
0.903057,0,,librispeech_0103,impostor_1,fakeavceleb_01711_Asian(East)_women_id06061,per-clip-v1
0.695988,0,,librispeech_0103,impostor_2,fakeavceleb_02435_Asian(South)_women_id06343,per-clip-v1
0.733288,0,,librispeech_0103,impostor_3,librispeech_0424,per-clip-v1
0.329756,0,,librispeech_0103,impostor_4,fakeavceleb_01899_Asian(South)_men_id00103,per-clip-v1
0.670816,0,,librispeech_0103,impostor_5,fakeavceleb_00130_Asian(East)_men_id05383,per-clip-v1
0.510548,0,,librispeech_0103,impostor_6,librispeech_0315,per-clip-v1
0.918652,0,,librispeech_0103,impostor_7,fakeavceleb_02967_Caucasian(American)_women_id00381,per-clip-v1
0.730579,0,,librispeech_0103,impostor_8,fakeavceleb_01719_Asian(East)_women_id06065,per-clip-v1
0.670664,0,,librispeech_0103,impostor_9,librispeech_0106,per-clip-v1
0.548054,0,,librispeech_0103,impostor_10,fakeavceleb_00826_African_men_id02316,per-clip-v1
0.985742,1,,librispeech_0104,genuine,librispeech_0104,per-clip-v1
0.734413,0,,librispeech_0104,impostor_1,fakeavceleb_03326_Caucasian(European)_men_id00306,per-clip-v1
0.857825,0,,librispeech_0104,impostor_2,librispeech_0491,per-clip-v1
0.734398,0,,librispeech_0104,impostor_3,asvspoof_0021,per-clip-v1
0.541210,0,,librispeech_0104,impostor_4,fakeavceleb_03861_Caucasian(European)_women_id03941,per-clip-v1
0.602302,0,,librispeech_0104,impostor_5,librispeech_0447,per-clip-v1
0.675229,0,,librispeech_0104,impostor_6,asvspoof_0111,per-clip-v1
0.626034,0,,librispeech_0104,impostor_7,fakeavceleb_00661_African_men_id01452,per-clip-v1
0.409395,0,,librispeech_0104,impostor_8,fakeavceleb_03191_Caucasian(American)_women_id03781,per-clip-v1
0.649129,0,,librispeech_0104,impostor_9,fakeavceleb_01978_Asian(South)_men_id00860,per-clip-v1
0.582969,0,,librispeech_0104,impostor_10,fakeavceleb_03715_Caucasian(European)_women_id00495,per-clip-v1
0.986768,1,,librispeech_0105,genuine,librispeech_0105,per-clip-v1
0.617033,0,,librispeech_0105,impostor_1,librispeech_0469,per-clip-v1
0.620025,0,,librispeech_0105,impostor_2,fakeavceleb_03177_Caucasian(American)_women_id03605,per-clip-v1
0.695139,0,,librispeech_0105,impostor_3,fakeavceleb_00600_African_men_id01036,per-clip-v1
0.768054,0,,librispeech_0105,impostor_4,librispeech_0468,per-clip-v1
0.589378,0,,librispeech_0105,impostor_5,fakeavceleb_03422_Caucasian(European)_men_id00919,per-clip-v1
0.421527,0,,librispeech_0105,impostor_6,fakeavceleb_00199_Asian(East)_women_id09181,per-clip-v1
0.640519,0,,librispeech_0105,impostor_7,asvspoof_0434,per-clip-v1
0.648576,0,,librispeech_0105,impostor_8,fakeavceleb_00053_African_women_id00460,per-clip-v1
0.783643,0,,librispeech_0105,impostor_9,fakeavceleb_01331_Asian(East)_men_id03168,per-clip-v1
0.512322,0,,librispeech_0105,impostor_10,fakeavceleb_01402_Asian(East)_men_id06269,per-clip-v1
0.960596,1,,librispeech_0106,genuine,librispeech_0106,per-clip-v1
0.663929,0,,librispeech_0106,impostor_1,fakeavceleb_00795_African_men_id02040,per-clip-v1
0.276801,0,,librispeech_0106,impostor_2,fakeavceleb_02282_Asian(South)_women_id03559,per-clip-v1
0.515825,0,,librispeech_0106,impostor_3,asvspoof_0318,per-clip-v1
0.537281,0,,librispeech_0106,impostor_4,fakeavceleb_02793_Caucasian(American)_men_id01210,per-clip-v1
0.626904,0,,librispeech_0106,impostor_5,librispeech_0212,per-clip-v1
0.607790,0,,librispeech_0106,impostor_6,librispeech_0296,per-clip-v1
0.495207,0,,librispeech_0106,impostor_7,fakeavceleb_01356_Asian(East)_men_id04691,per-clip-v1
0.729740,0,,librispeech_0106,impostor_8,librispeech_0370,per-clip-v1
0.655795,0,,librispeech_0106,impostor_9,librispeech_0396,per-clip-v1
0.364867,0,,librispeech_0106,impostor_10,fakeavceleb_00128_Asian(East)_men_id05268,per-clip-v1
0.986541,1,,librispeech_0107,genuine,librispeech_0107,per-clip-v1
0.404185,0,,librispeech_0107,impostor_1,fakeavceleb_01950_Asian(South)_men_id00773,per-clip-v1
0.678235,0,,librispeech_0107,impostor_2,librispeech_0317,per-clip-v1
0.907357,0,,librispeech_0107,impostor_3,asvspoof_0025,per-clip-v1
0.309958,0,,librispeech_0107,impostor_4,fakeavceleb_02140_Asian(South)_men_id07200,per-clip-v1
0.866426,0,,librispeech_0107,impostor_5,fakeavceleb_00098_African_women_id05252,per-clip-v1
0.651255,0,,librispeech_0107,impostor_6,librispeech_0499,per-clip-v1
0.677544,0,,librispeech_0107,impostor_7,fakeavceleb_01610_Asian(East)_women_id02807,per-clip-v1
0.882555,0,,librispeech_0107,impostor_8,fakeavceleb_01094_African_women_id03747,per-clip-v1
0.570600,0,,librispeech_0107,impostor_9,asvspoof_0148,per-clip-v1
0.815141,0,,librispeech_0107,impostor_10,fakeavceleb_01118_African_women_id04376,per-clip-v1
0.954541,1,,librispeech_0108,genuine,librispeech_0108,per-clip-v1
0.908096,0,,librispeech_0108,impostor_1,librispeech_0050,per-clip-v1
0.299551,0,,librispeech_0108,impostor_2,fakeavceleb_01899_Asian(South)_men_id00103,per-clip-v1
0.543921,0,,librispeech_0108,impostor_3,fakeavceleb_01387_Asian(East)_men_id05332,per-clip-v1
0.734674,0,,librispeech_0108,impostor_4,fakeavceleb_01110_African_women_id04374,per-clip-v1
0.916618,0,,librispeech_0108,impostor_5,librispeech_0016,per-clip-v1
0.278626,0,,librispeech_0108,impostor_6,librispeech_0156,per-clip-v1
0.858599,0,,librispeech_0108,impostor_7,librispeech_0303,per-clip-v1
0.415169,0,,librispeech_0108,impostor_8,fakeavceleb_02700_Caucasian(American)_men_id01035,per-clip-v1
0.840770,0,,librispeech_0108,impostor_9,fakeavceleb_01138_African_women_id04705,per-clip-v1
0.489793,0,,librispeech_0108,impostor_10,asvspoof_0424,per-clip-v1
0.967822,1,,librispeech_0109,genuine,librispeech_0109,per-clip-v1
0.618514,0,,librispeech_0109,impostor_1,fakeavceleb_03565_Caucasian(European)_women_id00188,per-clip-v1
0.634532,0,,librispeech_0109,impostor_2,fakeavceleb_01107_African_women_id04245,per-clip-v1
0.732145,0,,librispeech_0109,impostor_3,fakeavceleb_03331_Caucasian(European)_men_id00358,per-clip-v1
0.679385,0,,librispeech_0109,impostor_4,fakeavceleb_03072_Caucasian(American)_women_id00842,per-clip-v1
0.819025,0,,librispeech_0109,impostor_5,asvspoof_0056,per-clip-v1
0.757838,0,,librispeech_0109,impostor_6,fakeavceleb_02755_Caucasian(American)_men_id01172,per-clip-v1
0.597786,0,,librispeech_0109,impostor_7,fakeavceleb_00379_Caucasian(American)_women_id00848,per-clip-v1
0.692833,0,,librispeech_0109,impostor_8,librispeech_0347,per-clip-v1
0.689235,0,,librispeech_0109,impostor_9,librispeech_0021,per-clip-v1
0.492827,0,,librispeech_0109,impostor_10,fakeavceleb_03049_Caucasian(American)_women_id00680,per-clip-v1
0.986413,1,,librispeech_0110,genuine,librispeech_0110,per-clip-v1
0.569192,0,,librispeech_0110,impostor_1,fakeavceleb_03129_Caucasian(American)_women_id01231,per-clip-v1
0.461494,0,,librispeech_0110,impostor_2,fakeavceleb_02688_Caucasian(American)_men_id00945,per-clip-v1
0.716735,0,,librispeech_0110,impostor_3,fakeavceleb_02822_Caucasian(American)_men_id03757,per-clip-v1
0.749187,0,,librispeech_0110,impostor_4,fakeavceleb_02620_Caucasian(American)_men_id00243,per-clip-v1
0.832676,0,,librispeech_0110,impostor_5,asvspoof_0118,per-clip-v1
0.517650,0,,librispeech_0110,impostor_6,fakeavceleb_00479_Caucasian(European)_women_id00633,per-clip-v1
0.539994,0,,librispeech_0110,impostor_7,librispeech_0473,per-clip-v1
0.481889,0,,librispeech_0110,impostor_8,librispeech_0072,per-clip-v1
0.839818,0,,librispeech_0110,impostor_9,librispeech_0233,per-clip-v1
0.432394,0,,librispeech_0110,impostor_10,fakeavceleb_00195_Asian(East)_women_id09125,per-clip-v1
0.977487,1,,librispeech_0111,genuine,librispeech_0111,per-clip-v1
0.606968,0,,librispeech_0111,impostor_1,fakeavceleb_01106_African_women_id04245,per-clip-v1
0.758857,0,,librispeech_0111,impostor_2,librispeech_0312,per-clip-v1
0.591972,0,,librispeech_0111,impostor_3,librispeech_0269,per-clip-v1
0.505210,0,,librispeech_0111,impostor_4,fakeavceleb_00222_Asian(South)_men_id04554,per-clip-v1
0.784670,0,,librispeech_0111,impostor_5,librispeech_0294,per-clip-v1
0.427522,0,,librispeech_0111,impostor_6,fakeavceleb_02846_Caucasian(American)_men_id04219,per-clip-v1
0.796027,0,,librispeech_0111,impostor_7,librispeech_0135,per-clip-v1
0.711382,0,,librispeech_0111,impostor_8,librispeech_0066,per-clip-v1
0.845072,0,,librispeech_0111,impostor_9,asvspoof_0353,per-clip-v1
0.764172,0,,librispeech_0111,impostor_10,fakeavceleb_01084_African_women_id03658,per-clip-v1
0.972721,1,,librispeech_0112,genuine,librispeech_0112,per-clip-v1
0.801762,0,,librispeech_0112,impostor_1,librispeech_0353,per-clip-v1
0.877789,0,,librispeech_0112,impostor_2,fakeavceleb_02833_Caucasian(American)_men_id04034,per-clip-v1
0.781341,0,,librispeech_0112,impostor_3,librispeech_0028,per-clip-v1
0.668558,0,,librispeech_0112,impostor_4,fakeavceleb_00028_African_men_id01597,per-clip-v1
0.871053,0,,librispeech_0112,impostor_5,librispeech_0292,per-clip-v1
0.861337,0,,librispeech_0112,impostor_6,librispeech_0461,per-clip-v1
0.773188,0,,librispeech_0112,impostor_7,fakeavceleb_01443_Asian(East)_men_id06878,per-clip-v1
0.350286,0,,librispeech_0112,impostor_8,fakeavceleb_03682_Caucasian(European)_women_id00403,per-clip-v1
0.419034,0,,librispeech_0112,impostor_9,fakeavceleb_02247_Asian(South)_women_id01026,per-clip-v1
0.626908,0,,librispeech_0112,impostor_10,fakeavceleb_01714_Asian(East)_women_id06061,per-clip-v1
0.984014,1,,librispeech_0113,genuine,librispeech_0113,per-clip-v1
0.529255,0,,librispeech_0113,impostor_1,asvspoof_0315,per-clip-v1
0.309319,0,,librispeech_0113,impostor_2,fakeavceleb_01600_Asian(East)_women_id02587,per-clip-v1
0.680418,0,,librispeech_0113,impostor_3,fakeavceleb_02586_Caucasian(American)_men_id00087,per-clip-v1
0.816560,0,,librispeech_0113,impostor_4,librispeech_0111,per-clip-v1
0.462107,0,,librispeech_0113,impostor_5,librispeech_0496,per-clip-v1
0.523815,0,,librispeech_0113,impostor_6,fakeavceleb_01242_Asian(East)_men_id00740,per-clip-v1
0.852221,0,,librispeech_0113,impostor_7,fakeavceleb_02658_Caucasian(American)_men_id00696,per-clip-v1
0.469803,0,,librispeech_0113,impostor_8,fakeavceleb_00138_Asian(East)_men_id06591,per-clip-v1
0.501284,0,,librispeech_0113,impostor_9,fakeavceleb_01880_Asian(South)_men_id00078,per-clip-v1
0.833432,0,,librispeech_0113,impostor_10,librispeech_0442,per-clip-v1
0.969567,1,,librispeech_0114,genuine,librispeech_0114,per-clip-v1
0.309938,0,,librispeech_0114,impostor_1,fakeavceleb_02486_Asian(South)_women_id07078,per-clip-v1
0.865491,0,,librispeech_0114,impostor_2,librispeech_0332,per-clip-v1
0.851951,0,,librispeech_0114,impostor_3,fakeavceleb_02567_Caucasian(American)_men_id00052,per-clip-v1
0.384627,0,,librispeech_0114,impostor_4,fakeavceleb_03108_Caucasian(American)_women_id01217,per-clip-v1
0.793039,0,,librispeech_0114,impostor_5,librispeech_0364,per-clip-v1
0.357348,0,,librispeech_0114,impostor_6,fakeavceleb_00179_Asian(East)_women_id06158,per-clip-v1
0.553753,0,,librispeech_0114,impostor_7,asvspoof_0071,per-clip-v1
0.588852,0,,librispeech_0114,impostor_8,asvspoof_0477,per-clip-v1
0.689457,0,,librispeech_0114,impostor_9,fakeavceleb_01163_African_women_id05106,per-clip-v1
0.501438,0,,librispeech_0114,impostor_10,fakeavceleb_03844_Caucasian(European)_women_id03816,per-clip-v1
0.934984,1,,librispeech_0115,genuine,librispeech_0115,per-clip-v1
0.557370,0,,librispeech_0115,impostor_1,librispeech_0338,per-clip-v1
0.497260,0,,librispeech_0115,impostor_2,fakeavceleb_03656_Caucasian(European)_women_id00373,per-clip-v1
0.722871,0,,librispeech_0115,impostor_3,fakeavceleb_00137_Asian(East)_men_id06535,per-clip-v1
0.681239,0,,librispeech_0115,impostor_4,fakeavceleb_00478_Caucasian(European)_women_id00591,per-clip-v1
0.221288,0,,librispeech_0115,impostor_5,fakeavceleb_00256_Asian(South)_women_id00488,per-clip-v1
0.692394,0,,librispeech_0115,impostor_6,fakeavceleb_00762_African_men_id01933,per-clip-v1
0.569065,0,,librispeech_0115,impostor_7,librispeech_0411,per-clip-v1
0.821216,0,,librispeech_0115,impostor_8,asvspoof_0446,per-clip-v1
0.466911,0,,librispeech_0115,impostor_9,librispeech_0303,per-clip-v1
0.625937,0,,librispeech_0115,impostor_10,fakeavceleb_01346_Asian(East)_men_id04111,per-clip-v1
0.977993,1,,librispeech_0116,genuine,librispeech_0116,per-clip-v1
0.659513,0,,librispeech_0116,impostor_1,librispeech_0356,per-clip-v1
0.356652,0,,librispeech_0116,impostor_2,fakeavceleb_03235_Caucasian(European)_men_id00183,per-clip-v1
0.696407,0,,librispeech_0116,impostor_3,fakeavceleb_01697_Asian(East)_women_id06054,per-clip-v1
0.878827,0,,librispeech_0116,impostor_4,fakeavceleb_01131_African_women_id04547,per-clip-v1
0.701669,0,,librispeech_0116,impostor_5,fakeavceleb_00150_Asian(East)_women_id00137,per-clip-v1
0.712728,0,,librispeech_0116,impostor_6,asvspoof_0241,per-clip-v1
0.941188,0,,librispeech_0116,impostor_7,librispeech_0018,per-clip-v1
0.713794,0,,librispeech_0116,impostor_8,fakeavceleb_01404_Asian(East)_men_id06269,per-clip-v1
0.486079,0,,librispeech_0116,impostor_9,fakeavceleb_03264_Caucasian(European)_men_id00192,per-clip-v1
0.661216,0,,librispeech_0116,impostor_10,librispeech_0412,per-clip-v1
0.986524,1,,librispeech_0117,genuine,librispeech_0117,per-clip-v1
0.491072,0,,librispeech_0117,impostor_1,librispeech_0392,per-clip-v1
0.467814,0,,librispeech_0117,impostor_2,fakeavceleb_01933_Asian(South)_men_id00745,per-clip-v1
0.357413,0,,librispeech_0117,impostor_3,fakeavceleb_03835_Caucasian(European)_women_id03651,per-clip-v1
0.330291,0,,librispeech_0117,impostor_4,asvspoof_0130,per-clip-v1
0.515147,0,,librispeech_0117,impostor_5,librispeech_0157,per-clip-v1
0.381134,0,,librispeech_0117,impostor_6,asvspoof_0096,per-clip-v1
0.798435,0,,librispeech_0117,impostor_7,fakeavceleb_00127_Asian(East)_men_id04884,per-clip-v1
0.362746,0,,librispeech_0117,impostor_8,fakeavceleb_02504_Asian(South)_women_id07377,per-clip-v1
0.749130,0,,librispeech_0117,impostor_9,fakeavceleb_00547_African_men_id00391,per-clip-v1
0.841087,0,,librispeech_0117,impostor_10,librispeech_0185,per-clip-v1
0.957678,1,,librispeech_0118,genuine,librispeech_0118,per-clip-v1
0.410737,0,,librispeech_0118,impostor_1,fakeavceleb_03518_Caucasian(European)_men_id03205,per-clip-v1
0.558637,0,,librispeech_0118,impostor_2,librispeech_0303,per-clip-v1
0.512789,0,,librispeech_0118,impostor_3,fakeavceleb_00416_Caucasian(European)_men_id00306,per-clip-v1
0.360991,0,,librispeech_0118,impostor_4,fakeavceleb_01667_Asian(East)_women_id04701,per-clip-v1
0.537675,0,,librispeech_0118,impostor_5,fakeavceleb_01746_Asian(East)_women_id06427,per-clip-v1
0.675723,0,,librispeech_0118,impostor_6,fakeavceleb_01532_Asian(East)_women_id00430,per-clip-v1
0.694738,0,,librispeech_0118,impostor_7,fakeavceleb_01284_Asian(East)_men_id01589,per-clip-v1
0.511099,0,,librispeech_0118,impostor_8,librispeech_0194,per-clip-v1
0.537869,0,,librispeech_0118,impostor_9,librispeech_0306,per-clip-v1
0.540247,0,,librispeech_0118,impostor_10,fakeavceleb_03291_Caucasian(European)_men_id00253,per-clip-v1
0.987589,1,,librispeech_0119,genuine,librispeech_0119,per-clip-v1
0.792000,0,,librispeech_0119,impostor_1,fakeavceleb_00956_African_women_id01532,per-clip-v1
0.606528,0,,librispeech_0119,impostor_2,fakeavceleb_02616_Caucasian(American)_men_id00184,per-clip-v1
0.699562,0,,librispeech_0119,impostor_3,librispeech_0135,per-clip-v1
0.814198,0,,librispeech_0119,impostor_4,librispeech_0065,per-clip-v1
0.309198,0,,librispeech_0119,impostor_5,fakeavceleb_02122_Asian(South)_men_id07194,per-clip-v1
0.833762,0,,librispeech_0119,impostor_6,fakeavceleb_03036_Caucasian(American)_women_id00616,per-clip-v1
0.817831,0,,librispeech_0119,impostor_7,fakeavceleb_01814_Asian(East)_women_id09116,per-clip-v1
0.708561,0,,librispeech_0119,impostor_8,fakeavceleb_03177_Caucasian(American)_women_id03605,per-clip-v1
0.398540,0,,librispeech_0119,impostor_9,fakeavceleb_01477_Asian(East)_men_id08652,per-clip-v1
0.588954,0,,librispeech_0119,impostor_10,fakeavceleb_02392_Asian(South)_women_id05845,per-clip-v1
0.976118,1,,librispeech_0120,genuine,librispeech_0120,per-clip-v1
0.645913,0,,librispeech_0120,impostor_1,asvspoof_0445,per-clip-v1
0.699365,0,,librispeech_0120,impostor_2,fakeavceleb_02184_Asian(South)_women_id00080,per-clip-v1
0.604862,0,,librispeech_0120,impostor_3,fakeavceleb_02688_Caucasian(American)_men_id00945,per-clip-v1
0.806765,0,,librispeech_0120,impostor_4,fakeavceleb_03636_Caucasian(European)_women_id00330,per-clip-v1
0.837329,0,,librispeech_0120,impostor_5,fakeavceleb_00380_Caucasian(American)_women_id01004,per-clip-v1
0.615848,0,,librispeech_0120,impostor_6,fakeavceleb_02320_Asian(South)_women_id04490,per-clip-v1
0.779816,0,,librispeech_0120,impostor_7,asvspoof_0326,per-clip-v1
0.846253,0,,librispeech_0120,impostor_8,librispeech_0299,per-clip-v1
0.384898,0,,librispeech_0120,impostor_9,fakeavceleb_00429_Caucasian(European)_men_id00709,per-clip-v1
0.678435,0,,librispeech_0120,impostor_10,fakeavceleb_03190_Caucasian(American)_women_id03707,per-clip-v1
0.973984,1,,librispeech_0121,genuine,librispeech_0121,per-clip-v1
0.582979,0,,librispeech_0121,impostor_1,fakeavceleb_03213_Caucasian(European)_men_id00063,per-clip-v1
0.661816,0,,librispeech_0121,impostor_2,fakeavceleb_03290_Caucasian(European)_men_id00253,per-clip-v1
0.649970,0,,librispeech_0121,impostor_3,fakeavceleb_03626_Caucasian(European)_women_id00325,per-clip-v1
0.384011,0,,librispeech_0121,impostor_4,asvspoof_0326,per-clip-v1
0.480577,0,,librispeech_0121,impostor_5,fakeavceleb_02314_Asian(South)_women_id04490,per-clip-v1
0.329028,0,,librispeech_0121,impostor_6,fakeavceleb_03768_Caucasian(European)_women_id00806,per-clip-v1
0.791883,0,,librispeech_0121,impostor_7,asvspoof_0025,per-clip-v1
0.664551,0,,librispeech_0121,impostor_8,fakeavceleb_00931_African_women_id00829,per-clip-v1
0.885866,0,,librispeech_0121,impostor_9,librispeech_0332,per-clip-v1
0.708266,0,,librispeech_0121,impostor_10,fakeavceleb_03387_Caucasian(European)_men_id00559,per-clip-v1
0.986071,1,,librispeech_0122,genuine,librispeech_0122,per-clip-v1
0.508578,0,,librispeech_0122,impostor_1,asvspoof_0208,per-clip-v1
0.580329,0,,librispeech_0122,impostor_2,fakeavceleb_03170_Caucasian(American)_women_id03556,per-clip-v1
0.586446,0,,librispeech_0122,impostor_3,fakeavceleb_00785_African_men_id02005,per-clip-v1
0.627529,0,,librispeech_0122,impostor_4,librispeech_0089,per-clip-v1
0.657204,0,,librispeech_0122,impostor_5,fakeavceleb_00412_Caucasian(European)_men_id00266,per-clip-v1
0.561342,0,,librispeech_0122,impostor_6,librispeech_0336,per-clip-v1
0.769651,0,,librispeech_0122,impostor_7,librispeech_0388,per-clip-v1
0.683881,0,,librispeech_0122,impostor_8,fakeavceleb_03408_Caucasian(European)_men_id00909,per-clip-v1
0.495159,0,,librispeech_0122,impostor_9,fakeavceleb_00490_Caucasian(European)_women_id03371,per-clip-v1
0.646244,0,,librispeech_0122,impostor_10,fakeavceleb_02711_Caucasian(American)_men_id01044,per-clip-v1
0.972582,1,,librispeech_0123,genuine,librispeech_0123,per-clip-v1
0.287674,0,,librispeech_0123,impostor_1,fakeavceleb_02092_Asian(South)_men_id07161,per-clip-v1
0.847313,0,,librispeech_0123,impostor_2,librispeech_0296,per-clip-v1
0.907556,0,,librispeech_0123,impostor_3,librispeech_0314,per-clip-v1
0.869912,0,,librispeech_0123,impostor_4,librispeech_0032,per-clip-v1
0.810299,0,,librispeech_0123,impostor_5,librispeech_0427,per-clip-v1
0.732783,0,,librispeech_0123,impostor_6,fakeavceleb_01796_Asian(East)_women_id08139,per-clip-v1
0.509040,0,,librispeech_0123,impostor_7,librispeech_0199,per-clip-v1
0.543951,0,,librispeech_0123,impostor_8,fakeavceleb_01339_Asian(East)_men_id03965,per-clip-v1
0.748501,0,,librispeech_0123,impostor_9,asvspoof_0467,per-clip-v1
0.416389,0,,librispeech_0123,impostor_10,fakeavceleb_00419_Caucasian(European)_men_id00415,per-clip-v1
0.965786,1,,librispeech_0124,genuine,librispeech_0124,per-clip-v1
0.335980,0,,librispeech_0124,impostor_1,fakeavceleb_03388_Caucasian(European)_men_id00559,per-clip-v1
0.511954,0,,librispeech_0124,impostor_2,librispeech_0345,per-clip-v1
0.788944,0,,librispeech_0124,impostor_3,fakeavceleb_01051_African_women_id02838,per-clip-v1
0.488015,0,,librispeech_0124,impostor_4,librispeech_0187,per-clip-v1
0.183376,0,,librispeech_0124,impostor_5,fakeavceleb_00709_African_men_id01598,per-clip-v1
0.824445,0,,librispeech_0124,impostor_6,librispeech_0443,per-clip-v1
0.457131,0,,librispeech_0124,impostor_7,asvspoof_0216,per-clip-v1
0.828693,0,,librispeech_0124,impostor_8,fakeavceleb_03654_Caucasian(European)_women_id00373,per-clip-v1
0.570267,0,,librispeech_0124,impostor_9,librispeech_0068,per-clip-v1
0.736575,0,,librispeech_0124,impostor_10,fakeavceleb_02383_Asian(South)_women_id05478,per-clip-v1
0.956245,1,,librispeech_0125,genuine,librispeech_0125,per-clip-v1
0.304702,0,,librispeech_0125,impostor_1,fakeavceleb_03088_Caucasian(American)_women_id01004,per-clip-v1
0.408435,0,,librispeech_0125,impostor_2,fakeavceleb_01190_African_women_id05252,per-clip-v1
0.415011,0,,librispeech_0125,impostor_3,asvspoof_0389,per-clip-v1
0.757378,0,,librispeech_0125,impostor_4,librispeech_0180,per-clip-v1
0.649230,0,,librispeech_0125,impostor_5,librispeech_0446,per-clip-v1
0.798754,0,,librispeech_0125,impostor_6,fakeavceleb_02700_Caucasian(American)_men_id01035,per-clip-v1
0.300869,0,,librispeech_0125,impostor_7,fakeavceleb_02440_Asian(South)_women_id06428,per-clip-v1
0.607174,0,,librispeech_0125,impostor_8,fakeavceleb_01302_Asian(East)_men_id02365,per-clip-v1
0.852965,0,,librispeech_0125,impostor_9,fakeavceleb_00326_Caucasian(American)_men_id01044,per-clip-v1
0.565990,0,,librispeech_0125,impostor_10,asvspoof_0128,per-clip-v1
0.975339,1,,librispeech_0126,genuine,librispeech_0126,per-clip-v1
0.321259,0,,librispeech_0126,impostor_1,asvspoof_0010,per-clip-v1
0.347593,0,,librispeech_0126,impostor_2,fakeavceleb_01508_Asian(East)_women_id00137,per-clip-v1
0.486102,0,,librispeech_0126,impostor_3,librispeech_0248,per-clip-v1
0.435124,0,,librispeech_0126,impostor_4,librispeech_0234,per-clip-v1
0.294946,0,,librispeech_0126,impostor_5,fakeavceleb_02483_Asian(South)_women_id07078,per-clip-v1
0.900635,0,,librispeech_0126,impostor_6,librispeech_0408,per-clip-v1
0.542468,0,,librispeech_0126,impostor_7,fakeavceleb_00070_African_women_id02617,per-clip-v1
0.455512,0,,librispeech_0126,impostor_8,fakeavceleb_01444_Asian(East)_men_id06878,per-clip-v1
0.639940,0,,librispeech_0126,impostor_9,librispeech_0279,per-clip-v1
0.269152,0,,librispeech_0126,impostor_10,fakeavceleb_00291_Asian(South)_women_id07008,per-clip-v1
0.967349,1,,librispeech_0127,genuine,librispeech_0127,per-clip-v1
0.488885,0,,librispeech_0127,impostor_1,librispeech_0360,per-clip-v1
0.539844,0,,librispeech_0127,impostor_2,fakeavceleb_03326_Caucasian(European)_men_id00306,per-clip-v1
0.615203,0,,librispeech_0127,impostor_3,fakeavceleb_03487_Caucasian(European)_men_id01123,per-clip-v1
0.578839,0,,librispeech_0127,impostor_4,fakeavceleb_03114_Caucasian(American)_women_id01225,per-clip-v1
0.604657,0,,librispeech_0127,impostor_5,fakeavceleb_02135_Asian(South)_men_id07200,per-clip-v1
0.777871,0,,librispeech_0127,impostor_6,asvspoof_0103,per-clip-v1
0.734740,0,,librispeech_0127,impostor_7,fakeavceleb_01311_Asian(East)_men_id02493,per-clip-v1
0.889537,0,,librispeech_0127,impostor_8,librispeech_0103,per-clip-v1
0.855727,0,,librispeech_0127,impostor_9,fakeavceleb_02983_Caucasian(American)_women_id00398,per-clip-v1
0.369947,0,,librispeech_0127,impostor_10,librispeech_0492,per-clip-v1
0.974549,1,,librispeech_0128,genuine,librispeech_0128,per-clip-v1
0.842975,0,,librispeech_0128,impostor_1,asvspoof_0387,per-clip-v1
0.774751,0,,librispeech_0128,impostor_2,fakeavceleb_03334_Caucasian(European)_men_id00368,per-clip-v1
0.484757,0,,librispeech_0128,impostor_3,asvspoof_0337,per-clip-v1
0.726391,0,,librispeech_0128,impostor_4,librispeech_0268,per-clip-v1
0.624059,0,,librispeech_0128,impostor_5,fakeavceleb_02290_Asian(South)_women_id03815,per-clip-v1
0.630019,0,,librispeech_0128,impostor_6,fakeavceleb_02355_Asian(South)_women_id04927,per-clip-v1
0.432625,0,,librispeech_0128,impostor_7,fakeavceleb_03029_Caucasian(American)_women_id00555,per-clip-v1
0.593121,0,,librispeech_0128,impostor_8,librispeech_0251,per-clip-v1
0.482223,0,,librispeech_0128,impostor_9,fakeavceleb_01588_Asian(East)_women_id01281,per-clip-v1
0.615453,0,,librispeech_0128,impostor_10,asvspoof_0125,per-clip-v1
0.964310,1,,librispeech_0129,genuine,librispeech_0129,per-clip-v1
0.599538,0,,librispeech_0129,impostor_1,fakeavceleb_00726_African_men_id01691,per-clip-v1
0.851482,0,,librispeech_0129,impostor_2,librispeech_0412,per-clip-v1
0.679336,0,,librispeech_0129,impostor_3,fakeavceleb_02797_Caucasian(American)_men_id01210,per-clip-v1
0.574793,0,,librispeech_0129,impostor_4,fakeavceleb_02986_Caucasian(American)_women_id00398,per-clip-v1
0.444463,0,,librispeech_0129,impostor_5,fakeavceleb_01263_Asian(East)_men_id01204,per-clip-v1
0.513806,0,,librispeech_0129,impostor_6,asvspoof_0464,per-clip-v1
0.724122,0,,librispeech_0129,impostor_7,fakeavceleb_00029_African_men_id01598,per-clip-v1
0.397653,0,,librispeech_0129,impostor_8,fakeavceleb_01907_Asian(South)_men_id00350,per-clip-v1
0.892632,0,,librispeech_0129,impostor_9,fakeavceleb_02651_Caucasian(American)_men_id00529,per-clip-v1
0.831827,0,,librispeech_0129,impostor_10,librispeech_0260,per-clip-v1
0.964725,1,,librispeech_0130,genuine,librispeech_0130,per-clip-v1
0.646594,0,,librispeech_0130,impostor_1,fakeavceleb_02819_Caucasian(American)_men_id03678,per-clip-v1
0.895695,0,,librispeech_0130,impostor_2,fakeavceleb_01474_Asian(East)_men_id08652,per-clip-v1
0.838190,0,,librispeech_0130,impostor_3,librispeech_0016,per-clip-v1
0.534353,0,,librispeech_0130,impostor_4,fakeavceleb_03473_Caucasian(European)_men_id01099,per-clip-v1
0.534615,0,,librispeech_0130,impostor_5,fakeavceleb_02036_Asian(South)_men_id04599,per-clip-v1
0.534831,0,,librispeech_0130,impostor_6,fakeavceleb_00834_African_men_id02494,per-clip-v1
0.611064,0,,librispeech_0130,impostor_7,librispeech_0138,per-clip-v1
0.395015,0,,librispeech_0130,impostor_8,fakeavceleb_00072_African_women_id02808,per-clip-v1
0.942522,0,,librispeech_0130,impostor_9,librispeech_0154,per-clip-v1
0.745747,0,,librispeech_0130,impostor_10,librispeech_0354,per-clip-v1
0.980605,1,,librispeech_0131,genuine,librispeech_0131,per-clip-v1
0.733680,0,,librispeech_0131,impostor_1,fakeavceleb_00166_Asian(East)_women_id04066,per-clip-v1
0.555259,0,,librispeech_0131,impostor_2,librispeech_0408,per-clip-v1
0.582359,0,,librispeech_0131,impostor_3,asvspoof_0134,per-clip-v1
0.277902,0,,librispeech_0131,impostor_4,fakeavceleb_00242_Asian(South)_men_id07200,per-clip-v1
0.619080,0,,librispeech_0131,impostor_5,fakeavceleb_00081_African_women_id03747,per-clip-v1
0.877861,0,,librispeech_0131,impostor_6,librispeech_0302,per-clip-v1
0.704370,0,,librispeech_0131,impostor_7,librispeech_0192,per-clip-v1
0.434217,0,,librispeech_0131,impostor_8,fakeavceleb_00021_African_men_id01236,per-clip-v1
0.790941,0,,librispeech_0131,impostor_9,fakeavceleb_00483_Caucasian(European)_women_id00813,per-clip-v1
0.454360,0,,librispeech_0131,impostor_10,librispeech_0449,per-clip-v1
0.937144,1,,librispeech_0132,genuine,librispeech_0132,per-clip-v1
0.608878,0,,librispeech_0132,impostor_1,fakeavceleb_00220_Asian(South)_men_id04526,per-clip-v1
0.676468,0,,librispeech_0132,impostor_2,librispeech_0042,per-clip-v1
0.376115,0,,librispeech_0132,impostor_3,fakeavceleb_02030_Asian(South)_men_id04562,per-clip-v1
0.612703,0,,librispeech_0132,impostor_4,fakeavceleb_03291_Caucasian(European)_men_id00253,per-clip-v1
0.582651,0,,librispeech_0132,impostor_5,asvspoof_0355,per-clip-v1
0.383701,0,,librispeech_0132,impostor_6,fakeavceleb_00210_Asian(South)_men_id00745,per-clip-v1
0.616101,0,,librispeech_0132,impostor_7,librispeech_0422,per-clip-v1
0.508594,0,,librispeech_0132,impostor_8,librispeech_0200,per-clip-v1
0.605572,0,,librispeech_0132,impostor_9,asvspoof_0004,per-clip-v1
0.316025,0,,librispeech_0132,impostor_10,fakeavceleb_00024_African_men_id01521,per-clip-v1
0.973034,1,,librispeech_0133,genuine,librispeech_0133,per-clip-v1
0.417349,0,,librispeech_0133,impostor_1,fakeavceleb_01583_Asian(East)_women_id00935,per-clip-v1
0.547605,0,,librispeech_0133,impostor_2,librispeech_0493,per-clip-v1
0.577975,0,,librispeech_0133,impostor_3,librispeech_0329,per-clip-v1
0.776130,0,,librispeech_0133,impostor_4,fakeavceleb_00514_African_men_id00166,per-clip-v1
0.512891,0,,librispeech_0133,impostor_5,librispeech_0464,per-clip-v1
0.392280,0,,librispeech_0133,impostor_6,fakeavceleb_02861_Caucasian(American)_women_id00025,per-clip-v1
0.443594,0,,librispeech_0133,impostor_7,asvspoof_0466,per-clip-v1
0.623953,0,,librispeech_0133,impostor_8,fakeavceleb_01238_Asian(East)_men_id00597,per-clip-v1
0.324102,0,,librispeech_0133,impostor_9,fakeavceleb_01017_African_women_id02508,per-clip-v1
0.454862,0,,librispeech_0133,impostor_10,fakeavceleb_01023_African_women_id02586,per-clip-v1
0.939274,1,,librispeech_0134,genuine,librispeech_0134,per-clip-v1
0.691062,0,,librispeech_0134,impostor_1,librispeech_0262,per-clip-v1
0.443741,0,,librispeech_0134,impostor_2,librispeech_0007,per-clip-v1
0.739784,0,,librispeech_0134,impostor_3,fakeavceleb_00805_African_men_id02051,per-clip-v1
0.602229,0,,librispeech_0134,impostor_4,fakeavceleb_00230_Asian(South)_men_id06354,per-clip-v1
0.517146,0,,librispeech_0134,impostor_5,fakeavceleb_01881_Asian(South)_men_id00082,per-clip-v1
0.543150,0,,librispeech_0134,impostor_6,fakeavceleb_00176_Asian(East)_women_id06061,per-clip-v1
0.670026,0,,librispeech_0134,impostor_7,fakeavceleb_01064_African_women_id03103,per-clip-v1
0.482618,0,,librispeech_0134,impostor_8,fakeavceleb_03846_Caucasian(European)_women_id03816,per-clip-v1
0.347342,0,,librispeech_0134,impostor_9,fakeavceleb_02176_Asian(South)_women_id00043,per-clip-v1
0.455790,0,,librispeech_0134,impostor_10,asvspoof_0037,per-clip-v1
0.986740,1,,librispeech_0135,genuine,librispeech_0135,per-clip-v1
0.675978,0,,librispeech_0135,impostor_1,librispeech_0478,per-clip-v1
0.369790,0,,librispeech_0135,impostor_2,fakeavceleb_02445_Asian(South)_women_id06428,per-clip-v1
0.436394,0,,librispeech_0135,impostor_3,asvspoof_0073,per-clip-v1
0.445967,0,,librispeech_0135,impostor_4,fakeavceleb_01972_Asian(South)_men_id00857,per-clip-v1
0.597448,0,,librispeech_0135,impostor_5,fakeavceleb_03080_Caucasian(American)_women_id01004,per-clip-v1
0.646933,0,,librispeech_0135,impostor_6,fakeavceleb_01141_African_women_id04736,per-clip-v1
0.659307,0,,librispeech_0135,impostor_7,fakeavceleb_03736_Caucasian(European)_women_id00589,per-clip-v1
0.534061,0,,librispeech_0135,impostor_8,fakeavceleb_00964_African_women_id01661,per-clip-v1
0.527640,0,,librispeech_0135,impostor_9,fakeavceleb_02890_Caucasian(American)_women_id00098,per-clip-v1
0.631402,0,,librispeech_0135,impostor_10,fakeavceleb_00603_African_men_id01076,per-clip-v1
0.986695,1,,librispeech_0136,genuine,librispeech_0136,per-clip-v1
0.554710,0,,librispeech_0136,impostor_1,fakeavceleb_03400_Caucasian(European)_men_id00694,per-clip-v1
0.855347,0,,librispeech_0136,impostor_2,fakeavceleb_02622_Caucasian(American)_men_id00243,per-clip-v1
0.288886,0,,librispeech_0136,impostor_3,fakeavceleb_02383_Asian(South)_women_id05478,per-clip-v1
0.892712,0,,librispeech_0136,impostor_4,fakeavceleb_03484_Caucasian(European)_men_id01102,per-clip-v1
0.294525,0,,librispeech_0136,impostor_5,asvspoof_0197,per-clip-v1
0.279249,0,,librispeech_0136,impostor_6,fakeavceleb_02429_Asian(South)_women_id06343,per-clip-v1
0.338589,0,,librispeech_0136,impostor_7,fakeavceleb_03866_Caucasian(European)_women_id03941,per-clip-v1
0.386261,0,,librispeech_0136,impostor_8,librispeech_0392,per-clip-v1
0.427182,0,,librispeech_0136,impostor_9,fakeavceleb_02979_Caucasian(American)_women_id00385,per-clip-v1
0.322732,0,,librispeech_0136,impostor_10,fakeavceleb_00470_Caucasian(European)_women_id00434,per-clip-v1
0.970582,1,,librispeech_0137,genuine,librispeech_0137,per-clip-v1
0.436056,0,,librispeech_0137,impostor_1,fakeavceleb_00232_Asian(South)_men_id06753,per-clip-v1
0.525272,0,,librispeech_0137,impostor_2,fakeavceleb_01294_Asian(East)_men_id02332,per-clip-v1
0.448973,0,,librispeech_0137,impostor_3,librispeech_0062,per-clip-v1
0.610066,0,,librispeech_0137,impostor_4,fakeavceleb_00159_Asian(East)_women_id01451,per-clip-v1
0.213968,0,,librispeech_0137,impostor_5,fakeavceleb_02059_Asian(South)_men_id06354,per-clip-v1
0.355570,0,,librispeech_0137,impostor_6,fakeavceleb_00204_Asian(South)_men_id00103,per-clip-v1
0.479825,0,,librispeech_0137,impostor_7,librispeech_0408,per-clip-v1
0.820635,0,,librispeech_0137,impostor_8,librispeech_0427,per-clip-v1
0.231463,0,,librispeech_0137,impostor_9,fakeavceleb_01878_Asian(South)_men_id00078,per-clip-v1
0.494916,0,,librispeech_0137,impostor_10,librispeech_0321,per-clip-v1
0.984429,1,,librispeech_0138,genuine,librispeech_0138,per-clip-v1
0.887176,0,,librispeech_0138,impostor_1,librispeech_0212,per-clip-v1
0.111055,0,,librispeech_0138,impostor_2,fakeavceleb_00297_Asian(South)_women_id07377,per-clip-v1
0.432856,0,,librispeech_0138,impostor_3,fakeavceleb_01242_Asian(East)_men_id00740,per-clip-v1
0.112701,0,,librispeech_0138,impostor_4,fakeavceleb_00290_Asian(South)_women_id06752,per-clip-v1
0.781218,0,,librispeech_0138,impostor_5,fakeavceleb_03301_Caucasian(European)_men_id00266,per-clip-v1
0.484046,0,,librispeech_0138,impostor_6,librispeech_0274,per-clip-v1
0.134074,0,,librispeech_0138,impostor_7,fakeavceleb_03777_Caucasian(European)_women_id00823,per-clip-v1
0.348697,0,,librispeech_0138,impostor_8,fakeavceleb_01368_Asian(East)_men_id04774,per-clip-v1
0.622651,0,,librispeech_0138,impostor_9,librispeech_0289,per-clip-v1
0.948131,0,,librispeech_0138,impostor_10,librispeech_0001,per-clip-v1
0.980365,1,,librispeech_0139,genuine,librispeech_0139,per-clip-v1
0.320774,0,,librispeech_0139,impostor_1,fakeavceleb_01992_Asian(South)_men_id03599,per-clip-v1
0.458953,0,,librispeech_0139,impostor_2,librispeech_0134,per-clip-v1
0.477888,0,,librispeech_0139,impostor_3,fakeavceleb_02669_Caucasian(American)_men_id00708,per-clip-v1
0.791128,0,,librispeech_0139,impostor_4,fakeavceleb_02216_Asian(South)_women_id00417,per-clip-v1
0.800307,0,,librispeech_0139,impostor_5,fakeavceleb_03069_Caucasian(American)_women_id00841,per-clip-v1
0.926042,0,,librispeech_0139,impostor_6,librispeech_0093,per-clip-v1
0.796943,0,,librispeech_0139,impostor_7,asvspoof_0364,per-clip-v1
0.785402,0,,librispeech_0139,impostor_8,librispeech_0222,per-clip-v1
0.353030,0,,librispeech_0139,impostor_9,fakeavceleb_00215_Asian(South)_men_id00860,per-clip-v1
0.281054,0,,librispeech_0139,impostor_10,fakeavceleb_02096_Asian(South)_men_id07161,per-clip-v1
0.974806,1,,librispeech_0140,genuine,librispeech_0140,per-clip-v1
0.649389,0,,librispeech_0140,impostor_1,fakeavceleb_02874_Caucasian(American)_women_id00097,per-clip-v1
0.595073,0,,librispeech_0140,impostor_2,librispeech_0399,per-clip-v1
0.771299,0,,librispeech_0140,impostor_3,librispeech_0159,per-clip-v1
0.468385,0,,librispeech_0140,impostor_4,librispeech_0322,per-clip-v1
0.491025,0,,librispeech_0140,impostor_5,fakeavceleb_00436_Caucasian(European)_men_id00999,per-clip-v1
0.436030,0,,librispeech_0140,impostor_6,fakeavceleb_03445_Caucasian(European)_men_id00990,per-clip-v1
0.598392,0,,librispeech_0140,impostor_7,librispeech_0409,per-clip-v1
0.755722,0,,librispeech_0140,impostor_8,fakeavceleb_02412_Asian(South)_women_id06232,per-clip-v1
0.649890,0,,librispeech_0140,impostor_9,librispeech_0044,per-clip-v1
0.844544,0,,librispeech_0140,impostor_10,fakeavceleb_00931_African_women_id00829,per-clip-v1
0.979830,1,,librispeech_0141,genuine,librispeech_0141,per-clip-v1
0.595313,0,,librispeech_0141,impostor_1,fakeavceleb_02975_Caucasian(American)_women_id00383,per-clip-v1
0.394642,0,,librispeech_0141,impostor_2,fakeavceleb_02500_Asian(South)_women_id07236,per-clip-v1
0.718930,0,,librispeech_0141,impostor_3,fakeavceleb_00076_African_women_id03103,per-clip-v1
0.502538,0,,librispeech_0141,impostor_4,fakeavceleb_02878_Caucasian(American)_women_id00097,per-clip-v1
0.910106,0,,librispeech_0141,impostor_5,librispeech_0183,per-clip-v1
0.659922,0,,librispeech_0141,impostor_6,librispeech_0255,per-clip-v1
0.489497,0,,librispeech_0141,impostor_7,fakeavceleb_01713_Asian(East)_women_id06061,per-clip-v1
0.853325,0,,librispeech_0141,impostor_8,librispeech_0160,per-clip-v1
0.684748,0,,librispeech_0141,impostor_9,fakeavceleb_03426_Caucasian(European)_men_id00946,per-clip-v1
0.594923,0,,librispeech_0141,impostor_10,fakeavceleb_00123_Asian(East)_men_id04691,per-clip-v1
0.982753,1,,librispeech_0142,genuine,librispeech_0142,per-clip-v1
0.701457,0,,librispeech_0142,impostor_1,fakeavceleb_03256_Caucasian(European)_men_id00186,per-clip-v1
0.885701,0,,librispeech_0142,impostor_2,fakeavceleb_02833_Caucasian(American)_men_id04034,per-clip-v1
0.946979,0,,librispeech_0142,impostor_3,librispeech_0187,per-clip-v1
0.655341,0,,librispeech_0142,impostor_4,librispeech_0274,per-clip-v1
0.884289,0,,librispeech_0142,impostor_5,librispeech_0013,per-clip-v1
0.723662,0,,librispeech_0142,impostor_6,asvspoof_0160,per-clip-v1
0.578796,0,,librispeech_0142,impostor_7,librispeech_0065,per-clip-v1
0.827505,0,,librispeech_0142,impostor_8,fakeavceleb_02656_Caucasian(American)_men_id00696,per-clip-v1
0.778812,0,,librispeech_0142,impostor_9,fakeavceleb_01292_Asian(East)_men_id01683,per-clip-v1
0.880727,0,,librispeech_0142,impostor_10,fakeavceleb_01409_Asian(East)_men_id06467,per-clip-v1
0.986244,1,,librispeech_0143,genuine,librispeech_0143,per-clip-v1
0.684826,0,,librispeech_0143,impostor_1,librispeech_0063,per-clip-v1
0.702955,0,,librispeech_0143,impostor_2,fakeavceleb_02019_Asian(South)_men_id04560,per-clip-v1
0.760694,0,,librispeech_0143,impostor_3,fakeavceleb_00090_African_women_id04705,per-clip-v1
0.673632,0,,librispeech_0143,impostor_4,fakeavceleb_01796_Asian(East)_women_id08139,per-clip-v1
0.891961,0,,librispeech_0143,impostor_5,librispeech_0037,per-clip-v1
0.658592,0,,librispeech_0143,impostor_6,librispeech_0374,per-clip-v1
0.678259,0,,librispeech_0143,impostor_7,librispeech_0085,per-clip-v1
0.634554,0,,librispeech_0143,impostor_8,fakeavceleb_02256_Asian(South)_women_id02089,per-clip-v1
0.502891,0,,librispeech_0143,impostor_9,fakeavceleb_02004_Asian(South)_men_id04537,per-clip-v1
0.328949,0,,librispeech_0143,impostor_10,asvspoof_0106,per-clip-v1
0.979260,1,,librispeech_0144,genuine,librispeech_0144,per-clip-v1
0.848097,0,,librispeech_0144,impostor_1,fakeavceleb_02167_Asian(South)_men_id08457,per-clip-v1
0.509068,0,,librispeech_0144,impostor_2,fakeavceleb_03696_Caucasian(European)_women_id00484,per-clip-v1
0.509179,0,,librispeech_0144,impostor_3,fakeavceleb_02981_Caucasian(American)_women_id00398,per-clip-v1
0.839277,0,,librispeech_0144,impostor_4,fakeavceleb_01296_Asian(East)_men_id02332,per-clip-v1
0.694021,0,,librispeech_0144,impostor_5,librispeech_0282,per-clip-v1
0.785536,0,,librispeech_0144,impostor_6,asvspoof_0390,per-clip-v1
0.796470,0,,librispeech_0144,impostor_7,fakeavceleb_01988_Asian(South)_men_id03344,per-clip-v1
0.800566,0,,librispeech_0144,impostor_8,fakeavceleb_02061_Asian(South)_men_id06355,per-clip-v1
0.784892,0,,librispeech_0144,impostor_9,librispeech_0037,per-clip-v1
0.838830,0,,librispeech_0144,impostor_10,fakeavceleb_00106_Asian(East)_men_id01204,per-clip-v1
0.969789,1,,librispeech_0145,genuine,librispeech_0145,per-clip-v1
0.824581,0,,librispeech_0145,impostor_1,librispeech_0463,per-clip-v1
0.369846,0,,librispeech_0145,impostor_2,fakeavceleb_02549_Caucasian(American)_men_id00029,per-clip-v1
0.538154,0,,librispeech_0145,impostor_3,fakeavceleb_02721_Caucasian(American)_men_id01048,per-clip-v1
0.895350,0,,librispeech_0145,impostor_4,librispeech_0235,per-clip-v1
0.333643,0,,librispeech_0145,impostor_5,fakeavceleb_00508_African_men_id00076,per-clip-v1
0.691543,0,,librispeech_0145,impostor_6,asvspoof_0347,per-clip-v1
0.427130,0,,librispeech_0145,impostor_7,fakeavceleb_03433_Caucasian(European)_men_id00963,per-clip-v1
0.587342,0,,librispeech_0145,impostor_8,librispeech_0355,per-clip-v1
0.508407,0,,librispeech_0145,impostor_9,fakeavceleb_01091_African_women_id03713,per-clip-v1
0.903128,0,,librispeech_0145,impostor_10,librispeech_0261,per-clip-v1
0.991994,1,,librispeech_0146,genuine,librispeech_0146,per-clip-v1
0.699644,0,,librispeech_0146,impostor_1,librispeech_0077,per-clip-v1
0.445330,0,,librispeech_0146,impostor_2,librispeech_0154,per-clip-v1
0.772510,0,,librispeech_0146,impostor_3,librispeech_0104,per-clip-v1
0.248960,0,,librispeech_0146,impostor_4,fakeavceleb_03865_Caucasian(European)_women_id03941,per-clip-v1
0.287978,0,,librispeech_0146,impostor_5,fakeavceleb_02983_Caucasian(American)_women_id00398,per-clip-v1
0.709216,0,,librispeech_0146,impostor_6,asvspoof_0261,per-clip-v1
0.247158,0,,librispeech_0146,impostor_7,fakeavceleb_01822_Asian(East)_women_id09116,per-clip-v1
0.870066,0,,librispeech_0146,impostor_8,librispeech_0013,per-clip-v1
0.426570,0,,librispeech_0146,impostor_9,fakeavceleb_03748_Caucasian(European)_women_id00591,per-clip-v1
0.356930,0,,librispeech_0146,impostor_10,fakeavceleb_01811_Asian(East)_women_id08819,per-clip-v1
0.986155,1,,librispeech_0147,genuine,librispeech_0147,per-clip-v1
0.709323,0,,librispeech_0147,impostor_1,fakeavceleb_01142_African_women_id04736,per-clip-v1
0.611158,0,,librispeech_0147,impostor_2,fakeavceleb_03816_Caucasian(European)_women_id03589,per-clip-v1
0.765882,0,,librispeech_0147,impostor_3,fakeavceleb_00288_Asian(South)_women_id06439,per-clip-v1
0.437325,0,,librispeech_0147,impostor_4,fakeavceleb_02622_Caucasian(American)_men_id00243,per-clip-v1
0.488760,0,,librispeech_0147,impostor_5,fakeavceleb_00673_African_men_id01528,per-clip-v1
0.629559,0,,librispeech_0147,impostor_6,fakeavceleb_02954_Caucasian(American)_women_id00291,per-clip-v1
0.402122,0,,librispeech_0147,impostor_7,fakeavceleb_02835_Caucasian(American)_men_id04073,per-clip-v1
0.699423,0,,librispeech_0147,impostor_8,fakeavceleb_02236_Asian(South)_women_id00739,per-clip-v1
0.937066,0,,librispeech_0147,impostor_9,librispeech_0323,per-clip-v1
0.207315,0,,librispeech_0147,impostor_10,fakeavceleb_02697_Caucasian(American)_men_id01035,per-clip-v1
0.973724,1,,librispeech_0148,genuine,librispeech_0148,per-clip-v1
0.851292,0,,librispeech_0148,impostor_1,fakeavceleb_03393_Caucasian(European)_men_id00594,per-clip-v1
0.886835,0,,librispeech_0148,impostor_2,librispeech_0091,per-clip-v1
0.403844,0,,librispeech_0148,impostor_3,asvspoof_0260,per-clip-v1
0.861933,0,,librispeech_0148,impostor_4,librispeech_0287,per-clip-v1
0.701254,0,,librispeech_0148,impostor_5,fakeavceleb_03791_Caucasian(European)_women_id00897,per-clip-v1
0.535250,0,,librispeech_0148,impostor_6,fakeavceleb_03667_Caucasian(European)_women_id00374,per-clip-v1
0.767075,0,,librispeech_0148,impostor_7,fakeavceleb_02740_Caucasian(American)_men_id01163,per-clip-v1
0.512189,0,,librispeech_0148,impostor_8,asvspoof_0140,per-clip-v1
0.761375,0,,librispeech_0148,impostor_9,asvspoof_0218,per-clip-v1
0.629112,0,,librispeech_0148,impostor_10,librispeech_0357,per-clip-v1
0.933290,1,,librispeech_0149,genuine,librispeech_0149,per-clip-v1
0.622616,0,,librispeech_0149,impostor_1,fakeavceleb_03487_Caucasian(European)_men_id01123,per-clip-v1
0.418603,0,,librispeech_0149,impostor_2,fakeavceleb_02464_Asian(South)_women_id06445,per-clip-v1
0.329450,0,,librispeech_0149,impostor_3,fakeavceleb_01995_Asian(South)_men_id03945,per-clip-v1
0.773434,0,,librispeech_0149,impostor_4,librispeech_0011,per-clip-v1
0.352125,0,,librispeech_0149,impostor_5,fakeavceleb_01954_Asian(South)_men_id00773,per-clip-v1
0.625416,0,,librispeech_0149,impostor_6,fakeavceleb_02621_Caucasian(American)_men_id00243,per-clip-v1
0.868525,0,,librispeech_0149,impostor_7,librispeech_0139,per-clip-v1
0.619015,0,,librispeech_0149,impostor_8,fakeavceleb_01796_Asian(East)_women_id08139,per-clip-v1
0.486163,0,,librispeech_0149,impostor_9,fakeavceleb_01512_Asian(East)_women_id00363,per-clip-v1
0.299336,0,,librispeech_0149,impostor_10,fakeavceleb_01984_Asian(South)_men_id03180,per-clip-v1
0.980634,1,,librispeech_0150,genuine,librispeech_0150,per-clip-v1
0.227463,0,,librispeech_0150,impostor_1,fakeavceleb_03643_Caucasian(European)_women_id00332,per-clip-v1
0.483669,0,,librispeech_0150,impostor_2,fakeavceleb_03438_Caucasian(European)_men_id00981,per-clip-v1
0.917133,0,,librispeech_0150,impostor_3,fakeavceleb_02516_Caucasian(American)_men_id00018,per-clip-v1
0.232525,0,,librispeech_0150,impostor_4,fakeavceleb_02322_Asian(South)_women_id04529,per-clip-v1
0.424089,0,,librispeech_0150,impostor_5,fakeavceleb_03563_Caucasian(European)_women_id00188,per-clip-v1
0.282273,0,,librispeech_0150,impostor_6,fakeavceleb_03615_Caucasian(European)_women_id00287,per-clip-v1
0.685640,0,,librispeech_0150,impostor_7,fakeavceleb_00505_African_men_id00076,per-clip-v1
0.325717,0,,librispeech_0150,impostor_8,asvspoof_0307,per-clip-v1
0.329001,0,,librispeech_0150,impostor_9,fakeavceleb_00886_African_women_id00460,per-clip-v1
0.400429,0,,librispeech_0150,impostor_10,fakeavceleb_03103_Caucasian(American)_women_id01091,per-clip-v1
0.972962,1,,librispeech_0151,genuine,librispeech_0151,per-clip-v1
0.869724,0,,librispeech_0151,impostor_1,librispeech_0115,per-clip-v1
0.680581,0,,librispeech_0151,impostor_2,librispeech_0479,per-clip-v1
0.721653,0,,librispeech_0151,impostor_3,librispeech_0239,per-clip-v1
0.914479,0,,librispeech_0151,impostor_4,fakeavceleb_00124_Asian(East)_men_id04726,per-clip-v1
0.629797,0,,librispeech_0151,impostor_5,asvspoof_0385,per-clip-v1
0.401428,0,,librispeech_0151,impostor_6,fakeavceleb_02163_Asian(South)_men_id08314,per-clip-v1
0.498583,0,,librispeech_0151,impostor_7,fakeavceleb_03539_Caucasian(European)_women_id00068,per-clip-v1
0.357925,0,,librispeech_0151,impostor_8,fakeavceleb_02171_Asian(South)_women_id00043,per-clip-v1
0.711756,0,,librispeech_0151,impostor_9,fakeavceleb_00940_African_women_id00832,per-clip-v1
0.439661,0,,librispeech_0151,impostor_10,fakeavceleb_00262_Asian(South)_women_id02619,per-clip-v1
0.992704,1,,librispeech_0152,genuine,librispeech_0152,per-clip-v1
0.621802,0,,librispeech_0152,impostor_1,librispeech_0123,per-clip-v1
0.943815,0,,librispeech_0152,impostor_2,librispeech_0360,per-clip-v1
0.817450,0,,librispeech_0152,impostor_3,librispeech_0046,per-clip-v1
0.628384,0,,librispeech_0152,impostor_4,asvspoof_0390,per-clip-v1
0.815059,0,,librispeech_0152,impostor_5,librispeech_0064,per-clip-v1
0.385755,0,,librispeech_0152,impostor_6,asvspoof_0340,per-clip-v1
0.666818,0,,librispeech_0152,impostor_7,librispeech_0414,per-clip-v1
0.197266,0,,librispeech_0152,impostor_8,fakeavceleb_02483_Asian(South)_women_id07078,per-clip-v1
0.712671,0,,librispeech_0152,impostor_9,librispeech_0169,per-clip-v1
0.805373,0,,librispeech_0152,impostor_10,librispeech_0461,per-clip-v1
0.981756,1,,librispeech_0153,genuine,librispeech_0153,per-clip-v1
0.448511,0,,librispeech_0153,impostor_1,librispeech_0459,per-clip-v1
0.547309,0,,librispeech_0153,impostor_2,fakeavceleb_02451_Asian(South)_women_id06438,per-clip-v1
0.859530,0,,librispeech_0153,impostor_3,fakeavceleb_03065_Caucasian(American)_women_id00841,per-clip-v1
0.949275,0,,librispeech_0153,impostor_4,librispeech_0282,per-clip-v1
0.588335,0,,librispeech_0153,impostor_5,fakeavceleb_02582_Caucasian(American)_men_id00062,per-clip-v1
0.781833,0,,librispeech_0153,impostor_6,fakeavceleb_02960_Caucasian(American)_women_id00291,per-clip-v1
0.403521,0,,librispeech_0153,impostor_7,fakeavceleb_03382_Caucasian(European)_men_id00554,per-clip-v1
0.474531,0,,librispeech_0153,impostor_8,fakeavceleb_03230_Caucasian(European)_men_id00171,per-clip-v1
0.813702,0,,librispeech_0153,impostor_9,librispeech_0048,per-clip-v1
0.705616,0,,librispeech_0153,impostor_10,fakeavceleb_02907_Caucasian(American)_women_id00145,per-clip-v1
0.983243,1,,librispeech_0154,genuine,librispeech_0154,per-clip-v1
0.789393,0,,librispeech_0154,impostor_1,librispeech_0473,per-clip-v1
0.382329,0,,librispeech_0154,impostor_2,fakeavceleb_01911_Asian(South)_men_id00414,per-clip-v1
0.634611,0,,librispeech_0154,impostor_3,fakeavceleb_00730_African_men_id01691,per-clip-v1
0.577024,0,,librispeech_0154,impostor_4,fakeavceleb_01839_Asian(East)_women_id09174,per-clip-v1
0.852880,0,,librispeech_0154,impostor_5,librispeech_0194,per-clip-v1
0.656462,0,,librispeech_0154,impostor_6,fakeavceleb_01118_African_women_id04376,per-clip-v1
0.710325,0,,librispeech_0154,impostor_7,fakeavceleb_02686_Caucasian(American)_men_id00943,per-clip-v1
0.852117,0,,librispeech_0154,impostor_8,asvspoof_0207,per-clip-v1
0.713841,0,,librispeech_0154,impostor_9,fakeavceleb_01039_African_women_id02808,per-clip-v1
0.481824,0,,librispeech_0154,impostor_10,fakeavceleb_03507_Caucasian(European)_men_id01157,per-clip-v1
0.976863,1,,librispeech_0155,genuine,librispeech_0155,per-clip-v1
0.750093,0,,librispeech_0155,impostor_1,librispeech_0498,per-clip-v1
0.909153,0,,librispeech_0155,impostor_2,fakeavceleb_00358_Caucasian(American)_women_id00261,per-clip-v1
0.892892,0,,librispeech_0155,impostor_3,librispeech_0119,per-clip-v1
0.736604,0,,librispeech_0155,impostor_4,fakeavceleb_01428_Asian(East)_men_id06591,per-clip-v1
0.702388,0,,librispeech_0155,impostor_5,fakeavceleb_03771_Caucasian(European)_women_id00813,per-clip-v1
0.923206,0,,librispeech_0155,impostor_6,librispeech_0312,per-clip-v1
0.803948,0,,librispeech_0155,impostor_7,fakeavceleb_01721_Asian(East)_women_id06065,per-clip-v1
0.514538,0,,librispeech_0155,impostor_8,fakeavceleb_01964_Asian(South)_men_id00816,per-clip-v1
0.369768,0,,librispeech_0155,impostor_9,fakeavceleb_03398_Caucasian(European)_men_id00694,per-clip-v1
0.526574,0,,librispeech_0155,impostor_10,librispeech_0014,per-clip-v1
0.979069,1,,librispeech_0156,genuine,librispeech_0156,per-clip-v1
0.407347,0,,librispeech_0156,impostor_1,fakeavceleb_02995_Caucasian(American)_women_id00418,per-clip-v1
0.266468,0,,librispeech_0156,impostor_2,fakeavceleb_00088_African_women_id04547,per-clip-v1
0.327801,0,,librispeech_0156,impostor_3,fakeavceleb_03175_Caucasian(American)_women_id03605,per-clip-v1
0.578345,0,,librispeech_0156,impostor_4,librispeech_0029,per-clip-v1
0.664257,0,,librispeech_0156,impostor_5,fakeavceleb_00147_Asian(East)_men_id08652,per-clip-v1
0.358512,0,,librispeech_0156,impostor_6,fakeavceleb_03660_Caucasian(European)_women_id00373,per-clip-v1
0.768836,0,,librispeech_0156,impostor_7,fakeavceleb_01381_Asian(East)_men_id05268,per-clip-v1
0.224723,0,,librispeech_0156,impostor_8,fakeavceleb_03711_Caucasian(European)_women_id00495,per-clip-v1
0.222020,0,,librispeech_0156,impostor_9,fakeavceleb_03335_Caucasian(European)_men_id00368,per-clip-v1
0.900049,0,,librispeech_0156,impostor_10,fakeavceleb_02731_Caucasian(American)_men_id01105,per-clip-v1
0.967014,1,,librispeech_0157,genuine,librispeech_0157,per-clip-v1
0.447023,0,,librispeech_0157,impostor_1,librispeech_0187,per-clip-v1
0.270863,0,,librispeech_0157,impostor_2,fakeavceleb_02128_Asian(South)_men_id07195,per-clip-v1
0.343243,0,,librispeech_0157,impostor_3,fakeavceleb_02192_Asian(South)_women_id00080,per-clip-v1
0.752562,0,,librispeech_0157,impostor_4,fakeavceleb_03038_Caucasian(American)_women_id00616,per-clip-v1
0.616448,0,,librispeech_0157,impostor_5,fakeavceleb_03825_Caucasian(European)_women_id03649,per-clip-v1
0.887703,0,,librispeech_0157,impostor_6,asvspoof_0223,per-clip-v1
0.286188,0,,librispeech_0157,impostor_7,fakeavceleb_02012_Asian(South)_men_id04554,per-clip-v1
0.374256,0,,librispeech_0157,impostor_8,fakeavceleb_00015_African_men_id01036,per-clip-v1
0.647290,0,,librispeech_0157,impostor_9,fakeavceleb_00463_Caucasian(European)_women_id00332,per-clip-v1
0.650861,0,,librispeech_0157,impostor_10,fakeavceleb_03137_Caucasian(American)_women_id01238,per-clip-v1
0.944009,1,,librispeech_0158,genuine,librispeech_0158,per-clip-v1
0.316828,0,,librispeech_0158,impostor_1,asvspoof_0277,per-clip-v1
0.240061,0,,librispeech_0158,impostor_2,fakeavceleb_00261_Asian(South)_women_id02310,per-clip-v1
0.552505,0,,librispeech_0158,impostor_3,fakeavceleb_00232_Asian(South)_men_id06753,per-clip-v1
0.563103,0,,librispeech_0158,impostor_4,librispeech_0049,per-clip-v1
0.756384,0,,librispeech_0158,impostor_5,fakeavceleb_02836_Caucasian(American)_men_id04073,per-clip-v1
0.549362,0,,librispeech_0158,impostor_6,librispeech_0039,per-clip-v1
0.403076,0,,librispeech_0158,impostor_7,librispeech_0462,per-clip-v1
0.390172,0,,librispeech_0158,impostor_8,fakeavceleb_00068_African_women_id02508,per-clip-v1
0.581407,0,,librispeech_0158,impostor_9,fakeavceleb_03233_Caucasian(European)_men_id00183,per-clip-v1
0.495348,0,,librispeech_0158,impostor_10,librispeech_0059,per-clip-v1
0.960121,1,,librispeech_0159,genuine,librispeech_0159,per-clip-v1
0.758438,0,,librispeech_0159,impostor_1,fakeavceleb_00964_African_women_id01661,per-clip-v1
0.647559,0,,librispeech_0159,impostor_2,fakeavceleb_02306_Asian(South)_women_id03985,per-clip-v1
0.685159,0,,librispeech_0159,impostor_3,fakeavceleb_01376_Asian(East)_men_id04884,per-clip-v1
0.412217,0,,librispeech_0159,impostor_4,fakeavceleb_00339_Caucasian(American)_men_id01211,per-clip-v1
0.616323,0,,librispeech_0159,impostor_5,librispeech_0288,per-clip-v1
0.645462,0,,librispeech_0159,impostor_6,librispeech_0243,per-clip-v1
0.793211,0,,librispeech_0159,impostor_7,librispeech_0303,per-clip-v1
0.544260,0,,librispeech_0159,impostor_8,fakeavceleb_02691_Caucasian(American)_men_id00945,per-clip-v1
0.415159,0,,librispeech_0159,impostor_9,fakeavceleb_02749_Caucasian(American)_men_id01168,per-clip-v1
0.680106,0,,librispeech_0159,impostor_10,asvspoof_0042,per-clip-v1
0.966298,1,,librispeech_0160,genuine,librispeech_0160,per-clip-v1
0.603984,0,,librispeech_0160,impostor_1,fakeavceleb_03809_Caucasian(European)_women_id01002,per-clip-v1
0.642642,0,,librispeech_0160,impostor_2,fakeavceleb_00422_Caucasian(European)_men_id00520,per-clip-v1
0.848419,0,,librispeech_0160,impostor_3,librispeech_0004,per-clip-v1
0.627519,0,,librispeech_0160,impostor_4,fakeavceleb_03244_Caucasian(European)_men_id00185,per-clip-v1
0.465114,0,,librispeech_0160,impostor_5,fakeavceleb_02918_Caucasian(American)_women_id00180,per-clip-v1
0.784563,0,,librispeech_0160,impostor_6,fakeavceleb_00833_African_men_id02342,per-clip-v1
0.568754,0,,librispeech_0160,impostor_7,fakeavceleb_00135_Asian(East)_men_id06467,per-clip-v1
0.288363,0,,librispeech_0160,impostor_8,fakeavceleb_01091_African_women_id03713,per-clip-v1
0.686500,0,,librispeech_0160,impostor_9,librispeech_0262,per-clip-v1
0.468566,0,,librispeech_0160,impostor_10,fakeavceleb_02152_Asian(South)_men_id07463,per-clip-v1
0.975681,1,,librispeech_0161,genuine,librispeech_0161,per-clip-v1
0.601247,0,,librispeech_0161,impostor_1,librispeech_0422,per-clip-v1
0.419282,0,,librispeech_0161,impostor_2,fakeavceleb_01462_Asian(East)_men_id08299,per-clip-v1
0.739721,0,,librispeech_0161,impostor_3,fakeavceleb_03818_Caucasian(European)_women_id03620,per-clip-v1
0.710337,0,,librispeech_0161,impostor_4,fakeavceleb_03653_Caucasian(European)_women_id00365,per-clip-v1
0.388344,0,,librispeech_0161,impostor_5,fakeavceleb_01877_Asian(South)_men_id00078,per-clip-v1
0.620871,0,,librispeech_0161,impostor_6,librispeech_0393,per-clip-v1
0.891470,0,,librispeech_0161,impostor_7,fakeavceleb_02591_Caucasian(American)_men_id00088,per-clip-v1
0.413398,0,,librispeech_0161,impostor_8,librispeech_0400,per-clip-v1
0.584930,0,,librispeech_0161,impostor_9,fakeavceleb_00180_Asian(East)_women_id06225,per-clip-v1
0.815299,0,,librispeech_0161,impostor_10,librispeech_0485,per-clip-v1
0.980707,1,,librispeech_0162,genuine,librispeech_0162,per-clip-v1
0.260955,0,,librispeech_0162,impostor_1,fakeavceleb_03443_Caucasian(European)_men_id00990,per-clip-v1
0.604121,0,,librispeech_0162,impostor_2,asvspoof_0083,per-clip-v1
0.534045,0,,librispeech_0162,impostor_3,fakeavceleb_01064_African_women_id03103,per-clip-v1
0.314212,0,,librispeech_0162,impostor_4,asvspoof_0330,per-clip-v1
0.337427,0,,librispeech_0162,impostor_5,fakeavceleb_00786_African_men_id02005,per-clip-v1
0.515958,0,,librispeech_0162,impostor_6,librispeech_0165,per-clip-v1
0.233702,0,,librispeech_0162,impostor_7,fakeavceleb_01396_Asian(East)_men_id05479,per-clip-v1
0.559122,0,,librispeech_0162,impostor_8,librispeech_0361,per-clip-v1
0.457018,0,,librispeech_0162,impostor_9,librispeech_0187,per-clip-v1
0.404995,0,,librispeech_0162,impostor_10,fakeavceleb_01398_Asian(East)_men_id05743,per-clip-v1
0.970367,1,,librispeech_0163,genuine,librispeech_0163,per-clip-v1
0.516584,0,,librispeech_0163,impostor_1,fakeavceleb_03276_Caucasian(European)_men_id00241,per-clip-v1
0.195479,0,,librispeech_0163,impostor_2,fakeavceleb_02384_Asian(South)_women_id05478,per-clip-v1
0.618301,0,,librispeech_0163,impostor_3,fakeavceleb_01420_Asian(East)_men_id06470,per-clip-v1
0.497498,0,,librispeech_0163,impostor_4,librispeech_0107,per-clip-v1
0.283983,0,,librispeech_0163,impostor_5,fakeavceleb_00093_African_women_id04939,per-clip-v1
0.737192,0,,librispeech_0163,impostor_6,fakeavceleb_03332_Caucasian(European)_men_id00368,per-clip-v1
0.581416,0,,librispeech_0163,impostor_7,librispeech_0363,per-clip-v1
0.246414,0,,librispeech_0163,impostor_8,fakeavceleb_00084_African_women_id04374,per-clip-v1
0.909276,0,,librispeech_0163,impostor_9,librispeech_0129,per-clip-v1
0.611707,0,,librispeech_0163,impostor_10,fakeavceleb_03345_Caucasian(European)_men_id00498,per-clip-v1
0.978852,1,,librispeech_0164,genuine,librispeech_0164,per-clip-v1
0.551007,0,,librispeech_0164,impostor_1,librispeech_0431,per-clip-v1
0.788064,0,,librispeech_0164,impostor_2,asvspoof_0210,per-clip-v1
0.890072,0,,librispeech_0164,impostor_3,librispeech_0191,per-clip-v1
0.309722,0,,librispeech_0164,impostor_4,fakeavceleb_00812_African_men_id02268,per-clip-v1
0.277908,0,,librispeech_0164,impostor_5,fakeavceleb_02153_Asian(South)_men_id07463,per-clip-v1
0.332720,0,,librispeech_0164,impostor_6,fakeavceleb_00102_Asian(East)_men_id00560,per-clip-v1
0.575369,0,,librispeech_0164,impostor_7,fakeavceleb_02998_Caucasian(American)_women_id00428,per-clip-v1
0.508547,0,,librispeech_0164,impostor_8,fakeavceleb_02415_Asian(South)_women_id06254,per-clip-v1
0.262762,0,,librispeech_0164,impostor_9,fakeavceleb_00552_African_men_id00475,per-clip-v1
0.289606,0,,librispeech_0164,impostor_10,fakeavceleb_01946_Asian(South)_men_id00769,per-clip-v1
0.942332,1,,librispeech_0165,genuine,librispeech_0165,per-clip-v1
0.441794,0,,librispeech_0165,impostor_1,fakeavceleb_03483_Caucasian(European)_men_id01102,per-clip-v1
0.828646,0,,librispeech_0165,impostor_2,fakeavceleb_00330_Caucasian(American)_men_id01124,per-clip-v1
0.529531,0,,librispeech_0165,impostor_3,fakeavceleb_00004_African_men_id00391,per-clip-v1
0.565754,0,,librispeech_0165,impostor_4,fakeavceleb_03815_Caucasian(European)_women_id03589,per-clip-v1
0.675263,0,,librispeech_0165,impostor_5,librispeech_0279,per-clip-v1
0.522122,0,,librispeech_0165,impostor_6,fakeavceleb_03631_Caucasian(European)_women_id00328,per-clip-v1
0.854963,0,,librispeech_0165,impostor_7,librispeech_0490,per-clip-v1
0.637931,0,,librispeech_0165,impostor_8,librispeech_0400,per-clip-v1
0.709587,0,,librispeech_0165,impostor_9,librispeech_0354,per-clip-v1
0.627482,0,,librispeech_0165,impostor_10,fakeavceleb_00492_Caucasian(European)_women_id03620,per-clip-v1
0.981746,1,,librispeech_0166,genuine,librispeech_0166,per-clip-v1
0.720647,0,,librispeech_0166,impostor_1,librispeech_0149,per-clip-v1
0.912961,0,,librispeech_0166,impostor_2,librispeech_0304,per-clip-v1
0.907895,0,,librispeech_0166,impostor_3,librispeech_0431,per-clip-v1
0.808435,0,,librispeech_0166,impostor_4,fakeavceleb_00347_Caucasian(American)_men_id04216,per-clip-v1
0.503068,0,,librispeech_0166,impostor_5,fakeavceleb_03832_Caucasian(European)_women_id03651,per-clip-v1
0.609994,0,,librispeech_0166,impostor_6,fakeavceleb_01448_Asian(East)_men_id07338,per-clip-v1
0.374240,0,,librispeech_0166,impostor_7,asvspoof_0313,per-clip-v1
0.394383,0,,librispeech_0166,impostor_8,fakeavceleb_00095_African_women_id05231,per-clip-v1
0.535363,0,,librispeech_0166,impostor_9,librispeech_0120,per-clip-v1
0.594415,0,,librispeech_0166,impostor_10,fakeavceleb_00423_Caucasian(European)_men_id00535,per-clip-v1
0.989838,1,,librispeech_0167,genuine,librispeech_0167,per-clip-v1
0.544666,0,,librispeech_0167,impostor_1,fakeavceleb_03433_Caucasian(European)_men_id00963,per-clip-v1
0.358914,0,,librispeech_0167,impostor_2,fakeavceleb_01770_Asian(East)_women_id07039,per-clip-v1
0.377516,0,,librispeech_0167,impostor_3,fakeavceleb_02969_Caucasian(American)_women_id00381,per-clip-v1
0.677921,0,,librispeech_0167,impostor_4,librispeech_0064,per-clip-v1
0.412752,0,,librispeech_0167,impostor_5,fakeavceleb_01451_Asian(East)_men_id07338,per-clip-v1
0.211583,0,,librispeech_0167,impostor_6,fakeavceleb_02437_Asian(South)_women_id06343,per-clip-v1
0.278702,0,,librispeech_0167,impostor_7,fakeavceleb_00856_African_women_id00220,per-clip-v1
0.848842,0,,librispeech_0167,impostor_8,fakeavceleb_00556_African_men_id00476,per-clip-v1
0.303047,0,,librispeech_0167,impostor_9,fakeavceleb_01776_Asian(East)_women_id07739,per-clip-v1
0.353245,0,,librispeech_0167,impostor_10,fakeavceleb_00868_African_women_id00359,per-clip-v1
0.987041,1,,librispeech_0168,genuine,librispeech_0168,per-clip-v1
0.567129,0,,librispeech_0168,impostor_1,fakeavceleb_00609_African_men_id01076,per-clip-v1
0.774258,0,,librispeech_0168,impostor_2,librispeech_0252,per-clip-v1
0.819308,0,,librispeech_0168,impostor_3,librispeech_0048,per-clip-v1
0.464017,0,,librispeech_0168,impostor_4,fakeavceleb_01050_African_women_id02824,per-clip-v1
0.419656,0,,librispeech_0168,impostor_5,fakeavceleb_01674_Asian(East)_women_id05576,per-clip-v1
0.747752,0,,librispeech_0168,impostor_6,fakeavceleb_02811_Caucasian(American)_men_id01239,per-clip-v1
0.573534,0,,librispeech_0168,impostor_7,librispeech_0157,per-clip-v1
0.755677,0,,librispeech_0168,impostor_8,asvspoof_0081,per-clip-v1
0.312183,0,,librispeech_0168,impostor_9,fakeavceleb_01170_African_women_id05231,per-clip-v1
0.554614,0,,librispeech_0168,impostor_10,librispeech_0248,per-clip-v1
0.985206,1,,librispeech_0169,genuine,librispeech_0169,per-clip-v1
0.431527,0,,librispeech_0169,impostor_1,fakeavceleb_01116_African_women_id04376,per-clip-v1
0.833931,0,,librispeech_0169,impostor_2,fakeavceleb_00551_African_men_id00475,per-clip-v1
0.341431,0,,librispeech_0169,impostor_3,fakeavceleb_02498_Asian(South)_women_id07236,per-clip-v1
0.341423,0,,librispeech_0169,impostor_4,fakeavceleb_01619_Asian(East)_women_id03211,per-clip-v1
0.417674,0,,librispeech_0169,impostor_5,fakeavceleb_03062_Caucasian(American)_women_id00835,per-clip-v1
0.364944,0,,librispeech_0169,impostor_6,fakeavceleb_03498_Caucasian(European)_men_id01154,per-clip-v1
0.234640,0,,librispeech_0169,impostor_7,fakeavceleb_03796_Caucasian(European)_women_id01001,per-clip-v1
0.541941,0,,librispeech_0169,impostor_8,fakeavceleb_01129_African_women_id04540,per-clip-v1
0.626739,0,,librispeech_0169,impostor_9,fakeavceleb_01358_Asian(East)_men_id04726,per-clip-v1
0.237207,0,,librispeech_0169,impostor_10,fakeavceleb_03825_Caucasian(European)_women_id03649,per-clip-v1
0.978386,1,,librispeech_0170,genuine,librispeech_0170,per-clip-v1
0.865559,0,,librispeech_0170,impostor_1,librispeech_0280,per-clip-v1
0.738339,0,,librispeech_0170,impostor_2,librispeech_0338,per-clip-v1
0.528574,0,,librispeech_0170,impostor_3,fakeavceleb_01743_Asian(East)_women_id06388,per-clip-v1
0.390355,0,,librispeech_0170,impostor_4,fakeavceleb_00375_Caucasian(American)_women_id00752,per-clip-v1
0.828911,0,,librispeech_0170,impostor_5,librispeech_0135,per-clip-v1
0.537562,0,,librispeech_0170,impostor_6,fakeavceleb_03369_Caucasian(European)_men_id00535,per-clip-v1
0.463278,0,,librispeech_0170,impostor_7,librispeech_0365,per-clip-v1
0.672013,0,,librispeech_0170,impostor_8,librispeech_0312,per-clip-v1
0.627704,0,,librispeech_0170,impostor_9,fakeavceleb_00459_Caucasian(European)_women_id00287,per-clip-v1
0.596852,0,,librispeech_0170,impostor_10,asvspoof_0417,per-clip-v1
0.979550,1,,librispeech_0171,genuine,librispeech_0171,per-clip-v1
0.882937,0,,librispeech_0171,impostor_1,fakeavceleb_00358_Caucasian(American)_women_id00261,per-clip-v1
0.727707,0,,librispeech_0171,impostor_2,librispeech_0191,per-clip-v1
0.520387,0,,librispeech_0171,impostor_3,fakeavceleb_03397_Caucasian(European)_men_id00694,per-clip-v1
0.634405,0,,librispeech_0171,impostor_4,fakeavceleb_02853_Caucasian(American)_men_id04221,per-clip-v1
0.554075,0,,librispeech_0171,impostor_5,fakeavceleb_01503_Asian(East)_women_id00137,per-clip-v1
0.640241,0,,librispeech_0171,impostor_6,fakeavceleb_03475_Caucasian(European)_men_id01099,per-clip-v1
0.873092,0,,librispeech_0171,impostor_7,librispeech_0173,per-clip-v1
0.412275,0,,librispeech_0171,impostor_8,fakeavceleb_00853_African_men_id04727,per-clip-v1
0.689586,0,,librispeech_0171,impostor_9,fakeavceleb_03541_Caucasian(European)_women_id00068,per-clip-v1
0.583827,0,,librispeech_0171,impostor_10,asvspoof_0412,per-clip-v1
0.938392,1,,librispeech_0172,genuine,librispeech_0172,per-clip-v1
0.486795,0,,librispeech_0172,impostor_1,fakeavceleb_03243_Caucasian(European)_men_id00185,per-clip-v1
0.799410,0,,librispeech_0172,impostor_2,fakeavceleb_00321_Caucasian(American)_men_id00943,per-clip-v1
0.695893,0,,librispeech_0172,impostor_3,fakeavceleb_03450_Caucasian(European)_men_id00999,per-clip-v1
0.694191,0,,librispeech_0172,impostor_4,fakeavceleb_00750_African_men_id01856,per-clip-v1
0.290212,0,,librispeech_0172,impostor_5,fakeavceleb_01113_African_women_id04374,per-clip-v1
0.536313,0,,librispeech_0172,impostor_6,librispeech_0413,per-clip-v1
0.629786,0,,librispeech_0172,impostor_7,fakeavceleb_01434_Asian(East)_men_id06594,per-clip-v1
0.579657,0,,librispeech_0172,impostor_8,fakeavceleb_00143_Asian(East)_men_id07102,per-clip-v1
0.767172,0,,librispeech_0172,impostor_9,fakeavceleb_00597_African_men_id00987,per-clip-v1
0.289984,0,,librispeech_0172,impostor_10,fakeavceleb_01801_Asian(East)_women_id08397,per-clip-v1
0.986759,1,,librispeech_0173,genuine,librispeech_0173,per-clip-v1
0.865654,0,,librispeech_0173,impostor_1,librispeech_0451,per-clip-v1
0.558527,0,,librispeech_0173,impostor_2,fakeavceleb_02336_Asian(South)_women_id04564,per-clip-v1
0.573540,0,,librispeech_0173,impostor_3,fakeavceleb_02657_Caucasian(American)_men_id00696,per-clip-v1
0.846974,0,,librispeech_0173,impostor_4,fakeavceleb_02923_Caucasian(American)_women_id00190,per-clip-v1
0.905157,0,,librispeech_0173,impostor_5,librispeech_0363,per-clip-v1
0.841284,0,,librispeech_0173,impostor_6,fakeavceleb_01129_African_women_id04540,per-clip-v1
0.485957,0,,librispeech_0173,impostor_7,fakeavceleb_01696_Asian(East)_women_id06054,per-clip-v1
0.599940,0,,librispeech_0173,impostor_8,asvspoof_0285,per-clip-v1
0.484895,0,,librispeech_0173,impostor_9,fakeavceleb_00648_African_men_id01236,per-clip-v1
0.738022,0,,librispeech_0173,impostor_10,fakeavceleb_01428_Asian(East)_men_id06591,per-clip-v1
0.965640,1,,librispeech_0174,genuine,librispeech_0174,per-clip-v1
0.783118,0,,librispeech_0174,impostor_1,fakeavceleb_01185_African_women_id05251,per-clip-v1
0.551913,0,,librispeech_0174,impostor_2,librispeech_0110,per-clip-v1
0.760694,0,,librispeech_0174,impostor_3,librispeech_0121,per-clip-v1
0.825686,0,,librispeech_0174,impostor_4,librispeech_0017,per-clip-v1
0.822670,0,,librispeech_0174,impostor_5,asvspoof_0291,per-clip-v1
0.418389,0,,librispeech_0174,impostor_6,fakeavceleb_02135_Asian(South)_men_id07200,per-clip-v1
0.555840,0,,librispeech_0174,impostor_7,librispeech_0225,per-clip-v1
0.708138,0,,librispeech_0174,impostor_8,librispeech_0397,per-clip-v1
0.616088,0,,librispeech_0174,impostor_9,librispeech_0024,per-clip-v1
0.646088,0,,librispeech_0174,impostor_10,fakeavceleb_01616_Asian(East)_women_id03211,per-clip-v1
0.965529,1,,librispeech_0175,genuine,librispeech_0175,per-clip-v1
0.768531,0,,librispeech_0175,impostor_1,fakeavceleb_01424_Asian(East)_men_id06535,per-clip-v1
0.319694,0,,librispeech_0175,impostor_2,fakeavceleb_01066_African_women_id03103,per-clip-v1
0.575452,0,,librispeech_0175,impostor_3,librispeech_0123,per-clip-v1
0.397303,0,,librispeech_0175,impostor_4,fakeavceleb_01956_Asian(South)_men_id00773,per-clip-v1
0.405057,0,,librispeech_0175,impostor_5,fakeavceleb_01082_African_women_id03656,per-clip-v1
0.522731,0,,librispeech_0175,impostor_6,fakeavceleb_00317_Caucasian(American)_men_id00696,per-clip-v1
0.356772,0,,librispeech_0175,impostor_7,fakeavceleb_03772_Caucasian(European)_women_id00813,per-clip-v1
0.454223,0,,librispeech_0175,impostor_8,librispeech_0219,per-clip-v1
0.853611,0,,librispeech_0175,impostor_9,asvspoof_0412,per-clip-v1
0.421006,0,,librispeech_0175,impostor_10,fakeavceleb_01191_African_women_id05252,per-clip-v1
0.973540,1,,librispeech_0176,genuine,librispeech_0176,per-clip-v1
0.739872,0,,librispeech_0176,impostor_1,librispeech_0032,per-clip-v1
0.505325,0,,librispeech_0176,impostor_2,librispeech_0095,per-clip-v1
0.446327,0,,librispeech_0176,impostor_3,fakeavceleb_01637_Asian(East)_women_id04057,per-clip-v1
0.857734,0,,librispeech_0176,impostor_4,librispeech_0052,per-clip-v1
0.769328,0,,librispeech_0176,impostor_5,fakeavceleb_02720_Caucasian(American)_men_id01048,per-clip-v1
0.816397,0,,librispeech_0176,impostor_6,librispeech_0212,per-clip-v1
0.888048,0,,librispeech_0176,impostor_7,librispeech_0028,per-clip-v1
0.451524,0,,librispeech_0176,impostor_8,fakeavceleb_03695_Caucasian(European)_women_id00484,per-clip-v1
0.574224,0,,librispeech_0176,impostor_9,fakeavceleb_03842_Caucasian(European)_women_id03816,per-clip-v1
0.852694,0,,librispeech_0176,impostor_10,fakeavceleb_00528_African_men_id00173,per-clip-v1
0.991607,1,,librispeech_0177,genuine,librispeech_0177,per-clip-v1
0.848725,0,,librispeech_0177,impostor_1,librispeech_0320,per-clip-v1
0.592334,0,,librispeech_0177,impostor_2,fakeavceleb_03837_Caucasian(European)_women_id03716,per-clip-v1
0.673403,0,,librispeech_0177,impostor_3,fakeavceleb_03030_Caucasian(American)_women_id00575,per-clip-v1
0.822843,0,,librispeech_0177,impostor_4,fakeavceleb_03105_Caucasian(American)_women_id01216,per-clip-v1
0.695115,0,,librispeech_0177,impostor_5,fakeavceleb_01243_Asian(East)_men_id00740,per-clip-v1
0.649251,0,,librispeech_0177,impostor_6,librispeech_0462,per-clip-v1
0.414861,0,,librispeech_0177,impostor_7,fakeavceleb_03222_Caucasian(European)_men_id00171,per-clip-v1
0.774484,0,,librispeech_0177,impostor_8,fakeavceleb_03169_Caucasian(American)_women_id02466,per-clip-v1
0.949309,0,,librispeech_0177,impostor_9,librispeech_0389,per-clip-v1
0.490638,0,,librispeech_0177,impostor_10,fakeavceleb_02465_Asian(South)_women_id06445,per-clip-v1
0.962703,1,,librispeech_0178,genuine,librispeech_0178,per-clip-v1
0.889430,0,,librispeech_0178,impostor_1,librispeech_0147,per-clip-v1
0.756481,0,,librispeech_0178,impostor_2,fakeavceleb_00932_African_women_id00829,per-clip-v1
0.663256,0,,librispeech_0178,impostor_3,asvspoof_0024,per-clip-v1
0.772544,0,,librispeech_0178,impostor_4,fakeavceleb_01160_African_women_id05106,per-clip-v1
0.815273,0,,librispeech_0178,impostor_5,librispeech_0191,per-clip-v1
0.662374,0,,librispeech_0178,impostor_6,librispeech_0317,per-clip-v1
0.851514,0,,librispeech_0178,impostor_7,asvspoof_0132,per-clip-v1
0.611149,0,,librispeech_0178,impostor_8,asvspoof_0471,per-clip-v1
0.848568,0,,librispeech_0178,impostor_9,fakeavceleb_03169_Caucasian(American)_women_id02466,per-clip-v1
0.531539,0,,librispeech_0178,impostor_10,fakeavceleb_00546_African_men_id00366,per-clip-v1
0.975750,1,,librispeech_0179,genuine,librispeech_0179,per-clip-v1
0.682942,0,,librispeech_0179,impostor_1,fakeavceleb_01623_Asian(East)_women_id03379,per-clip-v1
0.458858,0,,librispeech_0179,impostor_2,fakeavceleb_03504_Caucasian(European)_men_id01157,per-clip-v1
0.447265,0,,librispeech_0179,impostor_3,fakeavceleb_00600_African_men_id01036,per-clip-v1
0.768187,0,,librispeech_0179,impostor_4,fakeavceleb_01047_African_women_id02824,per-clip-v1
0.759307,0,,librispeech_0179,impostor_5,fakeavceleb_00090_African_women_id04705,per-clip-v1
0.791610,0,,librispeech_0179,impostor_6,fakeavceleb_00193_Asian(East)_women_id08819,per-clip-v1
0.918536,0,,librispeech_0179,impostor_7,fakeavceleb_01090_African_women_id03713,per-clip-v1
0.664725,0,,librispeech_0179,impostor_8,fakeavceleb_02179_Asian(South)_women_id00043,per-clip-v1
0.864233,0,,librispeech_0179,impostor_9,librispeech_0303,per-clip-v1
0.386296,0,,librispeech_0179,impostor_10,fakeavceleb_00421_Caucasian(European)_men_id00519,per-clip-v1
0.985458,1,,librispeech_0180,genuine,librispeech_0180,per-clip-v1
0.503747,0,,librispeech_0180,impostor_1,fakeavceleb_02250_Asian(South)_women_id01026,per-clip-v1
0.385701,0,,librispeech_0180,impostor_2,fakeavceleb_03862_Caucasian(European)_women_id03941,per-clip-v1
0.724653,0,,librispeech_0180,impostor_3,fakeavceleb_03254_Caucasian(European)_men_id00186,per-clip-v1
0.689415,0,,librispeech_0180,impostor_4,fakeavceleb_02803_Caucasian(American)_men_id01211,per-clip-v1
0.355440,0,,librispeech_0180,impostor_5,fakeavceleb_02121_Asian(South)_men_id07194,per-clip-v1
0.506507,0,,librispeech_0180,impostor_6,fakeavceleb_02187_Asian(South)_women_id00080,per-clip-v1
0.464535,0,,librispeech_0180,impostor_7,fakeavceleb_00359_Caucasian(American)_women_id00272,per-clip-v1
0.598029,0,,librispeech_0180,impostor_8,fakeavceleb_02696_Caucasian(American)_men_id00971,per-clip-v1
0.893060,0,,librispeech_0180,impostor_9,librispeech_0287,per-clip-v1
0.819267,0,,librispeech_0180,impostor_10,librispeech_0292,per-clip-v1
0.919026,1,,librispeech_0181,genuine,librispeech_0181,per-clip-v1
0.503918,0,,librispeech_0181,impostor_1,fakeavceleb_03672_Caucasian(European)_women_id00379,per-clip-v1
0.450031,0,,librispeech_0181,impostor_2,asvspoof_0124,per-clip-v1
0.811587,0,,librispeech_0181,impostor_3,librispeech_0040,per-clip-v1
0.842530,0,,librispeech_0181,impostor_4,librispeech_0009,per-clip-v1
0.698566,0,,librispeech_0181,impostor_5,fakeavceleb_01346_Asian(East)_men_id04111,per-clip-v1
0.580313,0,,librispeech_0181,impostor_6,fakeavceleb_01673_Asian(East)_women_id05576,per-clip-v1
0.463985,0,,librispeech_0181,impostor_7,fakeavceleb_03625_Caucasian(European)_women_id00325,per-clip-v1
0.647015,0,,librispeech_0181,impostor_8,fakeavceleb_03183_Caucasian(American)_women_id03696,per-clip-v1
0.514194,0,,librispeech_0181,impostor_9,librispeech_0022,per-clip-v1
0.514965,0,,librispeech_0181,impostor_10,librispeech_0437,per-clip-v1
0.964516,1,,librispeech_0182,genuine,librispeech_0182,per-clip-v1
0.342623,0,,librispeech_0182,impostor_1,librispeech_0040,per-clip-v1
0.542597,0,,librispeech_0182,impostor_2,fakeavceleb_02557_Caucasian(American)_men_id00049,per-clip-v1
0.810208,0,,librispeech_0182,impostor_3,fakeavceleb_01020_African_women_id02508,per-clip-v1
0.933232,0,,librispeech_0182,impostor_4,librispeech_0460,per-clip-v1
0.416294,0,,librispeech_0182,impostor_5,fakeavceleb_00313_Caucasian(American)_men_id00243,per-clip-v1
0.126842,0,,librispeech_0182,impostor_6,fakeavceleb_00031_African_men_id01637,per-clip-v1
0.585035,0,,librispeech_0182,impostor_7,fakeavceleb_01332_Asian(East)_men_id03889,per-clip-v1
0.600751,0,,librispeech_0182,impostor_8,librispeech_0114,per-clip-v1
0.454807,0,,librispeech_0182,impostor_9,fakeavceleb_02855_Caucasian(American)_men_id04221,per-clip-v1
0.843372,0,,librispeech_0182,impostor_10,librispeech_0147,per-clip-v1
0.980857,1,,librispeech_0183,genuine,librispeech_0183,per-clip-v1
0.897194,0,,librispeech_0183,impostor_1,fakeavceleb_03380_Caucasian(European)_men_id00548,per-clip-v1
0.485324,0,,librispeech_0183,impostor_2,fakeavceleb_03830_Caucasian(European)_women_id03651,per-clip-v1
0.610681,0,,librispeech_0183,impostor_3,fakeavceleb_03433_Caucasian(European)_men_id00963,per-clip-v1
0.816980,0,,librispeech_0183,impostor_4,librispeech_0487,per-clip-v1
0.484312,0,,librispeech_0183,impostor_5,fakeavceleb_02012_Asian(South)_men_id04554,per-clip-v1
0.701198,0,,librispeech_0183,impostor_6,fakeavceleb_02000_Asian(South)_men_id04526,per-clip-v1
0.783527,0,,librispeech_0183,impostor_7,fakeavceleb_01314_Asian(East)_men_id02553,per-clip-v1
0.544657,0,,librispeech_0183,impostor_8,librispeech_0065,per-clip-v1
0.597663,0,,librispeech_0183,impostor_9,fakeavceleb_00984_African_women_id01838,per-clip-v1
0.575519,0,,librispeech_0183,impostor_10,fakeavceleb_02975_Caucasian(American)_women_id00383,per-clip-v1
0.957358,1,,librispeech_0184,genuine,librispeech_0184,per-clip-v1
0.333524,0,,librispeech_0184,impostor_1,fakeavceleb_01799_Asian(East)_women_id08397,per-clip-v1
0.709210,0,,librispeech_0184,impostor_2,fakeavceleb_03219_Caucasian(European)_men_id00063,per-clip-v1
0.282762,0,,librispeech_0184,impostor_3,asvspoof_0185,per-clip-v1
0.733381,0,,librispeech_0184,impostor_4,librispeech_0288,per-clip-v1
0.312069,0,,librispeech_0184,impostor_5,fakeavceleb_00164_Asian(East)_women_id03940,per-clip-v1
0.553101,0,,librispeech_0184,impostor_6,asvspoof_0403,per-clip-v1
0.787455,0,,librispeech_0184,impostor_7,librispeech_0200,per-clip-v1
0.563044,0,,librispeech_0184,impostor_8,asvspoof_0418,per-clip-v1
0.477558,0,,librispeech_0184,impostor_9,fakeavceleb_00543_African_men_id00366,per-clip-v1
0.179448,0,,librispeech_0184,impostor_10,fakeavceleb_02391_Asian(South)_women_id05845,per-clip-v1
0.985153,1,,librispeech_0185,genuine,librispeech_0185,per-clip-v1
0.529714,0,,librispeech_0185,impostor_1,fakeavceleb_01069_African_women_id03569,per-clip-v1
0.843425,0,,librispeech_0185,impostor_2,fakeavceleb_03334_Caucasian(European)_men_id00368,per-clip-v1
0.722053,0,,librispeech_0185,impostor_3,librispeech_0132,per-clip-v1
0.387619,0,,librispeech_0185,impostor_4,fakeavceleb_02488_Asian(South)_women_id07078,per-clip-v1
0.538518,0,,librispeech_0185,impostor_5,fakeavceleb_02150_Asian(South)_men_id07233,per-clip-v1
0.764723,0,,librispeech_0185,impostor_6,fakeavceleb_00363_Caucasian(American)_women_id00385,per-clip-v1
0.540262,0,,librispeech_0185,impostor_7,fakeavceleb_02214_Asian(South)_women_id00417,per-clip-v1
0.728014,0,,librispeech_0185,impostor_8,librispeech_0408,per-clip-v1
0.554230,0,,librispeech_0185,impostor_9,fakeavceleb_03832_Caucasian(European)_women_id03651,per-clip-v1
0.833880,0,,librispeech_0185,impostor_10,fakeavceleb_02540_Caucasian(American)_men_id00021,per-clip-v1
0.968270,1,,librispeech_0186,genuine,librispeech_0186,per-clip-v1
0.377079,0,,librispeech_0186,impostor_1,fakeavceleb_01861_Asian(South)_men_id00033,per-clip-v1
0.660211,0,,librispeech_0186,impostor_2,fakeavceleb_02695_Caucasian(American)_men_id00971,per-clip-v1
0.237148,0,,librispeech_0186,impostor_3,librispeech_0197,per-clip-v1
0.189295,0,,librispeech_0186,impostor_4,fakeavceleb_02283_Asian(South)_women_id03559,per-clip-v1
0.408392,0,,librispeech_0186,impostor_5,librispeech_0274,per-clip-v1
0.440657,0,,librispeech_0186,impostor_6,fakeavceleb_00403_Caucasian(European)_men_id00183,per-clip-v1
0.351558,0,,librispeech_0186,impostor_7,fakeavceleb_01104_African_women_id04055,per-clip-v1
0.279025,0,,librispeech_0186,impostor_8,fakeavceleb_00963_African_women_id01532,per-clip-v1
0.215257,0,,librispeech_0186,impostor_9,fakeavceleb_03796_Caucasian(European)_women_id01001,per-clip-v1
0.788303,0,,librispeech_0186,impostor_10,fakeavceleb_02833_Caucasian(American)_men_id04034,per-clip-v1
0.977597,1,,librispeech_0187,genuine,librispeech_0187,per-clip-v1
0.706103,0,,librispeech_0187,impostor_1,fakeavceleb_03273_Caucasian(European)_men_id00225,per-clip-v1
0.764652,0,,librispeech_0187,impostor_2,fakeavceleb_03277_Caucasian(European)_men_id00241,per-clip-v1
0.831503,0,,librispeech_0187,impostor_3,fakeavceleb_03380_Caucasian(European)_men_id00548,per-clip-v1
0.893316,0,,librispeech_0187,impostor_4,fakeavceleb_01201_Asian(East)_men_id00056,per-clip-v1
0.555758,0,,librispeech_0187,impostor_5,fakeavceleb_00225_Asian(South)_men_id04562,per-clip-v1
0.310359,0,,librispeech_0187,impostor_6,fakeavceleb_02954_Caucasian(American)_women_id00291,per-clip-v1
0.502400,0,,librispeech_0187,impostor_7,fakeavceleb_00894_African_women_id00460,per-clip-v1
0.783135,0,,librispeech_0187,impostor_8,fakeavceleb_03331_Caucasian(European)_men_id00358,per-clip-v1
0.257072,0,,librispeech_0187,impostor_9,asvspoof_0133,per-clip-v1
0.805613,0,,librispeech_0187,impostor_10,librispeech_0341,per-clip-v1
0.976492,1,,librispeech_0188,genuine,librispeech_0188,per-clip-v1
0.805155,0,,librispeech_0188,impostor_1,fakeavceleb_03015_Caucasian(American)_women_id00458,per-clip-v1
0.411568,0,,librispeech_0188,impostor_2,fakeavceleb_03391_Caucasian(European)_men_id00594,per-clip-v1
0.892738,0,,librispeech_0188,impostor_3,librispeech_0137,per-clip-v1
0.898356,0,,librispeech_0188,impostor_4,librispeech_0418,per-clip-v1
0.574259,0,,librispeech_0188,impostor_5,librispeech_0277,per-clip-v1
0.883740,0,,librispeech_0188,impostor_6,fakeavceleb_01104_African_women_id04055,per-clip-v1
0.812154,0,,librispeech_0188,impostor_7,fakeavceleb_03143_Caucasian(American)_women_id01245,per-clip-v1
0.712862,0,,librispeech_0188,impostor_8,fakeavceleb_01268_Asian(East)_men_id01212,per-clip-v1
0.921397,0,,librispeech_0188,impostor_9,librispeech_0337,per-clip-v1
0.463185,0,,librispeech_0188,impostor_10,fakeavceleb_02369_Asian(South)_women_id05434,per-clip-v1
0.908800,1,,librispeech_0189,genuine,librispeech_0189,per-clip-v1
0.462228,0,,librispeech_0189,impostor_1,asvspoof_0208,per-clip-v1
0.397693,0,,librispeech_0189,impostor_2,fakeavceleb_03819_Caucasian(European)_women_id03620,per-clip-v1
0.562236,0,,librispeech_0189,impostor_3,fakeavceleb_02979_Caucasian(American)_women_id00385,per-clip-v1
0.455134,0,,librispeech_0189,impostor_4,fakeavceleb_02142_Asian(South)_men_id07210,per-clip-v1
0.385053,0,,librispeech_0189,impostor_5,fakeavceleb_01769_Asian(East)_women_id07039,per-clip-v1
0.495184,0,,librispeech_0189,impostor_6,fakeavceleb_02137_Asian(South)_men_id07200,per-clip-v1
0.376855,0,,librispeech_0189,impostor_7,fakeavceleb_00877_African_women_id00371,per-clip-v1
0.500353,0,,librispeech_0189,impostor_8,fakeavceleb_01226_Asian(East)_men_id00560,per-clip-v1
0.272222,0,,librispeech_0189,impostor_9,fakeavceleb_02303_Asian(South)_women_id03985,per-clip-v1
0.470473,0,,librispeech_0189,impostor_10,librispeech_0219,per-clip-v1
0.990023,1,,librispeech_0190,genuine,librispeech_0190,per-clip-v1
0.642895,0,,librispeech_0190,impostor_1,fakeavceleb_02935_Caucasian(American)_women_id00231,per-clip-v1
0.404346,0,,librispeech_0190,impostor_2,fakeavceleb_01685_Asian(East)_women_id05631,per-clip-v1
0.681831,0,,librispeech_0190,impostor_3,fakeavceleb_00789_African_men_id02005,per-clip-v1
0.359838,0,,librispeech_0190,impostor_4,fakeavceleb_02229_Asian(South)_women_id00488,per-clip-v1
0.618213,0,,librispeech_0190,impostor_5,fakeavceleb_03003_Caucasian(American)_women_id00431,per-clip-v1
0.417509,0,,librispeech_0190,impostor_6,fakeavceleb_02363_Asian(South)_women_id05434,per-clip-v1
0.823267,0,,librispeech_0190,impostor_7,fakeavceleb_01264_Asian(East)_men_id01212,per-clip-v1
0.421513,0,,librispeech_0190,impostor_8,fakeavceleb_02447_Asian(South)_women_id06437,per-clip-v1
0.267897,0,,librispeech_0190,impostor_9,fakeavceleb_03816_Caucasian(European)_women_id03589,per-clip-v1
0.933828,0,,librispeech_0190,impostor_10,fakeavceleb_00325_Caucasian(American)_men_id01042,per-clip-v1
0.958723,1,,librispeech_0191,genuine,librispeech_0191,per-clip-v1
0.685355,0,,librispeech_0191,impostor_1,fakeavceleb_02338_Asian(South)_women_id04564,per-clip-v1
0.622175,0,,librispeech_0191,impostor_2,librispeech_0285,per-clip-v1
0.658868,0,,librispeech_0191,impostor_3,fakeavceleb_03700_Caucasian(European)_women_id00484,per-clip-v1
0.670556,0,,librispeech_0191,impostor_4,fakeavceleb_01672_Asian(East)_women_id05576,per-clip-v1
0.610279,0,,librispeech_0191,impostor_5,fakeavceleb_01079_African_women_id03656,per-clip-v1
0.875947,0,,librispeech_0191,impostor_6,librispeech_0365,per-clip-v1
0.508355,0,,librispeech_0191,impostor_7,librispeech_0148,per-clip-v1
0.742806,0,,librispeech_0191,impostor_8,librispeech_0153,per-clip-v1
0.641717,0,,librispeech_0191,impostor_9,fakeavceleb_02450_Asian(South)_women_id06438,per-clip-v1
0.862366,0,,librispeech_0191,impostor_10,librispeech_0293,per-clip-v1
0.922637,1,,librispeech_0192,genuine,librispeech_0192,per-clip-v1
0.535869,0,,librispeech_0192,impostor_1,fakeavceleb_01118_African_women_id04376,per-clip-v1
0.706613,0,,librispeech_0192,impostor_2,librispeech_0233,per-clip-v1
0.662363,0,,librispeech_0192,impostor_3,fakeavceleb_03520_Caucasian(European)_men_id03205,per-clip-v1
0.521669,0,,librispeech_0192,impostor_4,fakeavceleb_01848_Asian(East)_women_id09181,per-clip-v1
0.518734,0,,librispeech_0192,impostor_5,fakeavceleb_02281_Asian(South)_women_id03559,per-clip-v1
0.490063,0,,librispeech_0192,impostor_6,fakeavceleb_03618_Caucasian(European)_women_id00287,per-clip-v1
0.453294,0,,librispeech_0192,impostor_7,fakeavceleb_03768_Caucasian(European)_women_id00806,per-clip-v1
0.611500,0,,librispeech_0192,impostor_8,fakeavceleb_00991_African_women_id01907,per-clip-v1
0.658757,0,,librispeech_0192,impostor_9,librispeech_0320,per-clip-v1
0.712606,0,,librispeech_0192,impostor_10,fakeavceleb_01296_Asian(East)_men_id02332,per-clip-v1
0.954816,1,,librispeech_0193,genuine,librispeech_0193,per-clip-v1
0.640880,0,,librispeech_0193,impostor_1,librispeech_0457,per-clip-v1
0.507367,0,,librispeech_0193,impostor_2,fakeavceleb_01345_Asian(East)_men_id04111,per-clip-v1
0.873967,0,,librispeech_0193,impostor_3,fakeavceleb_02906_Caucasian(American)_women_id00145,per-clip-v1
0.687466,0,,librispeech_0193,impostor_4,librispeech_0135,per-clip-v1
0.634225,0,,librispeech_0193,impostor_5,asvspoof_0392,per-clip-v1
0.587811,0,,librispeech_0193,impostor_6,librispeech_0220,per-clip-v1
0.480800,0,,librispeech_0193,impostor_7,librispeech_0408,per-clip-v1
0.431874,0,,librispeech_0193,impostor_8,librispeech_0004,per-clip-v1
0.613255,0,,librispeech_0193,impostor_9,librispeech_0332,per-clip-v1
0.669859,0,,librispeech_0193,impostor_10,fakeavceleb_02783_Caucasian(American)_men_id01201,per-clip-v1
0.963179,1,,librispeech_0194,genuine,librispeech_0194,per-clip-v1
0.853763,0,,librispeech_0194,impostor_1,librispeech_0432,per-clip-v1
0.376275,0,,librispeech_0194,impostor_2,librispeech_0253,per-clip-v1
0.718952,0,,librispeech_0194,impostor_3,fakeavceleb_03513_Caucasian(European)_men_id02567,per-clip-v1
0.783779,0,,librispeech_0194,impostor_4,asvspoof_0206,per-clip-v1
0.696274,0,,librispeech_0194,impostor_5,fakeavceleb_01136_African_women_id04689,per-clip-v1
0.688101,0,,librispeech_0194,impostor_6,fakeavceleb_02015_Asian(South)_men_id04560,per-clip-v1
0.636326,0,,librispeech_0194,impostor_7,fakeavceleb_01633_Asian(East)_women_id03940,per-clip-v1
0.910200,0,,librispeech_0194,impostor_8,librispeech_0139,per-clip-v1
0.603459,0,,librispeech_0194,impostor_9,asvspoof_0173,per-clip-v1
0.533961,0,,librispeech_0194,impostor_10,fakeavceleb_00123_Asian(East)_men_id04691,per-clip-v1
0.944248,1,,librispeech_0195,genuine,librispeech_0195,per-clip-v1
0.587673,0,,librispeech_0195,impostor_1,fakeavceleb_03364_Caucasian(European)_men_id00520,per-clip-v1
0.442359,0,,librispeech_0195,impostor_2,fakeavceleb_02581_Caucasian(American)_men_id00062,per-clip-v1
0.810738,0,,librispeech_0195,impostor_3,asvspoof_0195,per-clip-v1
0.447205,0,,librispeech_0195,impostor_4,librispeech_0344,per-clip-v1
0.870163,0,,librispeech_0195,impostor_5,fakeavceleb_01160_African_women_id05106,per-clip-v1
0.788823,0,,librispeech_0195,impostor_6,fakeavceleb_03544_Caucasian(European)_women_id00068,per-clip-v1
0.535597,0,,librispeech_0195,impostor_7,fakeavceleb_00663_African_men_id01521,per-clip-v1
0.634035,0,,librispeech_0195,impostor_8,librispeech_0358,per-clip-v1
0.477554,0,,librispeech_0195,impostor_9,librispeech_0002,per-clip-v1
0.735180,0,,librispeech_0195,impostor_10,fakeavceleb_03632_Caucasian(European)_women_id00328,per-clip-v1
0.986920,1,,librispeech_0196,genuine,librispeech_0196,per-clip-v1
0.312061,0,,librispeech_0196,impostor_1,fakeavceleb_01652_Asian(East)_women_id04414,per-clip-v1
0.868076,0,,librispeech_0196,impostor_2,librispeech_0207,per-clip-v1
0.618202,0,,librispeech_0196,impostor_3,fakeavceleb_00575_African_men_id00701,per-clip-v1
0.477537,0,,librispeech_0196,impostor_4,librispeech_0089,per-clip-v1
0.529126,0,,librispeech_0196,impostor_5,librispeech_0197,per-clip-v1
0.484174,0,,librispeech_0196,impostor_6,fakeavceleb_00207_Asian(South)_men_id00459,per-clip-v1
0.549814,0,,librispeech_0196,impostor_7,fakeavceleb_03109_Caucasian(American)_women_id01223,per-clip-v1
0.533516,0,,librispeech_0196,impostor_8,fakeavceleb_03736_Caucasian(European)_women_id00589,per-clip-v1
0.389454,0,,librispeech_0196,impostor_9,fakeavceleb_02386_Asian(South)_women_id05478,per-clip-v1
0.920761,0,,librispeech_0196,impostor_10,librispeech_0431,per-clip-v1
0.969730,1,,librispeech_0197,genuine,librispeech_0197,per-clip-v1
0.497938,0,,librispeech_0197,impostor_1,fakeavceleb_00723_African_men_id01637,per-clip-v1
0.581472,0,,librispeech_0197,impostor_2,fakeavceleb_01346_Asian(East)_men_id04111,per-clip-v1
0.632876,0,,librispeech_0197,impostor_3,fakeavceleb_00449_Caucasian(European)_men_id03205,per-clip-v1
0.252606,0,,librispeech_0197,impostor_4,fakeavceleb_01457_Asian(East)_men_id08299,per-clip-v1
0.850075,0,,librispeech_0197,impostor_5,asvspoof_0136,per-clip-v1
0.797777,0,,librispeech_0197,impostor_6,librispeech_0320,per-clip-v1
0.324901,0,,librispeech_0197,impostor_7,librispeech_0062,per-clip-v1
0.437757,0,,librispeech_0197,impostor_8,fakeavceleb_03314_Caucasian(European)_men_id00292,per-clip-v1
0.742045,0,,librispeech_0197,impostor_9,fakeavceleb_03597_Caucasian(European)_women_id00270,per-clip-v1
0.921256,0,,librispeech_0197,impostor_10,librispeech_0194,per-clip-v1
0.968003,1,,librispeech_0198,genuine,librispeech_0198,per-clip-v1
0.545714,0,,librispeech_0198,impostor_1,librispeech_0124,per-clip-v1
0.368345,0,,librispeech_0198,impostor_2,librispeech_0488,per-clip-v1
0.526802,0,,librispeech_0198,impostor_3,fakeavceleb_01970_Asian(South)_men_id00857,per-clip-v1
0.646420,0,,librispeech_0198,impostor_4,fakeavceleb_02015_Asian(South)_men_id04560,per-clip-v1
0.922297,0,,librispeech_0198,impostor_5,librispeech_0349,per-clip-v1
0.481883,0,,librispeech_0198,impostor_6,fakeavceleb_01994_Asian(South)_men_id03945,per-clip-v1
0.522914,0,,librispeech_0198,impostor_7,librispeech_0211,per-clip-v1
0.360960,0,,librispeech_0198,impostor_8,fakeavceleb_01604_Asian(East)_women_id02587,per-clip-v1
0.474619,0,,librispeech_0198,impostor_9,librispeech_0303,per-clip-v1
0.564313,0,,librispeech_0198,impostor_10,fakeavceleb_00415_Caucasian(European)_men_id00305,per-clip-v1
0.985369,1,,librispeech_0199,genuine,librispeech_0199,per-clip-v1
0.344804,0,,librispeech_0199,impostor_1,fakeavceleb_02390_Asian(South)_women_id05845,per-clip-v1
0.654986,0,,librispeech_0199,impostor_2,fakeavceleb_03013_Caucasian(American)_women_id00458,per-clip-v1
0.915459,0,,librispeech_0199,impostor_3,fakeavceleb_02682_Caucasian(American)_men_id00777,per-clip-v1
0.774081,0,,librispeech_0199,impostor_4,asvspoof_0064,per-clip-v1
0.436052,0,,librispeech_0199,impostor_5,fakeavceleb_02447_Asian(South)_women_id06437,per-clip-v1
0.936893,0,,librispeech_0199,impostor_6,librispeech_0315,per-clip-v1
0.624281,0,,librispeech_0199,impostor_7,librispeech_0161,per-clip-v1
0.828078,0,,librispeech_0199,impostor_8,fakeavceleb_00654_African_men_id01452,per-clip-v1
0.514549,0,,librispeech_0199,impostor_9,fakeavceleb_03079_Caucasian(American)_women_id00848,per-clip-v1
0.824281,0,,librispeech_0199,impostor_10,fakeavceleb_00818_African_men_id02296,per-clip-v1
0.978464,1,,librispeech_0200,genuine,librispeech_0200,per-clip-v1
0.634834,0,,librispeech_0200,impostor_1,fakeavceleb_00853_African_men_id04727,per-clip-v1
0.782266,0,,librispeech_0200,impostor_2,fakeavceleb_00518_African_men_id00166,per-clip-v1
0.857249,0,,librispeech_0200,impostor_3,fakeavceleb_00587_African_men_id00830,per-clip-v1
0.401595,0,,librispeech_0200,impostor_4,fakeavceleb_02937_Caucasian(American)_women_id00231,per-clip-v1
0.899610,0,,librispeech_0200,impostor_5,librispeech_0311,per-clip-v1
0.868720,0,,librispeech_0200,impostor_6,fakeavceleb_03473_Caucasian(European)_men_id01099,per-clip-v1
0.855146,0,,librispeech_0200,impostor_7,librispeech_0046,per-clip-v1
0.325626,0,,librispeech_0200,impostor_8,librispeech_0488,per-clip-v1
0.585144,0,,librispeech_0200,impostor_9,librispeech_0257,per-clip-v1
0.835600,0,,librispeech_0200,impostor_10,librispeech_0412,per-clip-v1
0.982046,1,,librispeech_0201,genuine,librispeech_0201,per-clip-v1
0.248581,0,,librispeech_0201,impostor_1,fakeavceleb_02286_Asian(South)_women_id03815,per-clip-v1
0.256107,0,,librispeech_0201,impostor_2,fakeavceleb_03578_Caucasian(European)_women_id00232,per-clip-v1
0.295690,0,,librispeech_0201,impostor_3,fakeavceleb_01653_Asian(East)_women_id04414,per-clip-v1
0.884409,0,,librispeech_0201,impostor_4,librispeech_0364,per-clip-v1
0.734623,0,,librispeech_0201,impostor_5,asvspoof_0297,per-clip-v1
0.530904,0,,librispeech_0201,impostor_6,fakeavceleb_01431_Asian(East)_men_id06594,per-clip-v1
0.536051,0,,librispeech_0201,impostor_7,librispeech_0474,per-clip-v1
0.823280,0,,librispeech_0201,impostor_8,fakeavceleb_02589_Caucasian(American)_men_id00087,per-clip-v1
0.387820,0,,librispeech_0201,impostor_9,fakeavceleb_02283_Asian(South)_women_id03559,per-clip-v1
0.534440,0,,librispeech_0201,impostor_10,fakeavceleb_00419_Caucasian(European)_men_id00415,per-clip-v1
0.983902,1,,librispeech_0202,genuine,librispeech_0202,per-clip-v1
0.658546,0,,librispeech_0202,impostor_1,fakeavceleb_02591_Caucasian(American)_men_id00088,per-clip-v1
0.439074,0,,librispeech_0202,impostor_2,fakeavceleb_00236_Asian(South)_men_id07163,per-clip-v1
0.812705,0,,librispeech_0202,impostor_3,librispeech_0268,per-clip-v1
0.476868,0,,librispeech_0202,impostor_4,librispeech_0022,per-clip-v1
0.477567,0,,librispeech_0202,impostor_5,asvspoof_0097,per-clip-v1
0.557391,0,,librispeech_0202,impostor_6,fakeavceleb_02986_Caucasian(American)_women_id00398,per-clip-v1
0.785355,0,,librispeech_0202,impostor_7,librispeech_0397,per-clip-v1
0.412608,0,,librispeech_0202,impostor_8,fakeavceleb_03743_Caucasian(European)_women_id00591,per-clip-v1
0.834480,0,,librispeech_0202,impostor_9,librispeech_0334,per-clip-v1
0.478053,0,,librispeech_0202,impostor_10,fakeavceleb_02297_Asian(South)_women_id03985,per-clip-v1
0.978924,1,,librispeech_0203,genuine,librispeech_0203,per-clip-v1
0.672296,0,,librispeech_0203,impostor_1,librispeech_0123,per-clip-v1
0.514922,0,,librispeech_0203,impostor_2,fakeavceleb_03169_Caucasian(American)_women_id02466,per-clip-v1
0.465566,0,,librispeech_0203,impostor_3,fakeavceleb_02162_Asian(South)_men_id08313,per-clip-v1
0.400198,0,,librispeech_0203,impostor_4,fakeavceleb_02968_Caucasian(American)_women_id00381,per-clip-v1
0.635268,0,,librispeech_0203,impostor_5,fakeavceleb_03333_Caucasian(European)_men_id00368,per-clip-v1
0.805790,0,,librispeech_0203,impostor_6,fakeavceleb_03350_Caucasian(European)_men_id00498,per-clip-v1
0.788464,0,,librispeech_0203,impostor_7,librispeech_0411,per-clip-v1
0.606430,0,,librispeech_0203,impostor_8,fakeavceleb_01339_Asian(East)_men_id03965,per-clip-v1
0.659678,0,,librispeech_0203,impostor_9,fakeavceleb_00195_Asian(East)_women_id09125,per-clip-v1
0.481984,0,,librispeech_0203,impostor_10,fakeavceleb_00557_African_men_id00476,per-clip-v1
0.979303,1,,librispeech_0204,genuine,librispeech_0204,per-clip-v1
0.670197,0,,librispeech_0204,impostor_1,librispeech_0399,per-clip-v1
0.862686,0,,librispeech_0204,impostor_2,fakeavceleb_03600_Caucasian(European)_women_id00271,per-clip-v1
0.698603,0,,librispeech_0204,impostor_3,librispeech_0217,per-clip-v1
0.792077,0,,librispeech_0204,impostor_4,asvspoof_0055,per-clip-v1
0.939907,0,,librispeech_0204,impostor_5,librispeech_0454,per-clip-v1
0.854725,0,,librispeech_0204,impostor_6,librispeech_0229,per-clip-v1
0.461724,0,,librispeech_0204,impostor_7,fakeavceleb_01999_Asian(South)_men_id04526,per-clip-v1
0.428375,0,,librispeech_0204,impostor_8,fakeavceleb_03389_Caucasian(European)_men_id00559,per-clip-v1
0.741235,0,,librispeech_0204,impostor_9,fakeavceleb_01539_Asian(East)_women_id00566,per-clip-v1
0.295884,0,,librispeech_0204,impostor_10,asvspoof_0108,per-clip-v1
0.985735,1,,librispeech_0205,genuine,librispeech_0205,per-clip-v1
0.299236,0,,librispeech_0205,impostor_1,librispeech_0197,per-clip-v1
0.853051,0,,librispeech_0205,impostor_2,librispeech_0355,per-clip-v1
0.381345,0,,librispeech_0205,impostor_3,fakeavceleb_00060_African_women_id01178,per-clip-v1
0.236608,0,,librispeech_0205,impostor_4,fakeavceleb_00199_Asian(East)_women_id09181,per-clip-v1
0.895471,0,,librispeech_0205,impostor_5,librispeech_0074,per-clip-v1
0.655369,0,,librispeech_0205,impostor_6,fakeavceleb_01422_Asian(East)_men_id06470,per-clip-v1
0.919221,0,,librispeech_0205,impostor_7,librispeech_0400,per-clip-v1
0.239387,0,,librispeech_0205,impostor_8,fakeavceleb_01690_Asian(East)_women_id05844,per-clip-v1
0.475083,0,,librispeech_0205,impostor_9,librispeech_0285,per-clip-v1
0.840494,0,,librispeech_0205,impostor_10,librispeech_0224,per-clip-v1
0.955443,1,,librispeech_0206,genuine,librispeech_0206,per-clip-v1
0.785073,0,,librispeech_0206,impostor_1,fakeavceleb_02839_Caucasian(American)_men_id04216,per-clip-v1
0.703030,0,,librispeech_0206,impostor_2,librispeech_0021,per-clip-v1
0.424481,0,,librispeech_0206,impostor_3,fakeavceleb_03190_Caucasian(American)_women_id03707,per-clip-v1
0.686681,0,,librispeech_0206,impostor_4,fakeavceleb_00762_African_men_id01933,per-clip-v1
0.649089,0,,librispeech_0206,impostor_5,librispeech_0039,per-clip-v1
0.731845,0,,librispeech_0206,impostor_6,fakeavceleb_03101_Caucasian(American)_women_id01091,per-clip-v1
0.461901,0,,librispeech_0206,impostor_7,fakeavceleb_00183_Asian(East)_women_id06443,per-clip-v1
0.467903,0,,librispeech_0206,impostor_8,fakeavceleb_00267_Asian(South)_women_id04070,per-clip-v1
0.640753,0,,librispeech_0206,impostor_9,fakeavceleb_03237_Caucasian(European)_men_id00183,per-clip-v1
0.674898,0,,librispeech_0206,impostor_10,fakeavceleb_00570_African_men_id00518,per-clip-v1
0.983788,1,,librispeech_0207,genuine,librispeech_0207,per-clip-v1
0.907722,0,,librispeech_0207,impostor_1,asvspoof_0171,per-clip-v1
0.814130,0,,librispeech_0207,impostor_2,fakeavceleb_03116_Caucasian(American)_women_id01225,per-clip-v1
0.681364,0,,librispeech_0207,impostor_3,fakeavceleb_01382_Asian(East)_men_id05268,per-clip-v1
0.735879,0,,librispeech_0207,impostor_4,librispeech_0226,per-clip-v1
0.784379,0,,librispeech_0207,impostor_5,fakeavceleb_00758_African_men_id01920,per-clip-v1
0.712589,0,,librispeech_0207,impostor_6,librispeech_0279,per-clip-v1
0.698009,0,,librispeech_0207,impostor_7,librispeech_0326,per-clip-v1
0.591218,0,,librispeech_0207,impostor_8,librispeech_0254,per-clip-v1
0.309372,0,,librispeech_0207,impostor_9,fakeavceleb_01075_African_women_id03569,per-clip-v1
0.637274,0,,librispeech_0207,impostor_10,fakeavceleb_01261_Asian(East)_men_id01204,per-clip-v1
0.977374,1,,librispeech_0208,genuine,librispeech_0208,per-clip-v1
0.564912,0,,librispeech_0208,impostor_1,fakeavceleb_00115_Asian(East)_men_id02561,per-clip-v1
0.553751,0,,librispeech_0208,impostor_2,fakeavceleb_01736_Asian(East)_women_id06225,per-clip-v1
0.703466,0,,librispeech_0208,impostor_3,fakeavceleb_02792_Caucasian(American)_men_id01210,per-clip-v1
0.802644,0,,librispeech_0208,impostor_4,fakeavceleb_01803_Asian(East)_women_id08397,per-clip-v1
0.581370,0,,librispeech_0208,impostor_5,fakeavceleb_03303_Caucasian(European)_men_id00266,per-clip-v1
0.738560,0,,librispeech_0208,impostor_6,asvspoof_0411,per-clip-v1
0.325227,0,,librispeech_0208,impostor_7,fakeavceleb_00679_African_men_id01530,per-clip-v1
0.359982,0,,librispeech_0208,impostor_8,fakeavceleb_01852_Asian(South)_men_id00032,per-clip-v1
0.373090,0,,librispeech_0208,impostor_9,fakeavceleb_00834_African_men_id02494,per-clip-v1
0.561913,0,,librispeech_0208,impostor_10,fakeavceleb_02464_Asian(South)_women_id06445,per-clip-v1
0.968526,1,,librispeech_0209,genuine,librispeech_0209,per-clip-v1
0.562404,0,,librispeech_0209,impostor_1,fakeavceleb_00126_Asian(East)_men_id04789,per-clip-v1
0.875738,0,,librispeech_0209,impostor_2,librispeech_0326,per-clip-v1
0.485555,0,,librispeech_0209,impostor_3,librispeech_0469,per-clip-v1
0.586699,0,,librispeech_0209,impostor_4,fakeavceleb_02511_Asian(South)_women_id07686,per-clip-v1
0.928359,0,,librispeech_0209,impostor_5,fakeavceleb_03544_Caucasian(European)_women_id00068,per-clip-v1
0.857595,0,,librispeech_0209,impostor_6,fakeavceleb_01061_African_women_id02948,per-clip-v1
0.665876,0,,librispeech_0209,impostor_7,librispeech_0442,per-clip-v1
0.730799,0,,librispeech_0209,impostor_8,fakeavceleb_00291_Asian(South)_women_id07008,per-clip-v1
0.721315,0,,librispeech_0209,impostor_9,librispeech_0370,per-clip-v1
0.836453,0,,librispeech_0209,impostor_10,fakeavceleb_01107_African_women_id04245,per-clip-v1
0.985478,1,,librispeech_0210,genuine,librispeech_0210,per-clip-v1
0.896302,0,,librispeech_0210,impostor_1,librispeech_0400,per-clip-v1
0.340177,0,,librispeech_0210,impostor_2,fakeavceleb_02396_Asian(South)_women_id05920,per-clip-v1
0.612270,0,,librispeech_0210,impostor_3,fakeavceleb_00025_African_men_id01528,per-clip-v1
0.746782,0,,librispeech_0210,impostor_4,librispeech_0315,per-clip-v1
0.316436,0,,librispeech_0210,impostor_5,librispeech_0344,per-clip-v1
0.715717,0,,librispeech_0210,impostor_6,librispeech_0061,per-clip-v1
0.757176,0,,librispeech_0210,impostor_7,fakeavceleb_03456_Caucasian(European)_men_id01052,per-clip-v1
0.337162,0,,librispeech_0210,impostor_8,fakeavceleb_01999_Asian(South)_men_id04526,per-clip-v1
0.205912,0,,librispeech_0210,impostor_9,asvspoof_0296,per-clip-v1
0.231763,0,,librispeech_0210,impostor_10,fakeavceleb_03169_Caucasian(American)_women_id02466,per-clip-v1
0.982950,1,,librispeech_0211,genuine,librispeech_0211,per-clip-v1
0.786865,0,,librispeech_0211,impostor_1,fakeavceleb_02383_Asian(South)_women_id05478,per-clip-v1
0.625398,0,,librispeech_0211,impostor_2,librispeech_0084,per-clip-v1
0.794506,0,,librispeech_0211,impostor_3,fakeavceleb_00195_Asian(East)_women_id09125,per-clip-v1
0.791335,0,,librispeech_0211,impostor_4,fakeavceleb_00193_Asian(East)_women_id08819,per-clip-v1
0.891790,0,,librispeech_0211,impostor_5,librispeech_0420,per-clip-v1
0.445519,0,,librispeech_0211,impostor_6,librispeech_0438,per-clip-v1
0.692243,0,,librispeech_0211,impostor_7,librispeech_0143,per-clip-v1
0.869366,0,,librispeech_0211,impostor_8,librispeech_0396,per-clip-v1
0.781755,0,,librispeech_0211,impostor_9,fakeavceleb_01096_African_women_id03747,per-clip-v1
0.893603,0,,librispeech_0211,impostor_10,asvspoof_0328,per-clip-v1
0.979421,1,,librispeech_0212,genuine,librispeech_0212,per-clip-v1
0.545114,0,,librispeech_0212,impostor_1,librispeech_0021,per-clip-v1
0.883325,0,,librispeech_0212,impostor_2,fakeavceleb_02816_Caucasian(American)_men_id03668,per-clip-v1
0.681093,0,,librispeech_0212,impostor_3,fakeavceleb_01401_Asian(East)_men_id06152,per-clip-v1
0.833584,0,,librispeech_0212,impostor_4,librispeech_0400,per-clip-v1
0.661523,0,,librispeech_0212,impostor_5,fakeavceleb_00518_African_men_id00166,per-clip-v1
0.595068,0,,librispeech_0212,impostor_6,asvspoof_0451,per-clip-v1
0.347947,0,,librispeech_0212,impostor_7,fakeavceleb_00910_African_women_id00592,per-clip-v1
0.258040,0,,librispeech_0212,impostor_8,fakeavceleb_01099_African_women_id04055,per-clip-v1
0.654684,0,,librispeech_0212,impostor_9,librispeech_0409,per-clip-v1
0.842106,0,,librispeech_0212,impostor_10,librispeech_0300,per-clip-v1
0.969338,1,,librispeech_0213,genuine,librispeech_0213,per-clip-v1
0.819834,0,,librispeech_0213,impostor_1,asvspoof_0446,per-clip-v1
0.788805,0,,librispeech_0213,impostor_2,fakeavceleb_01152_African_women_id04939,per-clip-v1
0.476307,0,,librispeech_0213,impostor_3,fakeavceleb_01717_Asian(East)_women_id06065,per-clip-v1
0.865248,0,,librispeech_0213,impostor_4,fakeavceleb_02757_Caucasian(American)_men_id01172,per-clip-v1
0.665772,0,,librispeech_0213,impostor_5,fakeavceleb_00021_African_men_id01236,per-clip-v1
0.766830,0,,librispeech_0213,impostor_6,asvspoof_0403,per-clip-v1
0.742928,0,,librispeech_0213,impostor_7,fakeavceleb_02737_Caucasian(American)_men_id01124,per-clip-v1
0.519271,0,,librispeech_0213,impostor_8,fakeavceleb_01987_Asian(South)_men_id03344,per-clip-v1
0.495192,0,,librispeech_0213,impostor_9,asvspoof_0118,per-clip-v1
0.588813,0,,librispeech_0213,impostor_10,fakeavceleb_01438_Asian(East)_men_id06776,per-clip-v1
0.982798,1,,librispeech_0214,genuine,librispeech_0214,per-clip-v1
0.582683,0,,librispeech_0214,impostor_1,fakeavceleb_02058_Asian(South)_men_id06354,per-clip-v1
0.900939,0,,librispeech_0214,impostor_2,librispeech_0044,per-clip-v1
0.459497,0,,librispeech_0214,impostor_3,fakeavceleb_01598_Asian(East)_women_id01451,per-clip-v1
0.843433,0,,librispeech_0214,impostor_4,librispeech_0353,per-clip-v1
0.614829,0,,librispeech_0214,impostor_5,fakeavceleb_02230_Asian(South)_women_id00488,per-clip-v1
0.699013,0,,librispeech_0214,impostor_6,fakeavceleb_03457_Caucasian(European)_men_id01052,per-clip-v1
0.699660,0,,librispeech_0214,impostor_7,librispeech_0137,per-clip-v1
0.711850,0,,librispeech_0214,impostor_8,fakeavceleb_03518_Caucasian(European)_men_id03205,per-clip-v1
0.828812,0,,librispeech_0214,impostor_9,librispeech_0321,per-clip-v1
0.524085,0,,librispeech_0214,impostor_10,fakeavceleb_01683_Asian(East)_women_id05631,per-clip-v1
0.986813,1,,librispeech_0215,genuine,librispeech_0215,per-clip-v1
0.689061,0,,librispeech_0215,impostor_1,fakeavceleb_01347_Asian(East)_men_id04222,per-clip-v1
0.866580,0,,librispeech_0215,impostor_2,librispeech_0440,per-clip-v1
0.734809,0,,librispeech_0215,impostor_3,asvspoof_0450,per-clip-v1
0.808614,0,,librispeech_0215,impostor_4,fakeavceleb_03123_Caucasian(American)_women_id01227,per-clip-v1
0.843119,0,,librispeech_0215,impostor_5,librispeech_0227,per-clip-v1
0.863563,0,,librispeech_0215,impostor_6,librispeech_0326,per-clip-v1
0.520076,0,,librispeech_0215,impostor_7,fakeavceleb_02905_Caucasian(American)_women_id00145,per-clip-v1
0.654787,0,,librispeech_0215,impostor_8,asvspoof_0093,per-clip-v1
0.327767,0,,librispeech_0215,impostor_9,fakeavceleb_01982_Asian(South)_men_id03180,per-clip-v1
0.745724,0,,librispeech_0215,impostor_10,librispeech_0241,per-clip-v1
0.970549,1,,librispeech_0216,genuine,librispeech_0216,per-clip-v1
0.424315,0,,librispeech_0216,impostor_1,librispeech_0329,per-clip-v1
0.200022,0,,librispeech_0216,impostor_2,fakeavceleb_00455_Caucasian(European)_women_id00234,per-clip-v1
0.487589,0,,librispeech_0216,impostor_3,librispeech_0373,per-clip-v1
0.725199,0,,librispeech_0216,impostor_4,fakeavceleb_00844_African_men_id02494,per-clip-v1
0.756667,0,,librispeech_0216,impostor_5,fakeavceleb_00728_African_men_id01691,per-clip-v1
0.360519,0,,librispeech_0216,impostor_6,librispeech_0396,per-clip-v1
0.623045,0,,librispeech_0216,impostor_7,fakeavceleb_03248_Caucasian(European)_men_id00186,per-clip-v1
0.487782,0,,librispeech_0216,impostor_8,fakeavceleb_03415_Caucasian(European)_men_id00919,per-clip-v1
0.219496,0,,librispeech_0216,impostor_9,fakeavceleb_02429_Asian(South)_women_id06343,per-clip-v1
0.540629,0,,librispeech_0216,impostor_10,fakeavceleb_03325_Caucasian(European)_men_id00305,per-clip-v1
0.978865,1,,librispeech_0217,genuine,librispeech_0217,per-clip-v1
0.722170,0,,librispeech_0217,impostor_1,fakeavceleb_03355_Caucasian(European)_men_id00519,per-clip-v1
0.457198,0,,librispeech_0217,impostor_2,fakeavceleb_01839_Asian(East)_women_id09174,per-clip-v1
0.433636,0,,librispeech_0217,impostor_3,fakeavceleb_02494_Asian(South)_women_id07136,per-clip-v1
0.748465,0,,librispeech_0217,impostor_4,asvspoof_0147,per-clip-v1
0.631773,0,,librispeech_0217,impostor_5,fakeavceleb_01116_African_women_id04376,per-clip-v1
0.860676,0,,librispeech_0217,impostor_6,fakeavceleb_00588_African_men_id00830,per-clip-v1
0.619044,0,,librispeech_0217,impostor_7,librispeech_0427,per-clip-v1
0.601162,0,,librispeech_0217,impostor_8,fakeavceleb_01871_Asian(South)_men_id00078,per-clip-v1
0.502402,0,,librispeech_0217,impostor_9,fakeavceleb_02750_Caucasian(American)_men_id01168,per-clip-v1
0.499439,0,,librispeech_0217,impostor_10,fakeavceleb_01675_Asian(East)_women_id05620,per-clip-v1
0.957487,1,,librispeech_0218,genuine,librispeech_0218,per-clip-v1
0.729959,0,,librispeech_0218,impostor_1,fakeavceleb_02591_Caucasian(American)_men_id00088,per-clip-v1
0.355698,0,,librispeech_0218,impostor_2,fakeavceleb_01982_Asian(South)_men_id03180,per-clip-v1
0.796486,0,,librispeech_0218,impostor_3,librispeech_0387,per-clip-v1
0.796003,0,,librispeech_0218,impostor_4,librispeech_0367,per-clip-v1
0.355378,0,,librispeech_0218,impostor_5,fakeavceleb_01966_Asian(South)_men_id00857,per-clip-v1
0.775129,0,,librispeech_0218,impostor_6,fakeavceleb_01763_Asian(East)_women_id06462,per-clip-v1
0.710586,0,,librispeech_0218,impostor_7,fakeavceleb_02887_Caucasian(American)_women_id00098,per-clip-v1
0.417020,0,,librispeech_0218,impostor_8,asvspoof_0407,per-clip-v1
0.911469,0,,librispeech_0218,impostor_9,librispeech_0446,per-clip-v1
0.180807,0,,librispeech_0218,impostor_10,fakeavceleb_00531_African_men_id00366,per-clip-v1
0.975321,1,,librispeech_0219,genuine,librispeech_0219,per-clip-v1
0.363813,0,,librispeech_0219,impostor_1,fakeavceleb_01390_Asian(East)_men_id05332,per-clip-v1
0.730152,0,,librispeech_0219,impostor_2,fakeavceleb_01430_Asian(East)_men_id06594,per-clip-v1
0.892410,0,,librispeech_0219,impostor_3,librispeech_0348,per-clip-v1
0.505896,0,,librispeech_0219,impostor_4,fakeavceleb_01952_Asian(South)_men_id00773,per-clip-v1
0.119709,0,,librispeech_0219,impostor_5,fakeavceleb_00585_African_men_id00781,per-clip-v1
0.519339,0,,librispeech_0219,impostor_6,fakeavceleb_02839_Caucasian(American)_men_id04216,per-clip-v1
0.672908,0,,librispeech_0219,impostor_7,fakeavceleb_02431_Asian(South)_women_id06343,per-clip-v1
0.836162,0,,librispeech_0219,impostor_8,librispeech_0411,per-clip-v1
0.721393,0,,librispeech_0219,impostor_9,librispeech_0148,per-clip-v1
0.399060,0,,librispeech_0219,impostor_10,librispeech_0163,per-clip-v1
0.963913,1,,librispeech_0220,genuine,librispeech_0220,per-clip-v1
0.859551,0,,librispeech_0220,impostor_1,fakeavceleb_00528_African_men_id00173,per-clip-v1
0.561739,0,,librispeech_0220,impostor_2,librispeech_0065,per-clip-v1
0.438861,0,,librispeech_0220,impostor_3,asvspoof_0427,per-clip-v1
0.610428,0,,librispeech_0220,impostor_4,fakeavceleb_00134_Asian(East)_men_id06269,per-clip-v1
0.491934,0,,librispeech_0220,impostor_5,fakeavceleb_01910_Asian(South)_men_id00414,per-clip-v1
0.800919,0,,librispeech_0220,impostor_6,librispeech_0438,per-clip-v1
0.291253,0,,librispeech_0220,impostor_7,fakeavceleb_01193_African_women_id05252,per-clip-v1
0.511678,0,,librispeech_0220,impostor_8,fakeavceleb_01079_African_women_id03656,per-clip-v1
0.419007,0,,librispeech_0220,impostor_9,fakeavceleb_02485_Asian(South)_women_id07078,per-clip-v1
0.517622,0,,librispeech_0220,impostor_10,librispeech_0286,per-clip-v1
0.972247,1,,librispeech_0221,genuine,librispeech_0221,per-clip-v1
0.276598,0,,librispeech_0221,impostor_1,fakeavceleb_01344_Asian(East)_men_id04111,per-clip-v1
0.764370,0,,librispeech_0221,impostor_2,asvspoof_0182,per-clip-v1
0.260466,0,,librispeech_0221,impostor_3,librispeech_0102,per-clip-v1
0.729866,0,,librispeech_0221,impostor_4,fakeavceleb_03593_Caucasian(European)_women_id00270,per-clip-v1
0.541568,0,,librispeech_0221,impostor_5,fakeavceleb_01286_Asian(East)_men_id01589,per-clip-v1
0.348181,0,,librispeech_0221,impostor_6,fakeavceleb_02104_Asian(South)_men_id07163,per-clip-v1
0.897297,0,,librispeech_0221,impostor_7,fakeavceleb_01085_African_women_id03713,per-clip-v1
0.406056,0,,librispeech_0221,impostor_8,librispeech_0028,per-clip-v1
0.615339,0,,librispeech_0221,impostor_9,librispeech_0064,per-clip-v1
0.756158,0,,librispeech_0221,impostor_10,fakeavceleb_02332_Asian(South)_women_id04530,per-clip-v1
0.969853,1,,librispeech_0222,genuine,librispeech_0222,per-clip-v1
0.595233,0,,librispeech_0222,impostor_1,fakeavceleb_02508_Asian(South)_women_id07686,per-clip-v1
0.794966,0,,librispeech_0222,impostor_2,fakeavceleb_01646_Asian(East)_women_id04144,per-clip-v1
0.747094,0,,librispeech_0222,impostor_3,librispeech_0348,per-clip-v1
0.303777,0,,librispeech_0222,impostor_4,fakeavceleb_01354_Asian(East)_men_id04687,per-clip-v1
0.378439,0,,librispeech_0222,impostor_5,fakeavceleb_03489_Caucasian(European)_men_id01123,per-clip-v1
0.362983,0,,librispeech_0222,impostor_6,fakeavceleb_00137_Asian(East)_men_id06535,per-clip-v1
0.696027,0,,librispeech_0222,impostor_7,librispeech_0221,per-clip-v1
0.467217,0,,librispeech_0222,impostor_8,fakeavceleb_02874_Caucasian(American)_women_id00097,per-clip-v1
0.534380,0,,librispeech_0222,impostor_9,librispeech_0360,per-clip-v1
0.375241,0,,librispeech_0222,impostor_10,fakeavceleb_02150_Asian(South)_men_id07233,per-clip-v1
0.968684,1,,librispeech_0223,genuine,librispeech_0223,per-clip-v1
0.380718,0,,librispeech_0223,impostor_1,fakeavceleb_01011_African_women_id02301,per-clip-v1
0.742391,0,,librispeech_0223,impostor_2,fakeavceleb_00142_Asian(East)_men_id06878,per-clip-v1
0.500959,0,,librispeech_0223,impostor_3,librispeech_0329,per-clip-v1
0.789535,0,,librispeech_0223,impostor_4,librispeech_0390,per-clip-v1
0.844311,0,,librispeech_0223,impostor_5,librispeech_0104,per-clip-v1
0.421902,0,,librispeech_0223,impostor_6,fakeavceleb_01786_Asian(East)_women_id07901,per-clip-v1
0.389983,0,,librispeech_0223,impostor_7,fakeavceleb_03836_Caucasian(European)_women_id03651,per-clip-v1
0.378229,0,,librispeech_0223,impostor_8,fakeavceleb_02115_Asian(South)_men_id07182,per-clip-v1
0.883934,0,,librispeech_0223,impostor_9,asvspoof_0420,per-clip-v1
0.784491,0,,librispeech_0223,impostor_10,librispeech_0186,per-clip-v1
0.983921,1,,librispeech_0224,genuine,librispeech_0224,per-clip-v1
0.900916,0,,librispeech_0224,impostor_1,librispeech_0042,per-clip-v1
0.912260,0,,librispeech_0224,impostor_2,librispeech_0355,per-clip-v1
0.416564,0,,librispeech_0224,impostor_3,fakeavceleb_01804_Asian(East)_women_id08397,per-clip-v1
0.464236,0,,librispeech_0224,impostor_4,fakeavceleb_01811_Asian(East)_women_id08819,per-clip-v1
0.909648,0,,librispeech_0224,impostor_5,fakeavceleb_02833_Caucasian(American)_men_id04034,per-clip-v1
0.752739,0,,librispeech_0224,impostor_6,fakeavceleb_03229_Caucasian(European)_men_id00171,per-clip-v1
0.823942,0,,librispeech_0224,impostor_7,fakeavceleb_00553_African_men_id00475,per-clip-v1
0.862578,0,,librispeech_0224,impostor_8,fakeavceleb_02522_Caucasian(American)_men_id00018,per-clip-v1
0.795656,0,,librispeech_0224,impostor_9,fakeavceleb_00417_Caucasian(European)_men_id00358,per-clip-v1
0.423107,0,,librispeech_0224,impostor_10,fakeavceleb_02012_Asian(South)_men_id04554,per-clip-v1
0.989795,1,,librispeech_0225,genuine,librispeech_0225,per-clip-v1
0.354014,0,,librispeech_0225,impostor_1,fakeavceleb_03610_Caucasian(European)_women_id00271,per-clip-v1
0.908831,0,,librispeech_0225,impostor_2,fakeavceleb_00845_African_men_id02494,per-clip-v1
0.483274,0,,librispeech_0225,impostor_3,fakeavceleb_01761_Asian(East)_women_id06462,per-clip-v1
0.485054,0,,librispeech_0225,impostor_4,fakeavceleb_01178_African_women_id05235,per-clip-v1
0.821284,0,,librispeech_0225,impostor_5,fakeavceleb_01223_Asian(East)_men_id00560,per-clip-v1
0.285109,0,,librispeech_0225,impostor_6,fakeavceleb_00093_African_women_id04939,per-clip-v1
0.850951,0,,librispeech_0225,impostor_7,fakeavceleb_02626_Caucasian(American)_men_id00264,per-clip-v1
0.635357,0,,librispeech_0225,impostor_8,fakeavceleb_00135_Asian(East)_men_id06467,per-clip-v1
0.790661,0,,librispeech_0225,impostor_9,fakeavceleb_01341_Asian(East)_men_id03965,per-clip-v1
0.844734,0,,librispeech_0225,impostor_10,fakeavceleb_00686_African_men_id01530,per-clip-v1
0.972963,1,,librispeech_0226,genuine,librispeech_0226,per-clip-v1
0.634133,0,,librispeech_0226,impostor_1,fakeavceleb_00490_Caucasian(European)_women_id03371,per-clip-v1
0.753444,0,,librispeech_0226,impostor_2,librispeech_0217,per-clip-v1
0.622793,0,,librispeech_0226,impostor_3,fakeavceleb_00899_African_women_id00568,per-clip-v1
0.826457,0,,librispeech_0226,impostor_4,fakeavceleb_03650_Caucasian(European)_women_id00365,per-clip-v1
0.670239,0,,librispeech_0226,impostor_5,librispeech_0362,per-clip-v1
0.590977,0,,librispeech_0226,impostor_6,asvspoof_0229,per-clip-v1
0.927154,0,,librispeech_0226,impostor_7,librispeech_0096,per-clip-v1
0.854491,0,,librispeech_0226,impostor_8,librispeech_0235,per-clip-v1
0.685720,0,,librispeech_0226,impostor_9,fakeavceleb_01743_Asian(East)_women_id06388,per-clip-v1
0.628470,0,,librispeech_0226,impostor_10,fakeavceleb_00025_African_men_id01528,per-clip-v1
0.986223,1,,librispeech_0227,genuine,librispeech_0227,per-clip-v1
0.526122,0,,librispeech_0227,impostor_1,fakeavceleb_02484_Asian(South)_women_id07078,per-clip-v1
0.501396,0,,librispeech_0227,impostor_2,librispeech_0002,per-clip-v1
0.187005,0,,librispeech_0227,impostor_3,fakeavceleb_00805_African_men_id02051,per-clip-v1
0.348433,0,,librispeech_0227,impostor_4,fakeavceleb_03383_Caucasian(European)_men_id00554,per-clip-v1
0.461188,0,,librispeech_0227,impostor_5,fakeavceleb_02357_Asian(South)_women_id04927,per-clip-v1
0.724672,0,,librispeech_0227,impostor_6,fakeavceleb_03074_Caucasian(American)_women_id00842,per-clip-v1
0.290537,0,,librispeech_0227,impostor_7,fakeavceleb_00667_African_men_id01521,per-clip-v1
0.398775,0,,librispeech_0227,impostor_8,fakeavceleb_01252_Asian(East)_men_id00863,per-clip-v1
0.464145,0,,librispeech_0227,impostor_9,librispeech_0009,per-clip-v1
0.452132,0,,librispeech_0227,impostor_10,fakeavceleb_02202_Asian(South)_women_id00235,per-clip-v1
0.982717,1,,librispeech_0228,genuine,librispeech_0228,per-clip-v1
0.904300,0,,librispeech_0228,impostor_1,librispeech_0052,per-clip-v1
0.779527,0,,librispeech_0228,impostor_2,fakeavceleb_00681_African_men_id01530,per-clip-v1
0.344468,0,,librispeech_0228,impostor_3,fakeavceleb_00885_African_women_id00371,per-clip-v1
0.512349,0,,librispeech_0228,impostor_4,fakeavceleb_03451_Caucasian(European)_men_id00999,per-clip-v1
0.305270,0,,librispeech_0228,impostor_5,librispeech_0336,per-clip-v1
0.301214,0,,librispeech_0228,impostor_6,librispeech_0059,per-clip-v1
0.933102,0,,librispeech_0228,impostor_7,fakeavceleb_02605_Caucasian(American)_men_id00169,per-clip-v1
0.301390,0,,librispeech_0228,impostor_8,fakeavceleb_00208_Asian(South)_men_id00685,per-clip-v1
0.608647,0,,librispeech_0228,impostor_9,fakeavceleb_00845_African_men_id02494,per-clip-v1
0.194035,0,,librispeech_0228,impostor_10,asvspoof_0165,per-clip-v1
0.972937,1,,librispeech_0229,genuine,librispeech_0229,per-clip-v1
0.774895,0,,librispeech_0229,impostor_1,librispeech_0057,per-clip-v1
0.791972,0,,librispeech_0229,impostor_2,fakeavceleb_03718_Caucasian(European)_women_id00495,per-clip-v1
0.808502,0,,librispeech_0229,impostor_3,fakeavceleb_01097_African_women_id04055,per-clip-v1
0.513701,0,,librispeech_0229,impostor_4,fakeavceleb_03515_Caucasian(European)_men_id02567,per-clip-v1
0.605456,0,,librispeech_0229,impostor_5,librispeech_0356,per-clip-v1
0.574510,0,,librispeech_0229,impostor_6,fakeavceleb_02706_Caucasian(American)_men_id01042,per-clip-v1
0.817898,0,,librispeech_0229,impostor_7,fakeavceleb_03146_Caucasian(American)_women_id01245,per-clip-v1
0.791122,0,,librispeech_0229,impostor_8,fakeavceleb_02198_Asian(South)_women_id00149,per-clip-v1
0.581523,0,,librispeech_0229,impostor_9,fakeavceleb_02589_Caucasian(American)_men_id00087,per-clip-v1
0.631863,0,,librispeech_0229,impostor_10,fakeavceleb_00435_Caucasian(European)_men_id00990,per-clip-v1
0.957937,1,,librispeech_0230,genuine,librispeech_0230,per-clip-v1
0.420069,0,,librispeech_0230,impostor_1,asvspoof_0335,per-clip-v1
0.417324,0,,librispeech_0230,impostor_2,fakeavceleb_00090_African_women_id04705,per-clip-v1
0.524464,0,,librispeech_0230,impostor_3,fakeavceleb_03175_Caucasian(American)_women_id03605,per-clip-v1
0.271151,0,,librispeech_0230,impostor_4,asvspoof_0099,per-clip-v1
0.273898,0,,librispeech_0230,impostor_5,asvspoof_0133,per-clip-v1
0.714385,0,,librispeech_0230,impostor_6,fakeavceleb_02069_Asian(South)_men_id06753,per-clip-v1
0.717920,0,,librispeech_0230,impostor_7,fakeavceleb_03509_Caucasian(European)_men_id01157,per-clip-v1
0.899914,0,,librispeech_0230,impostor_8,fakeavceleb_01252_Asian(East)_men_id00863,per-clip-v1
0.758297,0,,librispeech_0230,impostor_9,fakeavceleb_01303_Asian(East)_men_id02365,per-clip-v1
0.380255,0,,librispeech_0230,impostor_10,fakeavceleb_02428_Asian(South)_women_id06268,per-clip-v1
0.980970,1,,librispeech_0231,genuine,librispeech_0231,per-clip-v1
0.827190,0,,librispeech_0231,impostor_1,librispeech_0370,per-clip-v1
0.415332,0,,librispeech_0231,impostor_2,fakeavceleb_00368_Caucasian(American)_women_id00458,per-clip-v1
0.415462,0,,librispeech_0231,impostor_3,fakeavceleb_01735_Asian(East)_women_id06225,per-clip-v1
0.870809,0,,librispeech_0231,impostor_4,librispeech_0148,per-clip-v1
0.883066,0,,librispeech_0231,impostor_5,librispeech_0141,per-clip-v1
0.651837,0,,librispeech_0231,impostor_6,fakeavceleb_01765_Asian(East)_women_id06462,per-clip-v1
0.809773,0,,librispeech_0231,impostor_7,fakeavceleb_03432_Caucasian(European)_men_id00963,per-clip-v1
0.405948,0,,librispeech_0231,impostor_8,fakeavceleb_03108_Caucasian(American)_women_id01217,per-clip-v1
0.939877,0,,librispeech_0231,impostor_9,fakeavceleb_02779_Caucasian(American)_men_id01192,per-clip-v1
0.926733,0,,librispeech_0231,impostor_10,librispeech_0441,per-clip-v1
0.932624,1,,librispeech_0232,genuine,librispeech_0232,per-clip-v1
0.655744,0,,librispeech_0232,impostor_1,asvspoof_0211,per-clip-v1
0.570362,0,,librispeech_0232,impostor_2,fakeavceleb_01143_African_women_id04820,per-clip-v1
0.348773,0,,librispeech_0232,impostor_3,fakeavceleb_03492_Caucasian(European)_men_id01126,per-clip-v1
0.667434,0,,librispeech_0232,impostor_4,fakeavceleb_01727_Asian(East)_women_id06066,per-clip-v1
0.738168,0,,librispeech_0232,impostor_5,librispeech_0370,per-clip-v1
0.862838,0,,librispeech_0232,impostor_6,librispeech_0065,per-clip-v1
0.477961,0,,librispeech_0232,impostor_7,fakeavceleb_01368_Asian(East)_men_id04774,per-clip-v1
0.371750,0,,librispeech_0232,impostor_8,fakeavceleb_02749_Caucasian(American)_men_id01168,per-clip-v1
0.596952,0,,librispeech_0232,impostor_9,fakeavceleb_02259_Asian(South)_women_id02089,per-clip-v1
0.883868,0,,librispeech_0232,impostor_10,fakeavceleb_03819_Caucasian(European)_women_id03620,per-clip-v1
0.968708,1,,librispeech_0234,genuine,librispeech_0234,per-clip-v1
0.273072,0,,librispeech_0234,impostor_1,fakeavceleb_01410_Asian(East)_men_id06467,per-clip-v1
0.367468,0,,librispeech_0234,impostor_2,librispeech_0138,per-clip-v1
0.790305,0,,librispeech_0234,impostor_3,fakeavceleb_01737_Asian(East)_women_id06225,per-clip-v1
0.794814,0,,librispeech_0234,impostor_4,fakeavceleb_03862_Caucasian(European)_women_id03941,per-clip-v1
0.498733,0,,librispeech_0234,impostor_5,fakeavceleb_01176_African_women_id05235,per-clip-v1
0.747568,0,,librispeech_0234,impostor_6,fakeavceleb_03126_Caucasian(American)_women_id01227,per-clip-v1
0.801661,0,,librispeech_0234,impostor_7,fakeavceleb_03563_Caucasian(European)_women_id00188,per-clip-v1
0.677748,0,,librispeech_0234,impostor_8,fakeavceleb_01135_African_women_id04689,per-clip-v1
0.340798,0,,librispeech_0234,impostor_9,fakeavceleb_00017_African_men_id01170,per-clip-v1
0.194417,0,,librispeech_0234,impostor_10,fakeavceleb_00709_African_men_id01598,per-clip-v1
0.950667,1,,librispeech_0235,genuine,librispeech_0235,per-clip-v1
0.735092,0,,librispeech_0235,impostor_1,fakeavceleb_03629_Caucasian(European)_women_id00328,per-clip-v1
0.446579,0,,librispeech_0235,impostor_2,fakeavceleb_00133_Asian(East)_men_id06152,per-clip-v1
0.574697,0,,librispeech_0235,impostor_3,fakeavceleb_02002_Asian(South)_men_id04537,per-clip-v1
0.411169,0,,librispeech_0235,impostor_4,fakeavceleb_02825_Caucasian(American)_men_id03757,per-clip-v1
0.647073,0,,librispeech_0235,impostor_5,fakeavceleb_02817_Caucasian(American)_men_id03668,per-clip-v1
0.348734,0,,librispeech_0235,impostor_6,fakeavceleb_00430_Caucasian(European)_men_id00909,per-clip-v1
0.685088,0,,librispeech_0235,impostor_7,fakeavceleb_01672_Asian(East)_women_id05576,per-clip-v1
0.658646,0,,librispeech_0235,impostor_8,fakeavceleb_01361_Asian(East)_men_id04774,per-clip-v1
0.699509,0,,librispeech_0235,impostor_9,asvspoof_0274,per-clip-v1
0.532133,0,,librispeech_0235,impostor_10,fakeavceleb_00856_African_women_id00220,per-clip-v1
0.966509,1,,librispeech_0236,genuine,librispeech_0236,per-clip-v1
0.662475,0,,librispeech_0236,impostor_1,librispeech_0375,per-clip-v1
0.691514,0,,librispeech_0236,impostor_2,librispeech_0487,per-clip-v1
0.489460,0,,librispeech_0236,impostor_3,fakeavceleb_03018_Caucasian(American)_women_id00462,per-clip-v1
0.445572,0,,librispeech_0236,impostor_4,asvspoof_0062,per-clip-v1
0.643815,0,,librispeech_0236,impostor_5,fakeavceleb_03141_Caucasian(American)_women_id01238,per-clip-v1
0.579020,0,,librispeech_0236,impostor_6,fakeavceleb_01438_Asian(East)_men_id06776,per-clip-v1
0.686247,0,,librispeech_0236,impostor_7,fakeavceleb_00377_Caucasian(American)_women_id00841,per-clip-v1
0.819465,0,,librispeech_0236,impostor_8,asvspoof_0028,per-clip-v1
0.812325,0,,librispeech_0236,impostor_9,fakeavceleb_03726_Caucasian(European)_women_id00569,per-clip-v1
0.829084,0,,librispeech_0236,impostor_10,fakeavceleb_01127_African_women_id04540,per-clip-v1
0.988889,1,,librispeech_0237,genuine,librispeech_0237,per-clip-v1
0.356523,0,,librispeech_0237,impostor_1,fakeavceleb_02968_Caucasian(American)_women_id00381,per-clip-v1
0.421432,0,,librispeech_0237,impostor_2,fakeavceleb_03148_Caucasian(American)_women_id01248,per-clip-v1
0.703151,0,,librispeech_0237,impostor_3,fakeavceleb_01489_Asian(East)_men_id09053,per-clip-v1
0.533235,0,,librispeech_0237,impostor_4,fakeavceleb_01212_Asian(East)_men_id00126,per-clip-v1
0.878213,0,,librispeech_0237,impostor_5,fakeavceleb_00778_African_men_id01995,per-clip-v1
0.511794,0,,librispeech_0237,impostor_6,librispeech_0154,per-clip-v1
0.455575,0,,librispeech_0237,impostor_7,fakeavceleb_01446_Asian(East)_men_id07102,per-clip-v1
0.436825,0,,librispeech_0237,impostor_8,fakeavceleb_03070_Caucasian(American)_women_id00842,per-clip-v1
0.748531,0,,librispeech_0237,impostor_9,fakeavceleb_00601_African_men_id01036,per-clip-v1
0.519388,0,,librispeech_0237,impostor_10,fakeavceleb_01281_Asian(East)_men_id01215,per-clip-v1
0.972561,1,,librispeech_0238,genuine,librispeech_0238,per-clip-v1
0.718042,0,,librispeech_0238,impostor_1,fakeavceleb_00181_Asian(East)_women_id06388,per-clip-v1
0.769575,0,,librispeech_0238,impostor_2,fakeavceleb_03541_Caucasian(European)_women_id00068,per-clip-v1
0.633303,0,,librispeech_0238,impostor_3,fakeavceleb_03731_Caucasian(European)_women_id00569,per-clip-v1
0.624158,0,,librispeech_0238,impostor_4,fakeavceleb_02699_Caucasian(American)_men_id01035,per-clip-v1
0.379413,0,,librispeech_0238,impostor_5,fakeavceleb_01471_Asian(East)_men_id08613,per-clip-v1
0.693734,0,,librispeech_0238,impostor_6,fakeavceleb_02801_Caucasian(American)_men_id01211,per-clip-v1
0.758783,0,,librispeech_0238,impostor_7,librispeech_0109,per-clip-v1
0.874251,0,,librispeech_0238,impostor_8,librispeech_0188,per-clip-v1
0.628074,0,,librispeech_0238,impostor_9,asvspoof_0412,per-clip-v1
0.631824,0,,librispeech_0238,impostor_10,fakeavceleb_03790_Caucasian(European)_women_id00897,per-clip-v1
0.978978,1,,librispeech_0239,genuine,librispeech_0239,per-clip-v1
0.877386,0,,librispeech_0239,impostor_1,librispeech_0032,per-clip-v1
0.738250,0,,librispeech_0239,impostor_2,fakeavceleb_02786_Caucasian(American)_men_id01201,per-clip-v1
0.511404,0,,librispeech_0239,impostor_3,fakeavceleb_00302_Caucasian(American)_men_id00021,per-clip-v1
0.888126,0,,librispeech_0239,impostor_4,librispeech_0204,per-clip-v1
0.786907,0,,librispeech_0239,impostor_5,librispeech_0048,per-clip-v1
0.554002,0,,librispeech_0239,impostor_6,fakeavceleb_01327_Asian(East)_men_id03168,per-clip-v1
0.554969,0,,librispeech_0239,impostor_7,fakeavceleb_03566_Caucasian(European)_women_id00188,per-clip-v1
0.706123,0,,librispeech_0239,impostor_8,librispeech_0435,per-clip-v1
0.458767,0,,librispeech_0239,impostor_9,fakeavceleb_02681_Caucasian(American)_men_id00777,per-clip-v1
0.661139,0,,librispeech_0239,impostor_10,librispeech_0109,per-clip-v1
0.974742,1,,librispeech_0240,genuine,librispeech_0240,per-clip-v1
0.803434,0,,librispeech_0240,impostor_1,librispeech_0157,per-clip-v1
0.698494,0,,librispeech_0240,impostor_2,librispeech_0154,per-clip-v1
0.336294,0,,librispeech_0240,impostor_3,fakeavceleb_00729_African_men_id01691,per-clip-v1
0.287017,0,,librispeech_0240,impostor_4,fakeavceleb_00324_Caucasian(American)_men_id01035,per-clip-v1
0.377706,0,,librispeech_0240,impostor_5,fakeavceleb_01445_Asian(East)_men_id07102,per-clip-v1
0.361534,0,,librispeech_0240,impostor_6,fakeavceleb_03331_Caucasian(European)_men_id00358,per-clip-v1
0.219390,0,,librispeech_0240,impostor_7,fakeavceleb_00783_African_men_id02005,per-clip-v1
0.700718,0,,librispeech_0240,impostor_8,fakeavceleb_00178_Asian(East)_women_id06066,per-clip-v1
0.577587,0,,librispeech_0240,impostor_9,fakeavceleb_02685_Caucasian(American)_men_id00777,per-clip-v1
0.725644,0,,librispeech_0240,impostor_10,fakeavceleb_03183_Caucasian(American)_women_id03696,per-clip-v1
0.982105,1,,librispeech_0241,genuine,librispeech_0241,per-clip-v1
0.723671,0,,librispeech_0241,impostor_1,fakeavceleb_02681_Caucasian(American)_men_id00777,per-clip-v1
0.889515,0,,librispeech_0241,impostor_2,fakeavceleb_02802_Caucasian(American)_men_id01211,per-clip-v1
0.782115,0,,librispeech_0241,impostor_3,fakeavceleb_00695_African_men_id01544,per-clip-v1
0.869427,0,,librispeech_0241,impostor_4,librispeech_0310,per-clip-v1
0.657692,0,,librispeech_0241,impostor_5,fakeavceleb_01196_African_women_id05980,per-clip-v1
0.546801,0,,librispeech_0241,impostor_6,librispeech_0336,per-clip-v1
0.926128,0,,librispeech_0241,impostor_7,librispeech_0073,per-clip-v1
0.599090,0,,librispeech_0241,impostor_8,librispeech_0299,per-clip-v1
0.906848,0,,librispeech_0241,impostor_9,librispeech_0325,per-clip-v1
0.712661,0,,librispeech_0241,impostor_10,librispeech_0210,per-clip-v1
0.973106,1,,librispeech_0242,genuine,librispeech_0242,per-clip-v1
0.636803,0,,librispeech_0242,impostor_1,fakeavceleb_01342_Asian(East)_men_id04111,per-clip-v1
0.710389,0,,librispeech_0242,impostor_2,fakeavceleb_03210_Caucasian(European)_men_id00063,per-clip-v1
0.718178,0,,librispeech_0242,impostor_3,fakeavceleb_03387_Caucasian(European)_men_id00559,per-clip-v1
0.569203,0,,librispeech_0242,impostor_4,asvspoof_0421,per-clip-v1
0.407371,0,,librispeech_0242,impostor_5,fakeavceleb_00277_Asian(South)_women_id05478,per-clip-v1
0.898576,0,,librispeech_0242,impostor_6,librispeech_0360,per-clip-v1
0.872121,0,,librispeech_0242,impostor_7,librispeech_0321,per-clip-v1
0.672456,0,,librispeech_0242,impostor_8,fakeavceleb_01413_Asian(East)_men_id06470,per-clip-v1
0.573254,0,,librispeech_0242,impostor_9,librispeech_0320,per-clip-v1
0.593871,0,,librispeech_0242,impostor_10,librispeech_0303,per-clip-v1
0.926553,1,,librispeech_0243,genuine,librispeech_0243,per-clip-v1
0.495679,0,,librispeech_0243,impostor_1,fakeavceleb_02073_Asian(South)_men_id06753,per-clip-v1
0.328126,0,,librispeech_0243,impostor_2,fakeavceleb_03578_Caucasian(European)_women_id00232,per-clip-v1
0.518779,0,,librispeech_0243,impostor_3,fakeavceleb_01126_African_women_id04540,per-clip-v1
0.393374,0,,librispeech_0243,impostor_4,fakeavceleb_03091_Caucasian(American)_women_id01005,per-clip-v1
0.264588,0,,librispeech_0243,impostor_5,fakeavceleb_02384_Asian(South)_women_id05478,per-clip-v1
0.255867,0,,librispeech_0243,impostor_6,fakeavceleb_02223_Asian(South)_women_id00461,per-clip-v1
0.424968,0,,librispeech_0243,impostor_7,librispeech_0127,per-clip-v1
0.389820,0,,librispeech_0243,impostor_8,fakeavceleb_01145_African_women_id04820,per-clip-v1
0.316725,0,,librispeech_0243,impostor_9,fakeavceleb_03051_Caucasian(American)_women_id00752,per-clip-v1
0.571668,0,,librispeech_0243,impostor_10,librispeech_0262,per-clip-v1
0.977921,1,,librispeech_0244,genuine,librispeech_0244,per-clip-v1
0.726630,0,,librispeech_0244,impostor_1,asvspoof_0250,per-clip-v1
0.431866,0,,librispeech_0244,impostor_2,librispeech_0012,per-clip-v1
0.769552,0,,librispeech_0244,impostor_3,fakeavceleb_00710_African_men_id01598,per-clip-v1
0.440374,0,,librispeech_0244,impostor_4,fakeavceleb_01796_Asian(East)_women_id08139,per-clip-v1
0.673569,0,,librispeech_0244,impostor_5,fakeavceleb_00040_African_men_id01995,per-clip-v1
0.604916,0,,librispeech_0244,impostor_6,asvspoof_0025,per-clip-v1
0.284910,0,,librispeech_0244,impostor_7,fakeavceleb_01659_Asian(East)_women_id04414,per-clip-v1
0.315387,0,,librispeech_0244,impostor_8,fakeavceleb_02491_Asian(South)_women_id07078,per-clip-v1
0.421121,0,,librispeech_0244,impostor_9,fakeavceleb_02878_Caucasian(American)_women_id00097,per-clip-v1
0.475075,0,,librispeech_0244,impostor_10,fakeavceleb_02149_Asian(South)_men_id07233,per-clip-v1
0.985251,1,,librispeech_0245,genuine,librispeech_0245,per-clip-v1
0.741298,0,,librispeech_0245,impostor_1,librispeech_0409,per-clip-v1
0.525784,0,,librispeech_0245,impostor_2,fakeavceleb_03444_Caucasian(European)_men_id00990,per-clip-v1
0.559669,0,,librispeech_0245,impostor_3,fakeavceleb_01455_Asian(East)_men_id07338,per-clip-v1
0.582520,0,,librispeech_0245,impostor_4,fakeavceleb_00950_African_women_id01178,per-clip-v1
0.468863,0,,librispeech_0245,impostor_5,fakeavceleb_00936_African_women_id00829,per-clip-v1
0.611303,0,,librispeech_0245,impostor_6,fakeavceleb_00009_African_men_id00701,per-clip-v1
0.373238,0,,librispeech_0245,impostor_7,fakeavceleb_00481_Caucasian(European)_women_id00735,per-clip-v1
0.538994,0,,librispeech_0245,impostor_8,fakeavceleb_00763_African_men_id01933,per-clip-v1
0.607016,0,,librispeech_0245,impostor_9,fakeavceleb_02922_Caucasian(American)_women_id00190,per-clip-v1
0.657172,0,,librispeech_0245,impostor_10,fakeavceleb_00563_African_men_id00518,per-clip-v1
0.984466,1,,librispeech_0246,genuine,librispeech_0246,per-clip-v1
0.414039,0,,librispeech_0246,impostor_1,fakeavceleb_02470_Asian(South)_women_id06752,per-clip-v1
0.668063,0,,librispeech_0246,impostor_2,librispeech_0284,per-clip-v1
0.584744,0,,librispeech_0246,impostor_3,librispeech_0306,per-clip-v1
0.514482,0,,librispeech_0246,impostor_4,fakeavceleb_01098_African_women_id04055,per-clip-v1
0.449415,0,,librispeech_0246,impostor_5,fakeavceleb_00291_Asian(South)_women_id07008,per-clip-v1
0.442596,0,,librispeech_0246,impostor_6,fakeavceleb_01715_Asian(East)_women_id06061,per-clip-v1
0.885956,0,,librispeech_0246,impostor_7,librispeech_0183,per-clip-v1
0.894008,0,,librispeech_0246,impostor_8,librispeech_0349,per-clip-v1
0.514723,0,,librispeech_0246,impostor_9,fakeavceleb_02196_Asian(South)_women_id00149,per-clip-v1
0.635267,0,,librispeech_0246,impostor_10,librispeech_0147,per-clip-v1
0.984892,1,,librispeech_0247,genuine,librispeech_0247,per-clip-v1
0.469716,0,,librispeech_0247,impostor_1,fakeavceleb_02126_Asian(South)_men_id07195,per-clip-v1
0.548581,0,,librispeech_0247,impostor_2,fakeavceleb_00320_Caucasian(American)_men_id00777,per-clip-v1
0.719010,0,,librispeech_0247,impostor_3,fakeavceleb_01582_Asian(East)_women_id00935,per-clip-v1
0.170041,0,,librispeech_0247,impostor_4,fakeavceleb_00587_African_men_id00830,per-clip-v1
0.801681,0,,librispeech_0247,impostor_5,asvspoof_0218,per-clip-v1
0.268115,0,,librispeech_0247,impostor_6,fakeavceleb_00564_African_men_id00518,per-clip-v1
0.778065,0,,librispeech_0247,impostor_7,fakeavceleb_03759_Caucasian(European)_women_id00634,per-clip-v1
0.798017,0,,librispeech_0247,impostor_8,fakeavceleb_02944_Caucasian(American)_women_id00261,per-clip-v1
0.740535,0,,librispeech_0247,impostor_9,fakeavceleb_01430_Asian(East)_men_id06594,per-clip-v1
0.800798,0,,librispeech_0247,impostor_10,librispeech_0188,per-clip-v1
0.972575,1,,librispeech_0248,genuine,librispeech_0248,per-clip-v1
0.270679,0,,librispeech_0248,impostor_1,fakeavceleb_02578_Caucasian(American)_men_id00060,per-clip-v1
0.589802,0,,librispeech_0248,impostor_2,librispeech_0231,per-clip-v1
0.520903,0,,librispeech_0248,impostor_3,fakeavceleb_02686_Caucasian(American)_men_id00943,per-clip-v1
0.316486,0,,librispeech_0248,impostor_4,fakeavceleb_02116_Asian(South)_men_id07182,per-clip-v1
0.739793,0,,librispeech_0248,impostor_5,fakeavceleb_02198_Asian(South)_women_id00149,per-clip-v1
0.525921,0,,librispeech_0248,impostor_6,librispeech_0125,per-clip-v1
0.340446,0,,librispeech_0248,impostor_7,fakeavceleb_02104_Asian(South)_men_id07163,per-clip-v1
0.808740,0,,librispeech_0248,impostor_8,librispeech_0235,per-clip-v1
0.264157,0,,librispeech_0248,impostor_9,fakeavceleb_01466_Asian(East)_men_id08613,per-clip-v1
0.631644,0,,librispeech_0248,impostor_10,fakeavceleb_03809_Caucasian(European)_women_id01002,per-clip-v1
0.972928,1,,librispeech_0249,genuine,librispeech_0249,per-clip-v1
0.539786,0,,librispeech_0249,impostor_1,fakeavceleb_00089_African_women_id04689,per-clip-v1
0.689739,0,,librispeech_0249,impostor_2,fakeavceleb_01686_Asian(East)_women_id05844,per-clip-v1
0.322497,0,,librispeech_0249,impostor_3,fakeavceleb_01908_Asian(South)_men_id00350,per-clip-v1
0.332852,0,,librispeech_0249,impostor_4,fakeavceleb_01322_Asian(East)_men_id03028,per-clip-v1
0.819256,0,,librispeech_0249,impostor_5,fakeavceleb_03581_Caucasian(European)_women_id00234,per-clip-v1
0.873598,0,,librispeech_0249,impostor_6,fakeavceleb_00478_Caucasian(European)_women_id00591,per-clip-v1
0.835226,0,,librispeech_0249,impostor_7,fakeavceleb_01542_Asian(East)_women_id00566,per-clip-v1
0.703790,0,,librispeech_0249,impostor_8,asvspoof_0147,per-clip-v1
0.604162,0,,librispeech_0249,impostor_9,fakeavceleb_02621_Caucasian(American)_men_id00243,per-clip-v1
0.715348,0,,librispeech_0249,impostor_10,librispeech_0499,per-clip-v1
0.983900,1,,librispeech_0250,genuine,librispeech_0250,per-clip-v1
0.898292,0,,librispeech_0250,impostor_1,librispeech_0147,per-clip-v1
0.665195,0,,librispeech_0250,impostor_2,fakeavceleb_02701_Caucasian(American)_men_id01035,per-clip-v1
0.704731,0,,librispeech_0250,impostor_3,fakeavceleb_00186_Asian(East)_women_id07383,per-clip-v1
0.645411,0,,librispeech_0250,impostor_4,fakeavceleb_03640_Caucasian(European)_women_id00330,per-clip-v1
0.647853,0,,librispeech_0250,impostor_5,fakeavceleb_03688_Caucasian(European)_women_id00434,per-clip-v1
0.585304,0,,librispeech_0250,impostor_6,fakeavceleb_00906_African_women_id00577,per-clip-v1
0.716014,0,,librispeech_0250,impostor_7,librispeech_0442,per-clip-v1
0.936715,0,,librispeech_0250,impostor_8,librispeech_0262,per-clip-v1
0.939141,0,,librispeech_0250,impostor_9,librispeech_0154,per-clip-v1
0.540013,0,,librispeech_0250,impostor_10,asvspoof_0463,per-clip-v1
0.970675,1,,librispeech_0251,genuine,librispeech_0251,per-clip-v1
0.374328,0,,librispeech_0251,impostor_1,fakeavceleb_02776_Caucasian(American)_men_id01192,per-clip-v1
0.469612,0,,librispeech_0251,impostor_2,librispeech_0468,per-clip-v1
0.671919,0,,librispeech_0251,impostor_3,asvspoof_0155,per-clip-v1
0.766359,0,,librispeech_0251,impostor_4,fakeavceleb_00388_Caucasian(American)_women_id01227,per-clip-v1
0.608170,0,,librispeech_0251,impostor_5,fakeavceleb_02474_Asian(South)_women_id07008,per-clip-v1
0.814619,0,,librispeech_0251,impostor_6,librispeech_0157,per-clip-v1
0.547530,0,,librispeech_0251,impostor_7,fakeavceleb_03502_Caucasian(European)_men_id01154,per-clip-v1
0.624243,0,,librispeech_0251,impostor_8,fakeavceleb_01278_Asian(East)_men_id01215,per-clip-v1
0.362888,0,,librispeech_0251,impostor_9,asvspoof_0297,per-clip-v1
0.821164,0,,librispeech_0251,impostor_10,asvspoof_0186,per-clip-v1
0.988539,1,,librispeech_0252,genuine,librispeech_0252,per-clip-v1
0.586258,0,,librispeech_0252,impostor_1,fakeavceleb_01334_Asian(East)_men_id03889,per-clip-v1
0.630862,0,,librispeech_0252,impostor_2,fakeavceleb_03186_Caucasian(American)_women_id03696,per-clip-v1
0.703249,0,,librispeech_0252,impostor_3,asvspoof_0296,per-clip-v1
0.468613,0,,librispeech_0252,impostor_4,fakeavceleb_02781_Caucasian(American)_men_id01192,per-clip-v1
0.671564,0,,librispeech_0252,impostor_5,librispeech_0051,per-clip-v1
0.575751,0,,librispeech_0252,impostor_6,fakeavceleb_00381_Caucasian(American)_women_id01005,per-clip-v1
0.925072,0,,librispeech_0252,impostor_7,librispeech_0131,per-clip-v1
0.389789,0,,librispeech_0252,impostor_8,fakeavceleb_00343_Caucasian(American)_men_id03678,per-clip-v1
0.341109,0,,librispeech_0252,impostor_9,fakeavceleb_02014_Asian(South)_men_id04560,per-clip-v1
0.712109,0,,librispeech_0252,impostor_10,librispeech_0499,per-clip-v1
0.954855,1,,librispeech_0253,genuine,librispeech_0253,per-clip-v1
0.272139,0,,librispeech_0253,impostor_1,fakeavceleb_02481_Asian(South)_women_id07051,per-clip-v1
0.444678,0,,librispeech_0253,impostor_2,librispeech_0056,per-clip-v1
0.763533,0,,librispeech_0253,impostor_3,fakeavceleb_01397_Asian(East)_men_id05479,per-clip-v1
0.461017,0,,librispeech_0253,impostor_4,fakeavceleb_01058_African_women_id02948,per-clip-v1
0.554730,0,,librispeech_0253,impostor_5,librispeech_0285,per-clip-v1
0.831302,0,,librispeech_0253,impostor_6,fakeavceleb_03359_Caucasian(European)_men_id00519,per-clip-v1
0.462923,0,,librispeech_0253,impostor_7,fakeavceleb_01736_Asian(East)_women_id06225,per-clip-v1
0.229480,0,,librispeech_0253,impostor_8,fakeavceleb_00271_Asian(South)_women_id04564,per-clip-v1
0.628254,0,,librispeech_0253,impostor_9,asvspoof_0372,per-clip-v1
0.315170,0,,librispeech_0253,impostor_10,fakeavceleb_02276_Asian(South)_women_id02619,per-clip-v1
0.977933,1,,librispeech_0254,genuine,librispeech_0254,per-clip-v1
0.865451,0,,librispeech_0254,impostor_1,librispeech_0178,per-clip-v1
0.684060,0,,librispeech_0254,impostor_2,fakeavceleb_01177_African_women_id05235,per-clip-v1
0.796499,0,,librispeech_0254,impostor_3,fakeavceleb_00867_African_women_id00359,per-clip-v1
0.397152,0,,librispeech_0254,impostor_4,fakeavceleb_03456_Caucasian(European)_men_id01052,per-clip-v1
0.556436,0,,librispeech_0254,impostor_5,librispeech_0087,per-clip-v1
0.353404,0,,librispeech_0254,impostor_6,fakeavceleb_00814_African_men_id02296,per-clip-v1
0.531710,0,,librispeech_0254,impostor_7,librispeech_0408,per-clip-v1
0.473796,0,,librispeech_0254,impostor_8,librispeech_0062,per-clip-v1
0.915787,0,,librispeech_0254,impostor_9,librispeech_0075,per-clip-v1
0.351359,0,,librispeech_0254,impostor_10,fakeavceleb_02032_Asian(South)_men_id04599,per-clip-v1
0.962444,1,,librispeech_0255,genuine,librispeech_0255,per-clip-v1
0.584846,0,,librispeech_0255,impostor_1,librispeech_0185,per-clip-v1
0.380449,0,,librispeech_0255,impostor_2,fakeavceleb_02152_Asian(South)_men_id07463,per-clip-v1
0.607204,0,,librispeech_0255,impostor_3,librispeech_0183,per-clip-v1
0.854978,0,,librispeech_0255,impostor_4,fakeavceleb_00453_Caucasian(European)_women_id00188,per-clip-v1
0.681207,0,,librispeech_0255,impostor_5,fakeavceleb_01464_Asian(East)_men_id08299,per-clip-v1
0.697234,0,,librispeech_0255,impostor_6,fakeavceleb_03684_Caucasian(European)_women_id00403,per-clip-v1
0.561468,0,,librispeech_0255,impostor_7,librispeech_0349,per-clip-v1
0.647609,0,,librispeech_0255,impostor_8,librispeech_0267,per-clip-v1
0.875870,0,,librispeech_0255,impostor_9,librispeech_0324,per-clip-v1
0.574884,0,,librispeech_0255,impostor_10,fakeavceleb_03490_Caucasian(European)_men_id01126,per-clip-v1
0.987283,1,,librispeech_0256,genuine,librispeech_0256,per-clip-v1
0.531318,0,,librispeech_0256,impostor_1,librispeech_0169,per-clip-v1
0.613414,0,,librispeech_0256,impostor_2,fakeavceleb_01804_Asian(East)_women_id08397,per-clip-v1
0.748825,0,,librispeech_0256,impostor_3,librispeech_0153,per-clip-v1
0.803381,0,,librispeech_0256,impostor_4,librispeech_0442,per-clip-v1
0.570592,0,,librispeech_0256,impostor_5,fakeavceleb_02799_Caucasian(American)_men_id01211,per-clip-v1
0.699755,0,,librispeech_0256,impostor_6,librispeech_0035,per-clip-v1
0.819243,0,,librispeech_0256,impostor_7,librispeech_0170,per-clip-v1
0.631873,0,,librispeech_0256,impostor_8,librispeech_0494,per-clip-v1
0.615769,0,,librispeech_0256,impostor_9,fakeavceleb_02953_Caucasian(American)_women_id00272,per-clip-v1
0.726423,0,,librispeech_0256,impostor_10,fakeavceleb_00076_African_women_id03103,per-clip-v1
0.981207,1,,librispeech_0257,genuine,librispeech_0257,per-clip-v1
0.643456,0,,librispeech_0257,impostor_1,fakeavceleb_02649_Caucasian(American)_men_id00529,per-clip-v1
0.467810,0,,librispeech_0257,impostor_2,fakeavceleb_01645_Asian(East)_women_id04144,per-clip-v1
0.744616,0,,librispeech_0257,impostor_3,fakeavceleb_03279_Caucasian(European)_men_id00241,per-clip-v1
0.770240,0,,librispeech_0257,impostor_4,librispeech_0024,per-clip-v1
0.841678,0,,librispeech_0257,impostor_5,librispeech_0431,per-clip-v1
0.653046,0,,librispeech_0257,impostor_6,asvspoof_0295,per-clip-v1
0.788975,0,,librispeech_0257,impostor_7,librispeech_0490,per-clip-v1
0.404687,0,,librispeech_0257,impostor_8,fakeavceleb_00742_African_men_id01779,per-clip-v1
0.576764,0,,librispeech_0257,impostor_9,librispeech_0078,per-clip-v1
0.471285,0,,librispeech_0257,impostor_10,asvspoof_0383,per-clip-v1
0.963165,1,,librispeech_0258,genuine,librispeech_0258,per-clip-v1
0.839213,0,,librispeech_0258,impostor_1,fakeavceleb_01196_African_women_id05980,per-clip-v1
0.516937,0,,librispeech_0258,impostor_2,fakeavceleb_02401_Asian(South)_women_id05920,per-clip-v1
0.823497,0,,librispeech_0258,impostor_3,librispeech_0395,per-clip-v1
0.731000,0,,librispeech_0258,impostor_4,librispeech_0271,per-clip-v1
0.565590,0,,librispeech_0258,impostor_5,fakeavceleb_00946_African_women_id00832,per-clip-v1
0.689486,0,,librispeech_0258,impostor_6,fakeavceleb_00925_African_women_id00707,per-clip-v1
0.284442,0,,librispeech_0258,impostor_7,fakeavceleb_02694_Caucasian(American)_men_id00945,per-clip-v1
0.773800,0,,librispeech_0258,impostor_8,librispeech_0119,per-clip-v1
0.811105,0,,librispeech_0258,impostor_9,fakeavceleb_03085_Caucasian(American)_women_id01004,per-clip-v1
0.432219,0,,librispeech_0258,impostor_10,fakeavceleb_00439_Caucasian(European)_men_id01058,per-clip-v1
0.945353,1,,librispeech_0259,genuine,librispeech_0259,per-clip-v1
0.671763,0,,librispeech_0259,impostor_1,librispeech_0442,per-clip-v1
0.692112,0,,librispeech_0259,impostor_2,fakeavceleb_03132_Caucasian(American)_women_id01238,per-clip-v1
0.815230,0,,librispeech_0259,impostor_3,fakeavceleb_03801_Caucasian(European)_women_id01002,per-clip-v1
0.748497,0,,librispeech_0259,impostor_4,fakeavceleb_02890_Caucasian(American)_women_id00098,per-clip-v1
0.531845,0,,librispeech_0259,impostor_5,fakeavceleb_00081_African_women_id03747,per-clip-v1
0.809885,0,,librispeech_0259,impostor_6,fakeavceleb_01533_Asian(East)_women_id00430,per-clip-v1
0.436627,0,,librispeech_0259,impostor_7,fakeavceleb_02577_Caucasian(American)_men_id00060,per-clip-v1
0.608080,0,,librispeech_0259,impostor_8,asvspoof_0286,per-clip-v1
0.737327,0,,librispeech_0259,impostor_9,librispeech_0330,per-clip-v1
0.764873,0,,librispeech_0259,impostor_10,librispeech_0283,per-clip-v1
0.983724,1,,librispeech_0260,genuine,librispeech_0260,per-clip-v1
0.584325,0,,librispeech_0260,impostor_1,fakeavceleb_00799_African_men_id02040,per-clip-v1
0.492606,0,,librispeech_0260,impostor_2,fakeavceleb_03305_Caucasian(European)_men_id00266,per-clip-v1
0.579277,0,,librispeech_0260,impostor_3,fakeavceleb_03504_Caucasian(European)_men_id01157,per-clip-v1
0.456844,0,,librispeech_0260,impostor_4,librispeech_0381,per-clip-v1
0.185872,0,,librispeech_0260,impostor_5,librispeech_0437,per-clip-v1
0.219099,0,,librispeech_0260,impostor_6,fakeavceleb_02491_Asian(South)_women_id07078,per-clip-v1
0.340926,0,,librispeech_0260,impostor_7,librispeech_0499,per-clip-v1
0.319547,0,,librispeech_0260,impostor_8,fakeavceleb_00367_Caucasian(American)_women_id00431,per-clip-v1
0.054698,0,,librispeech_0260,impostor_9,fakeavceleb_02458_Asian(South)_women_id06438,per-clip-v1
0.348305,0,,librispeech_0260,impostor_10,fakeavceleb_02940_Caucasian(American)_women_id00261,per-clip-v1
0.977953,1,,librispeech_0261,genuine,librispeech_0261,per-clip-v1
0.602664,0,,librispeech_0261,impostor_1,fakeavceleb_02276_Asian(South)_women_id02619,per-clip-v1
0.786159,0,,librispeech_0261,impostor_2,fakeavceleb_01796_Asian(East)_women_id08139,per-clip-v1
0.665191,0,,librispeech_0261,impostor_3,librispeech_0370,per-clip-v1
0.864982,0,,librispeech_0261,impostor_4,librispeech_0250,per-clip-v1
0.308631,0,,librispeech_0261,impostor_5,fakeavceleb_02008_Asian(South)_men_id04537,per-clip-v1
0.918405,0,,librispeech_0261,impostor_6,fakeavceleb_01059_African_women_id02948,per-clip-v1
0.886958,0,,librispeech_0261,impostor_7,fakeavceleb_02967_Caucasian(American)_women_id00381,per-clip-v1
0.676320,0,,librispeech_0261,impostor_8,fakeavceleb_00166_Asian(East)_women_id04066,per-clip-v1
0.597560,0,,librispeech_0261,impostor_9,fakeavceleb_02786_Caucasian(American)_men_id01201,per-clip-v1
0.457820,0,,librispeech_0261,impostor_10,librispeech_0386,per-clip-v1
0.965033,1,,librispeech_0262,genuine,librispeech_0262,per-clip-v1
0.568937,0,,librispeech_0262,impostor_1,fakeavceleb_01671_Asian(East)_women_id05576,per-clip-v1
0.775353,0,,librispeech_0262,impostor_2,asvspoof_0364,per-clip-v1
0.862597,0,,librispeech_0262,impostor_3,librispeech_0071,per-clip-v1
0.541838,0,,librispeech_0262,impostor_4,librispeech_0062,per-clip-v1
0.577801,0,,librispeech_0262,impostor_5,fakeavceleb_02792_Caucasian(American)_men_id01210,per-clip-v1
0.912349,0,,librispeech_0262,impostor_6,librispeech_0296,per-clip-v1
0.571667,0,,librispeech_0262,impostor_7,fakeavceleb_00084_African_women_id04374,per-clip-v1
0.851122,0,,librispeech_0262,impostor_8,fakeavceleb_00954_African_women_id01178,per-clip-v1
0.842671,0,,librispeech_0262,impostor_9,fakeavceleb_03031_Caucasian(American)_women_id00575,per-clip-v1
0.451102,0,,librispeech_0262,impostor_10,fakeavceleb_03328_Caucasian(European)_men_id00306,per-clip-v1
0.980557,1,,librispeech_0263,genuine,librispeech_0263,per-clip-v1
0.610908,0,,librispeech_0263,impostor_1,fakeavceleb_01299_Asian(East)_men_id02332,per-clip-v1
0.890990,0,,librispeech_0263,impostor_2,fakeavceleb_00978_African_women_id01783,per-clip-v1
0.488199,0,,librispeech_0263,impostor_3,fakeavceleb_03225_Caucasian(European)_men_id00171,per-clip-v1
0.858516,0,,librispeech_0263,impostor_4,asvspoof_0247,per-clip-v1
0.915432,0,,librispeech_0263,impostor_5,fakeavceleb_00936_African_women_id00829,per-clip-v1
0.910232,0,,librispeech_0263,impostor_6,fakeavceleb_03814_Caucasian(European)_women_id03371,per-clip-v1
0.733542,0,,librispeech_0263,impostor_7,fakeavceleb_03199_Caucasian(European)_men_id00055,per-clip-v1
0.513891,0,,librispeech_0263,impostor_8,fakeavceleb_01289_Asian(East)_men_id01683,per-clip-v1
0.774751,0,,librispeech_0263,impostor_9,fakeavceleb_01574_Asian(East)_women_id00935,per-clip-v1
0.702927,0,,librispeech_0263,impostor_10,asvspoof_0386,per-clip-v1
0.987383,1,,librispeech_0265,genuine,librispeech_0265,per-clip-v1
0.679166,0,,librispeech_0265,impostor_1,fakeavceleb_01847_Asian(East)_women_id09175,per-clip-v1
0.825025,0,,librispeech_0265,impostor_2,librispeech_0336,per-clip-v1
0.859682,0,,librispeech_0265,impostor_3,librispeech_0157,per-clip-v1
0.541909,0,,librispeech_0265,impostor_4,fakeavceleb_01204_Asian(East)_men_id00056,per-clip-v1
0.595835,0,,librispeech_0265,impostor_5,asvspoof_0379,per-clip-v1
0.879154,0,,librispeech_0265,impostor_6,fakeavceleb_01041_African_women_id02808,per-clip-v1
0.432195,0,,librispeech_0265,impostor_7,fakeavceleb_00289_Asian(South)_women_id06445,per-clip-v1
0.404610,0,,librispeech_0265,impostor_8,fakeavceleb_00222_Asian(South)_men_id04554,per-clip-v1
0.677171,0,,librispeech_0265,impostor_9,fakeavceleb_01685_Asian(East)_women_id05631,per-clip-v1
0.761993,0,,librispeech_0265,impostor_10,fakeavceleb_03123_Caucasian(American)_women_id01227,per-clip-v1
0.960496,1,,librispeech_0266,genuine,librispeech_0266,per-clip-v1
0.611212,0,,librispeech_0266,impostor_1,fakeavceleb_00648_African_men_id01236,per-clip-v1
0.745372,0,,librispeech_0266,impostor_2,fakeavceleb_02729_Caucasian(American)_men_id01096,per-clip-v1
0.808003,0,,librispeech_0266,impostor_3,asvspoof_0079,per-clip-v1
0.917673,0,,librispeech_0266,impostor_4,librispeech_0271,per-clip-v1
0.816682,0,,librispeech_0266,impostor_5,fakeavceleb_02684_Caucasian(American)_men_id00777,per-clip-v1
0.776253,0,,librispeech_0266,impostor_6,librispeech_0249,per-clip-v1
0.462002,0,,librispeech_0266,impostor_7,fakeavceleb_01025_African_women_id02586,per-clip-v1
0.668872,0,,librispeech_0266,impostor_8,fakeavceleb_02819_Caucasian(American)_men_id03678,per-clip-v1
0.600095,0,,librispeech_0266,impostor_9,fakeavceleb_01907_Asian(South)_men_id00350,per-clip-v1
0.596309,0,,librispeech_0266,impostor_10,librispeech_0254,per-clip-v1
0.969381,1,,librispeech_0267,genuine,librispeech_0267,per-clip-v1
0.849672,0,,librispeech_0267,impostor_1,librispeech_0256,per-clip-v1
0.598786,0,,librispeech_0267,impostor_2,asvspoof_0005,per-clip-v1
0.850324,0,,librispeech_0267,impostor_3,librispeech_0091,per-clip-v1
0.787584,0,,librispeech_0267,impostor_4,fakeavceleb_01141_African_women_id04736,per-clip-v1
0.894391,0,,librispeech_0267,impostor_5,fakeavceleb_03429_Caucasian(European)_men_id00946,per-clip-v1
0.720173,0,,librispeech_0267,impostor_6,fakeavceleb_03393_Caucasian(European)_men_id00594,per-clip-v1
0.474859,0,,librispeech_0267,impostor_7,asvspoof_0196,per-clip-v1
0.743113,0,,librispeech_0267,impostor_8,fakeavceleb_01453_Asian(East)_men_id07338,per-clip-v1
0.665457,0,,librispeech_0267,impostor_9,fakeavceleb_00085_African_women_id04376,per-clip-v1
0.584037,0,,librispeech_0267,impostor_10,fakeavceleb_00080_African_women_id03713,per-clip-v1
0.966701,1,,librispeech_0268,genuine,librispeech_0268,per-clip-v1
0.840377,0,,librispeech_0268,impostor_1,librispeech_0359,per-clip-v1
0.587894,0,,librispeech_0268,impostor_2,librispeech_0155,per-clip-v1
0.561808,0,,librispeech_0268,impostor_3,fakeavceleb_03388_Caucasian(European)_men_id00559,per-clip-v1
0.566366,0,,librispeech_0268,impostor_4,fakeavceleb_01244_Asian(East)_men_id00740,per-clip-v1
0.443422,0,,librispeech_0268,impostor_5,fakeavceleb_00466_Caucasian(European)_women_id00374,per-clip-v1
0.454111,0,,librispeech_0268,impostor_6,fakeavceleb_01977_Asian(South)_men_id00860,per-clip-v1
0.514860,0,,librispeech_0268,impostor_7,fakeavceleb_02123_Asian(South)_men_id07194,per-clip-v1
0.599535,0,,librispeech_0268,impostor_8,librispeech_0312,per-clip-v1
0.479368,0,,librispeech_0268,impostor_9,fakeavceleb_01807_Asian(East)_women_id08402,per-clip-v1
0.625502,0,,librispeech_0268,impostor_10,fakeavceleb_01309_Asian(East)_men_id02493,per-clip-v1
0.980041,1,,librispeech_0269,genuine,librispeech_0269,per-clip-v1
0.396366,0,,librispeech_0269,impostor_1,fakeavceleb_03335_Caucasian(European)_men_id00368,per-clip-v1
0.421315,0,,librispeech_0269,impostor_2,asvspoof_0303,per-clip-v1
0.314910,0,,librispeech_0269,impostor_3,fakeavceleb_01511_Asian(East)_women_id00137,per-clip-v1
0.557704,0,,librispeech_0269,impostor_4,fakeavceleb_01242_Asian(East)_men_id00740,per-clip-v1
0.867391,0,,librispeech_0269,impostor_5,librispeech_0009,per-clip-v1
0.425489,0,,librispeech_0269,impostor_6,fakeavceleb_01670_Asian(East)_women_id05576,per-clip-v1
0.283110,0,,librispeech_0269,impostor_7,fakeavceleb_03735_Caucasian(European)_women_id00581,per-clip-v1
0.749583,0,,librispeech_0269,impostor_8,librispeech_0272,per-clip-v1
0.340207,0,,librispeech_0269,impostor_9,fakeavceleb_00954_African_women_id01178,per-clip-v1
0.356612,0,,librispeech_0269,impostor_10,fakeavceleb_03104_Caucasian(American)_women_id01216,per-clip-v1
0.990854,1,,librispeech_0270,genuine,librispeech_0270,per-clip-v1
0.768165,0,,librispeech_0270,impostor_1,fakeavceleb_00073_African_women_id02824,per-clip-v1
0.525046,0,,librispeech_0270,impostor_2,librispeech_0009,per-clip-v1
0.849390,0,,librispeech_0270,impostor_3,librispeech_0236,per-clip-v1
0.739018,0,,librispeech_0270,impostor_4,fakeavceleb_03810_Caucasian(European)_women_id01018,per-clip-v1
0.839236,0,,librispeech_0270,impostor_5,fakeavceleb_03819_Caucasian(European)_women_id03620,per-clip-v1
0.787484,0,,librispeech_0270,impostor_6,librispeech_0488,per-clip-v1
0.836106,0,,librispeech_0270,impostor_7,librispeech_0059,per-clip-v1
0.716924,0,,librispeech_0270,impostor_8,fakeavceleb_02199_Asian(South)_women_id00149,per-clip-v1
0.493053,0,,librispeech_0270,impostor_9,fakeavceleb_00123_Asian(East)_men_id04691,per-clip-v1
0.706789,0,,librispeech_0270,impostor_10,librispeech_0413,per-clip-v1
0.992953,1,,librispeech_0271,genuine,librispeech_0271,per-clip-v1
0.759884,0,,librispeech_0271,impostor_1,librispeech_0353,per-clip-v1
0.513415,0,,librispeech_0271,impostor_2,fakeavceleb_00249_Asian(South)_men_id08457,per-clip-v1
0.557489,0,,librispeech_0271,impostor_3,fakeavceleb_03392_Caucasian(European)_men_id00594,per-clip-v1
0.907253,0,,librispeech_0271,impostor_4,librispeech_0366,per-clip-v1
0.546182,0,,librispeech_0271,impostor_5,fakeavceleb_00948_African_women_id01178,per-clip-v1
0.581108,0,,librispeech_0271,impostor_6,fakeavceleb_01428_Asian(East)_men_id06591,per-clip-v1
0.714381,0,,librispeech_0271,impostor_7,librispeech_0233,per-clip-v1
0.663432,0,,librispeech_0271,impostor_8,fakeavceleb_00010_African_men_id00761,per-clip-v1
0.817870,0,,librispeech_0271,impostor_9,fakeavceleb_02634_Caucasian(American)_men_id00264,per-clip-v1
0.786579,0,,librispeech_0271,impostor_10,fakeavceleb_00580_African_men_id00781,per-clip-v1
0.971659,1,,librispeech_0272,genuine,librispeech_0272,per-clip-v1
0.771284,0,,librispeech_0272,impostor_1,fakeavceleb_03305_Caucasian(European)_men_id00266,per-clip-v1
0.703548,0,,librispeech_0272,impostor_2,fakeavceleb_00614_African_men_id01170,per-clip-v1
0.547609,0,,librispeech_0272,impostor_3,fakeavceleb_00996_African_women_id01907,per-clip-v1
0.331507,0,,librispeech_0272,impostor_4,fakeavceleb_02504_Asian(South)_women_id07377,per-clip-v1
0.680429,0,,librispeech_0272,impostor_5,fakeavceleb_03299_Caucasian(European)_men_id00265,per-clip-v1
0.490952,0,,librispeech_0272,impostor_6,fakeavceleb_01348_Asian(East)_men_id04222,per-clip-v1
0.634575,0,,librispeech_0272,impostor_7,fakeavceleb_00560_African_men_id00478,per-clip-v1
0.639324,0,,librispeech_0272,impostor_8,fakeavceleb_01493_Asian(East)_men_id09143,per-clip-v1
0.804157,0,,librispeech_0272,impostor_9,asvspoof_0144,per-clip-v1
0.591856,0,,librispeech_0272,impostor_10,fakeavceleb_02000_Asian(South)_men_id04526,per-clip-v1
0.975677,1,,librispeech_0273,genuine,librispeech_0273,per-clip-v1
0.601141,0,,librispeech_0273,impostor_1,librispeech_0047,per-clip-v1
0.667424,0,,librispeech_0273,impostor_2,fakeavceleb_01376_Asian(East)_men_id04884,per-clip-v1
0.438226,0,,librispeech_0273,impostor_3,fakeavceleb_00827_African_men_id02316,per-clip-v1
0.781373,0,,librispeech_0273,impostor_4,fakeavceleb_01921_Asian(South)_men_id00685,per-clip-v1
0.683606,0,,librispeech_0273,impostor_5,fakeavceleb_00808_African_men_id02051,per-clip-v1
0.727609,0,,librispeech_0273,impostor_6,librispeech_0426,per-clip-v1
0.517524,0,,librispeech_0273,impostor_7,asvspoof_0190,per-clip-v1
0.747521,0,,librispeech_0273,impostor_8,librispeech_0135,per-clip-v1
0.811725,0,,librispeech_0273,impostor_9,librispeech_0072,per-clip-v1
0.637371,0,,librispeech_0273,impostor_10,fakeavceleb_03795_Caucasian(European)_women_id01001,per-clip-v1
0.938542,1,,librispeech_0274,genuine,librispeech_0274,per-clip-v1
0.591959,0,,librispeech_0274,impostor_1,fakeavceleb_00074_African_women_id02838,per-clip-v1
0.641364,0,,librispeech_0274,impostor_2,asvspoof_0412,per-clip-v1
0.602162,0,,librispeech_0274,impostor_3,fakeavceleb_02726_Caucasian(American)_men_id01096,per-clip-v1
0.307921,0,,librispeech_0274,impostor_4,fakeavceleb_01930_Asian(South)_men_id00732,per-clip-v1
0.548757,0,,librispeech_0274,impostor_5,asvspoof_0123,per-clip-v1
0.710275,0,,librispeech_0274,impostor_6,librispeech_0283,per-clip-v1
0.596366,0,,librispeech_0274,impostor_7,asvspoof_0434,per-clip-v1
0.742609,0,,librispeech_0274,impostor_8,fakeavceleb_03686_Caucasian(European)_women_id00434,per-clip-v1
0.646725,0,,librispeech_0274,impostor_9,fakeavceleb_03640_Caucasian(European)_women_id00330,per-clip-v1
0.307341,0,,librispeech_0274,impostor_10,fakeavceleb_01995_Asian(South)_men_id03945,per-clip-v1
0.969116,1,,librispeech_0275,genuine,librispeech_0275,per-clip-v1
0.488492,0,,librispeech_0275,impostor_1,fakeavceleb_01399_Asian(East)_men_id05743,per-clip-v1
0.567950,0,,librispeech_0275,impostor_2,fakeavceleb_02590_Caucasian(American)_men_id00087,per-clip-v1
0.750505,0,,librispeech_0275,impostor_3,fakeavceleb_01051_African_women_id02838,per-clip-v1
0.577402,0,,librispeech_0275,impostor_4,fakeavceleb_02295_Asian(South)_women_id03897,per-clip-v1
0.446293,0,,librispeech_0275,impostor_5,fakeavceleb_01405_Asian(East)_men_id06269,per-clip-v1
0.520333,0,,librispeech_0275,impostor_6,librispeech_0158,per-clip-v1
0.702358,0,,librispeech_0275,impostor_7,fakeavceleb_03554_Caucasian(European)_women_id00071,per-clip-v1
0.459168,0,,librispeech_0275,impostor_8,asvspoof_0408,per-clip-v1
0.808080,0,,librispeech_0275,impostor_9,fakeavceleb_03117_Caucasian(American)_women_id01225,per-clip-v1
0.699065,0,,librispeech_0275,impostor_10,asvspoof_0230,per-clip-v1
0.992258,1,,librispeech_0276,genuine,librispeech_0276,per-clip-v1
0.554175,0,,librispeech_0276,impostor_1,fakeavceleb_03475_Caucasian(European)_men_id01099,per-clip-v1
0.388031,0,,librispeech_0276,impostor_2,fakeavceleb_02145_Asian(South)_men_id07210,per-clip-v1
0.430365,0,,librispeech_0276,impostor_3,librispeech_0393,per-clip-v1
0.794132,0,,librispeech_0276,impostor_4,librispeech_0449,per-clip-v1
0.711660,0,,librispeech_0276,impostor_5,fakeavceleb_00767_African_men_id01933,per-clip-v1
0.344193,0,,librispeech_0276,impostor_6,fakeavceleb_01728_Asian(East)_women_id06158,per-clip-v1
0.791649,0,,librispeech_0276,impostor_7,librispeech_0143,per-clip-v1
0.799170,0,,librispeech_0276,impostor_8,fakeavceleb_01109_African_women_id04245,per-clip-v1
0.825635,0,,librispeech_0276,impostor_9,librispeech_0304,per-clip-v1
0.750007,0,,librispeech_0276,impostor_10,librispeech_0208,per-clip-v1
0.974995,1,,librispeech_0277,genuine,librispeech_0277,per-clip-v1
0.421332,0,,librispeech_0277,impostor_1,fakeavceleb_01705_Asian(East)_women_id06060,per-clip-v1
0.650165,0,,librispeech_0277,impostor_2,fakeavceleb_02672_Caucasian(American)_men_id00775,per-clip-v1
0.883750,0,,librispeech_0277,impostor_3,librispeech_0313,per-clip-v1
0.461289,0,,librispeech_0277,impostor_4,librispeech_0307,per-clip-v1
0.758094,0,,librispeech_0277,impostor_5,fakeavceleb_00348_Caucasian(American)_men_id04219,per-clip-v1
0.912804,0,,librispeech_0277,impostor_6,librispeech_0276,per-clip-v1
0.910415,0,,librispeech_0277,impostor_7,librispeech_0244,per-clip-v1
0.527134,0,,librispeech_0277,impostor_8,fakeavceleb_02870_Caucasian(American)_women_id00097,per-clip-v1
0.357352,0,,librispeech_0277,impostor_9,fakeavceleb_02987_Caucasian(American)_women_id00418,per-clip-v1
0.811170,0,,librispeech_0277,impostor_10,fakeavceleb_00831_African_men_id02342,per-clip-v1
0.946357,1,,librispeech_0278,genuine,librispeech_0278,per-clip-v1
0.384369,0,,librispeech_0278,impostor_1,fakeavceleb_02035_Asian(South)_men_id04599,per-clip-v1
0.837219,0,,librispeech_0278,impostor_2,librispeech_0260,per-clip-v1
0.524745,0,,librispeech_0278,impostor_3,fakeavceleb_00040_African_men_id01995,per-clip-v1
0.553712,0,,librispeech_0278,impostor_4,fakeavceleb_01401_Asian(East)_men_id06152,per-clip-v1
0.875211,0,,librispeech_0278,impostor_5,librispeech_0469,per-clip-v1
0.547478,0,,librispeech_0278,impostor_6,fakeavceleb_01912_Asian(South)_men_id00414,per-clip-v1
0.446186,0,,librispeech_0278,impostor_7,fakeavceleb_00863_African_women_id00220,per-clip-v1
0.876212,0,,librispeech_0278,impostor_8,librispeech_0047,per-clip-v1
0.778848,0,,librispeech_0278,impostor_9,librispeech_0192,per-clip-v1
0.741690,0,,librispeech_0278,impostor_10,fakeavceleb_02532_Caucasian(American)_men_id00020,per-clip-v1
0.955388,1,,librispeech_0279,genuine,librispeech_0279,per-clip-v1
0.546116,0,,librispeech_0279,impostor_1,asvspoof_0052,per-clip-v1
0.455683,0,,librispeech_0279,impostor_2,fakeavceleb_02404_Asian(South)_women_id05931,per-clip-v1
0.621391,0,,librispeech_0279,impostor_3,fakeavceleb_00180_Asian(East)_women_id06225,per-clip-v1
0.802665,0,,librispeech_0279,impostor_4,fakeavceleb_00915_African_women_id00592,per-clip-v1
0.709159,0,,librispeech_0279,impostor_5,fakeavceleb_03670_Caucasian(European)_women_id00379,per-clip-v1
0.425728,0,,librispeech_0279,impostor_6,fakeavceleb_03324_Caucasian(European)_men_id00305,per-clip-v1
0.612307,0,,librispeech_0279,impostor_7,librispeech_0456,per-clip-v1
0.442328,0,,librispeech_0279,impostor_8,fakeavceleb_02184_Asian(South)_women_id00080,per-clip-v1
0.567099,0,,librispeech_0279,impostor_9,fakeavceleb_03489_Caucasian(European)_men_id01123,per-clip-v1
0.375660,0,,librispeech_0279,impostor_10,fakeavceleb_02665_Caucasian(American)_men_id00708,per-clip-v1
0.988942,1,,librispeech_0280,genuine,librispeech_0280,per-clip-v1
0.738080,0,,librispeech_0280,impostor_1,asvspoof_0120,per-clip-v1
0.567801,0,,librispeech_0280,impostor_2,fakeavceleb_02052_Asian(South)_men_id06334,per-clip-v1
0.778305,0,,librispeech_0280,impostor_3,librispeech_0405,per-clip-v1
0.623293,0,,librispeech_0280,impostor_4,librispeech_0058,per-clip-v1
0.732521,0,,librispeech_0280,impostor_5,librispeech_0389,per-clip-v1
0.909353,0,,librispeech_0280,impostor_6,librispeech_0272,per-clip-v1
0.356628,0,,librispeech_0280,impostor_7,fakeavceleb_03054_Caucasian(American)_women_id00835,per-clip-v1
0.815261,0,,librispeech_0280,impostor_8,fakeavceleb_02775_Caucasian(American)_men_id01182,per-clip-v1
0.498546,0,,librispeech_0280,impostor_9,fakeavceleb_02124_Asian(South)_men_id07194,per-clip-v1
0.556042,0,,librispeech_0280,impostor_10,fakeavceleb_01048_African_women_id02824,per-clip-v1
0.940516,1,,librispeech_0281,genuine,librispeech_0281,per-clip-v1
0.494290,0,,librispeech_0281,impostor_1,fakeavceleb_03323_Caucasian(European)_men_id00292,per-clip-v1
0.250680,0,,librispeech_0281,impostor_2,fakeavceleb_01892_Asian(South)_men_id00103,per-clip-v1
0.895186,0,,librispeech_0281,impostor_3,librispeech_0124,per-clip-v1
0.466797,0,,librispeech_0281,impostor_4,fakeavceleb_03469_Caucasian(European)_men_id01098,per-clip-v1
0.744246,0,,librispeech_0281,impostor_5,fakeavceleb_02353_Asian(South)_women_id04927,per-clip-v1
0.928676,0,,librispeech_0281,impostor_6,fakeavceleb_02891_Caucasian(American)_women_id00100,per-clip-v1
0.437200,0,,librispeech_0281,impostor_7,fakeavceleb_03246_Caucasian(European)_men_id00185,per-clip-v1
0.627418,0,,librispeech_0281,impostor_8,fakeavceleb_03035_Caucasian(American)_women_id00575,per-clip-v1
0.736127,0,,librispeech_0281,impostor_9,fakeavceleb_00055_African_women_id00577,per-clip-v1
0.621608,0,,librispeech_0281,impostor_10,fakeavceleb_02217_Asian(South)_women_id00417,per-clip-v1
0.962402,1,,librispeech_0282,genuine,librispeech_0282,per-clip-v1
0.747412,0,,librispeech_0282,impostor_1,fakeavceleb_03674_Caucasian(European)_women_id00395,per-clip-v1
0.825808,0,,librispeech_0282,impostor_2,fakeavceleb_01154_African_women_id04939,per-clip-v1
0.365154,0,,librispeech_0282,impostor_3,fakeavceleb_00626_African_men_id01179,per-clip-v1
0.680983,0,,librispeech_0282,impostor_4,fakeavceleb_03813_Caucasian(European)_women_id03371,per-clip-v1
0.658692,0,,librispeech_0282,impostor_5,fakeavceleb_00375_Caucasian(American)_women_id00752,per-clip-v1
0.457932,0,,librispeech_0282,impostor_6,fakeavceleb_03214_Caucasian(European)_men_id00063,per-clip-v1
0.652049,0,,librispeech_0282,impostor_7,asvspoof_0067,per-clip-v1
0.519853,0,,librispeech_0282,impostor_8,fakeavceleb_00274_Asian(South)_women_id04927,per-clip-v1
0.473479,0,,librispeech_0282,impostor_9,fakeavceleb_02231_Asian(South)_women_id00488,per-clip-v1
0.670364,0,,librispeech_0282,impostor_10,fakeavceleb_00180_Asian(East)_women_id06225,per-clip-v1
0.958498,1,,librispeech_0283,genuine,librispeech_0283,per-clip-v1
0.771594,0,,librispeech_0283,impostor_1,librispeech_0459,per-clip-v1
0.709744,0,,librispeech_0283,impostor_2,librispeech_0071,per-clip-v1
0.657050,0,,librispeech_0283,impostor_3,asvspoof_0065,per-clip-v1
0.570306,0,,librispeech_0283,impostor_4,fakeavceleb_02906_Caucasian(American)_women_id00145,per-clip-v1
0.693029,0,,librispeech_0283,impostor_5,fakeavceleb_03021_Caucasian(American)_women_id00462,per-clip-v1
0.509357,0,,librispeech_0283,impostor_6,fakeavceleb_02409_Asian(South)_women_id05931,per-clip-v1
0.651969,0,,librispeech_0283,impostor_7,librispeech_0494,per-clip-v1
0.870417,0,,librispeech_0283,impostor_8,fakeavceleb_01311_Asian(East)_men_id02493,per-clip-v1
0.651861,0,,librispeech_0283,impostor_9,fakeavceleb_03789_Caucasian(European)_women_id00897,per-clip-v1
0.612412,0,,librispeech_0283,impostor_10,fakeavceleb_01457_Asian(East)_men_id08299,per-clip-v1
0.942178,1,,librispeech_0284,genuine,librispeech_0284,per-clip-v1
0.399448,0,,librispeech_0284,impostor_1,fakeavceleb_02329_Asian(South)_women_id04529,per-clip-v1
0.714504,0,,librispeech_0284,impostor_2,librispeech_0402,per-clip-v1
0.356485,0,,librispeech_0284,impostor_3,asvspoof_0474,per-clip-v1
0.774486,0,,librispeech_0284,impostor_4,fakeavceleb_02309_Asian(South)_women_id04070,per-clip-v1
0.562611,0,,librispeech_0284,impostor_5,fakeavceleb_02686_Caucasian(American)_men_id00943,per-clip-v1
0.647539,0,,librispeech_0284,impostor_6,fakeavceleb_01768_Asian(East)_women_id07039,per-clip-v1
0.595511,0,,librispeech_0284,impostor_7,librispeech_0330,per-clip-v1
0.655006,0,,librispeech_0284,impostor_8,asvspoof_0103,per-clip-v1
0.860391,0,,librispeech_0284,impostor_9,fakeavceleb_03152_Caucasian(American)_women_id01248,per-clip-v1
0.367416,0,,librispeech_0284,impostor_10,fakeavceleb_00825_African_men_id02316,per-clip-v1
0.986673,1,,librispeech_0285,genuine,librispeech_0285,per-clip-v1
0.712648,0,,librispeech_0285,impostor_1,librispeech_0039,per-clip-v1
0.406847,0,,librispeech_0285,impostor_2,fakeavceleb_02369_Asian(South)_women_id05434,per-clip-v1
0.461725,0,,librispeech_0285,impostor_3,librispeech_0429,per-clip-v1
0.754081,0,,librispeech_0285,impostor_4,asvspoof_0423,per-clip-v1
0.542453,0,,librispeech_0285,impostor_5,fakeavceleb_01339_Asian(East)_men_id03965,per-clip-v1
0.435300,0,,librispeech_0285,impostor_6,fakeavceleb_03786_Caucasian(European)_women_id00826,per-clip-v1
0.642746,0,,librispeech_0285,impostor_7,fakeavceleb_01555_Asian(East)_women_id00579,per-clip-v1
0.650484,0,,librispeech_0285,impostor_8,fakeavceleb_03170_Caucasian(American)_women_id03556,per-clip-v1
0.756886,0,,librispeech_0285,impostor_9,librispeech_0431,per-clip-v1
0.407304,0,,librispeech_0285,impostor_10,fakeavceleb_01954_Asian(South)_men_id00773,per-clip-v1
0.959867,1,,librispeech_0286,genuine,librispeech_0286,per-clip-v1
0.709490,0,,librispeech_0286,impostor_1,fakeavceleb_00166_Asian(East)_women_id04066,per-clip-v1
0.637540,0,,librispeech_0286,impostor_2,fakeavceleb_00933_African_women_id00829,per-clip-v1
0.704684,0,,librispeech_0286,impostor_3,fakeavceleb_01833_Asian(East)_women_id09171,per-clip-v1
0.461179,0,,librispeech_0286,impostor_4,fakeavceleb_03335_Caucasian(European)_men_id00368,per-clip-v1
0.452771,0,,librispeech_0286,impostor_5,fakeavceleb_01348_Asian(East)_men_id04222,per-clip-v1
0.800750,0,,librispeech_0286,impostor_6,fakeavceleb_00365_Caucasian(American)_women_id00418,per-clip-v1
0.290737,0,,librispeech_0286,impostor_7,fakeavceleb_02078_Asian(South)_men_id07058,per-clip-v1
0.504953,0,,librispeech_0286,impostor_8,fakeavceleb_00261_Asian(South)_women_id02310,per-clip-v1
0.789832,0,,librispeech_0286,impostor_9,fakeavceleb_01507_Asian(East)_women_id00137,per-clip-v1
0.618273,0,,librispeech_0286,impostor_10,fakeavceleb_00398_Caucasian(American)_women_id03707,per-clip-v1
0.980996,1,,librispeech_0287,genuine,librispeech_0287,per-clip-v1
0.557678,0,,librispeech_0287,impostor_1,fakeavceleb_01917_Asian(South)_men_id00459,per-clip-v1
0.870104,0,,librispeech_0287,impostor_2,librispeech_0180,per-clip-v1
0.733798,0,,librispeech_0287,impostor_3,librispeech_0341,per-clip-v1
0.312193,0,,librispeech_0287,impostor_4,asvspoof_0100,per-clip-v1
0.352516,0,,librispeech_0287,impostor_5,fakeavceleb_02429_Asian(South)_women_id06343,per-clip-v1
0.782913,0,,librispeech_0287,impostor_6,librispeech_0412,per-clip-v1
0.723183,0,,librispeech_0287,impostor_7,fakeavceleb_00680_African_men_id01530,per-clip-v1
0.548619,0,,librispeech_0287,impostor_8,fakeavceleb_03591_Caucasian(European)_women_id00262,per-clip-v1
0.529962,0,,librispeech_0287,impostor_9,librispeech_0420,per-clip-v1
0.618707,0,,librispeech_0287,impostor_10,fakeavceleb_00750_African_men_id01856,per-clip-v1
0.958676,1,,librispeech_0288,genuine,librispeech_0288,per-clip-v1
0.339507,0,,librispeech_0288,impostor_1,fakeavceleb_00398_Caucasian(American)_women_id03707,per-clip-v1
0.412852,0,,librispeech_0288,impostor_2,fakeavceleb_03141_Caucasian(American)_women_id01238,per-clip-v1
0.544565,0,,librispeech_0288,impostor_3,fakeavceleb_00913_African_women_id00592,per-clip-v1
0.446286,0,,librispeech_0288,impostor_4,librispeech_0317,per-clip-v1
0.902754,0,,librispeech_0288,impostor_5,librispeech_0207,per-clip-v1
0.667412,0,,librispeech_0288,impostor_6,fakeavceleb_03036_Caucasian(American)_women_id00616,per-clip-v1
0.719051,0,,librispeech_0288,impostor_7,fakeavceleb_03222_Caucasian(European)_men_id00171,per-clip-v1
0.910236,0,,librispeech_0288,impostor_8,librispeech_0136,per-clip-v1
0.857812,0,,librispeech_0288,impostor_9,fakeavceleb_02589_Caucasian(American)_men_id00087,per-clip-v1
0.840496,0,,librispeech_0288,impostor_10,librispeech_0408,per-clip-v1
0.973346,1,,librispeech_0289,genuine,librispeech_0289,per-clip-v1
0.643202,0,,librispeech_0289,impostor_1,fakeavceleb_02256_Asian(South)_women_id02089,per-clip-v1
0.580757,0,,librispeech_0289,impostor_2,fakeavceleb_02293_Asian(South)_women_id03897,per-clip-v1
0.801742,0,,librispeech_0289,impostor_3,librispeech_0389,per-clip-v1
0.735489,0,,librispeech_0289,impostor_4,fakeavceleb_02545_Caucasian(American)_men_id00021,per-clip-v1
0.671238,0,,librispeech_0289,impostor_5,librispeech_0004,per-clip-v1
0.568240,0,,librispeech_0289,impostor_6,librispeech_0167,per-clip-v1
0.395677,0,,librispeech_0289,impostor_7,fakeavceleb_03114_Caucasian(American)_women_id01225,per-clip-v1
0.687066,0,,librispeech_0289,impostor_8,fakeavceleb_00812_African_men_id02268,per-clip-v1
0.667982,0,,librispeech_0289,impostor_9,fakeavceleb_02013_Asian(South)_men_id04560,per-clip-v1
0.849546,0,,librispeech_0289,impostor_10,fakeavceleb_02999_Caucasian(American)_women_id00428,per-clip-v1
0.979538,1,,librispeech_0290,genuine,librispeech_0290,per-clip-v1
0.469097,0,,librispeech_0290,impostor_1,asvspoof_0208,per-clip-v1
0.488987,0,,librispeech_0290,impostor_2,fakeavceleb_01800_Asian(East)_women_id08397,per-clip-v1
0.741454,0,,librispeech_0290,impostor_3,fakeavceleb_02733_Caucasian(American)_men_id01105,per-clip-v1
0.778434,0,,librispeech_0290,impostor_4,fakeavceleb_00626_African_men_id01179,per-clip-v1
0.386509,0,,librispeech_0290,impostor_5,fakeavceleb_01531_Asian(East)_women_id00430,per-clip-v1
0.759898,0,,librispeech_0290,impostor_6,librispeech_0415,per-clip-v1
0.699096,0,,librispeech_0290,impostor_7,fakeavceleb_01865_Asian(South)_men_id00033,per-clip-v1
0.258768,0,,librispeech_0290,impostor_8,fakeavceleb_01137_African_women_id04689,per-clip-v1
0.496309,0,,librispeech_0290,impostor_9,fakeavceleb_02939_Caucasian(American)_women_id00261,per-clip-v1
0.554689,0,,librispeech_0290,impostor_10,librispeech_0259,per-clip-v1
0.966451,1,,librispeech_0291,genuine,librispeech_0291,per-clip-v1
0.813844,0,,librispeech_0291,impostor_1,librispeech_0217,per-clip-v1
0.387643,0,,librispeech_0291,impostor_2,fakeavceleb_02865_Caucasian(American)_women_id00025,per-clip-v1
0.271330,0,,librispeech_0291,impostor_3,fakeavceleb_00272_Asian(South)_women_id04582,per-clip-v1
0.839661,0,,librispeech_0291,impostor_4,librispeech_0134,per-clip-v1
0.230685,0,,librispeech_0291,impostor_5,fakeavceleb_01000_African_women_id02071,per-clip-v1
0.695660,0,,librispeech_0291,impostor_6,librispeech_0207,per-clip-v1
0.715568,0,,librispeech_0291,impostor_7,fakeavceleb_02724_Caucasian(American)_men_id01048,per-clip-v1
0.309725,0,,librispeech_0291,impostor_8,fakeavceleb_00711_African_men_id01610,per-clip-v1
0.295377,0,,librispeech_0291,impostor_9,fakeavceleb_01479_Asian(East)_men_id08652,per-clip-v1
0.499128,0,,librispeech_0291,impostor_10,fakeavceleb_02611_Caucasian(American)_men_id00179,per-clip-v1
0.985811,1,,librispeech_0292,genuine,librispeech_0292,per-clip-v1
0.678029,0,,librispeech_0292,impostor_1,fakeavceleb_03314_Caucasian(European)_men_id00292,per-clip-v1
0.644093,0,,librispeech_0292,impostor_2,asvspoof_0055,per-clip-v1
0.408383,0,,librispeech_0292,impostor_3,fakeavceleb_01587_Asian(East)_women_id01281,per-clip-v1
0.361829,0,,librispeech_0292,impostor_4,fakeavceleb_02505_Asian(South)_women_id07377,per-clip-v1
0.693455,0,,librispeech_0292,impostor_5,librispeech_0076,per-clip-v1
0.616813,0,,librispeech_0292,impostor_6,fakeavceleb_02703_Caucasian(American)_men_id01042,per-clip-v1
0.910628,0,,librispeech_0292,impostor_7,librispeech_0077,per-clip-v1
0.678389,0,,librispeech_0292,impostor_8,fakeavceleb_01444_Asian(East)_men_id06878,per-clip-v1
0.663057,0,,librispeech_0292,impostor_9,fakeavceleb_03303_Caucasian(European)_men_id00266,per-clip-v1
0.711900,0,,librispeech_0292,impostor_10,fakeavceleb_02911_Caucasian(American)_women_id00180,per-clip-v1
0.954603,1,,librispeech_0293,genuine,librispeech_0293,per-clip-v1
0.881169,0,,librispeech_0293,impostor_1,librispeech_0251,per-clip-v1
0.801202,0,,librispeech_0293,impostor_2,librispeech_0016,per-clip-v1
0.394919,0,,librispeech_0293,impostor_3,fakeavceleb_02011_Asian(South)_men_id04554,per-clip-v1
0.355380,0,,librispeech_0293,impostor_4,fakeavceleb_00630_African_men_id01179,per-clip-v1
0.516053,0,,librispeech_0293,impostor_5,librispeech_0456,per-clip-v1
0.444275,0,,librispeech_0293,impostor_6,fakeavceleb_02799_Caucasian(American)_men_id01211,per-clip-v1
0.929582,0,,librispeech_0293,impostor_7,librispeech_0483,per-clip-v1
0.624015,0,,librispeech_0293,impostor_8,fakeavceleb_02618_Caucasian(American)_men_id00184,per-clip-v1
0.268853,0,,librispeech_0293,impostor_9,fakeavceleb_02014_Asian(South)_men_id04560,per-clip-v1
0.814458,0,,librispeech_0293,impostor_10,librispeech_0363,per-clip-v1
0.956713,1,,librispeech_0294,genuine,librispeech_0294,per-clip-v1
0.469745,0,,librispeech_0294,impostor_1,fakeavceleb_00232_Asian(South)_men_id06753,per-clip-v1
0.785529,0,,librispeech_0294,impostor_2,librispeech_0413,per-clip-v1
0.731287,0,,librispeech_0294,impostor_3,asvspoof_0201,per-clip-v1
0.296471,0,,librispeech_0294,impostor_4,fakeavceleb_00710_African_men_id01598,per-clip-v1
0.832710,0,,librispeech_0294,impostor_5,fakeavceleb_00276_Asian(South)_women_id05435,per-clip-v1
0.928543,0,,librispeech_0294,impostor_6,librispeech_0209,per-clip-v1
0.841697,0,,librispeech_0294,impostor_7,librispeech_0427,per-clip-v1
0.411225,0,,librispeech_0294,impostor_8,fakeavceleb_01991_Asian(South)_men_id03599,per-clip-v1
0.745331,0,,librispeech_0294,impostor_9,fakeavceleb_00872_African_women_id00359,per-clip-v1
0.905299,0,,librispeech_0294,impostor_10,fakeavceleb_03019_Caucasian(American)_women_id00462,per-clip-v1
0.960669,1,,librispeech_0295,genuine,librispeech_0295,per-clip-v1
0.287033,0,,librispeech_0295,impostor_1,fakeavceleb_00603_African_men_id01076,per-clip-v1
0.618667,0,,librispeech_0295,impostor_2,fakeavceleb_00917_African_women_id00592,per-clip-v1
0.469239,0,,librispeech_0295,impostor_3,fakeavceleb_02421_Asian(South)_women_id06254,per-clip-v1
0.775164,0,,librispeech_0295,impostor_4,fakeavceleb_01646_Asian(East)_women_id04144,per-clip-v1
0.757654,0,,librispeech_0295,impostor_5,fakeavceleb_01130_African_women_id04540,per-clip-v1
0.299424,0,,librispeech_0295,impostor_6,fakeavceleb_02083_Asian(South)_men_id07058,per-clip-v1
0.624619,0,,librispeech_0295,impostor_7,librispeech_0292,per-clip-v1
0.299633,0,,librispeech_0295,impostor_8,fakeavceleb_00741_African_men_id01779,per-clip-v1
0.526032,0,,librispeech_0295,impostor_9,fakeavceleb_02505_Asian(South)_women_id07377,per-clip-v1
0.788483,0,,librispeech_0295,impostor_10,librispeech_0250,per-clip-v1
0.975960,1,,librispeech_0296,genuine,librispeech_0296,per-clip-v1
0.877687,0,,librispeech_0296,impostor_1,fakeavceleb_03823_Caucasian(European)_women_id03649,per-clip-v1
0.915420,0,,librispeech_0296,impostor_2,fakeavceleb_00391_Caucasian(American)_women_id01245,per-clip-v1
0.393291,0,,librispeech_0296,impostor_3,fakeavceleb_03399_Caucasian(European)_men_id00694,per-clip-v1
0.387001,0,,librispeech_0296,impostor_4,fakeavceleb_02078_Asian(South)_men_id07058,per-clip-v1
0.346261,0,,librispeech_0296,impostor_5,fakeavceleb_02030_Asian(South)_men_id04562,per-clip-v1
0.821610,0,,librispeech_0296,impostor_6,librispeech_0474,per-clip-v1
0.474903,0,,librispeech_0296,impostor_7,fakeavceleb_03202_Caucasian(European)_men_id00055,per-clip-v1
0.753372,0,,librispeech_0296,impostor_8,asvspoof_0182,per-clip-v1
0.441671,0,,librispeech_0296,impostor_9,fakeavceleb_00228_Asian(South)_men_id04928,per-clip-v1
0.625923,0,,librispeech_0296,impostor_10,fakeavceleb_02469_Asian(South)_women_id06752,per-clip-v1
0.982147,1,,librispeech_0297,genuine,librispeech_0297,per-clip-v1
0.646594,0,,librispeech_0297,impostor_1,fakeavceleb_02377_Asian(South)_women_id05435,per-clip-v1
0.727930,0,,librispeech_0297,impostor_2,fakeavceleb_00194_Asian(East)_women_id09116,per-clip-v1
0.796008,0,,librispeech_0297,impostor_3,fakeavceleb_02913_Caucasian(American)_women_id00180,per-clip-v1
0.374398,0,,librispeech_0297,impostor_4,fakeavceleb_03435_Caucasian(European)_men_id00981,per-clip-v1
0.678632,0,,librispeech_0297,impostor_5,librispeech_0421,per-clip-v1
0.574303,0,,librispeech_0297,impostor_6,asvspoof_0470,per-clip-v1
0.259463,0,,librispeech_0297,impostor_7,fakeavceleb_01963_Asian(South)_men_id00816,per-clip-v1
0.879789,0,,librispeech_0297,impostor_8,librispeech_0131,per-clip-v1
0.664835,0,,librispeech_0297,impostor_9,fakeavceleb_03552_Caucasian(European)_women_id00071,per-clip-v1
0.437334,0,,librispeech_0297,impostor_10,fakeavceleb_00028_African_men_id01597,per-clip-v1
0.979144,1,,librispeech_0298,genuine,librispeech_0298,per-clip-v1
0.736003,0,,librispeech_0298,impostor_1,librispeech_0149,per-clip-v1
0.306881,0,,librispeech_0298,impostor_2,fakeavceleb_00814_African_men_id02296,per-clip-v1
0.904433,0,,librispeech_0298,impostor_3,fakeavceleb_00068_African_women_id02508,per-clip-v1
0.332760,0,,librispeech_0298,impostor_4,fakeavceleb_02117_Asian(South)_men_id07182,per-clip-v1
0.850542,0,,librispeech_0298,impostor_5,fakeavceleb_00943_African_women_id00832,per-clip-v1
0.645832,0,,librispeech_0298,impostor_6,fakeavceleb_00472_Caucasian(European)_women_id00491,per-clip-v1
0.439280,0,,librispeech_0298,impostor_7,fakeavceleb_01418_Asian(East)_men_id06470,per-clip-v1
0.615191,0,,librispeech_0298,impostor_8,fakeavceleb_03788_Caucasian(European)_women_id00826,per-clip-v1
0.243162,0,,librispeech_0298,impostor_9,fakeavceleb_00652_African_men_id01392,per-clip-v1
0.697578,0,,librispeech_0298,impostor_10,asvspoof_0011,per-clip-v1
0.978611,1,,librispeech_0299,genuine,librispeech_0299,per-clip-v1
0.383040,0,,librispeech_0299,impostor_1,fakeavceleb_02068_Asian(South)_men_id06355,per-clip-v1
0.822749,0,,librispeech_0299,impostor_2,fakeavceleb_03027_Caucasian(American)_women_id00555,per-clip-v1
0.297791,0,,librispeech_0299,impostor_3,fakeavceleb_00239_Asian(South)_men_id07182,per-clip-v1
0.681893,0,,librispeech_0299,impostor_4,asvspoof_0155,per-clip-v1
0.517886,0,,librispeech_0299,impostor_5,asvspoof_0346,per-clip-v1
0.286881,0,,librispeech_0299,impostor_6,fakeavceleb_00667_African_men_id01521,per-clip-v1
0.877161,0,,librispeech_0299,impostor_7,librispeech_0336,per-clip-v1
0.884323,0,,librispeech_0299,impostor_8,fakeavceleb_03085_Caucasian(American)_women_id01004,per-clip-v1
0.833340,0,,librispeech_0299,impostor_9,fakeavceleb_03792_Caucasian(European)_women_id01001,per-clip-v1
0.494338,0,,librispeech_0299,impostor_10,fakeavceleb_01345_Asian(East)_men_id04111,per-clip-v1
0.990352,1,,librispeech_0300,genuine,librispeech_0300,per-clip-v1
0.846482,0,,librispeech_0300,impostor_1,fakeavceleb_00345_Caucasian(American)_men_id04034,per-clip-v1
0.823318,0,,librispeech_0300,impostor_2,librispeech_0470,per-clip-v1
0.860119,0,,librispeech_0300,impostor_3,librispeech_0339,per-clip-v1
0.561807,0,,librispeech_0300,impostor_4,librispeech_0297,per-clip-v1
0.767286,0,,librispeech_0300,impostor_5,fakeavceleb_00528_African_men_id00173,per-clip-v1
0.652208,0,,librispeech_0300,impostor_6,fakeavceleb_02139_Asian(South)_men_id07200,per-clip-v1
0.419838,0,,librispeech_0300,impostor_7,fakeavceleb_02194_Asian(South)_women_id00149,per-clip-v1
0.848980,0,,librispeech_0300,impostor_8,librispeech_0135,per-clip-v1
0.774356,0,,librispeech_0300,impostor_9,fakeavceleb_03251_Caucasian(European)_men_id00186,per-clip-v1
0.681346,0,,librispeech_0300,impostor_10,fakeavceleb_00661_African_men_id01452,per-clip-v1
0.969235,1,,librispeech_0301,genuine,librispeech_0301,per-clip-v1
0.603804,0,,librispeech_0301,impostor_1,fakeavceleb_02134_Asian(South)_men_id07195,per-clip-v1
0.551120,0,,librispeech_0301,impostor_2,fakeavceleb_00731_African_men_id01717,per-clip-v1
0.691390,0,,librispeech_0301,impostor_3,librispeech_0337,per-clip-v1
0.624815,0,,librispeech_0301,impostor_4,librispeech_0193,per-clip-v1
0.693330,0,,librispeech_0301,impostor_5,librispeech_0471,per-clip-v1
0.396728,0,,librispeech_0301,impostor_6,fakeavceleb_00247_Asian(South)_men_id08313,per-clip-v1
0.528738,0,,librispeech_0301,impostor_7,fakeavceleb_03811_Caucasian(European)_women_id01018,per-clip-v1
0.760283,0,,librispeech_0301,impostor_8,librispeech_0288,per-clip-v1
0.365327,0,,librispeech_0301,impostor_9,fakeavceleb_02327_Asian(South)_women_id04529,per-clip-v1
0.778337,0,,librispeech_0301,impostor_10,fakeavceleb_00133_Asian(East)_men_id06152,per-clip-v1
0.956790,1,,librispeech_0302,genuine,librispeech_0302,per-clip-v1
0.632151,0,,librispeech_0302,impostor_1,fakeavceleb_00345_Caucasian(American)_men_id04034,per-clip-v1
0.913533,0,,librispeech_0302,impostor_2,fakeavceleb_03014_Caucasian(American)_women_id00458,per-clip-v1
0.634568,0,,librispeech_0302,impostor_3,fakeavceleb_01112_African_women_id04374,per-clip-v1
0.274668,0,,librispeech_0302,impostor_4,fakeavceleb_00713_African_men_id01610,per-clip-v1
0.551653,0,,librispeech_0302,impostor_5,fakeavceleb_00403_Caucasian(European)_men_id00183,per-clip-v1
0.856202,0,,librispeech_0302,impostor_6,fakeavceleb_02902_Caucasian(American)_women_id00145,per-clip-v1
0.816617,0,,librispeech_0302,impostor_7,fakeavceleb_02980_Caucasian(American)_women_id00385,per-clip-v1
0.822018,0,,librispeech_0302,impostor_8,fakeavceleb_03738_Caucasian(European)_women_id00589,per-clip-v1
0.766578,0,,librispeech_0302,impostor_9,fakeavceleb_03760_Caucasian(European)_women_id00735,per-clip-v1
0.608591,0,,librispeech_0302,impostor_10,fakeavceleb_00444_Caucasian(European)_men_id01126,per-clip-v1
0.972195,1,,librispeech_0303,genuine,librispeech_0303,per-clip-v1
0.377790,0,,librispeech_0303,impostor_1,fakeavceleb_01937_Asian(South)_men_id00745,per-clip-v1
0.358671,0,,librispeech_0303,impostor_2,fakeavceleb_02696_Caucasian(American)_men_id00971,per-clip-v1
0.606936,0,,librispeech_0303,impostor_3,asvspoof_0349,per-clip-v1
0.363298,0,,librispeech_0303,impostor_4,fakeavceleb_00581_African_men_id00781,per-clip-v1
0.654465,0,,librispeech_0303,impostor_5,fakeavceleb_00398_Caucasian(American)_women_id03707,per-clip-v1
0.720807,0,,librispeech_0303,impostor_6,fakeavceleb_01547_Asian(East)_women_id00579,per-clip-v1
0.285145,0,,librispeech_0303,impostor_7,fakeavceleb_00777_African_men_id01995,per-clip-v1
0.327933,0,,librispeech_0303,impostor_8,fakeavceleb_02691_Caucasian(American)_men_id00945,per-clip-v1
0.661794,0,,librispeech_0303,impostor_9,fakeavceleb_03597_Caucasian(European)_women_id00270,per-clip-v1
0.817196,0,,librispeech_0303,impostor_10,fakeavceleb_03044_Caucasian(American)_women_id00680,per-clip-v1
0.965186,1,,librispeech_0304,genuine,librispeech_0304,per-clip-v1
0.708154,0,,librispeech_0304,impostor_1,fakeavceleb_03774_Caucasian(European)_women_id00823,per-clip-v1
0.665079,0,,librispeech_0304,impostor_2,librispeech_0291,per-clip-v1
0.612498,0,,librispeech_0304,impostor_3,fakeavceleb_00192_Asian(East)_women_id08402,per-clip-v1
0.781607,0,,librispeech_0304,impostor_4,fakeavceleb_02965_Caucasian(American)_women_id00381,per-clip-v1
0.464162,0,,librispeech_0304,impostor_5,fakeavceleb_02466_Asian(South)_women_id06445,per-clip-v1
0.652348,0,,librispeech_0304,impostor_6,fakeavceleb_03451_Caucasian(European)_men_id00999,per-clip-v1
0.680007,0,,librispeech_0304,impostor_7,fakeavceleb_02735_Caucasian(American)_men_id01105,per-clip-v1
0.743941,0,,librispeech_0304,impostor_8,librispeech_0136,per-clip-v1
0.800212,0,,librispeech_0304,impostor_9,librispeech_0243,per-clip-v1
0.718149,0,,librispeech_0304,impostor_10,librispeech_0411,per-clip-v1
0.971048,1,,librispeech_0305,genuine,librispeech_0305,per-clip-v1
0.447985,0,,librispeech_0305,impostor_1,librispeech_0469,per-clip-v1
0.330252,0,,librispeech_0305,impostor_2,librispeech_0291,per-clip-v1
0.816527,0,,librispeech_0305,impostor_3,librispeech_0213,per-clip-v1
0.812830,0,,librispeech_0305,impostor_4,fakeavceleb_01463_Asian(East)_men_id08299,per-clip-v1
0.686541,0,,librispeech_0305,impostor_5,librispeech_0124,per-clip-v1
0.514165,0,,librispeech_0305,impostor_6,fakeavceleb_00665_African_men_id01521,per-clip-v1
0.532966,0,,librispeech_0305,impostor_7,fakeavceleb_01246_Asian(East)_men_id00740,per-clip-v1
0.552407,0,,librispeech_0305,impostor_8,fakeavceleb_01402_Asian(East)_men_id06269,per-clip-v1
0.866086,0,,librispeech_0305,impostor_9,librispeech_0147,per-clip-v1
0.633151,0,,librispeech_0305,impostor_10,fakeavceleb_00899_African_women_id00568,per-clip-v1
0.953710,1,,librispeech_0306,genuine,librispeech_0306,per-clip-v1
0.363548,0,,librispeech_0306,impostor_1,fakeavceleb_00005_African_men_id00475,per-clip-v1
0.893341,0,,librispeech_0306,impostor_2,fakeavceleb_01709_Asian(East)_women_id06060,per-clip-v1
0.771528,0,,librispeech_0306,impostor_3,librispeech_0427,per-clip-v1
0.411435,0,,librispeech_0306,impostor_4,fakeavceleb_02815_Caucasian(American)_men_id03525,per-clip-v1
0.394992,0,,librispeech_0306,impostor_5,fakeavceleb_00010_African_men_id00761,per-clip-v1
0.637872,0,,librispeech_0306,impostor_6,asvspoof_0014,per-clip-v1
0.902135,0,,librispeech_0306,impostor_7,fakeavceleb_00394_Caucasian(American)_women_id02466,per-clip-v1
0.883691,0,,librispeech_0306,impostor_8,fakeavceleb_02867_Caucasian(American)_women_id00025,per-clip-v1
0.677063,0,,librispeech_0306,impostor_9,fakeavceleb_01156_African_women_id04939,per-clip-v1
0.440538,0,,librispeech_0306,impostor_10,fakeavceleb_02661_Caucasian(American)_men_id00708,per-clip-v1
0.979757,1,,librispeech_0307,genuine,librispeech_0307,per-clip-v1
0.806972,0,,librispeech_0307,impostor_1,fakeavceleb_03714_Caucasian(European)_women_id00495,per-clip-v1
0.561302,0,,librispeech_0307,impostor_2,fakeavceleb_01404_Asian(East)_men_id06269,per-clip-v1
0.732121,0,,librispeech_0307,impostor_3,fakeavceleb_01065_African_women_id03103,per-clip-v1
0.776254,0,,librispeech_0307,impostor_4,fakeavceleb_03772_Caucasian(European)_women_id00813,per-clip-v1
0.890159,0,,librispeech_0307,impostor_5,fakeavceleb_00369_Caucasian(American)_women_id00462,per-clip-v1
0.657378,0,,librispeech_0307,impostor_6,fakeavceleb_03623_Caucasian(European)_women_id00325,per-clip-v1
0.534092,0,,librispeech_0307,impostor_7,fakeavceleb_03287_Caucasian(European)_men_id00253,per-clip-v1
0.957029,0,,librispeech_0307,impostor_8,librispeech_0335,per-clip-v1
0.401655,0,,librispeech_0307,impostor_9,fakeavceleb_00114_Asian(East)_men_id02553,per-clip-v1
0.381997,0,,librispeech_0307,impostor_10,librispeech_0020,per-clip-v1
0.965941,1,,librispeech_0308,genuine,librispeech_0308,per-clip-v1
0.904419,0,,librispeech_0308,impostor_1,librispeech_0187,per-clip-v1
0.657947,0,,librispeech_0308,impostor_2,librispeech_0323,per-clip-v1
0.379548,0,,librispeech_0308,impostor_3,asvspoof_0005,per-clip-v1
0.803272,0,,librispeech_0308,impostor_4,fakeavceleb_00800_African_men_id02040,per-clip-v1
0.721021,0,,librispeech_0308,impostor_5,librispeech_0195,per-clip-v1
0.734158,0,,librispeech_0308,impostor_6,fakeavceleb_00227_Asian(South)_men_id04601,per-clip-v1
0.671469,0,,librispeech_0308,impostor_7,fakeavceleb_01925_Asian(South)_men_id00685,per-clip-v1
0.577681,0,,librispeech_0308,impostor_8,fakeavceleb_03388_Caucasian(European)_men_id00559,per-clip-v1
0.386100,0,,librispeech_0308,impostor_9,fakeavceleb_01758_Asian(East)_women_id06462,per-clip-v1
0.817594,0,,librispeech_0308,impostor_10,librispeech_0397,per-clip-v1
0.946864,1,,librispeech_0309,genuine,librispeech_0309,per-clip-v1
0.884879,0,,librispeech_0309,impostor_1,librispeech_0154,per-clip-v1
0.865511,0,,librispeech_0309,impostor_2,librispeech_0123,per-clip-v1
0.706361,0,,librispeech_0309,impostor_3,fakeavceleb_00183_Asian(East)_women_id06443,per-clip-v1
0.850950,0,,librispeech_0309,impostor_4,librispeech_0191,per-clip-v1
0.706871,0,,librispeech_0309,impostor_5,fakeavceleb_02232_Asian(South)_women_id00488,per-clip-v1
0.668908,0,,librispeech_0309,impostor_6,librispeech_0241,per-clip-v1
0.905167,0,,librispeech_0309,impostor_7,librispeech_0038,per-clip-v1
0.785295,0,,librispeech_0309,impostor_8,fakeavceleb_01692_Asian(East)_women_id05844,per-clip-v1
0.814208,0,,librispeech_0309,impostor_9,fakeavceleb_01030_African_women_id02617,per-clip-v1
0.465859,0,,librispeech_0309,impostor_10,fakeavceleb_01269_Asian(East)_men_id01212,per-clip-v1
0.980160,1,,librispeech_0310,genuine,librispeech_0310,per-clip-v1
0.595195,0,,librispeech_0310,impostor_1,librispeech_0296,per-clip-v1
0.826003,0,,librispeech_0310,impostor_2,librispeech_0192,per-clip-v1
0.443394,0,,librispeech_0310,impostor_3,fakeavceleb_01669_Asian(East)_women_id04701,per-clip-v1
0.393471,0,,librispeech_0310,impostor_4,fakeavceleb_02161_Asian(South)_men_id08313,per-clip-v1
0.409121,0,,librispeech_0310,impostor_5,fakeavceleb_00262_Asian(South)_women_id02619,per-clip-v1
0.411593,0,,librispeech_0310,impostor_6,fakeavceleb_00463_Caucasian(European)_women_id00332,per-clip-v1
0.939857,0,,librispeech_0310,impostor_7,fakeavceleb_00345_Caucasian(American)_men_id04034,per-clip-v1
0.439942,0,,librispeech_0310,impostor_8,fakeavceleb_00394_Caucasian(American)_women_id02466,per-clip-v1
0.902543,0,,librispeech_0310,impostor_9,fakeavceleb_00615_African_men_id01171,per-clip-v1
0.383287,0,,librispeech_0310,impostor_10,fakeavceleb_01684_Asian(East)_women_id05631,per-clip-v1
0.974524,1,,librispeech_0311,genuine,librispeech_0311,per-clip-v1
0.770063,0,,librispeech_0311,impostor_1,fakeavceleb_02715_Caucasian(American)_men_id01048,per-clip-v1
0.255950,0,,librispeech_0311,impostor_2,fakeavceleb_03791_Caucasian(European)_women_id00897,per-clip-v1
0.591944,0,,librispeech_0311,impostor_3,fakeavceleb_00413_Caucasian(European)_men_id00282,per-clip-v1
0.908402,0,,librispeech_0311,impostor_4,librispeech_0400,per-clip-v1
0.774615,0,,librispeech_0311,impostor_5,librispeech_0431,per-clip-v1
0.732699,0,,librispeech_0311,impostor_6,fakeavceleb_03203_Caucasian(European)_men_id00055,per-clip-v1
0.199522,0,,librispeech_0311,impostor_7,fakeavceleb_01890_Asian(South)_men_id00103,per-clip-v1
0.387805,0,,librispeech_0311,impostor_8,fakeavceleb_02955_Caucasian(American)_women_id00291,per-clip-v1
0.452261,0,,librispeech_0311,impostor_9,fakeavceleb_02140_Asian(South)_men_id07200,per-clip-v1
0.660718,0,,librispeech_0311,impostor_10,librispeech_0458,per-clip-v1
0.979034,1,,librispeech_0312,genuine,librispeech_0312,per-clip-v1
0.776547,0,,librispeech_0312,impostor_1,fakeavceleb_01828_Asian(East)_women_id09171,per-clip-v1
0.595454,0,,librispeech_0312,impostor_2,librispeech_0068,per-clip-v1
0.660697,0,,librispeech_0312,impostor_3,librispeech_0271,per-clip-v1
0.857365,0,,librispeech_0312,impostor_4,librispeech_0049,per-clip-v1
0.821611,0,,librispeech_0312,impostor_5,fakeavceleb_01827_Asian(East)_women_id09125,per-clip-v1
0.256929,0,,librispeech_0312,impostor_6,asvspoof_0297,per-clip-v1
0.927055,0,,librispeech_0312,impostor_7,fakeavceleb_03079_Caucasian(American)_women_id00848,per-clip-v1
0.630518,0,,librispeech_0312,impostor_8,librispeech_0408,per-clip-v1
0.298700,0,,librispeech_0312,impostor_9,fakeavceleb_03360_Caucasian(European)_men_id00520,per-clip-v1
0.341061,0,,librispeech_0312,impostor_10,fakeavceleb_02150_Asian(South)_men_id07233,per-clip-v1
0.974681,1,,librispeech_0313,genuine,librispeech_0313,per-clip-v1
0.923574,0,,librispeech_0313,impostor_1,librispeech_0009,per-clip-v1
0.846949,0,,librispeech_0313,impostor_2,asvspoof_0367,per-clip-v1
0.720644,0,,librispeech_0313,impostor_3,fakeavceleb_01484_Asian(East)_men_id09053,per-clip-v1
0.678623,0,,librispeech_0313,impostor_4,fakeavceleb_03515_Caucasian(European)_men_id02567,per-clip-v1
0.926284,0,,librispeech_0313,impostor_5,librispeech_0068,per-clip-v1
0.403820,0,,librispeech_0313,impostor_6,fakeavceleb_03606_Caucasian(European)_women_id00271,per-clip-v1
0.331673,0,,librispeech_0313,impostor_7,asvspoof_0465,per-clip-v1
0.959356,0,,librispeech_0313,impostor_8,librispeech_0109,per-clip-v1
0.627626,0,,librispeech_0313,impostor_9,librispeech_0463,per-clip-v1
0.597443,0,,librispeech_0313,impostor_10,fakeavceleb_00652_African_men_id01392,per-clip-v1
0.979262,1,,librispeech_0314,genuine,librispeech_0314,per-clip-v1
0.826744,0,,librispeech_0314,impostor_1,asvspoof_0427,per-clip-v1
0.847431,0,,librispeech_0314,impostor_2,fakeavceleb_00868_African_women_id00359,per-clip-v1
0.613779,0,,librispeech_0314,impostor_3,fakeavceleb_02695_Caucasian(American)_men_id00971,per-clip-v1
0.854739,0,,librispeech_0314,impostor_4,fakeavceleb_01691_Asian(East)_women_id05844,per-clip-v1
0.499342,0,,librispeech_0314,impostor_5,fakeavceleb_01403_Asian(East)_men_id06269,per-clip-v1
0.334864,0,,librispeech_0314,impostor_6,fakeavceleb_02032_Asian(South)_men_id04599,per-clip-v1
0.478669,0,,librispeech_0314,impostor_7,librispeech_0355,per-clip-v1
0.682257,0,,librispeech_0314,impostor_8,fakeavceleb_00127_Asian(East)_men_id04884,per-clip-v1
0.815122,0,,librispeech_0314,impostor_9,fakeavceleb_02980_Caucasian(American)_women_id00385,per-clip-v1
0.497750,0,,librispeech_0314,impostor_10,librispeech_0040,per-clip-v1
0.973384,1,,librispeech_0315,genuine,librispeech_0315,per-clip-v1
0.786453,0,,librispeech_0315,impostor_1,fakeavceleb_02537_Caucasian(American)_men_id00021,per-clip-v1
0.558184,0,,librispeech_0315,impostor_2,asvspoof_0318,per-clip-v1
0.345746,0,,librispeech_0315,impostor_3,fakeavceleb_00259_Asian(South)_women_id01026,per-clip-v1
0.856777,0,,librispeech_0315,impostor_4,librispeech_0461,per-clip-v1
0.792737,0,,librispeech_0315,impostor_5,fakeavceleb_02589_Caucasian(American)_men_id00087,per-clip-v1
0.846474,0,,librispeech_0315,impostor_6,librispeech_0097,per-clip-v1
0.596001,0,,librispeech_0315,impostor_7,fakeavceleb_03043_Caucasian(American)_women_id00680,per-clip-v1
0.343727,0,,librispeech_0315,impostor_8,fakeavceleb_02329_Asian(South)_women_id04529,per-clip-v1
0.367382,0,,librispeech_0315,impostor_9,fakeavceleb_02262_Asian(South)_women_id02310,per-clip-v1
0.546005,0,,librispeech_0315,impostor_10,fakeavceleb_01309_Asian(East)_men_id02493,per-clip-v1
0.980368,1,,librispeech_0316,genuine,librispeech_0316,per-clip-v1
0.352097,0,,librispeech_0316,impostor_1,fakeavceleb_02067_Asian(South)_men_id06355,per-clip-v1
0.251627,0,,librispeech_0316,impostor_2,fakeavceleb_01896_Asian(South)_men_id00103,per-clip-v1
0.398727,0,,librispeech_0316,impostor_3,librispeech_0020,per-clip-v1
0.756084,0,,librispeech_0316,impostor_4,librispeech_0396,per-clip-v1
0.280302,0,,librispeech_0316,impostor_5,asvspoof_0035,per-clip-v1
0.503546,0,,librispeech_0316,impostor_6,fakeavceleb_02562_Caucasian(American)_men_id00052,per-clip-v1
0.416030,0,,librispeech_0316,impostor_7,fakeavceleb_03446_Caucasian(European)_men_id00990,per-clip-v1
0.371968,0,,librispeech_0316,impostor_8,fakeavceleb_02393_Asian(South)_women_id05845,per-clip-v1
0.432160,0,,librispeech_0316,impostor_9,fakeavceleb_02248_Asian(South)_women_id01026,per-clip-v1
0.517357,0,,librispeech_0316,impostor_10,fakeavceleb_02736_Caucasian(American)_men_id01124,per-clip-v1
0.920858,1,,librispeech_0317,genuine,librispeech_0317,per-clip-v1
0.221535,0,,librispeech_0317,impostor_1,fakeavceleb_00128_Asian(East)_men_id05268,per-clip-v1
0.510241,0,,librispeech_0317,impostor_2,fakeavceleb_03781_Caucasian(European)_women_id00823,per-clip-v1
0.827355,0,,librispeech_0317,impostor_3,librispeech_0337,per-clip-v1
0.906891,0,,librispeech_0317,impostor_4,librispeech_0352,per-clip-v1
0.536445,0,,librispeech_0317,impostor_5,fakeavceleb_02245_Asian(South)_women_id00747,per-clip-v1
0.698362,0,,librispeech_0317,impostor_6,fakeavceleb_01423_Asian(East)_men_id06535,per-clip-v1
0.693342,0,,librispeech_0317,impostor_7,fakeavceleb_00990_African_women_id01907,per-clip-v1
0.384645,0,,librispeech_0317,impostor_8,asvspoof_0116,per-clip-v1
0.593535,0,,librispeech_0317,impostor_9,librispeech_0408,per-clip-v1
0.690149,0,,librispeech_0317,impostor_10,fakeavceleb_00482_Caucasian(European)_women_id00806,per-clip-v1
0.975756,1,,librispeech_0318,genuine,librispeech_0318,per-clip-v1
0.398209,0,,librispeech_0318,impostor_1,fakeavceleb_00015_African_men_id01036,per-clip-v1
0.664352,0,,librispeech_0318,impostor_2,fakeavceleb_02389_Asian(South)_women_id05845,per-clip-v1
0.855890,0,,librispeech_0318,impostor_3,fakeavceleb_01579_Asian(East)_women_id00935,per-clip-v1
0.318451,0,,librispeech_0318,impostor_4,fakeavceleb_02038_Asian(South)_men_id04601,per-clip-v1
0.923825,0,,librispeech_0318,impostor_5,fakeavceleb_03636_Caucasian(European)_women_id00330,per-clip-v1
0.788700,0,,librispeech_0318,impostor_6,librispeech_0178,per-clip-v1
0.354937,0,,librispeech_0318,impostor_7,fakeavceleb_02202_Asian(South)_women_id00235,per-clip-v1
0.826927,0,,librispeech_0318,impostor_8,fakeavceleb_01837_Asian(East)_women_id09174,per-clip-v1
0.289611,0,,librispeech_0318,impostor_9,fakeavceleb_02137_Asian(South)_men_id07200,per-clip-v1
0.504005,0,,librispeech_0318,impostor_10,fakeavceleb_00970_African_women_id01661,per-clip-v1
0.948048,1,,librispeech_0319,genuine,librispeech_0319,per-clip-v1
0.526186,0,,librispeech_0319,impostor_1,fakeavceleb_02471_Asian(South)_women_id07008,per-clip-v1
0.224176,0,,librispeech_0319,impostor_2,fakeavceleb_01996_Asian(South)_men_id03945,per-clip-v1
0.368668,0,,librispeech_0319,impostor_3,fakeavceleb_02551_Caucasian(American)_men_id00029,per-clip-v1
0.544904,0,,librispeech_0319,impostor_4,fakeavceleb_01123_African_women_id04437,per-clip-v1
0.535071,0,,librispeech_0319,impostor_5,asvspoof_0100,per-clip-v1
0.583528,0,,librispeech_0319,impostor_6,librispeech_0045,per-clip-v1
0.688399,0,,librispeech_0319,impostor_7,librispeech_0132,per-clip-v1
0.301615,0,,librispeech_0319,impostor_8,fakeavceleb_00126_Asian(East)_men_id04789,per-clip-v1
0.467578,0,,librispeech_0319,impostor_9,fakeavceleb_02839_Caucasian(American)_men_id04216,per-clip-v1
0.426365,0,,librispeech_0319,impostor_10,fakeavceleb_02484_Asian(South)_women_id07078,per-clip-v1
0.965630,1,,librispeech_0320,genuine,librispeech_0320,per-clip-v1
0.427388,0,,librispeech_0320,impostor_1,asvspoof_0453,per-clip-v1
0.551078,0,,librispeech_0320,impostor_2,fakeavceleb_02031_Asian(South)_men_id04562,per-clip-v1
0.522769,0,,librispeech_0320,impostor_3,asvspoof_0024,per-clip-v1
0.745072,0,,librispeech_0320,impostor_4,asvspoof_0406,per-clip-v1
0.471376,0,,librispeech_0320,impostor_5,fakeavceleb_00704_African_men_id01598,per-clip-v1
0.812702,0,,librispeech_0320,impostor_6,librispeech_0191,per-clip-v1
0.430606,0,,librispeech_0320,impostor_7,fakeavceleb_00202_Asian(South)_men_id00078,per-clip-v1
0.383678,0,,librispeech_0320,impostor_8,fakeavceleb_01984_Asian(South)_men_id03180,per-clip-v1
0.761997,0,,librispeech_0320,impostor_9,fakeavceleb_00973_African_women_id01661,per-clip-v1
0.663054,0,,librispeech_0320,impostor_10,librispeech_0026,per-clip-v1
0.925169,1,,librispeech_0321,genuine,librispeech_0321,per-clip-v1
0.305856,0,,librispeech_0321,impostor_1,fakeavceleb_03810_Caucasian(European)_women_id01018,per-clip-v1
0.950399,0,,librispeech_0321,impostor_2,fakeavceleb_02701_Caucasian(American)_men_id01035,per-clip-v1
0.475856,0,,librispeech_0321,impostor_3,fakeavceleb_00394_Caucasian(American)_women_id02466,per-clip-v1
0.410952,0,,librispeech_0321,impostor_4,fakeavceleb_01991_Asian(South)_men_id03599,per-clip-v1
0.605808,0,,librispeech_0321,impostor_5,fakeavceleb_03183_Caucasian(American)_women_id03696,per-clip-v1
0.886266,0,,librispeech_0321,impostor_6,librispeech_0028,per-clip-v1
0.397458,0,,librispeech_0321,impostor_7,fakeavceleb_01164_African_women_id05106,per-clip-v1
0.278815,0,,librispeech_0321,impostor_8,fakeavceleb_02199_Asian(South)_women_id00149,per-clip-v1
0.274260,0,,librispeech_0321,impostor_9,fakeavceleb_02209_Asian(South)_women_id00235,per-clip-v1
0.457869,0,,librispeech_0321,impostor_10,fakeavceleb_01172_African_women_id05231,per-clip-v1
0.978575,1,,librispeech_0322,genuine,librispeech_0322,per-clip-v1
0.460088,0,,librispeech_0322,impostor_1,fakeavceleb_01810_Asian(East)_women_id08819,per-clip-v1
0.759158,0,,librispeech_0322,impostor_2,fakeavceleb_00803_African_men_id02051,per-clip-v1
0.639963,0,,librispeech_0322,impostor_3,fakeavceleb_00385_Caucasian(American)_women_id01217,per-clip-v1
0.502257,0,,librispeech_0322,impostor_4,asvspoof_0443,per-clip-v1
0.351726,0,,librispeech_0322,impostor_5,fakeavceleb_02396_Asian(South)_women_id05920,per-clip-v1
0.374338,0,,librispeech_0322,impostor_6,fakeavceleb_02868_Caucasian(American)_women_id00025,per-clip-v1
0.876990,0,,librispeech_0322,impostor_7,fakeavceleb_02786_Caucasian(American)_men_id01201,per-clip-v1
0.537582,0,,librispeech_0322,impostor_8,librispeech_0484,per-clip-v1
0.751563,0,,librispeech_0322,impostor_9,fakeavceleb_01496_Asian(East)_men_id09143,per-clip-v1
0.834447,0,,librispeech_0322,impostor_10,fakeavceleb_01442_Asian(East)_men_id06878,per-clip-v1
0.969401,1,,librispeech_0323,genuine,librispeech_0323,per-clip-v1
0.932742,0,,librispeech_0323,impostor_1,librispeech_0032,per-clip-v1
0.778526,0,,librispeech_0323,impostor_2,librispeech_0340,per-clip-v1
0.590671,0,,librispeech_0323,impostor_3,fakeavceleb_02174_Asian(South)_women_id00043,per-clip-v1
0.558136,0,,librispeech_0323,impostor_4,fakeavceleb_00724_African_men_id01637,per-clip-v1
0.698508,0,,librispeech_0323,impostor_5,fakeavceleb_01669_Asian(East)_women_id04701,per-clip-v1
0.666348,0,,librispeech_0323,impostor_6,librispeech_0135,per-clip-v1
0.813776,0,,librispeech_0323,impostor_7,librispeech_0295,per-clip-v1
0.430139,0,,librispeech_0323,impostor_8,librispeech_0167,per-clip-v1
0.511885,0,,librispeech_0323,impostor_9,librispeech_0004,per-clip-v1
0.619700,0,,librispeech_0323,impostor_10,fakeavceleb_03602_Caucasian(European)_women_id00271,per-clip-v1
0.957242,1,,librispeech_0324,genuine,librispeech_0324,per-clip-v1
0.704374,0,,librispeech_0324,impostor_1,fakeavceleb_01759_Asian(East)_women_id06462,per-clip-v1
0.549761,0,,librispeech_0324,impostor_2,fakeavceleb_01745_Asian(East)_women_id06427,per-clip-v1
0.817597,0,,librispeech_0324,impostor_3,fakeavceleb_03068_Caucasian(American)_women_id00841,per-clip-v1
0.359024,0,,librispeech_0324,impostor_4,fakeavceleb_00789_African_men_id02005,per-clip-v1
0.674610,0,,librispeech_0324,impostor_5,fakeavceleb_00486_Caucasian(European)_women_id00897,per-clip-v1
0.724293,0,,librispeech_0324,impostor_6,fakeavceleb_03029_Caucasian(American)_women_id00555,per-clip-v1
0.812218,0,,librispeech_0324,impostor_7,librispeech_0486,per-clip-v1
0.612960,0,,librispeech_0324,impostor_8,fakeavceleb_02237_Asian(South)_women_id00739,per-clip-v1
0.676853,0,,librispeech_0324,impostor_9,librispeech_0241,per-clip-v1
0.440179,0,,librispeech_0324,impostor_10,fakeavceleb_01168_African_women_id05106,per-clip-v1
0.972710,1,,librispeech_0325,genuine,librispeech_0325,per-clip-v1
0.698311,0,,librispeech_0325,impostor_1,asvspoof_0057,per-clip-v1
0.255202,0,,librispeech_0325,impostor_2,fakeavceleb_02384_Asian(South)_women_id05478,per-clip-v1
0.773588,0,,librispeech_0325,impostor_3,librispeech_0042,per-clip-v1
0.423841,0,,librispeech_0325,impostor_4,fakeavceleb_01599_Asian(East)_women_id02587,per-clip-v1
0.746279,0,,librispeech_0325,impostor_5,librispeech_0170,per-clip-v1
0.815612,0,,librispeech_0325,impostor_6,librispeech_0230,per-clip-v1
0.840170,0,,librispeech_0325,impostor_7,librispeech_0475,per-clip-v1
0.481668,0,,librispeech_0325,impostor_8,asvspoof_0003,per-clip-v1
0.536139,0,,librispeech_0325,impostor_9,fakeavceleb_03095_Caucasian(American)_women_id01075,per-clip-v1
0.542841,0,,librispeech_0325,impostor_10,fakeavceleb_01996_Asian(South)_men_id03945,per-clip-v1
0.970937,1,,librispeech_0326,genuine,librispeech_0326,per-clip-v1
0.258381,0,,librispeech_0326,impostor_1,librispeech_0186,per-clip-v1
0.574057,0,,librispeech_0326,impostor_2,fakeavceleb_01643_Asian(East)_women_id04066,per-clip-v1
0.495111,0,,librispeech_0326,impostor_3,fakeavceleb_00423_Caucasian(European)_men_id00535,per-clip-v1
0.385080,0,,librispeech_0326,impostor_4,asvspoof_0219,per-clip-v1
0.666098,0,,librispeech_0326,impostor_5,librispeech_0266,per-clip-v1
0.840052,0,,librispeech_0326,impostor_6,fakeavceleb_01423_Asian(East)_men_id06535,per-clip-v1
0.503067,0,,librispeech_0326,impostor_7,librispeech_0343,per-clip-v1
0.785480,0,,librispeech_0326,impostor_8,fakeavceleb_02890_Caucasian(American)_women_id00098,per-clip-v1
0.801678,0,,librispeech_0326,impostor_9,fakeavceleb_01084_African_women_id03658,per-clip-v1
0.246920,0,,librispeech_0326,impostor_10,fakeavceleb_00745_African_men_id01779,per-clip-v1
0.935137,1,,librispeech_0327,genuine,librispeech_0327,per-clip-v1
0.701981,0,,librispeech_0327,impostor_1,fakeavceleb_00151_Asian(East)_women_id00363,per-clip-v1
0.751997,0,,librispeech_0327,impostor_2,fakeavceleb_02817_Caucasian(American)_men_id03668,per-clip-v1
0.402691,0,,librispeech_0327,impostor_3,fakeavceleb_03336_Caucasian(European)_men_id00415,per-clip-v1
0.871945,0,,librispeech_0327,impostor_4,librispeech_0373,per-clip-v1
0.540111,0,,librispeech_0327,impostor_5,librispeech_0198,per-clip-v1
0.506440,0,,librispeech_0327,impostor_6,fakeavceleb_01210_Asian(East)_men_id00126,per-clip-v1
0.484266,0,,librispeech_0327,impostor_7,librispeech_0230,per-clip-v1
0.449737,0,,librispeech_0327,impostor_8,fakeavceleb_02672_Caucasian(American)_men_id00775,per-clip-v1
0.887587,0,,librispeech_0327,impostor_9,fakeavceleb_03040_Caucasian(American)_women_id00618,per-clip-v1
0.834074,0,,librispeech_0327,impostor_10,librispeech_0388,per-clip-v1
0.973598,1,,librispeech_0328,genuine,librispeech_0328,per-clip-v1
0.742600,0,,librispeech_0328,impostor_1,fakeavceleb_01370_Asian(East)_men_id04884,per-clip-v1
0.598663,0,,librispeech_0328,impostor_2,fakeavceleb_01471_Asian(East)_men_id08613,per-clip-v1
0.308438,0,,librispeech_0328,impostor_3,asvspoof_0296,per-clip-v1
0.899708,0,,librispeech_0328,impostor_4,librispeech_0343,per-clip-v1
0.884979,0,,librispeech_0328,impostor_5,librispeech_0146,per-clip-v1
0.524391,0,,librispeech_0328,impostor_6,fakeavceleb_03424_Caucasian(European)_men_id00946,per-clip-v1
0.242439,0,,librispeech_0328,impostor_7,fakeavceleb_03479_Caucasian(European)_men_id01102,per-clip-v1
0.362984,0,,librispeech_0328,impostor_8,fakeavceleb_02963_Caucasian(American)_women_id00291,per-clip-v1
0.282700,0,,librispeech_0328,impostor_9,fakeavceleb_03781_Caucasian(European)_women_id00823,per-clip-v1
0.567377,0,,librispeech_0328,impostor_10,librispeech_0119,per-clip-v1
0.972689,1,,librispeech_0329,genuine,librispeech_0329,per-clip-v1
0.744145,0,,librispeech_0329,impostor_1,fakeavceleb_03025_Caucasian(American)_women_id00462,per-clip-v1
0.821506,0,,librispeech_0329,impostor_2,fakeavceleb_01685_Asian(East)_women_id05631,per-clip-v1
0.286703,0,,librispeech_0329,impostor_3,fakeavceleb_00692_African_men_id01544,per-clip-v1
0.733737,0,,librispeech_0329,impostor_4,librispeech_0495,per-clip-v1
0.648783,0,,librispeech_0329,impostor_5,fakeavceleb_02773_Caucasian(American)_men_id01182,per-clip-v1
0.666184,0,,librispeech_0329,impostor_6,fakeavceleb_01782_Asian(East)_women_id07901,per-clip-v1
0.584471,0,,librispeech_0329,impostor_7,librispeech_0268,per-clip-v1
0.534048,0,,librispeech_0329,impostor_8,fakeavceleb_00264_Asian(South)_women_id03815,per-clip-v1
0.394384,0,,librispeech_0329,impostor_9,librispeech_0260,per-clip-v1
0.526411,0,,librispeech_0329,impostor_10,fakeavceleb_00775_African_men_id01972,per-clip-v1
0.918293,1,,librispeech_0330,genuine,librispeech_0330,per-clip-v1
0.797872,0,,librispeech_0330,impostor_1,librispeech_0444,per-clip-v1
0.550935,0,,librispeech_0330,impostor_2,librispeech_0255,per-clip-v1
0.902003,0,,librispeech_0330,impostor_3,fakeavceleb_02828_Caucasian(American)_men_id03757,per-clip-v1
0.892458,0,,librispeech_0330,impostor_4,librispeech_0109,per-clip-v1
0.671942,0,,librispeech_0330,impostor_5,fakeavceleb_00846_African_men_id02494,per-clip-v1
0.356811,0,,librispeech_0330,impostor_6,fakeavceleb_02341_Asian(South)_women_id04582,per-clip-v1
0.501487,0,,librispeech_0330,impostor_7,fakeavceleb_03833_Caucasian(European)_women_id03651,per-clip-v1
0.583681,0,,librispeech_0330,impostor_8,librispeech_0103,per-clip-v1
0.255870,0,,librispeech_0330,impostor_9,fakeavceleb_01835_Asian(East)_women_id09174,per-clip-v1
0.524163,0,,librispeech_0330,impostor_10,librispeech_0286,per-clip-v1
0.985887,1,,librispeech_0331,genuine,librispeech_0331,per-clip-v1
0.305592,0,,librispeech_0331,impostor_1,fakeavceleb_01801_Asian(East)_women_id08397,per-clip-v1
0.791477,0,,librispeech_0331,impostor_2,fakeavceleb_00132_Asian(East)_men_id05743,per-clip-v1
0.123483,0,,librispeech_0331,impostor_3,fakeavceleb_02411_Asian(South)_women_id06232,per-clip-v1
0.828630,0,,librispeech_0331,impostor_4,fakeavceleb_02629_Caucasian(American)_men_id00264,per-clip-v1
0.308222,0,,librispeech_0331,impostor_5,librispeech_0351,per-clip-v1
0.445649,0,,librispeech_0331,impostor_6,librispeech_0119,per-clip-v1
0.837857,0,,librispeech_0331,impostor_7,librispeech_0377,per-clip-v1
0.424125,0,,librispeech_0331,impostor_8,fakeavceleb_00385_Caucasian(American)_women_id01217,per-clip-v1
0.426406,0,,librispeech_0331,impostor_9,fakeavceleb_01162_African_women_id05106,per-clip-v1
0.658370,0,,librispeech_0331,impostor_10,librispeech_0135,per-clip-v1
0.989068,1,,librispeech_0332,genuine,librispeech_0332,per-clip-v1
0.350949,0,,librispeech_0332,impostor_1,fakeavceleb_00164_Asian(East)_women_id03940,per-clip-v1
0.523105,0,,librispeech_0332,impostor_2,fakeavceleb_03079_Caucasian(American)_women_id00848,per-clip-v1
0.760271,0,,librispeech_0332,impostor_3,asvspoof_0412,per-clip-v1
0.319611,0,,librispeech_0332,impostor_4,fakeavceleb_02130_Asian(South)_men_id07195,per-clip-v1
0.895296,0,,librispeech_0332,impostor_5,fakeavceleb_03344_Caucasian(European)_men_id00498,per-clip-v1
0.646339,0,,librispeech_0332,impostor_6,fakeavceleb_00502_African_men_id00076,per-clip-v1
0.357265,0,,librispeech_0332,impostor_7,fakeavceleb_01616_Asian(East)_women_id03211,per-clip-v1
0.575077,0,,librispeech_0332,impostor_8,fakeavceleb_02983_Caucasian(American)_women_id00398,per-clip-v1
0.585298,0,,librispeech_0332,impostor_9,fakeavceleb_01387_Asian(East)_men_id05332,per-clip-v1
0.368007,0,,librispeech_0332,impostor_10,asvspoof_0425,per-clip-v1
0.993421,1,,librispeech_0333,genuine,librispeech_0333,per-clip-v1
0.566608,0,,librispeech_0333,impostor_1,fakeavceleb_01278_Asian(East)_men_id01215,per-clip-v1
0.890288,0,,librispeech_0333,impostor_2,librispeech_0014,per-clip-v1
0.357468,0,,librispeech_0333,impostor_3,fakeavceleb_02252_Asian(South)_women_id01026,per-clip-v1
0.735974,0,,librispeech_0333,impostor_4,fakeavceleb_02847_Caucasian(American)_men_id04219,per-clip-v1
0.813979,0,,librispeech_0333,impostor_5,librispeech_0186,per-clip-v1
0.626889,0,,librispeech_0333,impostor_6,fakeavceleb_01309_Asian(East)_men_id02493,per-clip-v1
0.636992,0,,librispeech_0333,impostor_7,asvspoof_0353,per-clip-v1
0.459848,0,,librispeech_0333,impostor_8,asvspoof_0148,per-clip-v1
0.696871,0,,librispeech_0333,impostor_9,fakeavceleb_00555_African_men_id00476,per-clip-v1
0.410871,0,,librispeech_0333,impostor_10,fakeavceleb_03758_Caucasian(European)_women_id00634,per-clip-v1
0.980970,1,,librispeech_0334,genuine,librispeech_0334,per-clip-v1
0.549812,0,,librispeech_0334,impostor_1,librispeech_0347,per-clip-v1
0.497446,0,,librispeech_0334,impostor_2,fakeavceleb_01984_Asian(South)_men_id03180,per-clip-v1
0.870187,0,,librispeech_0334,impostor_3,fakeavceleb_02700_Caucasian(American)_men_id01035,per-clip-v1
0.800102,0,,librispeech_0334,impostor_4,librispeech_0206,per-clip-v1
0.751072,0,,librispeech_0334,impostor_5,librispeech_0426,per-clip-v1
0.485672,0,,librispeech_0334,impostor_6,fakeavceleb_01831_Asian(East)_women_id09171,per-clip-v1
0.416059,0,,librispeech_0334,impostor_7,fakeavceleb_01055_African_women_id02948,per-clip-v1
0.708955,0,,librispeech_0334,impostor_8,fakeavceleb_03349_Caucasian(European)_men_id00498,per-clip-v1
0.343758,0,,librispeech_0334,impostor_9,fakeavceleb_01645_Asian(East)_women_id04144,per-clip-v1
0.355321,0,,librispeech_0334,impostor_10,asvspoof_0069,per-clip-v1
0.984893,1,,librispeech_0335,genuine,librispeech_0335,per-clip-v1
0.756807,0,,librispeech_0335,impostor_1,fakeavceleb_01585_Asian(East)_women_id01281,per-clip-v1
0.603036,0,,librispeech_0335,impostor_2,fakeavceleb_03622_Caucasian(European)_women_id00325,per-clip-v1
0.280595,0,,librispeech_0335,impostor_3,fakeavceleb_00422_Caucasian(European)_men_id00520,per-clip-v1
0.836425,0,,librispeech_0335,impostor_4,fakeavceleb_03025_Caucasian(American)_women_id00462,per-clip-v1
0.466769,0,,librispeech_0335,impostor_5,librispeech_0321,per-clip-v1
0.548280,0,,librispeech_0335,impostor_6,librispeech_0183,per-clip-v1
0.365457,0,,librispeech_0335,impostor_7,fakeavceleb_00696_African_men_id01597,per-clip-v1
0.318655,0,,librispeech_0335,impostor_8,fakeavceleb_00616_African_men_id01171,per-clip-v1
0.382525,0,,librispeech_0335,impostor_9,fakeavceleb_00427_Caucasian(European)_men_id00594,per-clip-v1
0.515085,0,,librispeech_0335,impostor_10,librispeech_0287,per-clip-v1
0.959440,1,,librispeech_0336,genuine,librispeech_0336,per-clip-v1
0.583167,0,,librispeech_0336,impostor_1,fakeavceleb_00926_African_women_id00707,per-clip-v1
0.467310,0,,librispeech_0336,impostor_2,asvspoof_0446,per-clip-v1
0.931445,0,,librispeech_0336,impostor_3,fakeavceleb_03173_Caucasian(American)_women_id03556,per-clip-v1
0.791058,0,,librispeech_0336,impostor_4,librispeech_0389,per-clip-v1
0.915952,0,,librispeech_0336,impostor_5,librispeech_0258,per-clip-v1
0.944966,0,,librispeech_0336,impostor_6,fakeavceleb_03028_Caucasian(American)_women_id00555,per-clip-v1
0.551420,0,,librispeech_0336,impostor_7,librispeech_0121,per-clip-v1
0.437186,0,,librispeech_0336,impostor_8,librispeech_0452,per-clip-v1
0.688571,0,,librispeech_0336,impostor_9,librispeech_0427,per-clip-v1
0.391194,0,,librispeech_0336,impostor_10,fakeavceleb_02561_Caucasian(American)_men_id00049,per-clip-v1
0.984067,1,,librispeech_0337,genuine,librispeech_0337,per-clip-v1
0.786345,0,,librispeech_0337,impostor_1,fakeavceleb_03642_Caucasian(European)_women_id00332,per-clip-v1
0.419630,0,,librispeech_0337,impostor_2,fakeavceleb_02063_Asian(South)_men_id06355,per-clip-v1
0.870340,0,,librispeech_0337,impostor_3,librispeech_0303,per-clip-v1
0.703540,0,,librispeech_0337,impostor_4,asvspoof_0478,per-clip-v1
0.782808,0,,librispeech_0337,impostor_5,librispeech_0462,per-clip-v1
0.792012,0,,librispeech_0337,impostor_6,fakeavceleb_03742_Caucasian(European)_women_id00591,per-clip-v1
0.821312,0,,librispeech_0337,impostor_7,librispeech_0077,per-clip-v1
0.648795,0,,librispeech_0337,impostor_8,asvspoof_0350,per-clip-v1
0.455366,0,,librispeech_0337,impostor_9,fakeavceleb_00109_Asian(East)_men_id01589,per-clip-v1
0.623583,0,,librispeech_0337,impostor_10,librispeech_0196,per-clip-v1
0.961088,1,,librispeech_0338,genuine,librispeech_0338,per-clip-v1
0.591037,0,,librispeech_0338,impostor_1,fakeavceleb_00213_Asian(South)_men_id00816,per-clip-v1
0.729865,0,,librispeech_0338,impostor_2,librispeech_0344,per-clip-v1
0.617865,0,,librispeech_0338,impostor_3,librispeech_0442,per-clip-v1
0.572074,0,,librispeech_0338,impostor_4,fakeavceleb_01643_Asian(East)_women_id04066,per-clip-v1
0.281793,0,,librispeech_0338,impostor_5,librispeech_0228,per-clip-v1
0.613228,0,,librispeech_0338,impostor_6,fakeavceleb_01905_Asian(South)_men_id00350,per-clip-v1
0.562842,0,,librispeech_0338,impostor_7,asvspoof_0217,per-clip-v1
0.703920,0,,librispeech_0338,impostor_8,fakeavceleb_03688_Caucasian(European)_women_id00434,per-clip-v1
0.603428,0,,librispeech_0338,impostor_9,asvspoof_0069,per-clip-v1
0.868378,0,,librispeech_0338,impostor_10,fakeavceleb_01160_African_women_id05106,per-clip-v1
0.965288,1,,librispeech_0339,genuine,librispeech_0339,per-clip-v1
0.700562,0,,librispeech_0339,impostor_1,fakeavceleb_01265_Asian(East)_men_id01212,per-clip-v1
0.820588,0,,librispeech_0339,impostor_2,librispeech_0220,per-clip-v1
0.697418,0,,librispeech_0339,impostor_3,fakeavceleb_00133_Asian(East)_men_id06152,per-clip-v1
0.303160,0,,librispeech_0339,impostor_4,fakeavceleb_02343_Asian(South)_women_id04583,per-clip-v1
0.336994,0,,librispeech_0339,impostor_5,fakeavceleb_02328_Asian(South)_women_id04529,per-clip-v1
0.740523,0,,librispeech_0339,impostor_6,fakeavceleb_03312_Caucasian(European)_men_id00282,per-clip-v1
0.625524,0,,librispeech_0339,impostor_7,librispeech_0261,per-clip-v1
0.536710,0,,librispeech_0339,impostor_8,fakeavceleb_02991_Caucasian(American)_women_id00418,per-clip-v1
0.557699,0,,librispeech_0339,impostor_9,librispeech_0218,per-clip-v1
0.417829,0,,librispeech_0339,impostor_10,fakeavceleb_03646_Caucasian(European)_women_id00365,per-clip-v1
0.966569,1,,librispeech_0340,genuine,librispeech_0340,per-clip-v1
0.713390,0,,librispeech_0340,impostor_1,fakeavceleb_01207_Asian(East)_men_id00056,per-clip-v1
0.836997,0,,librispeech_0340,impostor_2,fakeavceleb_02559_Caucasian(American)_men_id00049,per-clip-v1
0.679962,0,,librispeech_0340,impostor_3,fakeavceleb_00435_Caucasian(European)_men_id00990,per-clip-v1
0.586929,0,,librispeech_0340,impostor_4,librispeech_0344,per-clip-v1
0.467810,0,,librispeech_0340,impostor_5,asvspoof_0201,per-clip-v1
0.388949,0,,librispeech_0340,impostor_6,asvspoof_0083,per-clip-v1
0.818102,0,,librispeech_0340,impostor_7,fakeavceleb_02808_Caucasian(American)_men_id01239,per-clip-v1
0.777493,0,,librispeech_0340,impostor_8,librispeech_0113,per-clip-v1
0.686702,0,,librispeech_0340,impostor_9,asvspoof_0354,per-clip-v1
0.904731,0,,librispeech_0340,impostor_10,fakeavceleb_01404_Asian(East)_men_id06269,per-clip-v1
0.964267,1,,librispeech_0341,genuine,librispeech_0341,per-clip-v1
0.831174,0,,librispeech_0341,impostor_1,fakeavceleb_02840_Caucasian(American)_men_id04216,per-clip-v1
0.720407,0,,librispeech_0341,impostor_2,fakeavceleb_03216_Caucasian(European)_men_id00063,per-clip-v1
0.323458,0,,librispeech_0341,impostor_3,fakeavceleb_01557_Asian(East)_women_id00582,per-clip-v1
0.866172,0,,librispeech_0341,impostor_4,asvspoof_0089,per-clip-v1
0.872576,0,,librispeech_0341,impostor_5,fakeavceleb_01297_Asian(East)_men_id02332,per-clip-v1
0.738444,0,,librispeech_0341,impostor_6,fakeavceleb_01347_Asian(East)_men_id04222,per-clip-v1
0.629000,0,,librispeech_0341,impostor_7,fakeavceleb_01358_Asian(East)_men_id04726,per-clip-v1
0.514345,0,,librispeech_0341,impostor_8,fakeavceleb_00379_Caucasian(American)_women_id00848,per-clip-v1
0.724551,0,,librispeech_0341,impostor_9,fakeavceleb_03259_Caucasian(European)_men_id00187,per-clip-v1
0.437382,0,,librispeech_0341,impostor_10,librispeech_0218,per-clip-v1
0.986004,1,,librispeech_0342,genuine,librispeech_0342,per-clip-v1
0.646969,0,,librispeech_0342,impostor_1,asvspoof_0101,per-clip-v1
0.432564,0,,librispeech_0342,impostor_2,fakeavceleb_01343_Asian(East)_men_id04111,per-clip-v1
0.853955,0,,librispeech_0342,impostor_3,librispeech_0444,per-clip-v1
0.729773,0,,librispeech_0342,impostor_4,fakeavceleb_01021_African_women_id02586,per-clip-v1
0.695636,0,,librispeech_0342,impostor_5,fakeavceleb_00045_African_men_id02296,per-clip-v1
0.769570,0,,librispeech_0342,impostor_6,fakeavceleb_01436_Asian(East)_men_id06776,per-clip-v1
0.724373,0,,librispeech_0342,impostor_7,librispeech_0387,per-clip-v1
0.673854,0,,librispeech_0342,impostor_8,librispeech_0205,per-clip-v1
0.604270,0,,librispeech_0342,impostor_9,fakeavceleb_03125_Caucasian(American)_women_id01227,per-clip-v1
0.696840,0,,librispeech_0342,impostor_10,librispeech_0004,per-clip-v1
0.969907,1,,librispeech_0343,genuine,librispeech_0343,per-clip-v1
0.587849,0,,librispeech_0343,impostor_1,librispeech_0119,per-clip-v1
0.606648,0,,librispeech_0343,impostor_2,asvspoof_0318,per-clip-v1
0.468499,0,,librispeech_0343,impostor_3,fakeavceleb_02859_Caucasian(American)_women_id00025,per-clip-v1
0.478292,0,,librispeech_0343,impostor_4,fakeavceleb_01744_Asian(East)_women_id06427,per-clip-v1
0.327818,0,,librispeech_0343,impostor_5,fakeavceleb_02225_Asian(South)_women_id00461,per-clip-v1
0.549495,0,,librispeech_0343,impostor_6,fakeavceleb_03031_Caucasian(American)_women_id00575,per-clip-v1
0.524145,0,,librispeech_0343,impostor_7,fakeavceleb_00123_Asian(East)_men_id04691,per-clip-v1
0.868923,0,,librispeech_0343,impostor_8,fakeavceleb_02654_Caucasian(American)_men_id00696,per-clip-v1
0.369944,0,,librispeech_0343,impostor_9,fakeavceleb_01792_Asian(East)_women_id08139,per-clip-v1
0.854426,0,,librispeech_0343,impostor_10,librispeech_0051,per-clip-v1
0.960483,1,,librispeech_0344,genuine,librispeech_0344,per-clip-v1
0.416334,0,,librispeech_0344,impostor_1,librispeech_0459,per-clip-v1
0.527298,0,,librispeech_0344,impostor_2,fakeavceleb_03719_Caucasian(European)_women_id00495,per-clip-v1
0.893712,0,,librispeech_0344,impostor_3,fakeavceleb_03059_Caucasian(American)_women_id00835,per-clip-v1
0.269741,0,,librispeech_0344,impostor_4,fakeavceleb_02650_Caucasian(American)_men_id00529,per-clip-v1
0.749836,0,,librispeech_0344,impostor_5,fakeavceleb_01807_Asian(East)_women_id08402,per-clip-v1
0.315829,0,,librispeech_0344,impostor_6,fakeavceleb_02799_Caucasian(American)_men_id01211,per-clip-v1
0.850018,0,,librispeech_0344,impostor_7,librispeech_0071,per-clip-v1
0.755165,0,,librispeech_0344,impostor_8,fakeavceleb_00971_African_women_id01661,per-clip-v1
0.345441,0,,librispeech_0344,impostor_9,fakeavceleb_00746_African_men_id01835,per-clip-v1
0.830991,0,,librispeech_0344,impostor_10,librispeech_0103,per-clip-v1
0.983856,1,,librispeech_0345,genuine,librispeech_0345,per-clip-v1
0.889885,0,,librispeech_0345,impostor_1,fakeavceleb_00330_Caucasian(American)_men_id01124,per-clip-v1
0.496712,0,,librispeech_0345,impostor_2,fakeavceleb_02870_Caucasian(American)_women_id00097,per-clip-v1
0.727931,0,,librispeech_0345,impostor_3,librispeech_0154,per-clip-v1
0.403373,0,,librispeech_0345,impostor_4,fakeavceleb_03091_Caucasian(American)_women_id01005,per-clip-v1
0.447604,0,,librispeech_0345,impostor_5,fakeavceleb_02915_Caucasian(American)_women_id00180,per-clip-v1
0.513645,0,,librispeech_0345,impostor_6,fakeavceleb_03041_Caucasian(American)_women_id00618,per-clip-v1
0.434916,0,,librispeech_0345,impostor_7,fakeavceleb_02491_Asian(South)_women_id07078,per-clip-v1
0.857225,0,,librispeech_0345,impostor_8,fakeavceleb_02626_Caucasian(American)_men_id00264,per-clip-v1
0.652517,0,,librispeech_0345,impostor_9,fakeavceleb_03101_Caucasian(American)_women_id01091,per-clip-v1
0.486340,0,,librispeech_0345,impostor_10,fakeavceleb_01670_Asian(East)_women_id05576,per-clip-v1
0.952958,1,,librispeech_0346,genuine,librispeech_0346,per-clip-v1
0.728734,0,,librispeech_0346,impostor_1,fakeavceleb_01323_Asian(East)_men_id03028,per-clip-v1
0.192268,0,,librispeech_0346,impostor_2,fakeavceleb_00493_Caucasian(European)_women_id03649,per-clip-v1
0.376622,0,,librispeech_0346,impostor_3,fakeavceleb_03191_Caucasian(American)_women_id03781,per-clip-v1
0.392828,0,,librispeech_0346,impostor_4,librispeech_0254,per-clip-v1
0.803611,0,,librispeech_0346,impostor_5,fakeavceleb_01398_Asian(East)_men_id05743,per-clip-v1
0.875605,0,,librispeech_0346,impostor_6,librispeech_0102,per-clip-v1
0.503372,0,,librispeech_0346,impostor_7,fakeavceleb_03492_Caucasian(European)_men_id01126,per-clip-v1
0.882440,0,,librispeech_0346,impostor_8,fakeavceleb_02700_Caucasian(American)_men_id01035,per-clip-v1
0.809893,0,,librispeech_0346,impostor_9,librispeech_0355,per-clip-v1
0.865158,0,,librispeech_0346,impostor_10,fakeavceleb_03452_Caucasian(European)_men_id01051,per-clip-v1
0.986304,1,,librispeech_0348,genuine,librispeech_0348,per-clip-v1
0.463590,0,,librispeech_0348,impostor_1,fakeavceleb_00403_Caucasian(European)_men_id00183,per-clip-v1
0.364531,0,,librispeech_0348,impostor_2,fakeavceleb_00787_African_men_id02005,per-clip-v1
0.714919,0,,librispeech_0348,impostor_3,fakeavceleb_01423_Asian(East)_men_id06535,per-clip-v1
0.417605,0,,librispeech_0348,impostor_4,fakeavceleb_01432_Asian(East)_men_id06594,per-clip-v1
0.715459,0,,librispeech_0348,impostor_5,fakeavceleb_01172_African_women_id05231,per-clip-v1
0.414759,0,,librispeech_0348,impostor_6,librispeech_0288,per-clip-v1
0.593666,0,,librispeech_0348,impostor_7,fakeavceleb_00496_Caucasian(European)_women_id03816,per-clip-v1
0.296291,0,,librispeech_0348,impostor_8,fakeavceleb_01971_Asian(South)_men_id00857,per-clip-v1
0.448936,0,,librispeech_0348,impostor_9,fakeavceleb_02007_Asian(South)_men_id04537,per-clip-v1
0.336005,0,,librispeech_0348,impostor_10,fakeavceleb_02584_Caucasian(American)_men_id00062,per-clip-v1
0.984671,1,,librispeech_0349,genuine,librispeech_0349,per-clip-v1
0.654915,0,,librispeech_0349,impostor_1,librispeech_0324,per-clip-v1
0.687684,0,,librispeech_0349,impostor_2,fakeavceleb_00142_Asian(East)_men_id06878,per-clip-v1
0.500088,0,,librispeech_0349,impostor_3,librispeech_0387,per-clip-v1
0.836510,0,,librispeech_0349,impostor_4,librispeech_0079,per-clip-v1
0.599942,0,,librispeech_0349,impostor_5,fakeavceleb_00554_African_men_id00475,per-clip-v1
0.320467,0,,librispeech_0349,impostor_6,fakeavceleb_02337_Asian(South)_women_id04564,per-clip-v1
0.427161,0,,librispeech_0349,impostor_7,fakeavceleb_01669_Asian(East)_women_id04701,per-clip-v1
0.874808,0,,librispeech_0349,impostor_8,fakeavceleb_02579_Caucasian(American)_men_id00062,per-clip-v1
0.549327,0,,librispeech_0349,impostor_9,librispeech_0234,per-clip-v1
0.406291,0,,librispeech_0349,impostor_10,fakeavceleb_01531_Asian(East)_women_id00430,per-clip-v1
0.983849,1,,librispeech_0350,genuine,librispeech_0350,per-clip-v1
0.477410,0,,librispeech_0350,impostor_1,fakeavceleb_00862_African_women_id00220,per-clip-v1
0.862374,0,,librispeech_0350,impostor_2,fakeavceleb_01337_Asian(East)_men_id03889,per-clip-v1
0.619153,0,,librispeech_0350,impostor_3,fakeavceleb_01233_Asian(East)_men_id00597,per-clip-v1
0.560349,0,,librispeech_0350,impostor_4,fakeavceleb_03336_Caucasian(European)_men_id00415,per-clip-v1
0.521710,0,,librispeech_0350,impostor_5,fakeavceleb_01999_Asian(South)_men_id04526,per-clip-v1
0.288516,0,,librispeech_0350,impostor_6,fakeavceleb_02483_Asian(South)_women_id07078,per-clip-v1
0.705634,0,,librispeech_0350,impostor_7,fakeavceleb_03325_Caucasian(European)_men_id00305,per-clip-v1
0.299866,0,,librispeech_0350,impostor_8,fakeavceleb_01729_Asian(East)_women_id06158,per-clip-v1
0.408810,0,,librispeech_0350,impostor_9,fakeavceleb_01908_Asian(South)_men_id00350,per-clip-v1
0.314481,0,,librispeech_0350,impostor_10,fakeavceleb_02278_Asian(South)_women_id03559,per-clip-v1
0.985460,1,,librispeech_0351,genuine,librispeech_0351,per-clip-v1
0.557722,0,,librispeech_0351,impostor_1,fakeavceleb_01237_Asian(East)_men_id00597,per-clip-v1
0.471867,0,,librispeech_0351,impostor_2,fakeavceleb_00142_Asian(East)_men_id06878,per-clip-v1
0.374552,0,,librispeech_0351,impostor_3,fakeavceleb_02145_Asian(South)_men_id07210,per-clip-v1
0.723442,0,,librispeech_0351,impostor_4,librispeech_0358,per-clip-v1
0.760711,0,,librispeech_0351,impostor_5,fakeavceleb_01600_Asian(East)_women_id02587,per-clip-v1
0.590322,0,,librispeech_0351,impostor_6,fakeavceleb_02413_Asian(South)_women_id06232,per-clip-v1
0.337265,0,,librispeech_0351,impostor_7,fakeavceleb_00225_Asian(South)_men_id04562,per-clip-v1
0.549857,0,,librispeech_0351,impostor_8,librispeech_0135,per-clip-v1
0.751038,0,,librispeech_0351,impostor_9,fakeavceleb_02322_Asian(South)_women_id04529,per-clip-v1
0.398299,0,,librispeech_0351,impostor_10,fakeavceleb_00119_Asian(East)_men_id03965,per-clip-v1
0.972495,1,,librispeech_0352,genuine,librispeech_0352,per-clip-v1
0.639442,0,,librispeech_0352,impostor_1,librispeech_0144,per-clip-v1
0.384048,0,,librispeech_0352,impostor_2,fakeavceleb_00006_African_men_id00476,per-clip-v1
0.728649,0,,librispeech_0352,impostor_3,asvspoof_0154,per-clip-v1
0.497719,0,,librispeech_0352,impostor_4,fakeavceleb_02288_Asian(South)_women_id03815,per-clip-v1
0.566067,0,,librispeech_0352,impostor_5,librispeech_0321,per-clip-v1
0.350504,0,,librispeech_0352,impostor_6,fakeavceleb_03507_Caucasian(European)_men_id01157,per-clip-v1
0.357565,0,,librispeech_0352,impostor_7,fakeavceleb_00215_Asian(South)_men_id00860,per-clip-v1
0.523055,0,,librispeech_0352,impostor_8,fakeavceleb_02114_Asian(South)_men_id07182,per-clip-v1
0.686593,0,,librispeech_0352,impostor_9,fakeavceleb_01648_Asian(East)_women_id04144,per-clip-v1
0.526692,0,,librispeech_0352,impostor_10,asvspoof_0315,per-clip-v1
0.985867,1,,librispeech_0353,genuine,librispeech_0353,per-clip-v1
0.498472,0,,librispeech_0353,impostor_1,fakeavceleb_00725_African_men_id01637,per-clip-v1
0.443805,0,,librispeech_0353,impostor_2,fakeavceleb_02834_Caucasian(American)_men_id04034,per-clip-v1
0.820882,0,,librispeech_0353,impostor_3,fakeavceleb_00903_African_women_id00577,per-clip-v1
0.608552,0,,librispeech_0353,impostor_4,fakeavceleb_03303_Caucasian(European)_men_id00266,per-clip-v1
0.243708,0,,librispeech_0353,impostor_5,fakeavceleb_01462_Asian(East)_men_id08299,per-clip-v1
0.808425,0,,librispeech_0353,impostor_6,librispeech_0218,per-clip-v1
0.807490,0,,librispeech_0353,impostor_7,fakeavceleb_03173_Caucasian(American)_women_id03556,per-clip-v1
0.529563,0,,librispeech_0353,impostor_8,fakeavceleb_02229_Asian(South)_women_id00488,per-clip-v1
0.879945,0,,librispeech_0353,impostor_9,librispeech_0226,per-clip-v1
0.507438,0,,librispeech_0353,impostor_10,fakeavceleb_00282_Asian(South)_women_id06254,per-clip-v1
0.973083,1,,librispeech_0354,genuine,librispeech_0354,per-clip-v1
0.576843,0,,librispeech_0354,impostor_1,librispeech_0415,per-clip-v1
0.484395,0,,librispeech_0354,impostor_2,fakeavceleb_00754_African_men_id01856,per-clip-v1
0.406029,0,,librispeech_0354,impostor_3,fakeavceleb_03519_Caucasian(European)_men_id03205,per-clip-v1
0.804595,0,,librispeech_0354,impostor_4,asvspoof_0003,per-clip-v1
0.491378,0,,librispeech_0354,impostor_5,fakeavceleb_02024_Asian(South)_men_id04561,per-clip-v1
0.921932,0,,librispeech_0354,impostor_6,fakeavceleb_01788_Asian(East)_women_id07901,per-clip-v1
0.769415,0,,librispeech_0354,impostor_7,fakeavceleb_01551_Asian(East)_women_id00579,per-clip-v1
0.654573,0,,librispeech_0354,impostor_8,fakeavceleb_01689_Asian(East)_women_id05844,per-clip-v1
0.632631,0,,librispeech_0354,impostor_9,fakeavceleb_00495_Caucasian(European)_women_id03716,per-clip-v1
0.703507,0,,librispeech_0354,impostor_10,librispeech_0442,per-clip-v1
0.964258,1,,librispeech_0355,genuine,librispeech_0355,per-clip-v1
0.452011,0,,librispeech_0355,impostor_1,asvspoof_0378,per-clip-v1
0.913840,0,,librispeech_0355,impostor_2,fakeavceleb_02840_Caucasian(American)_men_id04216,per-clip-v1
0.504500,0,,librispeech_0355,impostor_3,fakeavceleb_03594_Caucasian(European)_women_id00270,per-clip-v1
0.312554,0,,librispeech_0355,impostor_4,asvspoof_0044,per-clip-v1
0.518546,0,,librispeech_0355,impostor_5,librispeech_0443,per-clip-v1
0.924062,0,,librispeech_0355,impostor_6,librispeech_0408,per-clip-v1
0.472392,0,,librispeech_0355,impostor_7,librispeech_0059,per-clip-v1
0.332904,0,,librispeech_0355,impostor_8,fakeavceleb_02198_Asian(South)_women_id00149,per-clip-v1
0.423625,0,,librispeech_0355,impostor_9,fakeavceleb_02993_Caucasian(American)_women_id00418,per-clip-v1
0.804465,0,,librispeech_0355,impostor_10,fakeavceleb_00585_African_men_id00781,per-clip-v1
0.976128,1,,librispeech_0356,genuine,librispeech_0356,per-clip-v1
0.505741,0,,librispeech_0356,impostor_1,fakeavceleb_02294_Asian(South)_women_id03897,per-clip-v1
0.511723,0,,librispeech_0356,impostor_2,fakeavceleb_01917_Asian(South)_men_id00459,per-clip-v1
0.610484,0,,librispeech_0356,impostor_3,librispeech_0336,per-clip-v1
0.608607,0,,librispeech_0356,impostor_4,fakeavceleb_01439_Asian(East)_men_id06807,per-clip-v1
0.364264,0,,librispeech_0356,impostor_5,fakeavceleb_03585_Caucasian(European)_women_id00234,per-clip-v1
0.690879,0,,librispeech_0356,impostor_6,librispeech_0218,per-clip-v1
0.713290,0,,librispeech_0356,impostor_7,librispeech_0352,per-clip-v1
0.641541,0,,librispeech_0356,impostor_8,fakeavceleb_03020_Caucasian(American)_women_id00462,per-clip-v1
0.772183,0,,librispeech_0356,impostor_9,fakeavceleb_00310_Caucasian(American)_men_id00169,per-clip-v1
0.619790,0,,librispeech_0356,impostor_10,fakeavceleb_01387_Asian(East)_men_id05332,per-clip-v1
0.975882,1,,librispeech_0357,genuine,librispeech_0357,per-clip-v1
0.549328,0,,librispeech_0357,impostor_1,fakeavceleb_02856_Caucasian(American)_men_id04221,per-clip-v1
0.609671,0,,librispeech_0357,impostor_2,fakeavceleb_02472_Asian(South)_women_id07008,per-clip-v1
0.600703,0,,librispeech_0357,impostor_3,fakeavceleb_01998_Asian(South)_men_id04526,per-clip-v1
0.628698,0,,librispeech_0357,impostor_4,fakeavceleb_02618_Caucasian(American)_men_id00184,per-clip-v1
0.769312,0,,librispeech_0357,impostor_5,librispeech_0354,per-clip-v1
0.519623,0,,librispeech_0357,impostor_6,fakeavceleb_02722_Caucasian(American)_men_id01048,per-clip-v1
0.521006,0,,librispeech_0357,impostor_7,asvspoof_0456,per-clip-v1
0.288906,0,,librispeech_0357,impostor_8,fakeavceleb_01320_Asian(East)_men_id02561,per-clip-v1
0.733421,0,,librispeech_0357,impostor_9,asvspoof_0143,per-clip-v1
0.631700,0,,librispeech_0357,impostor_10,asvspoof_0410,per-clip-v1
0.951514,1,,librispeech_0358,genuine,librispeech_0358,per-clip-v1
0.744192,0,,librispeech_0358,impostor_1,fakeavceleb_00149_Asian(East)_men_id09143,per-clip-v1
0.808677,0,,librispeech_0358,impostor_2,librispeech_0003,per-clip-v1
0.662636,0,,librispeech_0358,impostor_3,asvspoof_0360,per-clip-v1
0.781913,0,,librispeech_0358,impostor_4,fakeavceleb_03019_Caucasian(American)_women_id00462,per-clip-v1
0.835295,0,,librispeech_0358,impostor_5,librispeech_0337,per-clip-v1
0.602277,0,,librispeech_0358,impostor_6,fakeavceleb_01405_Asian(East)_men_id06269,per-clip-v1
0.769417,0,,librispeech_0358,impostor_7,fakeavceleb_00064_African_women_id01838,per-clip-v1
0.675966,0,,librispeech_0358,impostor_8,fakeavceleb_00189_Asian(East)_women_id07901,per-clip-v1
0.721227,0,,librispeech_0358,impostor_9,fakeavceleb_03364_Caucasian(European)_men_id00520,per-clip-v1
0.526150,0,,librispeech_0358,impostor_10,fakeavceleb_01010_African_women_id02301,per-clip-v1
0.973402,1,,librispeech_0359,genuine,librispeech_0359,per-clip-v1
0.258802,0,,librispeech_0359,impostor_1,fakeavceleb_02404_Asian(South)_women_id05931,per-clip-v1
0.858216,0,,librispeech_0359,impostor_2,librispeech_0491,per-clip-v1
0.887126,0,,librispeech_0359,impostor_3,fakeavceleb_00789_African_men_id02005,per-clip-v1
0.636674,0,,librispeech_0359,impostor_4,librispeech_0320,per-clip-v1
0.268048,0,,librispeech_0359,impostor_5,asvspoof_0130,per-clip-v1
0.567614,0,,librispeech_0359,impostor_6,librispeech_0323,per-clip-v1
0.675725,0,,librispeech_0359,impostor_7,fakeavceleb_00492_Caucasian(European)_women_id03620,per-clip-v1
0.636377,0,,librispeech_0359,impostor_8,fakeavceleb_01095_African_women_id03747,per-clip-v1
0.593692,0,,librispeech_0359,impostor_9,librispeech_0306,per-clip-v1
0.418893,0,,librispeech_0359,impostor_10,librispeech_0387,per-clip-v1
0.982635,1,,librispeech_0360,genuine,librispeech_0360,per-clip-v1
0.653574,0,,librispeech_0360,impostor_1,fakeavceleb_03109_Caucasian(American)_women_id01223,per-clip-v1
0.701002,0,,librispeech_0360,impostor_2,fakeavceleb_00775_African_men_id01972,per-clip-v1
0.708743,0,,librispeech_0360,impostor_3,fakeavceleb_00625_African_men_id01179,per-clip-v1
0.550210,0,,librispeech_0360,impostor_4,fakeavceleb_02941_Caucasian(American)_women_id00261,per-clip-v1
0.381436,0,,librispeech_0360,impostor_5,asvspoof_0448,per-clip-v1
0.236004,0,,librispeech_0360,impostor_6,asvspoof_0351,per-clip-v1
0.399880,0,,librispeech_0360,impostor_7,fakeavceleb_01647_Asian(East)_women_id04144,per-clip-v1
0.330899,0,,librispeech_0360,impostor_8,asvspoof_0154,per-clip-v1
0.630897,0,,librispeech_0360,impostor_9,fakeavceleb_00054_African_women_id00568,per-clip-v1
0.564934,0,,librispeech_0360,impostor_10,fakeavceleb_01094_African_women_id03747,per-clip-v1
0.970317,1,,librispeech_0361,genuine,librispeech_0361,per-clip-v1
0.816527,0,,librispeech_0361,impostor_1,fakeavceleb_02583_Caucasian(American)_men_id00062,per-clip-v1
0.818955,0,,librispeech_0361,impostor_2,fakeavceleb_03095_Caucasian(American)_women_id01075,per-clip-v1
0.797197,0,,librispeech_0361,impostor_3,fakeavceleb_02565_Caucasian(American)_men_id00052,per-clip-v1
0.565728,0,,librispeech_0361,impostor_4,fakeavceleb_03027_Caucasian(American)_women_id00555,per-clip-v1
0.662237,0,,librispeech_0361,impostor_5,fakeavceleb_03049_Caucasian(American)_women_id00680,per-clip-v1
0.581325,0,,librispeech_0361,impostor_6,fakeavceleb_00536_African_men_id00366,per-clip-v1
0.672762,0,,librispeech_0361,impostor_7,fakeavceleb_03528_Caucasian(European)_women_id00042,per-clip-v1
0.461094,0,,librispeech_0361,impostor_8,fakeavceleb_02479_Asian(South)_women_id07051,per-clip-v1
0.776395,0,,librispeech_0361,impostor_9,librispeech_0058,per-clip-v1
0.392947,0,,librispeech_0361,impostor_10,fakeavceleb_02466_Asian(South)_women_id06445,per-clip-v1
0.955230,1,,librispeech_0362,genuine,librispeech_0362,per-clip-v1
0.510248,0,,librispeech_0362,impostor_1,librispeech_0460,per-clip-v1
0.343080,0,,librispeech_0362,impostor_2,asvspoof_0373,per-clip-v1
0.507929,0,,librispeech_0362,impostor_3,fakeavceleb_03155_Caucasian(American)_women_id01248,per-clip-v1
0.725643,0,,librispeech_0362,impostor_4,fakeavceleb_02846_Caucasian(American)_men_id04219,per-clip-v1
0.465916,0,,librispeech_0362,impostor_5,fakeavceleb_02890_Caucasian(American)_women_id00098,per-clip-v1
0.355836,0,,librispeech_0362,impostor_6,asvspoof_0325,per-clip-v1
0.405179,0,,librispeech_0362,impostor_7,asvspoof_0098,per-clip-v1
0.271871,0,,librispeech_0362,impostor_8,fakeavceleb_03595_Caucasian(European)_women_id00270,per-clip-v1
0.849965,0,,librispeech_0362,impostor_9,fakeavceleb_02836_Caucasian(American)_men_id04073,per-clip-v1
0.665297,0,,librispeech_0362,impostor_10,fakeavceleb_00447_Caucasian(European)_men_id01157,per-clip-v1
0.967798,1,,librispeech_0364,genuine,librispeech_0364,per-clip-v1
0.936880,0,,librispeech_0364,impostor_1,librispeech_0313,per-clip-v1
0.584460,0,,librispeech_0364,impostor_2,fakeavceleb_02031_Asian(South)_men_id04562,per-clip-v1
0.299129,0,,librispeech_0364,impostor_3,fakeavceleb_01662_Asian(East)_women_id04701,per-clip-v1
0.539212,0,,librispeech_0364,impostor_4,fakeavceleb_00071_African_women_id02721,per-clip-v1
0.550967,0,,librispeech_0364,impostor_5,fakeavceleb_01985_Asian(South)_men_id03180,per-clip-v1
0.411959,0,,librispeech_0364,impostor_6,fakeavceleb_00370_Caucasian(American)_women_id00555,per-clip-v1
0.535952,0,,librispeech_0364,impostor_7,fakeavceleb_01938_Asian(South)_men_id00745,per-clip-v1
0.772843,0,,librispeech_0364,impostor_8,fakeavceleb_03263_Caucasian(European)_men_id00187,per-clip-v1
0.354850,0,,librispeech_0364,impostor_9,fakeavceleb_02259_Asian(South)_women_id02089,per-clip-v1
0.376070,0,,librispeech_0364,impostor_10,fakeavceleb_02309_Asian(South)_women_id04070,per-clip-v1
0.945348,1,,librispeech_0365,genuine,librispeech_0365,per-clip-v1
0.343435,0,,librispeech_0365,impostor_1,fakeavceleb_03340_Caucasian(European)_men_id00415,per-clip-v1
0.535914,0,,librispeech_0365,impostor_2,fakeavceleb_03412_Caucasian(European)_men_id00909,per-clip-v1
0.373442,0,,librispeech_0365,impostor_3,fakeavceleb_00037_African_men_id01920,per-clip-v1
0.240935,0,,librispeech_0365,impostor_4,fakeavceleb_00779_African_men_id01995,per-clip-v1
0.515261,0,,librispeech_0365,impostor_5,librispeech_0181,per-clip-v1
0.697160,0,,librispeech_0365,impostor_6,fakeavceleb_02371_Asian(South)_women_id05435,per-clip-v1
0.636460,0,,librispeech_0365,impostor_7,librispeech_0016,per-clip-v1
0.203448,0,,librispeech_0365,impostor_8,asvspoof_0320,per-clip-v1
0.157808,0,,librispeech_0365,impostor_9,asvspoof_0433,per-clip-v1
0.385405,0,,librispeech_0365,impostor_10,fakeavceleb_02340_Asian(South)_women_id04564,per-clip-v1
0.977189,1,,librispeech_0366,genuine,librispeech_0366,per-clip-v1
0.795357,0,,librispeech_0366,impostor_1,librispeech_0152,per-clip-v1
0.781505,0,,librispeech_0366,impostor_2,librispeech_0108,per-clip-v1
0.593541,0,,librispeech_0366,impostor_3,fakeavceleb_02554_Caucasian(American)_men_id00029,per-clip-v1
0.585246,0,,librispeech_0366,impostor_4,asvspoof_0120,per-clip-v1
0.747124,0,,librispeech_0366,impostor_5,librispeech_0468,per-clip-v1
0.396753,0,,librispeech_0366,impostor_6,fakeavceleb_00975_African_women_id01783,per-clip-v1
0.573443,0,,librispeech_0366,impostor_7,fakeavceleb_02866_Caucasian(American)_women_id00025,per-clip-v1
0.694702,0,,librispeech_0366,impostor_8,fakeavceleb_02579_Caucasian(American)_men_id00062,per-clip-v1
0.622051,0,,librispeech_0366,impostor_9,fakeavceleb_02660_Caucasian(American)_men_id00696,per-clip-v1
0.877488,0,,librispeech_0366,impostor_10,librispeech_0055,per-clip-v1
0.984066,1,,librispeech_0367,genuine,librispeech_0367,per-clip-v1
0.592410,0,,librispeech_0367,impostor_1,fakeavceleb_03735_Caucasian(European)_women_id00581,per-clip-v1
0.643597,0,,librispeech_0367,impostor_2,fakeavceleb_02110_Asian(South)_men_id07179,per-clip-v1
0.732789,0,,librispeech_0367,impostor_3,fakeavceleb_01428_Asian(East)_men_id06591,per-clip-v1
0.469324,0,,librispeech_0367,impostor_4,asvspoof_0130,per-clip-v1
0.855392,0,,librispeech_0367,impostor_5,librispeech_0068,per-clip-v1
0.820192,0,,librispeech_0367,impostor_6,fakeavceleb_03802_Caucasian(European)_women_id01002,per-clip-v1
0.728976,0,,librispeech_0367,impostor_7,fakeavceleb_01632_Asian(East)_women_id03379,per-clip-v1
0.727082,0,,librispeech_0367,impostor_8,fakeavceleb_01479_Asian(East)_men_id08652,per-clip-v1
0.371346,0,,librispeech_0367,impostor_9,asvspoof_0400,per-clip-v1
0.708374,0,,librispeech_0367,impostor_10,fakeavceleb_02138_Asian(South)_men_id07200,per-clip-v1
0.976818,1,,librispeech_0368,genuine,librispeech_0368,per-clip-v1
0.740302,0,,librispeech_0368,impostor_1,fakeavceleb_02115_Asian(South)_men_id07182,per-clip-v1
0.524265,0,,librispeech_0368,impostor_2,asvspoof_0463,per-clip-v1
0.844310,0,,librispeech_0368,impostor_3,fakeavceleb_01611_Asian(East)_women_id02807,per-clip-v1
0.784969,0,,librispeech_0368,impostor_4,asvspoof_0103,per-clip-v1
0.689093,0,,librispeech_0368,impostor_5,asvspoof_0403,per-clip-v1
0.393844,0,,librispeech_0368,impostor_6,fakeavceleb_02624_Caucasian(American)_men_id00243,per-clip-v1
0.713550,0,,librispeech_0368,impostor_7,asvspoof_0067,per-clip-v1
0.552455,0,,librispeech_0368,impostor_8,fakeavceleb_03416_Caucasian(European)_men_id00919,per-clip-v1
0.551686,0,,librispeech_0368,impostor_9,fakeavceleb_02110_Asian(South)_men_id07179,per-clip-v1
0.709045,0,,librispeech_0368,impostor_10,fakeavceleb_01113_African_women_id04374,per-clip-v1
0.974575,1,,librispeech_0370,genuine,librispeech_0370,per-clip-v1
0.612988,0,,librispeech_0370,impostor_1,fakeavceleb_00861_African_women_id00220,per-clip-v1
0.486710,0,,librispeech_0370,impostor_2,fakeavceleb_02046_Asian(South)_men_id04601,per-clip-v1
0.722184,0,,librispeech_0370,impostor_3,asvspoof_0403,per-clip-v1
0.409562,0,,librispeech_0370,impostor_4,fakeavceleb_00081_African_women_id03747,per-clip-v1
0.779518,0,,librispeech_0370,impostor_5,fakeavceleb_01109_African_women_id04245,per-clip-v1
0.581258,0,,librispeech_0370,impostor_6,fakeavceleb_00120_Asian(East)_men_id04111,per-clip-v1
0.478747,0,,librispeech_0370,impostor_7,fakeavceleb_02312_Asian(South)_women_id04490,per-clip-v1
0.398302,0,,librispeech_0370,impostor_8,fakeavceleb_01575_Asian(East)_women_id00935,per-clip-v1
0.719177,0,,librispeech_0370,impostor_9,librispeech_0001,per-clip-v1
0.778638,0,,librispeech_0370,impostor_10,fakeavceleb_03812_Caucasian(European)_women_id01018,per-clip-v1
0.978356,1,,librispeech_0371,genuine,librispeech_0371,per-clip-v1
0.313798,0,,librispeech_0371,impostor_1,fakeavceleb_02771_Caucasian(American)_men_id01182,per-clip-v1
0.606826,0,,librispeech_0371,impostor_2,fakeavceleb_00084_African_women_id04374,per-clip-v1
0.505268,0,,librispeech_0371,impostor_3,fakeavceleb_00228_Asian(South)_men_id04928,per-clip-v1
0.940925,0,,librispeech_0371,impostor_4,librispeech_0071,per-clip-v1
0.666745,0,,librispeech_0371,impostor_5,librispeech_0276,per-clip-v1
0.729427,0,,librispeech_0371,impostor_6,librispeech_0240,per-clip-v1
0.731854,0,,librispeech_0371,impostor_7,librispeech_0365,per-clip-v1
0.637853,0,,librispeech_0371,impostor_8,fakeavceleb_00062_African_women_id01661,per-clip-v1
0.770544,0,,librispeech_0371,impostor_9,librispeech_0387,per-clip-v1
0.868504,0,,librispeech_0371,impostor_10,fakeavceleb_00094_African_women_id05106,per-clip-v1
